"setting","spec","params_type","rep","DE","IE","ATE"
1,"CGa","est",1,0.1151,0.1991,0.3142
1,"CGa","est",2,0.0509,0.6029,0.6538
1,"CGa","est",3,0.1499,0.5653,0.7152
1,"CGa","est",4,0.0831,0.1429,0.226
1,"CGa","est",5,0.0757,0.1596,0.2353
1,"CGa","est",6,0.1666,0.3324,0.499
1,"CGa","est",7,0.1407,0.3478,0.4885
1,"CGa","est",8,0.178,0.4619,0.6399
1,"CGa","est",9,0.2023,0.5429,0.7452
1,"CGa","est",10,0.0904,0.167,0.2574
1,"CGa","est",11,0.1754,0.5027,0.6781
1,"CGa","est",12,0.1872,0.2616,0.4488
1,"CGa","est",13,0.0936,0.3122,0.4058
1,"CGa","est",14,0.1212,0.3077,0.4289
1,"CGa","est",15,0.1038,0.5549,0.6587
1,"CGa","est",16,0.0118,0.2393,0.2511
1,"CGa","est",17,-0.0143,0.2329,0.2186
1,"CGa","est",18,0.0575,0.009,0.0665
1,"CGa","est",19,0.0107,0.1078,0.1185
1,"CGa","est",20,0.0969,0.1046,0.2015
1,"CGa","est",21,0.1351,0.2427,0.3778
1,"CGa","est",22,0.1586,0.0475,0.2061
1,"CGa","est",23,0.1557,0.1465,0.3022
1,"CGa","est",24,0.0811,0.1871,0.2682
1,"CGa","est",25,0.108,0.1886,0.2966
1,"CGa","est",26,0.1087,0.1272,0.2359
1,"CGa","est",27,0.0392,0.4625,0.5017
1,"CGa","est",28,0.1178,0.0304,0.1482
1,"CGa","est",29,0.0339,-0.0092,0.0247
1,"CGa","est",30,0.0467,0.2261,0.2728
1,"CGa","est",31,0.0985,0.1649,0.2634
1,"CGa","est",32,0.106,0.2255,0.3315
1,"CGa","est",33,0.0457,0.231,0.2767
1,"CGa","est",34,0.1,0.2163,0.3163
1,"CGa","est",35,0.2502,0.3268,0.577
1,"CGa","est",36,0.0187,0.2154,0.2341
1,"CGa","est",37,0.0255,0.0661,0.0916
1,"CGa","est",38,0.1418,0.1377,0.2795
1,"CGa","est",39,0.0948,0.1896,0.2844
1,"CGa","est",40,0.0283,0.1341,0.1624
1,"CGa","est",41,0.0206,0.1937,0.2143
1,"CGa","est",42,0.0903,0.3199,0.4102
1,"CGa","est",43,0.073,0.4072,0.4802
1,"CGa","est",44,0.0809,0.0634,0.1443
1,"CGa","est",45,0.0792,0.0684,0.1476
1,"CGa","est",46,0.0719,0.3673,0.4392
1,"CGa","est",47,0.0263,0.3759,0.4022
1,"CGa","est",48,0.0312,0.1783,0.2095
1,"CGa","est",49,0.0721,0.1684,0.2405
1,"CGa","est",50,0.0546,0.4858,0.5404
1,"CGa","est",51,0.0859,0.0847,0.1706
1,"CGa","est",52,0.1497,0.1533,0.303
1,"CGa","est",53,0.0854,0.1638,0.2492
1,"CGa","est",54,0.1573,0.5946,0.7519
1,"CGa","est",55,0.0131,0.2536,0.2667
1,"CGa","est",56,0.0449,0.0639,0.1088
1,"CGa","est",57,0.1125,0.1806,0.2931
1,"CGa","est",58,0.107,0.1659,0.2729
1,"CGa","est",59,0.021,0.361,0.382
1,"CGa","est",60,0.0774,0.3561,0.4335
1,"CGa","est",61,0.104,0.5427,0.6467
1,"CGa","est",62,0.0484,0.4473,0.4957
1,"CGa","est",63,0.1163,0.4868,0.6031
1,"CGa","est",64,0.2048,0.3008,0.5056
1,"CGa","est",65,0.0568,0.5135,0.5703
1,"CGa","est",66,0.0493,0.2002,0.2495
1,"CGa","est",67,0.0476,0.1971,0.2447
1,"CGa","est",68,0.075,0.2523,0.3273
1,"CGa","est",69,0.0748,0.1927,0.2675
1,"CGa","est",70,0.0457,-0.0246,0.0211
1,"CGa","est",71,0.0607,0.3738,0.4345
1,"CGa","est",72,0.036,0.2557,0.2917
1,"CGa","est",73,0.2178,0.264,0.4818
1,"CGa","est",74,0.1011,0.3007,0.4018
1,"CGa","est",75,0.0969,0.2353,0.3322
1,"CGa","est",76,0.0763,0.2203,0.2966
1,"CGa","est",77,0.0329,0.064,0.0969
1,"CGa","est",78,0.1246,0.0754,0.2
1,"CGa","est",79,0.0764,0.2481,0.3245
1,"CGa","est",80,0.0372,0.2783,0.3155
1,"CGa","est",81,0.0616,0.1339,0.1955
1,"CGa","est",82,0.0263,0.0581,0.0844
1,"CGa","est",83,0.0744,0.0803,0.1547
1,"CGa","est",84,0.0708,0.2422,0.313
1,"CGa","est",85,0.1135,0.3734,0.4869
1,"CGa","est",86,0.1031,0.3409,0.444
1,"CGa","est",87,0.1639,0.1077,0.2716
1,"CGa","est",88,0.1223,0.1503,0.2726
1,"CGa","est",89,0.1096,0.0486,0.1582
1,"CGa","est",90,0.00630000000000001,0.5382,0.5445
1,"CGa","est",91,0.0859,0.0824,0.1683
1,"CGa","est",92,0.0508,0.6263,0.6771
1,"CGa","est",93,0.0743,0.2725,0.3468
1,"CGa","est",94,0.1007,0.0903,0.191
1,"CGa","est",95,0.1519,0.5691,0.721
1,"CGa","est",96,0.1976,0.501,0.6986
1,"CGa","est",97,0.0967,0.5648,0.6615
1,"CGa","est",98,0.0314,0.0311,0.0625
1,"CGa","est",99,0.0673,0.5496,0.6169
1,"CGa","est",100,0.0191,0.2121,0.2312
1,"CGa","est",101,0.0356,0.2392,0.2748
1,"CGa","est",102,-0.0113,0.1616,0.1503
1,"CGa","est",103,0.0582,0.3404,0.3986
1,"CGa","est",104,0.1093,0.1508,0.2601
1,"CGa","est",105,0.1472,0.3001,0.4473
1,"CGa","est",106,0.1295,0.2603,0.3898
1,"CGa","est",107,0.0703,0.2003,0.2706
1,"CGa","est",108,0.0863,0.2727,0.359
1,"CGa","est",109,0.092,0.0966,0.1886
1,"CGa","est",110,0.1958,0.3765,0.5723
1,"CGa","est",111,0.1672,0.1543,0.3215
1,"CGa","est",112,0.0427,0.1488,0.1915
1,"CGa","est",113,0.0418,0.416,0.4578
1,"CGa","est",114,0.1296,0.3517,0.4813
1,"CGa","est",115,0.0806,0.1414,0.222
1,"CGa","est",116,0.1277,0.3626,0.4903
1,"CGa","est",117,0.1411,0.286,0.4271
1,"CGa","est",118,0.1284,0.7054,0.8338
1,"CGa","est",119,0.1791,0.2902,0.4693
1,"CGa","est",120,0.0866,0.6356,0.7222
1,"CGa","est",121,0.1561,0.5327,0.6888
1,"CGa","est",122,0.1589,0.1132,0.2721
1,"CGa","est",123,0.044,0.2993,0.3433
1,"CGa","est",124,0.2416,0.3412,0.5828
1,"CGa","est",125,0.1899,0.3451,0.535
1,"CGa","est",126,0.0371,0.4349,0.472
1,"CGa","est",127,-0.0203,0.0789,0.0586
1,"CGa","est",128,0.071,0.4532,0.5242
1,"CGa","est",129,-0.0168,-0.0082,-0.025
1,"CGa","est",130,0.0241,0.00660000000000001,0.0307
1,"CGa","est",131,0.136,0.2116,0.3476
1,"CGa","est",132,0.1351,0.3339,0.469
1,"CGa","est",133,0.0423,0.1649,0.2072
1,"CGa","est",134,0.1324,0.2023,0.3347
1,"CGa","est",135,0.0299,0.0539,0.0838
1,"CGa","est",136,0.129,0.2715,0.4005
1,"CGa","est",137,0.1412,0.3171,0.4583
1,"CGa","est",138,0.1909,0.3365,0.5274
1,"CGa","est",139,0.0428,0.016,0.0588
1,"CGa","est",140,0.1014,0.1517,0.2531
1,"CGa","est",141,0.11,0.0097,0.1197
1,"CGa","est",142,0.1147,0.2879,0.4026
1,"CGa","est",143,0.0335,0.2186,0.2521
1,"CGa","est",144,0.1518,0.2625,0.4143
1,"CGa","est",145,0.0681,0.1136,0.1817
1,"CGa","est",146,0.153,0.3598,0.5128
1,"CGa","est",147,0.1319,0.124,0.2559
1,"CGa","est",148,0.1234,0.1047,0.2281
1,"CGa","est",149,0.0917,0.2998,0.3915
1,"CGa","est",150,0.1072,0.1934,0.3006
1,"CGa","est",151,0.088,0.0758,0.1638
1,"CGa","est",152,0.0742,0.1993,0.2735
1,"CGa","est",153,0.014,0.1421,0.1561
1,"CGa","est",154,0.0958,0.2816,0.3774
1,"CGa","est",155,0.1307,0.4098,0.5405
1,"CGa","est",156,0.0695,0.1146,0.1841
1,"CGa","est",157,0.069,0.3851,0.4541
1,"CGa","est",158,0.089,0.2596,0.3486
1,"CGa","est",159,0.1763,0.0683,0.2446
1,"CGa","est",160,0.0562,0.1487,0.2049
1,"CGa","est",161,0.0599,-0.0421,0.0178
1,"CGa","est",162,0.2306,0.5378,0.7684
1,"CGa","est",163,0.0723,0.0405,0.1128
1,"CGa","est",164,0.0938,0.2401,0.3339
1,"CGa","est",165,0.1744,0.31,0.4844
1,"CGa","est",166,0.0767,0.3924,0.4691
1,"CGa","est",167,0.0698,0.345,0.4148
1,"CGa","est",168,0.1239,0.1983,0.3222
1,"CGa","est",169,0.137,0.3387,0.4757
1,"CGa","est",170,0.0483,0.1752,0.2235
1,"CGa","est",171,0.056,0.0446,0.1006
1,"CGa","est",172,0.103,0.2955,0.3985
1,"CGa","est",173,0.1103,0.1415,0.2518
1,"CGa","est",174,0.0524,0.042,0.0944
1,"CGa","est",175,0.0191,0.2561,0.2752
1,"CGa","est",176,0.0614,0.3115,0.3729
1,"CGa","est",177,0.163,0.577,0.74
1,"CGa","est",178,0.2289,0.3573,0.5862
1,"CGa","est",179,0.0295,0.1636,0.1931
1,"CGa","est",180,0.1006,0.4902,0.5908
1,"CGa","est",181,0.000300000000000003,0.0129,0.0132
1,"CGa","est",182,0.1111,0.6336,0.7447
1,"CGa","est",183,0.0114,0.2616,0.273
1,"CGa","est",184,0.1186,0.6558,0.7744
1,"CGa","est",185,0.0225,0.132,0.1545
1,"CGa","est",186,-0.0204,0.1735,0.1531
1,"CGa","est",187,0.0524,0.2923,0.3447
1,"CGa","est",188,0.1326,0.2612,0.3938
1,"CGa","est",189,0.2257,0.2231,0.4488
1,"CGa","est",190,0.1534,0.4606,0.614
1,"CGa","est",191,0.1204,0.4283,0.5487
1,"CGa","est",192,0.0747,0.2442,0.3189
1,"CGa","est",193,0.0949,0.1156,0.2105
1,"CGa","est",194,0.2127,0.1878,0.4005
1,"CGa","est",195,0.1188,0.0953,0.2141
1,"CGa","est",196,0.1589,0.1924,0.3513
1,"CGa","est",197,0.1062,0.3567,0.4629
1,"CGa","est",198,0.0969,0.5882,0.6851
1,"CGa","est",199,0.1807,0.4573,0.638
1,"CGa","est",200,0.1624,0.3196,0.482
1,"CGa","est",201,0.1277,0.5494,0.6771
1,"CGa","est",202,0.0592,0.2652,0.3244
1,"CGa","est",203,0.1891,0.1322,0.3213
1,"CGa","est",204,0.0795,0.6142,0.6937
1,"CGa","est",205,0.1063,0.2455,0.3518
1,"CGa","est",206,0.1191,0.6381,0.7572
1,"CGa","est",207,0.1505,0.4388,0.5893
1,"CGa","est",208,0.0995,-0.0371,0.0624
1,"CGa","est",209,0.0532,0.0575,0.1107
1,"CGa","est",210,0.1322,0.3004,0.4326
1,"CGa","est",211,0.0769,0.097,0.1739
1,"CGa","est",212,0.0167,0.1349,0.1516
1,"CGa","est",213,0.1258,0.3622,0.488
1,"CGa","est",214,0.1269,0.1879,0.3148
1,"CGa","est",215,0.2779,0.4197,0.6976
1,"CGa","est",216,0.1293,0.2584,0.3877
1,"CGa","est",217,0.176,0.2569,0.4329
1,"CGa","est",218,0.1075,0.3189,0.4264
1,"CGa","est",219,0.1147,0.2472,0.3619
1,"CGa","est",220,0.111,0.1199,0.2309
1,"CGa","est",221,0.104,0.2086,0.3126
1,"CGa","est",222,0.1377,0.0259,0.1636
1,"CGa","est",223,0.1584,0.4781,0.6365
1,"CGa","est",224,0.0634,0.0872,0.1506
1,"CGa","est",225,0.0094,0.252,0.2614
1,"CGa","est",226,0.1235,0.2509,0.3744
1,"CGa","est",227,0.1762,0.4058,0.582
1,"CGa","est",228,0.069,0.0165,0.0855
1,"CGa","est",229,0.0829,0.0748,0.1577
1,"CGa","est",230,0.1004,0.247,0.3474
1,"CGa","est",231,0.1124,0.5173,0.6297
1,"CGa","est",232,0.1841,0.3455,0.5296
1,"CGa","est",233,-0.0534,-0.000500000000000001,-0.0539
1,"CGa","est",234,0.0971,0.0487,0.1458
1,"CGa","est",235,0.1536,0.222,0.3756
1,"CGa","est",236,0.1055,0.2946,0.4001
1,"CGa","est",237,0.1558,0.0784,0.2342
1,"CGa","est",238,0.11,0.413,0.523
1,"CGa","est",239,-0.0034,0.0555,0.0521
1,"CGa","est",240,0.1294,0.3002,0.4296
1,"CGa","est",241,0.1351,0.2868,0.4219
1,"CGa","est",242,0.1708,0.4032,0.574
1,"CGa","est",243,-0.0275,0.4731,0.4456
1,"CGa","est",244,0.1564,0.3531,0.5095
1,"CGa","est",245,0.0645,0.2438,0.3083
1,"CGa","est",246,0.0817,0.1183,0.2
1,"CGa","est",247,0.154,0.2925,0.4465
1,"CGa","est",248,0.1244,0.1719,0.2963
1,"CGa","est",249,0.1052,0.4973,0.6025
1,"CGa","est",250,0.0174,0.0997,0.1171
1,"CGa","est",251,0.1548,0.1247,0.2795
1,"CGa","est",252,0.1324,0.3213,0.4537
1,"CGa","est",253,0.1348,0.0567,0.1915
1,"CGa","est",254,0.1063,0.1962,0.3025
1,"CGa","est",255,0.1581,0.3468,0.5049
1,"CGa","est",256,0.1631,0.5032,0.6663
1,"CGa","est",257,0.1692,0.337,0.5062
1,"CGa","est",258,0.1482,0.1742,0.3224
1,"CGa","est",259,0.0685,0.2351,0.3036
1,"CGa","est",260,-0.0098,-0.0054,-0.0152
1,"CGa","est",261,-0.0023,0.3542,0.3519
1,"CGa","est",262,0.0114,0.0335,0.0449
1,"CGa","est",263,0.1208,0.1135,0.2343
1,"CGa","est",264,0.0957,0.1787,0.2744
1,"CGa","est",265,0.1267,0.5988,0.7255
1,"CGa","est",266,0.1098,0.3172,0.427
1,"CGa","est",267,0.2116,0.2943,0.5059
1,"CGa","est",268,-0.0832,0.1107,0.0275
1,"CGa","est",269,0.0515,0.1635,0.215
1,"CGa","est",270,0.1546,0.1144,0.269
1,"CGa","est",271,0.046,0.389,0.435
1,"CGa","est",272,0.147,0.1488,0.2958
1,"CGa","est",273,0.2016,0.5444,0.746
1,"CGa","est",274,0.086,0.1831,0.2691
1,"CGa","est",275,0.1005,0.6079,0.7084
1,"CGa","est",276,0.0382,0.1923,0.2305
1,"CGa","est",277,0.0561,0.1579,0.214
1,"CGa","est",278,0.1248,0.1014,0.2262
1,"CGa","est",279,0.1638,0.3721,0.5359
1,"CGa","est",280,0.0914,0.2506,0.342
1,"CGa","est",281,0.1229,0.3934,0.5163
1,"CGa","est",282,0.1091,0.3445,0.4536
1,"CGa","est",283,0.0925,0.343,0.4355
1,"CGa","est",284,0.1511,0.0504,0.2015
1,"CGa","est",285,0.093,0.0347,0.1277
1,"CGa","est",286,0.1116,0.156,0.2676
1,"CGa","est",287,0.0441,0.00910000000000001,0.0532
1,"CGa","est",288,-0.0216,0.0767,0.0551
1,"CGa","est",289,0.0978,0.0902,0.188
1,"CGa","est",290,3e-04,0.0274,0.0277
1,"CGa","est",291,0.0503,0.5156,0.5659
1,"CGa","est",292,0.0978,0.1603,0.2581
1,"CGa","est",293,0.1137,0.3158,0.4295
1,"CGa","est",294,0.1455,0.1834,0.3289
1,"CGa","est",295,0.0399,0.164,0.2039
1,"CGa","est",296,0.0648,0.288,0.3528
1,"CGa","est",297,0.0683,0.0646,0.1329
1,"CGa","est",298,-0.0119,0.2423,0.2304
1,"CGa","est",299,0.0838,0.019,0.1028
1,"CGa","est",300,0.1307,-0.0024,0.1283
1,"CGa","est",301,0.0944,0.0329,0.1273
1,"CGa","est",302,0.1702,0.2449,0.4151
1,"CGa","est",303,0.1584,0.5672,0.7256
1,"CGa","est",304,0.0716,0.2569,0.3285
1,"CGa","est",305,0.1821,0.24,0.4221
1,"CGa","est",306,0.0339,0.1999,0.2338
1,"CGa","est",307,0.135,0.1822,0.3172
1,"CGa","est",308,-0.0085,0.3229,0.3144
1,"CGa","est",309,0.0688,0.1824,0.2512
1,"CGa","est",310,0.0695,0.1707,0.2402
1,"CGa","est",311,0.037,0.3208,0.3578
1,"CGa","est",312,0.0346,0.2343,0.2689
1,"CGa","est",313,0.0515,0.3417,0.3932
1,"CGa","est",314,0.1672,0.4859,0.6531
1,"CGa","est",315,0.0256,0.2581,0.2837
1,"CGa","est",316,0.2231,0.3496,0.5727
1,"CGa","est",317,0.1355,0.2786,0.4141
1,"CGa","est",318,0.1128,0.2642,0.377
1,"CGa","est",319,-0.000499999999999994,0.3102,0.3097
1,"CGa","est",320,0.1119,0.0654,0.1773
1,"CGa","est",321,0.0698,0.1116,0.1814
1,"CGa","est",322,0.1545,0.5592,0.7137
1,"CGa","est",323,0.2741,0.3608,0.6349
1,"CGa","est",324,0.0884,0.601,0.6894
1,"CGa","est",325,0.0343,0.2769,0.3112
1,"CGa","est",326,0.081,0.2129,0.2939
1,"CGa","est",327,-7e-04,0.0933,0.0926
1,"CGa","est",328,0.1077,0.1536,0.2613
1,"CGa","est",329,0.0816,0.1477,0.2293
1,"CGa","est",330,0.18,0.1218,0.3018
1,"CGa","est",331,0.0788,0.2007,0.2795
1,"CGa","est",332,0.0952,0.3691,0.4643
1,"CGa","est",333,0.174,0.0116,0.1856
1,"CGa","est",334,0.1266,0.3578,0.4844
1,"CGa","est",335,0.2329,0.4184,0.6513
1,"CGa","est",336,0.1284,0.1634,0.2918
1,"CGa","est",337,0.1126,0.0497,0.1623
1,"CGa","est",338,0.0274,0.1234,0.1508
1,"CGa","est",339,0.0841,0.1722,0.2563
1,"CGa","est",340,0.0789,0.3164,0.3953
1,"CGa","est",341,0.0085,0.7977,0.8062
1,"CGa","est",342,0.1119,0.2658,0.3777
1,"CGa","est",343,0.0849,0.1968,0.2817
1,"CGa","est",344,0.1241,0.2861,0.4102
1,"CGa","est",345,0.05,0.5025,0.5525
1,"CGa","est",346,0.0371,0.201,0.2381
1,"CGa","est",347,0.0707,0.368,0.4387
1,"CGa","est",348,0.0484,0.3851,0.4335
1,"CGa","est",349,0.045,0.2993,0.3443
1,"CGa","est",350,0.1071,0.1072,0.2143
1,"CGa","est",351,0.1758,0.6565,0.8323
1,"CGa","est",352,0.0834,0.2905,0.3739
1,"CGa","est",353,0.0787,0.5052,0.5839
1,"CGa","est",354,0.0826,0.2936,0.3762
1,"CGa","est",355,0.1802,0.4396,0.6198
1,"CGa","est",356,0.1879,0.1204,0.3083
1,"CGa","est",357,0.0773,0.1601,0.2374
1,"CGa","est",358,0.028,0.2291,0.2571
1,"CGa","est",359,0.0417,0.3597,0.4014
1,"CGa","est",360,0.2597,0.4753,0.735
1,"CGa","est",361,0.1106,0.2729,0.3835
1,"CGa","est",362,0.0638,0.2,0.2638
1,"CGa","est",363,0.0219,0.1542,0.1761
1,"CGa","est",364,0.1084,0.2056,0.314
1,"CGa","est",365,0.1159,0.1845,0.3004
1,"CGa","est",366,0.053,0.0515,0.1045
1,"CGa","est",367,0.043,0.2387,0.2817
1,"CGa","est",368,0.1682,0.0895,0.2577
1,"CGa","est",369,0.0492,0.4378,0.487
1,"CGa","est",370,0.0612,0.3325,0.3937
1,"CGa","est",371,0.0738,0.3971,0.4709
1,"CGa","est",372,0.0751,0.5069,0.582
1,"CGa","est",373,0.0398,0.3486,0.3884
1,"CGa","est",374,0.1859,0.5804,0.7663
1,"CGa","est",375,0.1285,0.3621,0.4906
1,"CGa","est",376,0.0896,0.0851,0.1747
1,"CGa","est",377,0.082,0.1308,0.2128
1,"CGa","est",378,0.1364,0.3336,0.47
1,"CGa","est",379,0.1448,0.2129,0.3577
1,"CGa","est",380,0.1301,0.2665,0.3966
1,"CGa","est",381,0.1402,0.0694,0.2096
1,"CGa","est",382,0.0987,0.3264,0.4251
1,"CGa","est",383,0.0877,0.0912,0.1789
1,"CGa","est",384,0.0664,-0.004,0.0624
1,"CGa","est",385,0.046,0.3866,0.4326
1,"CGa","est",386,0.1133,0.2495,0.3628
1,"CGa","est",387,0.0549,-0.0232,0.0317
1,"CGa","est",388,0.1314,0.0479,0.1793
1,"CGa","est",389,0.0572,0.1139,0.1711
1,"CGa","est",390,0.1556,0.4157,0.5713
1,"CGa","est",391,0.0871,0.3994,0.4865
1,"CGa","est",392,0.0332,0.0177,0.0509
1,"CGa","est",393,0.1306,0.3273,0.4579
1,"CGa","est",394,0.1793,0.4038,0.5831
1,"CGa","est",395,0.0972,0.2704,0.3676
1,"CGa","est",396,0.0812,0.2295,0.3107
1,"CGa","est",397,0.1181,0.2749,0.393
1,"CGa","est",398,0.1405,0.4667,0.6072
1,"CGa","est",399,0.1516,0.4374,0.589
1,"CGa","est",400,0.0478,0.1726,0.2204
1,"CGa","est",401,0.0619,0.1748,0.2367
1,"CGa","est",402,0.1323,0.1128,0.2451
1,"CGa","est",403,0.2034,0.4993,0.7027
1,"CGa","est",404,0.1463,0.4165,0.5628
1,"CGa","est",405,0.0493,0.1535,0.2028
1,"CGa","est",406,0.0934,0.0959,0.1893
1,"CGa","est",407,0.0357,0.2748,0.3105
1,"CGa","est",408,0.0904,0.2315,0.3219
1,"CGa","est",409,0.0757,0.3587,0.4344
1,"CGa","est",410,0.058,0.489,0.547
1,"CGa","est",411,-0.0047,0.1675,0.1628
1,"CGa","est",412,0.1441,0.2884,0.4325
1,"CGa","est",413,0.1623,0.1683,0.3306
1,"CGa","est",414,0.1384,0.1731,0.3115
1,"CGa","est",415,0.236,0.3263,0.5623
1,"CGa","est",416,0.166,0.4461,0.6121
1,"CGa","est",417,0.0935,0.2643,0.3578
1,"CGa","est",418,0.169,0.5192,0.6882
1,"CGa","est",419,0.0879,0.0145,0.1024
1,"CGa","est",420,0.0266,0.2745,0.3011
1,"CGa","est",421,0.1422,0.294,0.4362
1,"CGa","est",422,0.2203,0.3804,0.6007
1,"CGa","est",423,0.1041,0.2328,0.3369
1,"CGa","est",424,0.1071,0.4621,0.5692
1,"CGa","est",425,0.0824,0.1862,0.2686
1,"CGa","est",426,0.1753,0.109,0.2843
1,"CGa","est",427,0.0828,0.1036,0.1864
1,"CGa","est",428,0.0569,0.471,0.5279
1,"CGa","est",429,0.0748,0.1386,0.2134
1,"CGa","est",430,0.0644,0.1776,0.242
1,"CGa","est",431,0.1236,0.2315,0.3551
1,"CGa","est",432,0.0286,0.1447,0.1733
1,"CGa","est",433,0.1653,0.2362,0.4015
1,"CGa","est",434,0.1411,0.3233,0.4644
1,"CGa","est",435,0.1031,0.1772,0.2803
1,"CGa","est",436,0.0589,0.2163,0.2752
1,"CGa","est",437,0.0701,0.0606,0.1307
1,"CGa","est",438,0.0063,0.2832,0.2895
1,"CGa","est",439,0.0347,0.0922,0.1269
1,"CGa","est",440,0.1358,0.398,0.5338
1,"CGa","est",441,0.0622,0.0579,0.1201
1,"CGa","est",442,0.0464,0.2765,0.3229
1,"CGa","est",443,0.0601,0.0995,0.1596
1,"CGa","est",444,0.1223,0.1591,0.2814
1,"CGa","est",445,0.0263,-0.0717,-0.0454
1,"CGa","est",446,0.0963,0.3174,0.4137
1,"CGa","est",447,0.1309,0.6398,0.7707
1,"CGa","est",448,0.2326,0.3605,0.5931
1,"CGa","est",449,0.03,0.1837,0.2137
1,"CGa","est",450,0.0245,0.2175,0.242
1,"CGa","est",451,0.0586,0.3206,0.3792
1,"CGa","est",452,0.1031,0.7543,0.8574
1,"CGa","est",453,0.0487,0.3425,0.3912
1,"CGa","est",454,0.0135,0.0102,0.0237
1,"CGa","est",455,0.0433,0.2565,0.2998
1,"CGa","est",456,0.0488,0.4092,0.458
1,"CGa","est",457,0.112,0.0985,0.2105
1,"CGa","est",458,0.0401,0.3109,0.351
1,"CGa","est",459,0.0788,0.1574,0.2362
1,"CGa","est",460,0.0546,0.2409,0.2955
1,"CGa","est",461,0.0873,0.1231,0.2104
1,"CGa","est",462,0.136,0.0894,0.2254
1,"CGa","est",463,0.2244,0.442,0.6664
1,"CGa","est",464,0.0468,0.1944,0.2412
1,"CGa","est",465,0.0857,0.259,0.3447
1,"CGa","est",466,0.1316,0.0665,0.1981
1,"CGa","est",467,0.1238,0.5892,0.713
1,"CGa","est",468,0.0947,0.194,0.2887
1,"CGa","est",469,0.1225,0.4043,0.5268
1,"CGa","est",470,0.1193,0.2581,0.3774
1,"CGa","est",471,0.1271,0.4521,0.5792
1,"CGa","est",472,0.1859,0.4653,0.6512
1,"CGa","est",473,0.1938,0.3574,0.5512
1,"CGa","est",474,0.0945,0.086,0.1805
1,"CGa","est",475,0.1463,0.3509,0.4972
1,"CGa","est",476,0.1014,0.0049,0.1063
1,"CGa","est",477,0.0563,0.1052,0.1615
1,"CGa","est",478,0.1161,0.2398,0.3559
1,"CGa","est",479,0.0421,0.3562,0.3983
1,"CGa","est",480,0.1972,0.3197,0.5169
1,"CGa","est",481,0.0289,0.1842,0.2131
1,"CGa","est",482,0.0478,0.0596,0.1074
1,"CGa","est",483,0.1295,0.3984,0.5279
1,"CGa","est",484,0.0597,0.3241,0.3838
1,"CGa","est",485,0.0293,0.0749,0.1042
1,"CGa","est",486,0.0621,0.5365,0.5986
1,"CGa","est",487,-0.0147,0.226,0.2113
1,"CGa","est",488,0.0549,0.0318,0.0867
1,"CGa","est",489,0.0153,0.319,0.3343
1,"CGa","est",490,0.0943,0.1435,0.2378
1,"CGa","est",491,0.107,0.0739,0.1809
1,"CGa","est",492,0.0669,0.2938,0.3607
1,"CGa","est",493,0.1146,0.1126,0.2272
1,"CGa","est",494,0.1134,0.3576,0.471
1,"CGa","est",495,0.0477,0.149,0.1967
1,"CGa","est",496,0.0862,0.6813,0.7675
1,"CGa","est",497,0.0571,0.1376,0.1947
1,"CGa","est",498,0.1201,0.1989,0.319
1,"CGa","est",499,0.078,0.1871,0.2651
1,"CGa","est",500,-0.0016,0.0107,0.00909999999999999
1,"CGa","true",1,0.0932,0.3752,0.4684
1,"CGa","true",2,0.1031,0.4022,0.5053
1,"CGa","true",3,0.0926,0.3801,0.4727
1,"CGa","true",4,0.0995,0.3734,0.4729
1,"CGa","true",5,0.0929,0.3939,0.4868
1,"CGa","true",6,0.1032,0.3843,0.4875
1,"CGa","true",7,0.095,0.3875,0.4825
1,"CGa","true",8,0.0946,0.3838,0.4784
1,"CGa","true",9,0.0973,0.3921,0.4894
1,"CGa","true",10,0.0933,0.3831,0.4764
1,"CGa","true",11,0.1094,0.3743,0.4837
1,"CGa","true",12,0.1002,0.3764,0.4766
1,"CGa","true",13,0.0906,0.3859,0.4765
1,"CGa","true",14,0.0973,0.3913,0.4886
1,"CGa","true",15,0.0993,0.3889,0.4882
1,"CGa","true",16,0.1052,0.3741,0.4793
1,"CGa","true",17,0.0949,0.3906,0.4855
1,"CGa","true",18,0.1046,0.3788,0.4834
1,"CGa","true",19,0.0985,0.3823,0.4808
1,"CGa","true",20,0.0884,0.3951,0.4835
1,"CGa","true",21,0.0984,0.3929,0.4913
1,"CGa","true",22,0.0966,0.3844,0.481
1,"CGa","true",23,0.0939,0.3988,0.4927
1,"CGa","true",24,0.1025,0.387,0.4895
1,"CGa","true",25,0.1026,0.3791,0.4817
1,"CGa","true",26,0.1009,0.3836,0.4845
1,"CGa","true",27,0.094,0.3911,0.4851
1,"CGa","true",28,0.0982,0.3806,0.4788
1,"CGa","true",29,0.1034,0.3829,0.4863
1,"CGa","true",30,0.0974,0.3977,0.4951
1,"CGa","true",31,0.0999,0.3913,0.4912
1,"CGa","true",32,0.1021,0.3769,0.479
1,"CGa","true",33,0.0945,0.3849,0.4794
1,"CGa","true",34,0.0947,0.3938,0.4885
1,"CGa","true",35,0.104,0.3829,0.4869
1,"CGa","true",36,0.1071,0.3862,0.4933
1,"CGa","true",37,0.1042,0.382,0.4862
1,"CGa","true",38,0.0906,0.3956,0.4862
1,"CGa","true",39,0.1017,0.3812,0.4829
1,"CGa","true",40,0.0976,0.3768,0.4744
1,"CGa","true",41,0.0987,0.3803,0.479
1,"CGa","true",42,0.09,0.389,0.479
1,"CGa","true",43,0.0966,0.3911,0.4877
1,"CGa","true",44,0.0846,0.3951,0.4797
1,"CGa","true",45,0.0963,0.3808,0.4771
1,"CGa","true",46,0.0963,0.3845,0.4808
1,"CGa","true",47,0.096,0.3978,0.4938
1,"CGa","true",48,0.1003,0.386,0.4863
1,"CGa","true",49,0.1023,0.3833,0.4856
1,"CGa","true",50,0.1014,0.4035,0.5049
1,"CGa","true",51,0.0971,0.3929,0.49
1,"CGa","true",52,0.0963,0.3852,0.4815
1,"CGa","true",53,0.096,0.395,0.491
1,"CGa","true",54,0.0986,0.3865,0.4851
1,"CGa","true",55,0.1035,0.3875,0.491
1,"CGa","true",56,0.0915,0.3876,0.4791
1,"CGa","true",57,0.094,0.3912,0.4852
1,"CGa","true",58,0.1028,0.3871,0.4899
1,"CGa","true",59,0.1033,0.382,0.4853
1,"CGa","true",60,0.0991,0.3738,0.4729
1,"CGa","true",61,0.1019,0.3745,0.4764
1,"CGa","true",62,0.0876,0.393,0.4806
1,"CGa","true",63,0.0968,0.3921,0.4889
1,"CGa","true",64,0.1034,0.3829,0.4863
1,"CGa","true",65,0.1023,0.3756,0.4779
1,"CGa","true",66,0.1027,0.3725,0.4752
1,"CGa","true",67,0.0862,0.3962,0.4824
1,"CGa","true",68,0.0932,0.3966,0.4898
1,"CGa","true",69,0.0936,0.3745,0.4681
1,"CGa","true",70,0.0899,0.3766,0.4665
1,"CGa","true",71,0.0917,0.3871,0.4788
1,"CGa","true",72,0.0987,0.3959,0.4946
1,"CGa","true",73,0.0955,0.3886,0.4841
1,"CGa","true",74,0.0952,0.3735,0.4687
1,"CGa","true",75,0.1025,0.3882,0.4907
1,"CGa","true",76,0.0982,0.3796,0.4778
1,"CGa","true",77,0.1023,0.3872,0.4895
1,"CGa","true",78,0.0912,0.3874,0.4786
1,"CGa","true",79,0.0914,0.3931,0.4845
1,"CGa","true",80,0.0986,0.3909,0.4895
1,"CGa","true",81,0.1084,0.3716,0.48
1,"CGa","true",82,0.0937,0.3965,0.4902
1,"CGa","true",83,0.09,0.3857,0.4757
1,"CGa","true",84,0.0907,0.3948,0.4855
1,"CGa","true",85,0.1015,0.3791,0.4806
1,"CGa","true",86,0.1021,0.3909,0.493
1,"CGa","true",87,0.1052,0.3898,0.495
1,"CGa","true",88,0.0852,0.3943,0.4795
1,"CGa","true",89,0.0881,0.3977,0.4858
1,"CGa","true",90,0.1002,0.3866,0.4868
1,"CGa","true",91,0.1066,0.3756,0.4822
1,"CGa","true",92,0.0982,0.3977,0.4959
1,"CGa","true",93,0.0955,0.3855,0.481
1,"CGa","true",94,0.095,0.3977,0.4927
1,"CGa","true",95,0.102,0.3735,0.4755
1,"CGa","true",96,0.0985,0.3872,0.4857
1,"CGa","true",97,0.094,0.3797,0.4737
1,"CGa","true",98,0.1001,0.397,0.4971
1,"CGa","true",99,0.1061,0.3831,0.4892
1,"CGa","true",100,0.1113,0.3761,0.4874
1,"CGa","true",101,0.096,0.3888,0.4848
1,"CGa","true",102,0.0964,0.3874,0.4838
1,"CGa","true",103,0.097,0.3826,0.4796
1,"CGa","true",104,0.0921,0.3931,0.4852
1,"CGa","true",105,0.1016,0.3911,0.4927
1,"CGa","true",106,0.0892,0.3917,0.4809
1,"CGa","true",107,0.0857,0.3854,0.4711
1,"CGa","true",108,0.1008,0.3809,0.4817
1,"CGa","true",109,0.1047,0.3753,0.48
1,"CGa","true",110,0.1028,0.3904,0.4932
1,"CGa","true",111,0.1052,0.3792,0.4844
1,"CGa","true",112,0.0935,0.3835,0.477
1,"CGa","true",113,0.0971,0.3894,0.4865
1,"CGa","true",114,0.0963,0.3735,0.4698
1,"CGa","true",115,0.1037,0.3857,0.4894
1,"CGa","true",116,0.1044,0.3856,0.49
1,"CGa","true",117,0.0954,0.3927,0.4881
1,"CGa","true",118,0.0926,0.3948,0.4874
1,"CGa","true",119,0.0966,0.3947,0.4913
1,"CGa","true",120,0.0986,0.3952,0.4938
1,"CGa","true",121,0.1008,0.3862,0.487
1,"CGa","true",122,0.1106,0.3876,0.4982
1,"CGa","true",123,0.0941,0.3974,0.4915
1,"CGa","true",124,0.0968,0.398,0.4948
1,"CGa","true",125,0.0958,0.3898,0.4856
1,"CGa","true",126,0.0935,0.3814,0.4749
1,"CGa","true",127,0.0877,0.4018,0.4895
1,"CGa","true",128,0.0975,0.3812,0.4787
1,"CGa","true",129,0.0961,0.3739,0.47
1,"CGa","true",130,0.1017,0.3882,0.4899
1,"CGa","true",131,0.0974,0.3856,0.483
1,"CGa","true",132,0.0994,0.3804,0.4798
1,"CGa","true",133,0.0988,0.3836,0.4824
1,"CGa","true",134,0.1034,0.3792,0.4826
1,"CGa","true",135,0.0867,0.4016,0.4883
1,"CGa","true",136,0.1058,0.3772,0.483
1,"CGa","true",137,0.0999,0.3772,0.4771
1,"CGa","true",138,0.0903,0.3862,0.4765
1,"CGa","true",139,0.0983,0.3932,0.4915
1,"CGa","true",140,0.0996,0.3909,0.4905
1,"CGa","true",141,0.0913,0.3893,0.4806
1,"CGa","true",142,0.0966,0.3923,0.4889
1,"CGa","true",143,0.0897,0.3954,0.4851
1,"CGa","true",144,0.1015,0.3851,0.4866
1,"CGa","true",145,0.0902,0.3853,0.4755
1,"CGa","true",146,0.0916,0.4041,0.4957
1,"CGa","true",147,0.0979,0.3907,0.4886
1,"CGa","true",148,0.099,0.3861,0.4851
1,"CGa","true",149,0.1045,0.371,0.4755
1,"CGa","true",150,0.1009,0.3913,0.4922
1,"CGa","true",151,0.0907,0.3862,0.4769
1,"CGa","true",152,0.0975,0.3742,0.4717
1,"CGa","true",153,0.0955,0.3933,0.4888
1,"CGa","true",154,0.0998,0.3993,0.4991
1,"CGa","true",155,0.0983,0.3857,0.484
1,"CGa","true",156,0.097,0.3939,0.4909
1,"CGa","true",157,0.097,0.3933,0.4903
1,"CGa","true",158,0.0906,0.3823,0.4729
1,"CGa","true",159,0.0899,0.3922,0.4821
1,"CGa","true",160,0.0915,0.3914,0.4829
1,"CGa","true",161,0.0912,0.3854,0.4766
1,"CGa","true",162,0.0868,0.3975,0.4843
1,"CGa","true",163,0.0985,0.3783,0.4768
1,"CGa","true",164,0.1039,0.3846,0.4885
1,"CGa","true",165,0.0838,0.4032,0.487
1,"CGa","true",166,0.0945,0.3897,0.4842
1,"CGa","true",167,0.0899,0.3951,0.485
1,"CGa","true",168,0.1007,0.3843,0.485
1,"CGa","true",169,0.102,0.3792,0.4812
1,"CGa","true",170,0.1005,0.3935,0.494
1,"CGa","true",171,0.0972,0.3751,0.4723
1,"CGa","true",172,0.1024,0.3903,0.4927
1,"CGa","true",173,0.099,0.3843,0.4833
1,"CGa","true",174,0.0956,0.3905,0.4861
1,"CGa","true",175,0.0985,0.3866,0.4851
1,"CGa","true",176,0.097,0.3874,0.4844
1,"CGa","true",177,0.1012,0.3865,0.4877
1,"CGa","true",178,0.1046,0.3758,0.4804
1,"CGa","true",179,0.0983,0.3823,0.4806
1,"CGa","true",180,0.0906,0.3943,0.4849
1,"CGa","true",181,0.0986,0.3969,0.4955
1,"CGa","true",182,0.0945,0.3898,0.4843
1,"CGa","true",183,0.0914,0.3805,0.4719
1,"CGa","true",184,0.0895,0.3832,0.4727
1,"CGa","true",185,0.0961,0.3752,0.4713
1,"CGa","true",186,0.0954,0.3829,0.4783
1,"CGa","true",187,0.0971,0.3934,0.4905
1,"CGa","true",188,0.0953,0.394,0.4893
1,"CGa","true",189,0.1044,0.3767,0.4811
1,"CGa","true",190,0.0907,0.3756,0.4663
1,"CGa","true",191,0.1046,0.3757,0.4803
1,"CGa","true",192,0.0938,0.3949,0.4887
1,"CGa","true",193,0.1028,0.3869,0.4897
1,"CGa","true",194,0.1035,0.3742,0.4777
1,"CGa","true",195,0.1079,0.3776,0.4855
1,"CGa","true",196,0.088,0.4017,0.4897
1,"CGa","true",197,0.1056,0.3855,0.4911
1,"CGa","true",198,0.0977,0.3789,0.4766
1,"CGa","true",199,0.0956,0.3933,0.4889
1,"CGa","true",200,0.0985,0.4001,0.4986
1,"CGa","true",201,0.1015,0.3927,0.4942
1,"CGa","true",202,0.0963,0.3919,0.4882
1,"CGa","true",203,0.098,0.3922,0.4902
1,"CGa","true",204,0.0948,0.3879,0.4827
1,"CGa","true",205,0.0981,0.3896,0.4877
1,"CGa","true",206,0.0997,0.3817,0.4814
1,"CGa","true",207,0.0984,0.3865,0.4849
1,"CGa","true",208,0.0958,0.3834,0.4792
1,"CGa","true",209,0.1028,0.384,0.4868
1,"CGa","true",210,0.1,0.3754,0.4754
1,"CGa","true",211,0.0982,0.3804,0.4786
1,"CGa","true",212,0.0853,0.3966,0.4819
1,"CGa","true",213,0.0952,0.3821,0.4773
1,"CGa","true",214,0.1048,0.3798,0.4846
1,"CGa","true",215,0.0993,0.4012,0.5005
1,"CGa","true",216,0.0942,0.3801,0.4743
1,"CGa","true",217,0.1055,0.3824,0.4879
1,"CGa","true",218,0.0893,0.3853,0.4746
1,"CGa","true",219,0.1078,0.3825,0.4903
1,"CGa","true",220,0.0917,0.3883,0.48
1,"CGa","true",221,0.0925,0.3865,0.479
1,"CGa","true",222,0.104,0.3736,0.4776
1,"CGa","true",223,0.103,0.3796,0.4826
1,"CGa","true",224,0.0992,0.3754,0.4746
1,"CGa","true",225,0.0949,0.3772,0.4721
1,"CGa","true",226,0.0924,0.4008,0.4932
1,"CGa","true",227,0.1059,0.38,0.4859
1,"CGa","true",228,0.1049,0.383,0.4879
1,"CGa","true",229,0.0998,0.3853,0.4851
1,"CGa","true",230,0.1024,0.3866,0.489
1,"CGa","true",231,0.0986,0.3938,0.4924
1,"CGa","true",232,0.0933,0.39,0.4833
1,"CGa","true",233,0.102,0.3946,0.4966
1,"CGa","true",234,0.0982,0.3942,0.4924
1,"CGa","true",235,0.1043,0.3789,0.4832
1,"CGa","true",236,0.0971,0.3875,0.4846
1,"CGa","true",237,0.0974,0.3882,0.4856
1,"CGa","true",238,0.1073,0.3734,0.4807
1,"CGa","true",239,0.1018,0.3844,0.4862
1,"CGa","true",240,0.1023,0.3791,0.4814
1,"CGa","true",241,0.1024,0.3869,0.4893
1,"CGa","true",242,0.1005,0.38,0.4805
1,"CGa","true",243,0.0993,0.3878,0.4871
1,"CGa","true",244,0.0992,0.3856,0.4848
1,"CGa","true",245,0.0974,0.3803,0.4777
1,"CGa","true",246,0.1014,0.3848,0.4862
1,"CGa","true",247,0.101,0.3804,0.4814
1,"CGa","true",248,0.0986,0.3855,0.4841
1,"CGa","true",249,0.0922,0.3929,0.4851
1,"CGa","true",250,0.0992,0.3785,0.4777
1,"CGa","true",251,0.0993,0.3946,0.4939
1,"CGa","true",252,0.0948,0.3846,0.4794
1,"CGa","true",253,0.1003,0.39,0.4903
1,"CGa","true",254,0.1045,0.3897,0.4942
1,"CGa","true",255,0.0906,0.3918,0.4824
1,"CGa","true",256,0.097,0.4041,0.5011
1,"CGa","true",257,0.0959,0.3792,0.4751
1,"CGa","true",258,0.0965,0.3704,0.4669
1,"CGa","true",259,0.0857,0.3883,0.474
1,"CGa","true",260,0.0983,0.3866,0.4849
1,"CGa","true",261,0.0927,0.3807,0.4734
1,"CGa","true",262,0.1086,0.3727,0.4813
1,"CGa","true",263,0.0873,0.3897,0.477
1,"CGa","true",264,0.096,0.3828,0.4788
1,"CGa","true",265,0.0915,0.3964,0.4879
1,"CGa","true",266,0.0947,0.3772,0.4719
1,"CGa","true",267,0.1037,0.3804,0.4841
1,"CGa","true",268,0.1051,0.382,0.4871
1,"CGa","true",269,0.0999,0.3913,0.4912
1,"CGa","true",270,0.1027,0.3859,0.4886
1,"CGa","true",271,0.0942,0.3832,0.4774
1,"CGa","true",272,0.1073,0.3849,0.4922
1,"CGa","true",273,0.1017,0.3867,0.4884
1,"CGa","true",274,0.1023,0.3708,0.4731
1,"CGa","true",275,0.0947,0.3917,0.4864
1,"CGa","true",276,0.0979,0.3832,0.4811
1,"CGa","true",277,0.0949,0.3934,0.4883
1,"CGa","true",278,0.0911,0.3804,0.4715
1,"CGa","true",279,0.1022,0.3816,0.4838
1,"CGa","true",280,0.1014,0.3838,0.4852
1,"CGa","true",281,0.0979,0.3771,0.475
1,"CGa","true",282,0.0967,0.3922,0.4889
1,"CGa","true",283,0.1024,0.3887,0.4911
1,"CGa","true",284,0.1011,0.3933,0.4944
1,"CGa","true",285,0.0961,0.4002,0.4963
1,"CGa","true",286,0.1007,0.3876,0.4883
1,"CGa","true",287,0.1007,0.3779,0.4786
1,"CGa","true",288,0.0982,0.3715,0.4697
1,"CGa","true",289,0.0904,0.377,0.4674
1,"CGa","true",290,0.0968,0.3867,0.4835
1,"CGa","true",291,0.1013,0.3799,0.4812
1,"CGa","true",292,0.1042,0.3853,0.4895
1,"CGa","true",293,0.097,0.3892,0.4862
1,"CGa","true",294,0.1082,0.3786,0.4868
1,"CGa","true",295,0.1009,0.3859,0.4868
1,"CGa","true",296,0.0966,0.3935,0.4901
1,"CGa","true",297,0.0986,0.3878,0.4864
1,"CGa","true",298,0.1046,0.3772,0.4818
1,"CGa","true",299,0.1035,0.3789,0.4824
1,"CGa","true",300,0.1135,0.3753,0.4888
1,"CGa","true",301,0.099,0.3861,0.4851
1,"CGa","true",302,0.1031,0.3658,0.4689
1,"CGa","true",303,0.0902,0.3858,0.476
1,"CGa","true",304,0.0991,0.4004,0.4995
1,"CGa","true",305,0.0978,0.4008,0.4986
1,"CGa","true",306,0.0976,0.3807,0.4783
1,"CGa","true",307,0.1056,0.3754,0.481
1,"CGa","true",308,0.0897,0.3916,0.4813
1,"CGa","true",309,0.0955,0.399,0.4945
1,"CGa","true",310,0.1028,0.3889,0.4917
1,"CGa","true",311,0.1001,0.3817,0.4818
1,"CGa","true",312,0.1014,0.3837,0.4851
1,"CGa","true",313,0.0974,0.3857,0.4831
1,"CGa","true",314,0.0993,0.3841,0.4834
1,"CGa","true",315,0.0972,0.3847,0.4819
1,"CGa","true",316,0.1048,0.3906,0.4954
1,"CGa","true",317,0.101,0.3834,0.4844
1,"CGa","true",318,0.0943,0.3911,0.4854
1,"CGa","true",319,0.0966,0.385,0.4816
1,"CGa","true",320,0.0991,0.3938,0.4929
1,"CGa","true",321,0.0997,0.3941,0.4938
1,"CGa","true",322,0.1041,0.399,0.5031
1,"CGa","true",323,0.1022,0.3771,0.4793
1,"CGa","true",324,0.1011,0.3868,0.4879
1,"CGa","true",325,0.098,0.3854,0.4834
1,"CGa","true",326,0.0991,0.3829,0.482
1,"CGa","true",327,0.1082,0.3626,0.4708
1,"CGa","true",328,0.1001,0.3771,0.4772
1,"CGa","true",329,0.1005,0.3885,0.489
1,"CGa","true",330,0.0978,0.3809,0.4787
1,"CGa","true",331,0.0995,0.3933,0.4928
1,"CGa","true",332,0.0892,0.3901,0.4793
1,"CGa","true",333,0.0945,0.3999,0.4944
1,"CGa","true",334,0.0921,0.3789,0.471
1,"CGa","true",335,0.1049,0.3932,0.4981
1,"CGa","true",336,0.0966,0.3881,0.4847
1,"CGa","true",337,0.0954,0.378,0.4734
1,"CGa","true",338,0.0929,0.3879,0.4808
1,"CGa","true",339,0.1046,0.3923,0.4969
1,"CGa","true",340,0.1008,0.3933,0.4941
1,"CGa","true",341,0.0932,0.3912,0.4844
1,"CGa","true",342,0.0962,0.3913,0.4875
1,"CGa","true",343,0.0972,0.379,0.4762
1,"CGa","true",344,0.0958,0.3846,0.4804
1,"CGa","true",345,0.0996,0.3789,0.4785
1,"CGa","true",346,0.092,0.3994,0.4914
1,"CGa","true",347,0.1058,0.3864,0.4922
1,"CGa","true",348,0.094,0.402,0.496
1,"CGa","true",349,0.0923,0.39,0.4823
1,"CGa","true",350,0.0994,0.3931,0.4925
1,"CGa","true",351,0.1022,0.3997,0.5019
1,"CGa","true",352,0.0951,0.392,0.4871
1,"CGa","true",353,0.1031,0.3873,0.4904
1,"CGa","true",354,0.0971,0.3939,0.491
1,"CGa","true",355,0.1047,0.3905,0.4952
1,"CGa","true",356,0.0929,0.3852,0.4781
1,"CGa","true",357,0.0935,0.397,0.4905
1,"CGa","true",358,0.0996,0.391,0.4906
1,"CGa","true",359,0.09,0.3985,0.4885
1,"CGa","true",360,0.0974,0.3871,0.4845
1,"CGa","true",361,0.1009,0.3954,0.4963
1,"CGa","true",362,0.1015,0.386,0.4875
1,"CGa","true",363,0.0985,0.3794,0.4779
1,"CGa","true",364,0.1045,0.3744,0.4789
1,"CGa","true",365,0.0943,0.3908,0.4851
1,"CGa","true",366,0.0925,0.3793,0.4718
1,"CGa","true",367,0.0943,0.3867,0.481
1,"CGa","true",368,0.1041,0.379,0.4831
1,"CGa","true",369,0.0967,0.3857,0.4824
1,"CGa","true",370,0.1001,0.3868,0.4869
1,"CGa","true",371,0.105,0.3957,0.5007
1,"CGa","true",372,0.1031,0.3806,0.4837
1,"CGa","true",373,0.1014,0.4002,0.5016
1,"CGa","true",374,0.0925,0.3907,0.4832
1,"CGa","true",375,0.0964,0.3992,0.4956
1,"CGa","true",376,0.0879,0.3922,0.4801
1,"CGa","true",377,0.1044,0.3712,0.4756
1,"CGa","true",378,0.0934,0.3927,0.4861
1,"CGa","true",379,0.096,0.3852,0.4812
1,"CGa","true",380,0.1007,0.3794,0.4801
1,"CGa","true",381,0.099,0.3814,0.4804
1,"CGa","true",382,0.0923,0.3877,0.48
1,"CGa","true",383,0.0942,0.3952,0.4894
1,"CGa","true",384,0.0933,0.3905,0.4838
1,"CGa","true",385,0.0928,0.3944,0.4872
1,"CGa","true",386,0.0983,0.3948,0.4931
1,"CGa","true",387,0.0995,0.3954,0.4949
1,"CGa","true",388,0.1059,0.3839,0.4898
1,"CGa","true",389,0.103,0.385,0.488
1,"CGa","true",390,0.0936,0.3936,0.4872
1,"CGa","true",391,0.0971,0.3832,0.4803
1,"CGa","true",392,0.0994,0.3945,0.4939
1,"CGa","true",393,0.0949,0.3909,0.4858
1,"CGa","true",394,0.1069,0.3869,0.4938
1,"CGa","true",395,0.0959,0.3881,0.484
1,"CGa","true",396,0.0943,0.3845,0.4788
1,"CGa","true",397,0.0931,0.3971,0.4902
1,"CGa","true",398,0.1003,0.3966,0.4969
1,"CGa","true",399,0.0939,0.4011,0.495
1,"CGa","true",400,0.1034,0.3804,0.4838
1,"CGa","true",401,0.0973,0.3855,0.4828
1,"CGa","true",402,0.091,0.3994,0.4904
1,"CGa","true",403,0.0939,0.4026,0.4965
1,"CGa","true",404,0.102,0.3835,0.4855
1,"CGa","true",405,0.096,0.3908,0.4868
1,"CGa","true",406,0.0959,0.3929,0.4888
1,"CGa","true",407,0.0942,0.3936,0.4878
1,"CGa","true",408,0.1057,0.371,0.4767
1,"CGa","true",409,0.0995,0.3797,0.4792
1,"CGa","true",410,0.0959,0.3796,0.4755
1,"CGa","true",411,0.0905,0.4038,0.4943
1,"CGa","true",412,0.097,0.3871,0.4841
1,"CGa","true",413,0.0976,0.3798,0.4774
1,"CGa","true",414,0.1003,0.3934,0.4937
1,"CGa","true",415,0.1007,0.3786,0.4793
1,"CGa","true",416,0.1047,0.3877,0.4924
1,"CGa","true",417,0.0951,0.3797,0.4748
1,"CGa","true",418,0.0968,0.3813,0.4781
1,"CGa","true",419,0.0879,0.3828,0.4707
1,"CGa","true",420,0.0959,0.3816,0.4775
1,"CGa","true",421,0.1077,0.3865,0.4942
1,"CGa","true",422,0.1005,0.3871,0.4876
1,"CGa","true",423,0.0934,0.3776,0.471
1,"CGa","true",424,0.0923,0.3868,0.4791
1,"CGa","true",425,0.1004,0.3767,0.4771
1,"CGa","true",426,0.092,0.3876,0.4796
1,"CGa","true",427,0.1011,0.3831,0.4842
1,"CGa","true",428,0.0882,0.4083,0.4965
1,"CGa","true",429,0.0988,0.3848,0.4836
1,"CGa","true",430,0.0955,0.3853,0.4808
1,"CGa","true",431,0.0963,0.3851,0.4814
1,"CGa","true",432,0.0895,0.3936,0.4831
1,"CGa","true",433,0.1058,0.385,0.4908
1,"CGa","true",434,0.0931,0.3914,0.4845
1,"CGa","true",435,0.0996,0.3702,0.4698
1,"CGa","true",436,0.0917,0.3895,0.4812
1,"CGa","true",437,0.0974,0.3844,0.4818
1,"CGa","true",438,0.0964,0.3912,0.4876
1,"CGa","true",439,0.0977,0.395,0.4927
1,"CGa","true",440,0.1044,0.3884,0.4928
1,"CGa","true",441,0.099,0.3871,0.4861
1,"CGa","true",442,0.0976,0.3778,0.4754
1,"CGa","true",443,0.0939,0.3876,0.4815
1,"CGa","true",444,0.0966,0.3901,0.4867
1,"CGa","true",445,0.095,0.3975,0.4925
1,"CGa","true",446,0.1035,0.3682,0.4717
1,"CGa","true",447,0.0951,0.3829,0.478
1,"CGa","true",448,0.0875,0.3885,0.476
1,"CGa","true",449,0.0976,0.3941,0.4917
1,"CGa","true",450,0.0905,0.395,0.4855
1,"CGa","true",451,0.1017,0.3738,0.4755
1,"CGa","true",452,0.0893,0.3948,0.4841
1,"CGa","true",453,0.0988,0.3926,0.4914
1,"CGa","true",454,0.099,0.3913,0.4903
1,"CGa","true",455,0.1007,0.3891,0.4898
1,"CGa","true",456,0.0981,0.3812,0.4793
1,"CGa","true",457,0.1038,0.3829,0.4867
1,"CGa","true",458,0.0913,0.393,0.4843
1,"CGa","true",459,0.0984,0.3926,0.491
1,"CGa","true",460,0.0957,0.3967,0.4924
1,"CGa","true",461,0.1004,0.3866,0.487
1,"CGa","true",462,0.0983,0.3874,0.4857
1,"CGa","true",463,0.1048,0.3863,0.4911
1,"CGa","true",464,0.0972,0.3999,0.4971
1,"CGa","true",465,0.0928,0.3833,0.4761
1,"CGa","true",466,0.0864,0.3925,0.4789
1,"CGa","true",467,0.0956,0.3946,0.4902
1,"CGa","true",468,0.0964,0.3818,0.4782
1,"CGa","true",469,0.095,0.3858,0.4808
1,"CGa","true",470,0.1086,0.3919,0.5005
1,"CGa","true",471,0.0922,0.3945,0.4867
1,"CGa","true",472,0.103,0.3921,0.4951
1,"CGa","true",473,0.1012,0.3835,0.4847
1,"CGa","true",474,0.0986,0.3835,0.4821
1,"CGa","true",475,0.0925,0.3884,0.4809
1,"CGa","true",476,0.1012,0.3804,0.4816
1,"CGa","true",477,0.1016,0.3747,0.4763
1,"CGa","true",478,0.0957,0.3926,0.4883
1,"CGa","true",479,0.096,0.3829,0.4789
1,"CGa","true",480,0.0981,0.3946,0.4927
1,"CGa","true",481,0.0963,0.3828,0.4791
1,"CGa","true",482,0.0969,0.3774,0.4743
1,"CGa","true",483,0.1104,0.38,0.4904
1,"CGa","true",484,0.0989,0.3722,0.4711
1,"CGa","true",485,0.1028,0.3882,0.491
1,"CGa","true",486,0.0927,0.3951,0.4878
1,"CGa","true",487,0.089,0.3852,0.4742
1,"CGa","true",488,0.1069,0.3763,0.4832
1,"CGa","true",489,0.1005,0.3795,0.48
1,"CGa","true",490,0.0908,0.3839,0.4747
1,"CGa","true",491,0.0921,0.3895,0.4816
1,"CGa","true",492,0.0904,0.3815,0.4719
1,"CGa","true",493,0.0947,0.3862,0.4809
1,"CGa","true",494,0.105,0.382,0.487
1,"CGa","true",495,0.0954,0.3821,0.4775
1,"CGa","true",496,0.0962,0.3854,0.4816
1,"CGa","true",497,0.1033,0.3772,0.4805
1,"CGa","true",498,0.0951,0.3844,0.4795
1,"CGa","true",499,0.0866,0.3954,0.482
1,"CGa","true",500,0.0967,0.3833,0.48
1,"CGb","est",1,0.1179,0.081,0.1989
1,"CGb","est",2,0.0392,0.1254,0.1646
1,"CGb","est",3,0.0515,0.0281,0.0796
1,"CGb","est",4,0.2104,0.0443,0.2547
1,"CGb","est",5,0.1371,0.1237,0.2608
1,"CGb","est",6,0.1903,0.1174,0.3077
1,"CGb","est",7,0.1746,0.0464,0.221
1,"CGb","est",8,0.1869,0.0334,0.2203
1,"CGb","est",9,0.115,0.0123,0.1273
1,"CGb","est",10,0.1111,0.0751,0.1862
1,"CGb","est",11,0.184,0.0763,0.2603
1,"CGb","est",12,0.1364,0.0899,0.2263
1,"CGb","est",13,0.1983,0.0955,0.2938
1,"CGb","est",14,0.2897,0.1603,0.45
1,"CGb","est",15,0.1233,0.0653,0.1886
1,"CGb","est",16,0.0993,0.065,0.1643
1,"CGb","est",17,0.0927,0.0769,0.1696
1,"CGb","est",18,0.1488,0.0998,0.2486
1,"CGb","est",19,0.1074,0.132,0.2394
1,"CGb","est",20,0.0274,0.051,0.0784
1,"CGb","est",21,0.2035,0.0408,0.2443
1,"CGb","est",22,0.2188,0.0775,0.2963
1,"CGb","est",23,0.2136,0.0832,0.2968
1,"CGb","est",24,0.1818,0.0463,0.2281
1,"CGb","est",25,0.0927,0.065,0.1577
1,"CGb","est",26,0.2277,0.0411,0.2688
1,"CGb","est",27,0.1856,0.107,0.2926
1,"CGb","est",28,0.2379,0.1114,0.3493
1,"CGb","est",29,0.1615,0.0905,0.252
1,"CGb","est",30,0.1106,0.0793,0.1899
1,"CGb","est",31,0.199,0.1149,0.3139
1,"CGb","est",32,0.2075,0.0291,0.2366
1,"CGb","est",33,0.1522,0.1178,0.27
1,"CGb","est",34,0.219,0.0843,0.3033
1,"CGb","est",35,0.1801,0.0773,0.2574
1,"CGb","est",36,0.1967,0.0411,0.2378
1,"CGb","est",37,0.2366,0.0396,0.2762
1,"CGb","est",38,0.2374,0.0463,0.2837
1,"CGb","est",39,0.266,0.0799,0.3459
1,"CGb","est",40,0.1735,0.1089,0.2824
1,"CGb","est",41,0.1953,0.0122,0.2075
1,"CGb","est",42,0.1549,0.0466,0.2015
1,"CGb","est",43,0.162,0.0833,0.2453
1,"CGb","est",44,0.1664,0.021,0.1874
1,"CGb","est",45,0.1452,0.0544,0.1996
1,"CGb","est",46,0.1797,0.0038,0.1835
1,"CGb","est",47,0.2056,0.0254,0.231
1,"CGb","est",48,0.1903,0.0835,0.2738
1,"CGb","est",49,0.2011,0.0818,0.2829
1,"CGb","est",50,0.1985,0.0569,0.2554
1,"CGb","est",51,0.1418,0.0736,0.2154
1,"CGb","est",52,0.2055,0.0641,0.2696
1,"CGb","est",53,0.3156,0.0474,0.363
1,"CGb","est",54,0.0766,0.0078,0.0844
1,"CGb","est",55,0.1778,0.0691,0.2469
1,"CGb","est",56,0.1471,0.0875,0.2346
1,"CGb","est",57,0.2316,0.0619,0.2935
1,"CGb","est",58,0.1875,0.0519,0.2394
1,"CGb","est",59,0.1703,0.1002,0.2705
1,"CGb","est",60,0.1896,0.0787,0.2683
1,"CGb","est",61,0.1014,0.0956,0.197
1,"CGb","est",62,0.3406,0.0432,0.3838
1,"CGb","est",63,0.1646,0.1102,0.2748
1,"CGb","est",64,0.1212,0.066,0.1872
1,"CGb","est",65,0.1868,0.0557,0.2425
1,"CGb","est",66,0.2467,0.0624,0.3091
1,"CGb","est",67,0.1943,0.0763,0.2706
1,"CGb","est",68,0.1608,0.024,0.1848
1,"CGb","est",69,0.1583,0.07,0.2283
1,"CGb","est",70,0.13,0.0581,0.1881
1,"CGb","est",71,0.1241,0.0612,0.1853
1,"CGb","est",72,0.1229,0.0637,0.1866
1,"CGb","est",73,0.1333,0.1028,0.2361
1,"CGb","est",74,0.1636,0.1027,0.2663
1,"CGb","est",75,0.1446,0.0944,0.239
1,"CGb","est",76,0.2488,0.0816,0.3304
1,"CGb","est",77,0.2045,0.0457,0.2502
1,"CGb","est",78,0.1224,0.0123,0.1347
1,"CGb","est",79,0.0689,0.0933,0.1622
1,"CGb","est",80,0.0844,0.0785,0.1629
1,"CGb","est",81,0.1415,0.063,0.2045
1,"CGb","est",82,0.1604,0.1139,0.2743
1,"CGb","est",83,0.1458,0.0509,0.1967
1,"CGb","est",84,0.1889,0.1444,0.3333
1,"CGb","est",85,0.2323,0.0751,0.3074
1,"CGb","est",86,0.2147,0.0976,0.3123
1,"CGb","est",87,0.0832,0.084,0.1672
1,"CGb","est",88,0.1157,0.0846,0.2003
1,"CGb","est",89,0.0707,0.1079,0.1786
1,"CGb","est",90,0.1539,0.062,0.2159
1,"CGb","est",91,0.2782,0.0705,0.3487
1,"CGb","est",92,0.1271,0.0458,0.1729
1,"CGb","est",93,0.2011,0.1088,0.3099
1,"CGb","est",94,0.1665,0.0458,0.2123
1,"CGb","est",95,0.0848,-0.0096,0.0752
1,"CGb","est",96,0.167,0.0963,0.2633
1,"CGb","est",97,0.1983,0.0643,0.2626
1,"CGb","est",98,0.0564,0.1394,0.1958
1,"CGb","est",99,0.135,0.0623,0.1973
1,"CGb","est",100,0.1308,0.0965,0.2273
1,"CGb","est",101,0.1708,0.1008,0.2716
1,"CGb","est",102,0.1812,0.0727,0.2539
1,"CGb","est",103,0.1933,0.0189,0.2122
1,"CGb","est",104,0.098,0.1046,0.2026
1,"CGb","est",105,0.2075,0.0185,0.226
1,"CGb","est",106,0.0451,0.1,0.1451
1,"CGb","est",107,0.1865,0.0777,0.2642
1,"CGb","est",108,0.2708,0.0886,0.3594
1,"CGb","est",109,0.2728,0.065,0.3378
1,"CGb","est",110,0.1933,0.0389,0.2322
1,"CGb","est",111,0.12,0.1252,0.2452
1,"CGb","est",112,0.2356,0.0354,0.271
1,"CGb","est",113,0.1353,0.0128,0.1481
1,"CGb","est",114,0.2019,0.0292,0.2311
1,"CGb","est",115,0.1867,0.0437,0.2304
1,"CGb","est",116,0.086,0.1394,0.2254
1,"CGb","est",117,0.2544,0.0714,0.3258
1,"CGb","est",118,0.318,0.1136,0.4316
1,"CGb","est",119,0.2211,0.0814,0.3025
1,"CGb","est",120,0.2112,0.0702,0.2814
1,"CGb","est",121,0.0758,0.036,0.1118
1,"CGb","est",122,0.0446,0.0851,0.1297
1,"CGb","est",123,0.0107,0.0801,0.0908
1,"CGb","est",124,0.0833,0.0862,0.1695
1,"CGb","est",125,0.1788,0.071,0.2498
1,"CGb","est",126,0.0778,0.085,0.1628
1,"CGb","est",127,0.1397,0.0544,0.1941
1,"CGb","est",128,0.1284,0.0902,0.2186
1,"CGb","est",129,0.1608,0.0723,0.2331
1,"CGb","est",130,0.2633,0.0691,0.3324
1,"CGb","est",131,0.2044,-0.0055,0.1989
1,"CGb","est",132,0.2016,0.1113,0.3129
1,"CGb","est",133,0.1798,0.0715,0.2513
1,"CGb","est",134,0.1805,0.025,0.2055
1,"CGb","est",135,0.2337,0.0908,0.3245
1,"CGb","est",136,0.2223,0.0153,0.2376
1,"CGb","est",137,0.1946,0.0354,0.23
1,"CGb","est",138,0.0527,0.1284,0.1811
1,"CGb","est",139,0.0615,0.1071,0.1686
1,"CGb","est",140,0.1569,0.0524,0.2093
1,"CGb","est",141,0.1226,0.0768,0.1994
1,"CGb","est",142,0.1264,0.0449,0.1713
1,"CGb","est",143,0.2946,0.0583,0.3529
1,"CGb","est",144,0.3311,0.0397,0.3708
1,"CGb","est",145,0.0663,0.0571,0.1234
1,"CGb","est",146,0.185,0.0743,0.2593
1,"CGb","est",147,0.2248,0.0357,0.2605
1,"CGb","est",148,0.0931,0.0934,0.1865
1,"CGb","est",149,0.2357,0.012,0.2477
1,"CGb","est",150,0.137,0.0464,0.1834
1,"CGb","est",151,0.2161,0.0655,0.2816
1,"CGb","est",152,0.1261,0.0444,0.1705
1,"CGb","est",153,0.2041,0.0688,0.2729
1,"CGb","est",154,0.2039,0.0415,0.2454
1,"CGb","est",155,0.1398,0.0703,0.2101
1,"CGb","est",156,0.1331,0.0569,0.19
1,"CGb","est",157,0.1925,0.1599,0.3524
1,"CGb","est",158,0.1181,0.0348,0.1529
1,"CGb","est",159,0.1494,0.0695,0.2189
1,"CGb","est",160,0.1253,0.1169,0.2422
1,"CGb","est",161,0.2739,0.0413,0.3152
1,"CGb","est",162,0.0396,0.0827,0.1223
1,"CGb","est",163,0.235,0.0895,0.3245
1,"CGb","est",164,0.1044,0.0546,0.159
1,"CGb","est",165,0.1009,0.1095,0.2104
1,"CGb","est",166,0.2101,0.0742,0.2843
1,"CGb","est",167,0.2378,0.1375,0.3753
1,"CGb","est",168,0.175,0.0826,0.2576
1,"CGb","est",169,0.1924,0.082,0.2744
1,"CGb","est",170,0.0909,0.0559,0.1468
1,"CGb","est",171,0.2008,-0.0171,0.1837
1,"CGb","est",172,0.1536,0.0729,0.2265
1,"CGb","est",173,0.2257,0.0654,0.2911
1,"CGb","est",174,0.2058,0.0534,0.2592
1,"CGb","est",175,0.1514,0.0784,0.2298
1,"CGb","est",176,0.2115,0.0918,0.3033
1,"CGb","est",177,0.1676,0.0633,0.2309
1,"CGb","est",178,0.0742,0.0819,0.1561
1,"CGb","est",179,0.0974,0.0883,0.1857
1,"CGb","est",180,0.1484,0.0622,0.2106
1,"CGb","est",181,0.2727,0.0928,0.3655
1,"CGb","est",182,0.0552,0.0717,0.1269
1,"CGb","est",183,0.1451,0.101,0.2461
1,"CGb","est",184,0.1122,0.0804,0.1926
1,"CGb","est",185,0.1844,0.0873,0.2717
1,"CGb","est",186,0.2078,0.0805,0.2883
1,"CGb","est",187,0.2403,0.0891,0.3294
1,"CGb","est",188,0.1146,0.1515,0.2661
1,"CGb","est",189,0.2475,0.0951,0.3426
1,"CGb","est",190,0.2542,0.0108,0.265
1,"CGb","est",191,0.1108,0.0553,0.1661
1,"CGb","est",192,0.1313,0.067,0.1983
1,"CGb","est",193,0.1765,0.0811,0.2576
1,"CGb","est",194,0.1722,0.0683,0.2405
1,"CGb","est",195,0.0543,0.1141,0.1684
1,"CGb","est",196,0.1414,0.0598,0.2012
1,"CGb","est",197,0.1005,0.1302,0.2307
1,"CGb","est",198,0.2141,0.1062,0.3203
1,"CGb","est",199,0.1414,0.0888,0.2302
1,"CGb","est",200,0.1485,0.0317,0.1802
1,"CGb","est",201,0.1723,0.0949,0.2672
1,"CGb","est",202,0.1737,0.0517,0.2254
1,"CGb","est",203,0.1614,0.0981,0.2595
1,"CGb","est",204,0.193,0.0774,0.2704
1,"CGb","est",205,0.1421,0.0261,0.1682
1,"CGb","est",206,0.1671,0.0611,0.2282
1,"CGb","est",207,0.1351,0.0792,0.2143
1,"CGb","est",208,0.2089,0.0361,0.245
1,"CGb","est",209,0.1405,0.1106,0.2511
1,"CGb","est",210,0.1286,0.0995,0.2281
1,"CGb","est",211,0.1517,0.0593,0.211
1,"CGb","est",212,0.1685,0.1424,0.3109
1,"CGb","est",213,0.2636,0.0596,0.3232
1,"CGb","est",214,0.2429,0.053,0.2959
1,"CGb","est",215,0.2116,0.0403,0.2519
1,"CGb","est",216,0.0637,0.1012,0.1649
1,"CGb","est",217,0.0948,0.1184,0.2132
1,"CGb","est",218,0.1942,0.0313,0.2255
1,"CGb","est",219,0.1842,0.1029,0.2871
1,"CGb","est",220,0.2499,0.0827,0.3326
1,"CGb","est",221,0.2719,0.022,0.2939
1,"CGb","est",222,0.0821,0.0721,0.1542
1,"CGb","est",223,0.2283,0.0928,0.3211
1,"CGb","est",224,0.2248,0.0654,0.2902
1,"CGb","est",225,0.2085,0.0164,0.2249
1,"CGb","est",226,0.1922,0.0711,0.2633
1,"CGb","est",227,0.2998,0.0752,0.375
1,"CGb","est",228,0.2236,0.0586,0.2822
1,"CGb","est",229,0.241,0.0247,0.2657
1,"CGb","est",230,0.1328,0.0523,0.1851
1,"CGb","est",231,0.1669,0.036,0.2029
1,"CGb","est",232,0.0681,0.0965,0.1646
1,"CGb","est",233,0.2036,0.0572,0.2608
1,"CGb","est",234,0.106,0.0985,0.2045
1,"CGb","est",235,0.1008,0.0182,0.119
1,"CGb","est",236,0.1421,0.0027,0.1448
1,"CGb","est",237,0.1179,0.0695,0.1874
1,"CGb","est",238,0.1858,0.1135,0.2993
1,"CGb","est",239,0.1377,0.123,0.2607
1,"CGb","est",240,0.1066,0.0614,0.168
1,"CGb","est",241,0.1411,0.0577,0.1988
1,"CGb","est",242,0.0196,0.0997,0.1193
1,"CGb","est",243,0.2534,0.0655,0.3189
1,"CGb","est",244,0.2648,0.0821,0.3469
1,"CGb","est",245,0.1592,0.0439,0.2031
1,"CGb","est",246,0.2705,0.0591,0.3296
1,"CGb","est",247,0.1892,0.0277,0.2169
1,"CGb","est",248,0.2688,0.0598,0.3286
1,"CGb","est",249,0.3206,0.0728,0.3934
1,"CGb","est",250,0.2195,0.0987,0.3182
1,"CGb","est",251,0.1318,0.0668,0.1986
1,"CGb","est",252,0.2158,0.0842,0.3
1,"CGb","est",253,0.1589,0.0793,0.2382
1,"CGb","est",254,0.2328,0.0577,0.2905
1,"CGb","est",255,0.051,0.0618,0.1128
1,"CGb","est",256,0.1354,0.0896,0.225
1,"CGb","est",257,0.2963,0.0699,0.3662
1,"CGb","est",258,0.1762,0.0493,0.2255
1,"CGb","est",259,0.1524,0.0673,0.2197
1,"CGb","est",260,0.0795,0.0936,0.1731
1,"CGb","est",261,0.2362,0.0543,0.2905
1,"CGb","est",262,0.1703,0.0986,0.2689
1,"CGb","est",263,0.1925,0.044,0.2365
1,"CGb","est",264,0.2827,0.105,0.3877
1,"CGb","est",265,0.145,0.0646,0.2096
1,"CGb","est",266,0.2989,0.0771,0.376
1,"CGb","est",267,0.1262,0.0729,0.1991
1,"CGb","est",268,0.2346,0.0175,0.2521
1,"CGb","est",269,0.1354,0.0745,0.2099
1,"CGb","est",270,0.1666,0.0973,0.2639
1,"CGb","est",271,0.1785,0.0659,0.2444
1,"CGb","est",272,0.1523,0.086,0.2383
1,"CGb","est",273,0.1137,0.0734,0.1871
1,"CGb","est",274,0.2081,0.1116,0.3197
1,"CGb","est",275,0.1143,0.0728,0.1871
1,"CGb","est",276,0.1327,0.1197,0.2524
1,"CGb","est",277,0.1963,0.0204,0.2167
1,"CGb","est",278,0.2535,0.085,0.3385
1,"CGb","est",279,0.1851,0.0469,0.232
1,"CGb","est",280,0.2592,0.0432,0.3024
1,"CGb","est",281,0.2556,0.059,0.3146
1,"CGb","est",282,0.0734,0.0739,0.1473
1,"CGb","est",283,0.2189,0.0078,0.2267
1,"CGb","est",284,0.2074,0.0296,0.237
1,"CGb","est",285,0.0639,0.0421,0.106
1,"CGb","est",286,0.175,0.0097,0.1847
1,"CGb","est",287,0.1082,0.0559,0.1641
1,"CGb","est",288,0.1403,0.0608,0.2011
1,"CGb","est",289,0.1526,0.087,0.2396
1,"CGb","est",290,0.1336,0.0953,0.2289
1,"CGb","est",291,0.1979,0.0571,0.255
1,"CGb","est",292,0.207,0.076,0.283
1,"CGb","est",293,0.1018,0.078,0.1798
1,"CGb","est",294,0.14,0.0834,0.2234
1,"CGb","est",295,0.242,0.0757,0.3177
1,"CGb","est",296,0.052,0.0387,0.0907
1,"CGb","est",297,0.141,0.0798,0.2208
1,"CGb","est",298,0.0912,0.0514,0.1426
1,"CGb","est",299,0.1281,0.125,0.2531
1,"CGb","est",300,0.2012,0.0564,0.2576
1,"CGb","est",301,0.2032,0.0496,0.2528
1,"CGb","est",302,0.1635,0.1018,0.2653
1,"CGb","est",303,0.1928,0.0746,0.2674
1,"CGb","est",304,0.2632,0.0937,0.3569
1,"CGb","est",305,0.1861,0.0401,0.2262
1,"CGb","est",306,0.1601,0.0851,0.2452
1,"CGb","est",307,0.1458,0.0794,0.2252
1,"CGb","est",308,0.1099,0.0702,0.1801
1,"CGb","est",309,0.1966,0.0726,0.2692
1,"CGb","est",310,0.2282,0.0912,0.3194
1,"CGb","est",311,0.1254,0.0728,0.1982
1,"CGb","est",312,0.2326,0.0979,0.3305
1,"CGb","est",313,0.1688,0.0829,0.2517
1,"CGb","est",314,0.0466,0.0221,0.0687
1,"CGb","est",315,0.2241,-0.0047,0.2194
1,"CGb","est",316,0.1886,0.0935,0.2821
1,"CGb","est",317,0.2121,0.0235,0.2356
1,"CGb","est",318,0.1488,0.0978,0.2466
1,"CGb","est",319,0.1522,0.0794,0.2316
1,"CGb","est",320,0.1355,0.1464,0.2819
1,"CGb","est",321,0.2456,0.065,0.3106
1,"CGb","est",322,0.1012,0.0525,0.1537
1,"CGb","est",323,0.1746,0.1026,0.2772
1,"CGb","est",324,0.2198,0.0616,0.2814
1,"CGb","est",325,0.1313,0.1093,0.2406
1,"CGb","est",326,0.1555,0.0375,0.193
1,"CGb","est",327,0.179,0.0863,0.2653
1,"CGb","est",328,0.2182,0.0494,0.2676
1,"CGb","est",329,0.1929,0.0936,0.2865
1,"CGb","est",330,0.1916,0.0223,0.2139
1,"CGb","est",331,0.2775,0.0384,0.3159
1,"CGb","est",332,0.0752,-0.0202,0.055
1,"CGb","est",333,0.1502,0.0596,0.2098
1,"CGb","est",334,0.2474,0.0934,0.3408
1,"CGb","est",335,0.2016,0.0988,0.3004
1,"CGb","est",336,0.2533,0.1028,0.3561
1,"CGb","est",337,0.1587,0.0536,0.2123
1,"CGb","est",338,0.1172,0.1324,0.2496
1,"CGb","est",339,0.2345,0.0843,0.3188
1,"CGb","est",340,0.2048,0.0999,0.3047
1,"CGb","est",341,0.2134,0.0356,0.249
1,"CGb","est",342,0.2622,0.0856,0.3478
1,"CGb","est",343,0.1351,0.0701,0.2052
1,"CGb","est",344,0.2732,0.0555,0.3287
1,"CGb","est",345,0.0011,0.0184,0.0195
1,"CGb","est",346,0.116,0.0525,0.1685
1,"CGb","est",347,0.0612,0.0982,0.1594
1,"CGb","est",348,0.1783,0.0711,0.2494
1,"CGb","est",349,0.1786,0.0684,0.247
1,"CGb","est",350,0.1561,0.0848,0.2409
1,"CGb","est",351,0.223,0.0411,0.2641
1,"CGb","est",352,0.1988,0.078,0.2768
1,"CGb","est",353,0.2929,0.0842,0.3771
1,"CGb","est",354,0.119,0.1516,0.2706
1,"CGb","est",355,0.2617,0.061,0.3227
1,"CGb","est",356,0.1283,0.0729,0.2012
1,"CGb","est",357,0.1614,0.0528,0.2142
1,"CGb","est",358,0.141,0.0619,0.2029
1,"CGb","est",359,0.3248,0.0105,0.3353
1,"CGb","est",360,0.15,0.1079,0.2579
1,"CGb","est",361,0.0437,0.0328,0.0765
1,"CGb","est",362,0.0946,0.0652,0.1598
1,"CGb","est",363,0.1924,0.0098,0.2022
1,"CGb","est",364,0.1898,0.0831,0.2729
1,"CGb","est",365,0.2221,0.0379,0.26
1,"CGb","est",366,0.1809,0.0605,0.2414
1,"CGb","est",367,0.1354,0.0748,0.2102
1,"CGb","est",368,0.1375,0.0839,0.2214
1,"CGb","est",369,0.1128,0.0478,0.1606
1,"CGb","est",370,0.1598,0.0931,0.2529
1,"CGb","est",371,0.1136,0.1364,0.25
1,"CGb","est",372,0.1083,0.0566,0.1649
1,"CGb","est",373,0.1363,0.0714,0.2077
1,"CGb","est",374,0.156,0.0404,0.1964
1,"CGb","est",375,0.3048,0.1123,0.4171
1,"CGb","est",376,0.1579,0.1025,0.2604
1,"CGb","est",377,0.205,0.0819,0.2869
1,"CGb","est",378,0.0911,0.123,0.2141
1,"CGb","est",379,0.2455,0.0954,0.3409
1,"CGb","est",380,0.043,0.0701,0.1131
1,"CGb","est",381,0.1359,0.1261,0.262
1,"CGb","est",382,0.1701,0.0731,0.2432
1,"CGb","est",383,0.0748,0.1201,0.1949
1,"CGb","est",384,0.197,0.0142,0.2112
1,"CGb","est",385,0.2014,0.0785,0.2799
1,"CGb","est",386,0.1167,0.1067,0.2234
1,"CGb","est",387,0.2618,0.035,0.2968
1,"CGb","est",388,0.1208,0.0469,0.1677
1,"CGb","est",389,0.1401,0.0259,0.166
1,"CGb","est",390,0.0934,0.0813,0.1747
1,"CGb","est",391,0.1144,0.0639,0.1783
1,"CGb","est",392,0.1834,0.1028,0.2862
1,"CGb","est",393,0.1816,0.0659,0.2475
1,"CGb","est",394,0.1042,0.102,0.2062
1,"CGb","est",395,0.1176,0.0847,0.2023
1,"CGb","est",396,0.1559,0.0232,0.1791
1,"CGb","est",397,0.178,0.0679,0.2459
1,"CGb","est",398,0.1526,0.0268,0.1794
1,"CGb","est",399,0.2082,0.0525,0.2607
1,"CGb","est",400,0.112,0.0521,0.1641
1,"CGb","est",401,0.1358,0.0991,0.2349
1,"CGb","est",402,0.4037,0.0648,0.4685
1,"CGb","est",403,0.1454,0.1093,0.2547
1,"CGb","est",404,0.2569,0.0557,0.3126
1,"CGb","est",405,0.1677,0.0368,0.2045
1,"CGb","est",406,0.1289,0.0824,0.2113
1,"CGb","est",407,0.1802,0.0757,0.2559
1,"CGb","est",408,0.0929,0.1026,0.1955
1,"CGb","est",409,0.1416,0.1139,0.2555
1,"CGb","est",410,0.127,0.0953,0.2223
1,"CGb","est",411,0.1115,0.0896,0.2011
1,"CGb","est",412,0.3215,0.0802,0.4017
1,"CGb","est",413,0.1255,0.0528,0.1783
1,"CGb","est",414,0.2033,0.0854,0.2887
1,"CGb","est",415,0.168,0.0242,0.1922
1,"CGb","est",416,0.2022,0.0199,0.2221
1,"CGb","est",417,0.1996,0.0555,0.2551
1,"CGb","est",418,0.1343,0.0628,0.1971
1,"CGb","est",419,0.2057,0.0215,0.2272
1,"CGb","est",420,0.2083,0.0621,0.2704
1,"CGb","est",421,0.0837,0.1377,0.2214
1,"CGb","est",422,0.225,0.0415,0.2665
1,"CGb","est",423,0.1316,0.0616,0.1932
1,"CGb","est",424,0.1714,0.0953,0.2667
1,"CGb","est",425,0.1378,0.0227,0.1605
1,"CGb","est",426,0.2143,0.0428,0.2571
1,"CGb","est",427,0.2116,0.0665,0.2781
1,"CGb","est",428,0.2834,0.1025,0.3859
1,"CGb","est",429,0.1867,0.0548,0.2415
1,"CGb","est",430,0.2591,0.0532,0.3123
1,"CGb","est",431,0.1922,0.0937,0.2859
1,"CGb","est",432,0.2046,0.0574,0.262
1,"CGb","est",433,0.1514,0.0225,0.1739
1,"CGb","est",434,0.2062,0.081,0.2872
1,"CGb","est",435,0.0938,0.0282,0.122
1,"CGb","est",436,0.3013,0.0529,0.3542
1,"CGb","est",437,0.163,0.0629,0.2259
1,"CGb","est",438,0.1831,-0.0372,0.1459
1,"CGb","est",439,0.2021,0.0372,0.2393
1,"CGb","est",440,0.0698,0.0711,0.1409
1,"CGb","est",441,0.0428,0.0914,0.1342
1,"CGb","est",442,0.2484,0.0756,0.324
1,"CGb","est",443,0.1389,0.0678,0.2067
1,"CGb","est",444,0.1701,0.0517,0.2218
1,"CGb","est",445,0.2903,0.0864,0.3767
1,"CGb","est",446,0.1857,0.0505,0.2362
1,"CGb","est",447,0.1904,0.0136,0.204
1,"CGb","est",448,0.1642,0.0866,0.2508
1,"CGb","est",449,0.1726,0.0837,0.2563
1,"CGb","est",450,0.2301,0.0576,0.2877
1,"CGb","est",451,0.1021,0.1069,0.209
1,"CGb","est",452,0.1525,-0.0168,0.1357
1,"CGb","est",453,0.2035,0.1326,0.3361
1,"CGb","est",454,0.2287,0.1223,0.351
1,"CGb","est",455,0.092,0.0281,0.1201
1,"CGb","est",456,0.2269,0.0089,0.2358
1,"CGb","est",457,0.0821,0.0378,0.1199
1,"CGb","est",458,0.2522,0.0949,0.3471
1,"CGb","est",459,0.2083,0.0592,0.2675
1,"CGb","est",460,0.1372,0.062,0.1992
1,"CGb","est",461,0.0811,0.0699,0.151
1,"CGb","est",462,0.2113,0.0353,0.2466
1,"CGb","est",463,0.0597,0.0999,0.1596
1,"CGb","est",464,0.2574,0.1128,0.3702
1,"CGb","est",465,0.0828,0.0803,0.1631
1,"CGb","est",466,0.1589,0.0528,0.2117
1,"CGb","est",467,0.2121,0.1008,0.3129
1,"CGb","est",468,0.0427,0.0819,0.1246
1,"CGb","est",469,0.1752,0.0754,0.2506
1,"CGb","est",470,0.2722,0.0528,0.325
1,"CGb","est",471,0.2663,0.0496,0.3159
1,"CGb","est",472,0.1882,0.0769,0.2651
1,"CGb","est",473,0.2527,0.008,0.2607
1,"CGb","est",474,0.2127,0.0333,0.246
1,"CGb","est",475,0.2246,0.036,0.2606
1,"CGb","est",476,0.1973,0.067,0.2643
1,"CGb","est",477,0.3316,0.0504,0.382
1,"CGb","est",478,0.2259,0.0662,0.2921
1,"CGb","est",479,0.1518,0.0221,0.1739
1,"CGb","est",480,0.32,0.0807,0.4007
1,"CGb","est",481,0.2417,0.0781,0.3198
1,"CGb","est",482,0.1168,0.0724,0.1892
1,"CGb","est",483,0.1867,0.0206,0.2073
1,"CGb","est",484,0.189,0.0542,0.2432
1,"CGb","est",485,0.0981,0.0657,0.1638
1,"CGb","est",486,0.2158,0.0609,0.2767
1,"CGb","est",487,0.1244,0.0222,0.1466
1,"CGb","est",488,0.1657,-0.000700000000000002,0.165
1,"CGb","est",489,0.2067,0.0824,0.2891
1,"CGb","est",490,0.2918,0.0976,0.3894
1,"CGb","est",491,0.0843,0.085,0.1693
1,"CGb","est",492,0.2073,0.0093,0.2166
1,"CGb","est",493,0.2137,0.127,0.3407
1,"CGb","est",494,0.1296,0.0192,0.1488
1,"CGb","est",495,0.2193,0.0658,0.2851
1,"CGb","est",496,0.1024,0.0619,0.1643
1,"CGb","est",497,0.1143,0.0589,0.1732
1,"CGb","est",498,0.21,0.0799,0.2899
1,"CGb","est",499,0.2025,0.0917,0.2942
1,"CGb","est",500,0.1692,0.117,0.2862
1,"CGb","true",1,0.1676,0.0973,0.2649
1,"CGb","true",2,0.1718,0.1053,0.2771
1,"CGb","true",3,0.1849,0.0965,0.2814
1,"CGb","true",4,0.1692,0.0753,0.2445
1,"CGb","true",5,0.1604,0.1024,0.2628
1,"CGb","true",6,0.1706,0.0933,0.2639
1,"CGb","true",7,0.1669,0.0923,0.2592
1,"CGb","true",8,0.1822,0.0892,0.2714
1,"CGb","true",9,0.1673,0.1004,0.2677
1,"CGb","true",10,0.1807,0.0973,0.278
1,"CGb","true",11,0.162,0.1081,0.2701
1,"CGb","true",12,0.1717,0.0885,0.2602
1,"CGb","true",13,0.1642,0.091,0.2552
1,"CGb","true",14,0.1614,0.1083,0.2697
1,"CGb","true",15,0.1776,0.0929,0.2705
1,"CGb","true",16,0.1687,0.0949,0.2636
1,"CGb","true",17,0.168,0.0955,0.2635
1,"CGb","true",18,0.1782,0.0936,0.2718
1,"CGb","true",19,0.1839,0.0897,0.2736
1,"CGb","true",20,0.1677,0.1043,0.272
1,"CGb","true",21,0.1749,0.0908,0.2657
1,"CGb","true",22,0.1705,0.0947,0.2652
1,"CGb","true",23,0.1682,0.1049,0.2731
1,"CGb","true",24,0.1655,0.095,0.2605
1,"CGb","true",25,0.1899,0.0843,0.2742
1,"CGb","true",26,0.174,0.0916,0.2656
1,"CGb","true",27,0.1694,0.0956,0.265
1,"CGb","true",28,0.1807,0.0893,0.27
1,"CGb","true",29,0.163,0.1029,0.2659
1,"CGb","true",30,0.1764,0.1019,0.2783
1,"CGb","true",31,0.1682,0.1041,0.2723
1,"CGb","true",32,0.17,0.0847,0.2547
1,"CGb","true",33,0.1674,0.0966,0.264
1,"CGb","true",34,0.1733,0.099,0.2723
1,"CGb","true",35,0.1661,0.0951,0.2612
1,"CGb","true",36,0.1673,0.1,0.2673
1,"CGb","true",37,0.1797,0.0888,0.2685
1,"CGb","true",38,0.1649,0.1031,0.268
1,"CGb","true",39,0.1651,0.0957,0.2608
1,"CGb","true",40,0.1687,0.1033,0.272
1,"CGb","true",41,0.1772,0.1031,0.2803
1,"CGb","true",42,0.1784,0.0875,0.2659
1,"CGb","true",43,0.1711,0.0971,0.2682
1,"CGb","true",44,0.1715,0.0981,0.2696
1,"CGb","true",45,0.1843,0.0942,0.2785
1,"CGb","true",46,0.1687,0.1101,0.2788
1,"CGb","true",47,0.1807,0.0958,0.2765
1,"CGb","true",48,0.1798,0.0937,0.2735
1,"CGb","true",49,0.1759,0.1017,0.2776
1,"CGb","true",50,0.1683,0.1051,0.2734
1,"CGb","true",51,0.1763,0.0979,0.2742
1,"CGb","true",52,0.1671,0.0985,0.2656
1,"CGb","true",53,0.1766,0.092,0.2686
1,"CGb","true",54,0.1699,0.0938,0.2637
1,"CGb","true",55,0.1703,0.0934,0.2637
1,"CGb","true",56,0.1574,0.0919,0.2493
1,"CGb","true",57,0.1804,0.102,0.2824
1,"CGb","true",58,0.1682,0.0886,0.2568
1,"CGb","true",59,0.1652,0.0906,0.2558
1,"CGb","true",60,0.1693,0.0863,0.2556
1,"CGb","true",61,0.1771,0.0911,0.2682
1,"CGb","true",62,0.1765,0.097,0.2735
1,"CGb","true",63,0.1725,0.1013,0.2738
1,"CGb","true",64,0.1739,0.098,0.2719
1,"CGb","true",65,0.168,0.0963,0.2643
1,"CGb","true",66,0.1736,0.0923,0.2659
1,"CGb","true",67,0.1805,0.0885,0.269
1,"CGb","true",68,0.1797,0.089,0.2687
1,"CGb","true",69,0.1698,0.0917,0.2615
1,"CGb","true",70,0.1663,0.0837,0.25
1,"CGb","true",71,0.1704,0.0998,0.2702
1,"CGb","true",72,0.1765,0.0944,0.2709
1,"CGb","true",73,0.1668,0.1038,0.2706
1,"CGb","true",74,0.1735,0.094,0.2675
1,"CGb","true",75,0.1618,0.1015,0.2633
1,"CGb","true",76,0.162,0.1009,0.2629
1,"CGb","true",77,0.1922,0.0916,0.2838
1,"CGb","true",78,0.1737,0.095,0.2687
1,"CGb","true",79,0.171,0.0846,0.2556
1,"CGb","true",80,0.1631,0.1,0.2631
1,"CGb","true",81,0.1613,0.0948,0.2561
1,"CGb","true",82,0.1835,0.0975,0.281
1,"CGb","true",83,0.1728,0.0934,0.2662
1,"CGb","true",84,0.1665,0.0992,0.2657
1,"CGb","true",85,0.168,0.1018,0.2698
1,"CGb","true",86,0.1764,0.0961,0.2725
1,"CGb","true",87,0.1651,0.0972,0.2623
1,"CGb","true",88,0.1814,0.0965,0.2779
1,"CGb","true",89,0.185,0.0838,0.2688
1,"CGb","true",90,0.1777,0.0934,0.2711
1,"CGb","true",91,0.1727,0.098,0.2707
1,"CGb","true",92,0.1743,0.1014,0.2757
1,"CGb","true",93,0.1687,0.0981,0.2668
1,"CGb","true",94,0.172,0.0945,0.2665
1,"CGb","true",95,0.1742,0.0815,0.2557
1,"CGb","true",96,0.1743,0.0945,0.2688
1,"CGb","true",97,0.1766,0.096,0.2726
1,"CGb","true",98,0.1867,0.1017,0.2884
1,"CGb","true",99,0.1702,0.097,0.2672
1,"CGb","true",100,0.1821,0.0923,0.2744
1,"CGb","true",101,0.1792,0.0952,0.2744
1,"CGb","true",102,0.1737,0.0973,0.271
1,"CGb","true",103,0.1677,0.0896,0.2573
1,"CGb","true",104,0.1665,0.1016,0.2681
1,"CGb","true",105,0.1751,0.0934,0.2685
1,"CGb","true",106,0.172,0.1026,0.2746
1,"CGb","true",107,0.1783,0.0898,0.2681
1,"CGb","true",108,0.1666,0.0969,0.2635
1,"CGb","true",109,0.1732,0.1032,0.2764
1,"CGb","true",110,0.1701,0.101,0.2711
1,"CGb","true",111,0.1694,0.1038,0.2732
1,"CGb","true",112,0.175,0.0998,0.2748
1,"CGb","true",113,0.1759,0.0973,0.2732
1,"CGb","true",114,0.1765,0.0905,0.267
1,"CGb","true",115,0.1733,0.0954,0.2687
1,"CGb","true",116,0.1593,0.0953,0.2546
1,"CGb","true",117,0.1722,0.1044,0.2766
1,"CGb","true",118,0.1748,0.1004,0.2752
1,"CGb","true",119,0.1703,0.0977,0.268
1,"CGb","true",120,0.1573,0.1078,0.2651
1,"CGb","true",121,0.176,0.0971,0.2731
1,"CGb","true",122,0.1669,0.1016,0.2685
1,"CGb","true",123,0.1757,0.0989,0.2746
1,"CGb","true",124,0.1721,0.0997,0.2718
1,"CGb","true",125,0.1668,0.0951,0.2619
1,"CGb","true",126,0.1676,0.096,0.2636
1,"CGb","true",127,0.1778,0.0938,0.2716
1,"CGb","true",128,0.1728,0.0862,0.259
1,"CGb","true",129,0.1702,0.1001,0.2703
1,"CGb","true",130,0.1592,0.1,0.2592
1,"CGb","true",131,0.1748,0.0893,0.2641
1,"CGb","true",132,0.1629,0.1026,0.2655
1,"CGb","true",133,0.1705,0.0959,0.2664
1,"CGb","true",134,0.1659,0.101,0.2669
1,"CGb","true",135,0.1803,0.0984,0.2787
1,"CGb","true",136,0.1772,0.0922,0.2694
1,"CGb","true",137,0.1728,0.0931,0.2659
1,"CGb","true",138,0.1659,0.0906,0.2565
1,"CGb","true",139,0.1664,0.1058,0.2722
1,"CGb","true",140,0.1755,0.0949,0.2704
1,"CGb","true",141,0.1785,0.0891,0.2676
1,"CGb","true",142,0.1624,0.1026,0.265
1,"CGb","true",143,0.1757,0.0904,0.2661
1,"CGb","true",144,0.1536,0.0999,0.2535
1,"CGb","true",145,0.1707,0.0998,0.2705
1,"CGb","true",146,0.1692,0.1039,0.2731
1,"CGb","true",147,0.1652,0.1022,0.2674
1,"CGb","true",148,0.174,0.1006,0.2746
1,"CGb","true",149,0.1687,0.0924,0.2611
1,"CGb","true",150,0.1762,0.0951,0.2713
1,"CGb","true",151,0.1543,0.096,0.2503
1,"CGb","true",152,0.1699,0.0865,0.2564
1,"CGb","true",153,0.1682,0.1019,0.2701
1,"CGb","true",154,0.179,0.0936,0.2726
1,"CGb","true",155,0.1675,0.1011,0.2686
1,"CGb","true",156,0.1661,0.1037,0.2698
1,"CGb","true",157,0.1654,0.0988,0.2642
1,"CGb","true",158,0.1808,0.0825,0.2633
1,"CGb","true",159,0.1713,0.0951,0.2664
1,"CGb","true",160,0.1718,0.0901,0.2619
1,"CGb","true",161,0.1814,0.0962,0.2776
1,"CGb","true",162,0.1785,0.1031,0.2816
1,"CGb","true",163,0.1708,0.1006,0.2714
1,"CGb","true",164,0.1788,0.0933,0.2721
1,"CGb","true",165,0.1757,0.1003,0.276
1,"CGb","true",166,0.1727,0.1,0.2727
1,"CGb","true",167,0.1649,0.1044,0.2693
1,"CGb","true",168,0.1632,0.1086,0.2718
1,"CGb","true",169,0.1717,0.0874,0.2591
1,"CGb","true",170,0.1709,0.0999,0.2708
1,"CGb","true",171,0.1743,0.0906,0.2649
1,"CGb","true",172,0.1773,0.0913,0.2686
1,"CGb","true",173,0.1694,0.0925,0.2619
1,"CGb","true",174,0.1602,0.109,0.2692
1,"CGb","true",175,0.1752,0.0945,0.2697
1,"CGb","true",176,0.1841,0.0907,0.2748
1,"CGb","true",177,0.164,0.1049,0.2689
1,"CGb","true",178,0.1713,0.0951,0.2664
1,"CGb","true",179,0.1752,0.097,0.2722
1,"CGb","true",180,0.1742,0.0975,0.2717
1,"CGb","true",181,0.1683,0.0988,0.2671
1,"CGb","true",182,0.1702,0.0996,0.2698
1,"CGb","true",183,0.1693,0.0959,0.2652
1,"CGb","true",184,0.1739,0.0975,0.2714
1,"CGb","true",185,0.1647,0.0998,0.2645
1,"CGb","true",186,0.1809,0.0917,0.2726
1,"CGb","true",187,0.1692,0.0973,0.2665
1,"CGb","true",188,0.166,0.0996,0.2656
1,"CGb","true",189,0.1732,0.0827,0.2559
1,"CGb","true",190,0.1732,0.0914,0.2646
1,"CGb","true",191,0.1765,0.0884,0.2649
1,"CGb","true",192,0.1795,0.0964,0.2759
1,"CGb","true",193,0.162,0.0885,0.2505
1,"CGb","true",194,0.1654,0.0894,0.2548
1,"CGb","true",195,0.1638,0.0932,0.257
1,"CGb","true",196,0.1741,0.1025,0.2766
1,"CGb","true",197,0.1665,0.093,0.2595
1,"CGb","true",198,0.1765,0.0877,0.2642
1,"CGb","true",199,0.1654,0.1033,0.2687
1,"CGb","true",200,0.1765,0.0976,0.2741
1,"CGb","true",201,0.1752,0.0977,0.2729
1,"CGb","true",202,0.1759,0.0933,0.2692
1,"CGb","true",203,0.1761,0.0951,0.2712
1,"CGb","true",204,0.178,0.1003,0.2783
1,"CGb","true",205,0.1694,0.0957,0.2651
1,"CGb","true",206,0.173,0.0843,0.2573
1,"CGb","true",207,0.175,0.0848,0.2598
1,"CGb","true",208,0.1668,0.1005,0.2673
1,"CGb","true",209,0.162,0.0997,0.2617
1,"CGb","true",210,0.1756,0.0904,0.266
1,"CGb","true",211,0.1743,0.0949,0.2692
1,"CGb","true",212,0.1697,0.0954,0.2651
1,"CGb","true",213,0.1743,0.0994,0.2737
1,"CGb","true",214,0.1746,0.0978,0.2724
1,"CGb","true",215,0.1715,0.0996,0.2711
1,"CGb","true",216,0.1649,0.1028,0.2677
1,"CGb","true",217,0.1572,0.1007,0.2579
1,"CGb","true",218,0.1744,0.0947,0.2691
1,"CGb","true",219,0.1749,0.0914,0.2663
1,"CGb","true",220,0.1727,0.0999,0.2726
1,"CGb","true",221,0.1753,0.091,0.2663
1,"CGb","true",222,0.1792,0.0886,0.2678
1,"CGb","true",223,0.1708,0.0928,0.2636
1,"CGb","true",224,0.1791,0.0906,0.2697
1,"CGb","true",225,0.172,0.09,0.262
1,"CGb","true",226,0.174,0.1018,0.2758
1,"CGb","true",227,0.1741,0.0973,0.2714
1,"CGb","true",228,0.1592,0.1048,0.264
1,"CGb","true",229,0.1716,0.1039,0.2755
1,"CGb","true",230,0.1759,0.0933,0.2692
1,"CGb","true",231,0.1619,0.1049,0.2668
1,"CGb","true",232,0.1764,0.0911,0.2675
1,"CGb","true",233,0.1653,0.1041,0.2694
1,"CGb","true",234,0.1709,0.097,0.2679
1,"CGb","true",235,0.1709,0.0917,0.2626
1,"CGb","true",236,0.1619,0.0889,0.2508
1,"CGb","true",237,0.168,0.1039,0.2719
1,"CGb","true",238,0.1648,0.1019,0.2667
1,"CGb","true",239,0.1751,0.0957,0.2708
1,"CGb","true",240,0.1913,0.0957,0.287
1,"CGb","true",241,0.1756,0.0802,0.2558
1,"CGb","true",242,0.1678,0.0996,0.2674
1,"CGb","true",243,0.1728,0.0957,0.2685
1,"CGb","true",244,0.1702,0.1009,0.2711
1,"CGb","true",245,0.1706,0.0888,0.2594
1,"CGb","true",246,0.1701,0.0938,0.2639
1,"CGb","true",247,0.1655,0.0986,0.2641
1,"CGb","true",248,0.171,0.0945,0.2655
1,"CGb","true",249,0.1719,0.084,0.2559
1,"CGb","true",250,0.1652,0.0978,0.263
1,"CGb","true",251,0.173,0.0963,0.2693
1,"CGb","true",252,0.1768,0.1035,0.2803
1,"CGb","true",253,0.178,0.0936,0.2716
1,"CGb","true",254,0.1768,0.0961,0.2729
1,"CGb","true",255,0.1646,0.1084,0.273
1,"CGb","true",256,0.1572,0.1045,0.2617
1,"CGb","true",257,0.1704,0.0897,0.2601
1,"CGb","true",258,0.1719,0.0922,0.2641
1,"CGb","true",259,0.1761,0.0945,0.2706
1,"CGb","true",260,0.1711,0.0986,0.2697
1,"CGb","true",261,0.1604,0.1007,0.2611
1,"CGb","true",262,0.1668,0.098,0.2648
1,"CGb","true",263,0.1647,0.0984,0.2631
1,"CGb","true",264,0.1583,0.1027,0.261
1,"CGb","true",265,0.1648,0.104,0.2688
1,"CGb","true",266,0.1768,0.0926,0.2694
1,"CGb","true",267,0.1759,0.0931,0.269
1,"CGb","true",268,0.1798,0.0984,0.2782
1,"CGb","true",269,0.1629,0.108,0.2709
1,"CGb","true",270,0.1729,0.1006,0.2735
1,"CGb","true",271,0.171,0.0961,0.2671
1,"CGb","true",272,0.1665,0.0914,0.2579
1,"CGb","true",273,0.1869,0.082,0.2689
1,"CGb","true",274,0.1641,0.0999,0.264
1,"CGb","true",275,0.1751,0.0935,0.2686
1,"CGb","true",276,0.1635,0.0938,0.2573
1,"CGb","true",277,0.1748,0.102,0.2768
1,"CGb","true",278,0.1768,0.0861,0.2629
1,"CGb","true",279,0.1807,0.0939,0.2746
1,"CGb","true",280,0.1689,0.0944,0.2633
1,"CGb","true",281,0.1749,0.0884,0.2633
1,"CGb","true",282,0.1872,0.0917,0.2789
1,"CGb","true",283,0.1715,0.0996,0.2711
1,"CGb","true",284,0.1613,0.1017,0.263
1,"CGb","true",285,0.1704,0.0978,0.2682
1,"CGb","true",286,0.1687,0.1086,0.2773
1,"CGb","true",287,0.1629,0.1018,0.2647
1,"CGb","true",288,0.1629,0.0972,0.2601
1,"CGb","true",289,0.1828,0.0849,0.2677
1,"CGb","true",290,0.1712,0.0986,0.2698
1,"CGb","true",291,0.1623,0.1005,0.2628
1,"CGb","true",292,0.1633,0.102,0.2653
1,"CGb","true",293,0.1697,0.0958,0.2655
1,"CGb","true",294,0.1686,0.0999,0.2685
1,"CGb","true",295,0.1721,0.0963,0.2684
1,"CGb","true",296,0.1698,0.1041,0.2739
1,"CGb","true",297,0.1734,0.0925,0.2659
1,"CGb","true",298,0.1834,0.0969,0.2803
1,"CGb","true",299,0.1818,0.0851,0.2669
1,"CGb","true",300,0.1737,0.0915,0.2652
1,"CGb","true",301,0.164,0.0922,0.2562
1,"CGb","true",302,0.1662,0.1004,0.2666
1,"CGb","true",303,0.1724,0.0976,0.27
1,"CGb","true",304,0.1702,0.0964,0.2666
1,"CGb","true",305,0.1855,0.0921,0.2776
1,"CGb","true",306,0.1788,0.0856,0.2644
1,"CGb","true",307,0.1715,0.0886,0.2601
1,"CGb","true",308,0.1746,0.0962,0.2708
1,"CGb","true",309,0.1906,0.0862,0.2768
1,"CGb","true",310,0.176,0.099,0.275
1,"CGb","true",311,0.1694,0.0988,0.2682
1,"CGb","true",312,0.1752,0.0966,0.2718
1,"CGb","true",313,0.1771,0.0959,0.273
1,"CGb","true",314,0.1662,0.1044,0.2706
1,"CGb","true",315,0.1706,0.0871,0.2577
1,"CGb","true",316,0.1708,0.0913,0.2621
1,"CGb","true",317,0.1763,0.087,0.2633
1,"CGb","true",318,0.174,0.0956,0.2696
1,"CGb","true",319,0.1592,0.0978,0.257
1,"CGb","true",320,0.1728,0.0967,0.2695
1,"CGb","true",321,0.1688,0.0997,0.2685
1,"CGb","true",322,0.1706,0.1019,0.2725
1,"CGb","true",323,0.166,0.1011,0.2671
1,"CGb","true",324,0.1826,0.0986,0.2812
1,"CGb","true",325,0.166,0.0959,0.2619
1,"CGb","true",326,0.1631,0.0994,0.2625
1,"CGb","true",327,0.1715,0.0843,0.2558
1,"CGb","true",328,0.165,0.1023,0.2673
1,"CGb","true",329,0.1786,0.1032,0.2818
1,"CGb","true",330,0.1704,0.0913,0.2617
1,"CGb","true",331,0.1778,0.1004,0.2782
1,"CGb","true",332,0.1755,0.0942,0.2697
1,"CGb","true",333,0.1705,0.0992,0.2697
1,"CGb","true",334,0.17,0.088,0.258
1,"CGb","true",335,0.1686,0.1034,0.272
1,"CGb","true",336,0.1816,0.0991,0.2807
1,"CGb","true",337,0.1635,0.0957,0.2592
1,"CGb","true",338,0.1788,0.0921,0.2709
1,"CGb","true",339,0.1721,0.0937,0.2658
1,"CGb","true",340,0.1619,0.1014,0.2633
1,"CGb","true",341,0.1625,0.1031,0.2656
1,"CGb","true",342,0.1736,0.099,0.2726
1,"CGb","true",343,0.1716,0.091,0.2626
1,"CGb","true",344,0.1641,0.0934,0.2575
1,"CGb","true",345,0.179,0.0983,0.2773
1,"CGb","true",346,0.166,0.1046,0.2706
1,"CGb","true",347,0.1703,0.1062,0.2765
1,"CGb","true",348,0.1739,0.0998,0.2737
1,"CGb","true",349,0.1782,0.0897,0.2679
1,"CGb","true",350,0.1845,0.0825,0.267
1,"CGb","true",351,0.1624,0.1057,0.2681
1,"CGb","true",352,0.1575,0.1099,0.2674
1,"CGb","true",353,0.1802,0.0991,0.2793
1,"CGb","true",354,0.1743,0.1031,0.2774
1,"CGb","true",355,0.1744,0.0928,0.2672
1,"CGb","true",356,0.1724,0.0907,0.2631
1,"CGb","true",357,0.1599,0.1084,0.2683
1,"CGb","true",358,0.1711,0.0956,0.2667
1,"CGb","true",359,0.1699,0.095,0.2649
1,"CGb","true",360,0.1793,0.1002,0.2795
1,"CGb","true",361,0.1745,0.0993,0.2738
1,"CGb","true",362,0.173,0.0987,0.2717
1,"CGb","true",363,0.169,0.0917,0.2607
1,"CGb","true",364,0.1635,0.0952,0.2587
1,"CGb","true",365,0.1735,0.0893,0.2628
1,"CGb","true",366,0.1696,0.0904,0.26
1,"CGb","true",367,0.1791,0.088,0.2671
1,"CGb","true",368,0.1804,0.0877,0.2681
1,"CGb","true",369,0.1718,0.1005,0.2723
1,"CGb","true",370,0.1858,0.0906,0.2764
1,"CGb","true",371,0.1741,0.0982,0.2723
1,"CGb","true",372,0.1707,0.0986,0.2693
1,"CGb","true",373,0.1725,0.0937,0.2662
1,"CGb","true",374,0.1822,0.0882,0.2704
1,"CGb","true",375,0.1831,0.0876,0.2707
1,"CGb","true",376,0.1777,0.095,0.2727
1,"CGb","true",377,0.1701,0.0961,0.2662
1,"CGb","true",378,0.1749,0.0993,0.2742
1,"CGb","true",379,0.1743,0.0933,0.2676
1,"CGb","true",380,0.162,0.1029,0.2649
1,"CGb","true",381,0.1732,0.0955,0.2687
1,"CGb","true",382,0.1759,0.1021,0.278
1,"CGb","true",383,0.1733,0.0922,0.2655
1,"CGb","true",384,0.1731,0.0956,0.2687
1,"CGb","true",385,0.1642,0.1061,0.2703
1,"CGb","true",386,0.1615,0.1032,0.2647
1,"CGb","true",387,0.1688,0.0971,0.2659
1,"CGb","true",388,0.1673,0.0907,0.258
1,"CGb","true",389,0.1707,0.0914,0.2621
1,"CGb","true",390,0.1856,0.09,0.2756
1,"CGb","true",391,0.1652,0.0911,0.2563
1,"CGb","true",392,0.1673,0.1036,0.2709
1,"CGb","true",393,0.1675,0.0938,0.2613
1,"CGb","true",394,0.1641,0.0951,0.2592
1,"CGb","true",395,0.1807,0.092,0.2727
1,"CGb","true",396,0.1655,0.1029,0.2684
1,"CGb","true",397,0.1701,0.0993,0.2694
1,"CGb","true",398,0.1841,0.081,0.2651
1,"CGb","true",399,0.1797,0.0851,0.2648
1,"CGb","true",400,0.1812,0.0846,0.2658
1,"CGb","true",401,0.1766,0.0946,0.2712
1,"CGb","true",402,0.1717,0.0961,0.2678
1,"CGb","true",403,0.1702,0.1039,0.2741
1,"CGb","true",404,0.1743,0.1021,0.2764
1,"CGb","true",405,0.1769,0.085,0.2619
1,"CGb","true",406,0.1802,0.0922,0.2724
1,"CGb","true",407,0.1761,0.0944,0.2705
1,"CGb","true",408,0.1749,0.085,0.2599
1,"CGb","true",409,0.1714,0.1045,0.2759
1,"CGb","true",410,0.1741,0.0944,0.2685
1,"CGb","true",411,0.1689,0.1065,0.2754
1,"CGb","true",412,0.173,0.0937,0.2667
1,"CGb","true",413,0.1674,0.1029,0.2703
1,"CGb","true",414,0.1676,0.1095,0.2771
1,"CGb","true",415,0.1649,0.0902,0.2551
1,"CGb","true",416,0.1864,0.0903,0.2767
1,"CGb","true",417,0.1638,0.1012,0.265
1,"CGb","true",418,0.1699,0.0917,0.2616
1,"CGb","true",419,0.1838,0.0832,0.267
1,"CGb","true",420,0.1811,0.0818,0.2629
1,"CGb","true",421,0.1544,0.1089,0.2633
1,"CGb","true",422,0.174,0.0995,0.2735
1,"CGb","true",423,0.1728,0.0998,0.2726
1,"CGb","true",424,0.1682,0.0956,0.2638
1,"CGb","true",425,0.1712,0.0881,0.2593
1,"CGb","true",426,0.1767,0.0884,0.2651
1,"CGb","true",427,0.1877,0.0881,0.2758
1,"CGb","true",428,0.1736,0.0976,0.2712
1,"CGb","true",429,0.1684,0.1017,0.2701
1,"CGb","true",430,0.1801,0.0929,0.273
1,"CGb","true",431,0.1765,0.093,0.2695
1,"CGb","true",432,0.1755,0.0847,0.2602
1,"CGb","true",433,0.1838,0.0823,0.2661
1,"CGb","true",434,0.1746,0.0957,0.2703
1,"CGb","true",435,0.1722,0.0948,0.267
1,"CGb","true",436,0.1693,0.1006,0.2699
1,"CGb","true",437,0.1629,0.098,0.2609
1,"CGb","true",438,0.1672,0.0965,0.2637
1,"CGb","true",439,0.1794,0.0864,0.2658
1,"CGb","true",440,0.1652,0.1001,0.2653
1,"CGb","true",441,0.1708,0.0998,0.2706
1,"CGb","true",442,0.1693,0.0985,0.2678
1,"CGb","true",443,0.1794,0.0816,0.261
1,"CGb","true",444,0.1869,0.0966,0.2835
1,"CGb","true",445,0.1698,0.0936,0.2634
1,"CGb","true",446,0.1632,0.093,0.2562
1,"CGb","true",447,0.1701,0.0959,0.266
1,"CGb","true",448,0.1734,0.0993,0.2727
1,"CGb","true",449,0.174,0.0902,0.2642
1,"CGb","true",450,0.1693,0.0986,0.2679
1,"CGb","true",451,0.18,0.0862,0.2662
1,"CGb","true",452,0.1751,0.0966,0.2717
1,"CGb","true",453,0.1764,0.1005,0.2769
1,"CGb","true",454,0.1678,0.0979,0.2657
1,"CGb","true",455,0.1699,0.1011,0.271
1,"CGb","true",456,0.1684,0.0899,0.2583
1,"CGb","true",457,0.1648,0.1091,0.2739
1,"CGb","true",458,0.1692,0.0987,0.2679
1,"CGb","true",459,0.1776,0.0909,0.2685
1,"CGb","true",460,0.1628,0.0928,0.2556
1,"CGb","true",461,0.1821,0.0937,0.2758
1,"CGb","true",462,0.1736,0.1042,0.2778
1,"CGb","true",463,0.171,0.099,0.27
1,"CGb","true",464,0.1602,0.1081,0.2683
1,"CGb","true",465,0.1805,0.0843,0.2648
1,"CGb","true",466,0.1704,0.0862,0.2566
1,"CGb","true",467,0.176,0.1034,0.2794
1,"CGb","true",468,0.171,0.0871,0.2581
1,"CGb","true",469,0.1861,0.0825,0.2686
1,"CGb","true",470,0.17,0.1086,0.2786
1,"CGb","true",471,0.1616,0.0999,0.2615
1,"CGb","true",472,0.1746,0.0885,0.2631
1,"CGb","true",473,0.1705,0.0957,0.2662
1,"CGb","true",474,0.1729,0.0872,0.2601
1,"CGb","true",475,0.1676,0.0971,0.2647
1,"CGb","true",476,0.1737,0.0946,0.2683
1,"CGb","true",477,0.1683,0.0958,0.2641
1,"CGb","true",478,0.1696,0.0987,0.2683
1,"CGb","true",479,0.172,0.0919,0.2639
1,"CGb","true",480,0.1731,0.1042,0.2773
1,"CGb","true",481,0.1683,0.0904,0.2587
1,"CGb","true",482,0.1679,0.0928,0.2607
1,"CGb","true",483,0.1773,0.0974,0.2747
1,"CGb","true",484,0.1603,0.1001,0.2604
1,"CGb","true",485,0.1805,0.093,0.2735
1,"CGb","true",486,0.1699,0.0912,0.2611
1,"CGb","true",487,0.1714,0.0883,0.2597
1,"CGb","true",488,0.1627,0.0997,0.2624
1,"CGb","true",489,0.171,0.1002,0.2712
1,"CGb","true",490,0.1736,0.093,0.2666
1,"CGb","true",491,0.1619,0.104,0.2659
1,"CGb","true",492,0.1736,0.0852,0.2588
1,"CGb","true",493,0.174,0.0888,0.2628
1,"CGb","true",494,0.1728,0.0995,0.2723
1,"CGb","true",495,0.1698,0.0939,0.2637
1,"CGb","true",496,0.1754,0.0943,0.2697
1,"CGb","true",497,0.1681,0.1,0.2681
1,"CGb","true",498,0.1636,0.0981,0.2617
1,"CGb","true",499,0.1659,0.1029,0.2688
1,"CGb","true",500,0.1489,0.1109,0.2598
1,"CGc","est",1,0.1167,0.068,0.1847
1,"CGc","est",2,0.1307,0.1155,0.2462
1,"CGc","est",3,0.1031,0.1403,0.2434
1,"CGc","est",4,0.2136,0.0853,0.2989
1,"CGc","est",5,0.0821,0.1115,0.1936
1,"CGc","est",6,0.1912,0.2181,0.4093
1,"CGc","est",7,0.1807,0.0732,0.2539
1,"CGc","est",8,0.1898,0.06,0.2498
1,"CGc","est",9,0.0617,0.0972,0.1589
1,"CGc","est",10,0.1508,0.0922,0.243
1,"CGc","est",11,0.1959,0.102,0.2979
1,"CGc","est",12,0.2276,0.0931,0.3207
1,"CGc","est",13,0.3137,0.1357,0.4494
1,"CGc","est",14,0.1871,0.0667,0.2538
1,"CGc","est",15,0.1236,0.0644,0.188
1,"CGc","est",16,0.0434,0.0663,0.1097
1,"CGc","est",17,0.1215,0.1032,0.2247
1,"CGc","est",18,0.1789,0.1335,0.3124
1,"CGc","est",19,0.2133,0.0348,0.2481
1,"CGc","est",20,0.1896,0.0291,0.2187
1,"CGc","est",21,0.1879,0.1142,0.3021
1,"CGc","est",22,0.1845,0.1071,0.2916
1,"CGc","est",23,0.2915,0.0983,0.3898
1,"CGc","est",24,0.0855,0.0637,0.1492
1,"CGc","est",25,0.1792,0.1185,0.2977
1,"CGc","est",26,0.2849,0.1389,0.4238
1,"CGc","est",27,0.2923,0.0945,0.3868
1,"CGc","est",28,0.0377,0.0699,0.1076
1,"CGc","est",29,0.212,0.0366,0.2486
1,"CGc","est",30,0.112,0.1307,0.2427
1,"CGc","est",31,0.2276,0.0545,0.2821
1,"CGc","est",32,0.197,0.1238,0.3208
1,"CGc","est",33,0.3185,0.1431,0.4616
1,"CGc","est",34,0.2106,0.1351,0.3457
1,"CGc","est",35,0.22,0.0929,0.3129
1,"CGc","est",36,0.1244,0.1159,0.2403
1,"CGc","est",37,0.2198,0.0942,0.314
1,"CGc","est",38,0.2059,0.1445,0.3504
1,"CGc","est",39,0.0703,0.1217,0.192
1,"CGc","est",40,0.1072,0.0968,0.204
1,"CGc","est",41,0.1478,0.1483,0.2961
1,"CGc","est",42,0.1686,0.0476,0.2162
1,"CGc","est",43,0.0466,0.0764,0.123
1,"CGc","est",44,0.1953,0.1533,0.3486
1,"CGc","est",45,0.3041,0.1136,0.4177
1,"CGc","est",46,0.1462,0.1013,0.2475
1,"CGc","est",47,0.225,0.0855,0.3105
1,"CGc","est",48,0.261,0.1041,0.3651
1,"CGc","est",49,0.2996,0.0473,0.3469
1,"CGc","est",50,0.2964,0.0699,0.3663
1,"CGc","est",51,0.1223,0.0933,0.2156
1,"CGc","est",52,0.1505,0.0933,0.2438
1,"CGc","est",53,0.1282,0.0726,0.2008
1,"CGc","est",54,0.1653,0.0988,0.2641
1,"CGc","est",55,0.1989,0.0944,0.2933
1,"CGc","est",56,0.1727,0.0884,0.2611
1,"CGc","est",57,0.2035,0.0356,0.2391
1,"CGc","est",58,0.1508,0.0244,0.1752
1,"CGc","est",59,0.1212,0.1393,0.2605
1,"CGc","est",60,0.1885,0.1097,0.2982
1,"CGc","est",61,0.2513,0.1199,0.3712
1,"CGc","est",62,0.2497,0.0732,0.3229
1,"CGc","est",63,0.1322,0.1611,0.2933
1,"CGc","est",64,0.076,0.0544,0.1304
1,"CGc","est",65,0.3405,0.0745,0.415
1,"CGc","est",66,0.1859,0.0769,0.2628
1,"CGc","est",67,0.2324,0.0458,0.2782
1,"CGc","est",68,0.1563,0.097,0.2533
1,"CGc","est",69,0.1478,0.119,0.2668
1,"CGc","est",70,0.1561,0.0414,0.1975
1,"CGc","est",71,0.1274,0.0397,0.1671
1,"CGc","est",72,-0.0122,0.0232,0.011
1,"CGc","est",73,0.106,0.0931,0.1991
1,"CGc","est",74,0.0945,0.1047,0.1992
1,"CGc","est",75,0.2245,0.1303,0.3548
1,"CGc","est",76,0.1872,0.0716,0.2588
1,"CGc","est",77,0.1138,0.0663,0.1801
1,"CGc","est",78,0.2031,0.0768,0.2799
1,"CGc","est",79,0.1039,0.0776,0.1815
1,"CGc","est",80,0.263,0.1644,0.4274
1,"CGc","est",81,0.1996,0.1531,0.3527
1,"CGc","est",82,0.142,0.1481,0.2901
1,"CGc","est",83,0.171,0.105,0.276
1,"CGc","est",84,0.1831,0.058,0.2411
1,"CGc","est",85,0.1741,0.0822,0.2563
1,"CGc","est",86,0.0961,0.164,0.2601
1,"CGc","est",87,0.2139,0.1192,0.3331
1,"CGc","est",88,0.0459,0.0346,0.0805
1,"CGc","est",89,0.3166,0.1323,0.4489
1,"CGc","est",90,0.1414,0.1477,0.2891
1,"CGc","est",91,0.1061,0.0774,0.1835
1,"CGc","est",92,0.1744,0.1188,0.2932
1,"CGc","est",93,0.2173,0.1561,0.3734
1,"CGc","est",94,0.1986,0.1015,0.3001
1,"CGc","est",95,0.0827,0.1536,0.2363
1,"CGc","est",96,0.337,0.1414,0.4784
1,"CGc","est",97,0.1851,0.1356,0.3207
1,"CGc","est",98,0.1934,0.1286,0.322
1,"CGc","est",99,0.1734,0.1429,0.3163
1,"CGc","est",100,0.1133,0.0946,0.2079
1,"CGc","est",101,0.091,0.0844,0.1754
1,"CGc","est",102,0.134,0.0817,0.2157
1,"CGc","est",103,0.2538,0.0599,0.3137
1,"CGc","est",104,0.1995,0.0797,0.2792
1,"CGc","est",105,0.1564,0.0296,0.186
1,"CGc","est",106,0.2793,0.0935,0.3728
1,"CGc","est",107,0.2594,0.0625,0.3219
1,"CGc","est",108,0.2058,0.0774,0.2832
1,"CGc","est",109,0.1529,0.1219,0.2748
1,"CGc","est",110,0.0853,0.0943,0.1796
1,"CGc","est",111,0.268,0.0786,0.3466
1,"CGc","est",112,0.105,0.1247,0.2297
1,"CGc","est",113,0.1925,0.0988,0.2913
1,"CGc","est",114,0.3719,0.0823,0.4542
1,"CGc","est",115,0.1124,0.1186,0.231
1,"CGc","est",116,0.1859,0.1109,0.2968
1,"CGc","est",117,0.2381,0.0986,0.3367
1,"CGc","est",118,0.2054,0.1455,0.3509
1,"CGc","est",119,0.207,0.0612,0.2682
1,"CGc","est",120,0.2184,0.0811,0.2995
1,"CGc","est",121,-0.0037,0.0815,0.0778
1,"CGc","est",122,0.1608,0.0724,0.2332
1,"CGc","est",123,0.1235,0.0498,0.1733
1,"CGc","est",124,0.1944,0.089,0.2834
1,"CGc","est",125,0.1066,0.0945,0.2011
1,"CGc","est",126,0.0573,0.0886,0.1459
1,"CGc","est",127,0.1644,0.0708,0.2352
1,"CGc","est",128,0.2778,0.1842,0.462
1,"CGc","est",129,0.1524,0.0991,0.2515
1,"CGc","est",130,0.1582,0.0844,0.2426
1,"CGc","est",131,0.1435,0.1033,0.2468
1,"CGc","est",132,0.1462,0.0993,0.2455
1,"CGc","est",133,0.1955,0.055,0.2505
1,"CGc","est",134,0.1521,0.1139,0.266
1,"CGc","est",135,0.1075,0.1122,0.2197
1,"CGc","est",136,0.2184,0.0284,0.2468
1,"CGc","est",137,0.2947,0.0772,0.3719
1,"CGc","est",138,0.2077,0.0424,0.2501
1,"CGc","est",139,0.15,0.039,0.189
1,"CGc","est",140,0.1819,0.0779,0.2598
1,"CGc","est",141,0.3185,0.0952,0.4137
1,"CGc","est",142,0.1788,0.087,0.2658
1,"CGc","est",143,0.3531,0.0425,0.3956
1,"CGc","est",144,0.0664,0.1096,0.176
1,"CGc","est",145,0.176,0.0224,0.1984
1,"CGc","est",146,0.1453,0.1011,0.2464
1,"CGc","est",147,0.1483,0.1056,0.2539
1,"CGc","est",148,0.2047,0.0964,0.3011
1,"CGc","est",149,0.1301,0.1274,0.2575
1,"CGc","est",150,0.1643,0.1184,0.2827
1,"CGc","est",151,0.163,0.0613,0.2243
1,"CGc","est",152,0.3605,0.0431,0.4036
1,"CGc","est",153,0.1676,0.076,0.2436
1,"CGc","est",154,0.1561,0.0757,0.2318
1,"CGc","est",155,0.1094,0.0576,0.167
1,"CGc","est",156,0.0804,0.1051,0.1855
1,"CGc","est",157,0.1346,0.0505,0.1851
1,"CGc","est",158,0.1672,0.1103,0.2775
1,"CGc","est",159,0.1317,0.1417,0.2734
1,"CGc","est",160,0.2254,0.0388,0.2642
1,"CGc","est",161,0.1616,0.0821,0.2437
1,"CGc","est",162,0.1229,0.1503,0.2732
1,"CGc","est",163,0.1705,0.0727,0.2432
1,"CGc","est",164,0.0489,0.0703,0.1192
1,"CGc","est",165,0.2292,0.1112,0.3404
1,"CGc","est",166,0.249,0.1065,0.3555
1,"CGc","est",167,0.1935,0.069,0.2625
1,"CGc","est",168,0.2189,0.0887,0.3076
1,"CGc","est",169,0.1952,0.0387,0.2339
1,"CGc","est",170,0.2538,0.1329,0.3867
1,"CGc","est",171,0.267,0.1041,0.3711
1,"CGc","est",172,0.2187,0.0945,0.3132
1,"CGc","est",173,0.2151,0.0522,0.2673
1,"CGc","est",174,0.0709,0.0942,0.1651
1,"CGc","est",175,0.1998,0.1239,0.3237
1,"CGc","est",176,0.259,0.0897,0.3487
1,"CGc","est",177,0.1471,0.1117,0.2588
1,"CGc","est",178,0.1833,0.1424,0.3257
1,"CGc","est",179,0.3032,0.057,0.3602
1,"CGc","est",180,0.2612,0.1305,0.3917
1,"CGc","est",181,0.1,0.1088,0.2088
1,"CGc","est",182,0.2701,0.091,0.3611
1,"CGc","est",183,0.1559,0.1108,0.2667
1,"CGc","est",184,0.1976,0.1154,0.313
1,"CGc","est",185,0.0931,0.1665,0.2596
1,"CGc","est",186,0.1478,0.0609,0.2087
1,"CGc","est",187,0.2417,0.0998,0.3415
1,"CGc","est",188,0.2117,0.1239,0.3356
1,"CGc","est",189,0.1849,0.111,0.2959
1,"CGc","est",190,0.1858,0.0907,0.2765
1,"CGc","est",191,0.0953,0.1291,0.2244
1,"CGc","est",192,0.2988,0.1096,0.4084
1,"CGc","est",193,0.1202,0.0983,0.2185
1,"CGc","est",194,0.0863,0.0867,0.173
1,"CGc","est",195,0.2191,0.0597,0.2788
1,"CGc","est",196,0.1103,0.1669,0.2772
1,"CGc","est",197,0.0585,0.1094,0.1679
1,"CGc","est",198,0.2153,0.1036,0.3189
1,"CGc","est",199,0.1136,0.0477,0.1613
1,"CGc","est",200,0.0621,0.1398,0.2019
1,"CGc","est",201,0.1394,0.1149,0.2543
1,"CGc","est",202,0.1686,0.0628,0.2314
1,"CGc","est",203,0.1348,0.081,0.2158
1,"CGc","est",204,0.1851,0.0319,0.217
1,"CGc","est",205,0.1759,0.0586,0.2345
1,"CGc","est",206,0.1747,0.1133,0.288
1,"CGc","est",207,0.0918,0.069,0.1608
1,"CGc","est",208,0.0735,0.0423,0.1158
1,"CGc","est",209,0.1458,0.1185,0.2643
1,"CGc","est",210,0.2158,0.0497,0.2655
1,"CGc","est",211,0.1741,0.1073,0.2814
1,"CGc","est",212,0.1375,0.0795,0.217
1,"CGc","est",213,0.2432,0.0907,0.3339
1,"CGc","est",214,0.2411,0.0711,0.3122
1,"CGc","est",215,0.0578,0.0545,0.1123
1,"CGc","est",216,0.0577,0.094,0.1517
1,"CGc","est",217,0.2068,0.1274,0.3342
1,"CGc","est",218,0.1917,0.1128,0.3045
1,"CGc","est",219,0.1639,0.1014,0.2653
1,"CGc","est",220,0.1885,0.0727,0.2612
1,"CGc","est",221,0.1175,0.0602,0.1777
1,"CGc","est",222,0.0854,0.112,0.1974
1,"CGc","est",223,0.1575,0.0677,0.2252
1,"CGc","est",224,0.1194,0.0986,0.218
1,"CGc","est",225,0.2001,0.1046,0.3047
1,"CGc","est",226,0.1287,0.104,0.2327
1,"CGc","est",227,0.1952,0.1203,0.3155
1,"CGc","est",228,0.1881,0.0506,0.2387
1,"CGc","est",229,0.1009,0.0817,0.1826
1,"CGc","est",230,0.2875,0.122,0.4095
1,"CGc","est",231,0.1325,0.0645,0.197
1,"CGc","est",232,0.118,0.0828,0.2008
1,"CGc","est",233,0.1769,0.0625,0.2394
1,"CGc","est",234,0.1619,0.133,0.2949
1,"CGc","est",235,0.1842,0.0815,0.2657
1,"CGc","est",236,0.2122,0.0864,0.2986
1,"CGc","est",237,0.2119,0.156,0.3679
1,"CGc","est",238,0.1652,0.0947,0.2599
1,"CGc","est",239,0.2072,0.0488,0.256
1,"CGc","est",240,0.1334,0.1093,0.2427
1,"CGc","est",241,0.1896,0.0826,0.2722
1,"CGc","est",242,0.215,0.1525,0.3675
1,"CGc","est",243,0.2875,0.0245,0.312
1,"CGc","est",244,0.1977,0.0564,0.2541
1,"CGc","est",245,0.1588,0.2026,0.3614
1,"CGc","est",246,0.217,0.0558,0.2728
1,"CGc","est",247,0.1081,0.0874,0.1955
1,"CGc","est",248,0.1382,0.1354,0.2736
1,"CGc","est",249,0.2196,0.0892,0.3088
1,"CGc","est",250,0.1424,0.0694,0.2118
1,"CGc","est",251,0.1943,0.0843,0.2786
1,"CGc","est",252,0.143,0.1313,0.2743
1,"CGc","est",253,0.1956,0.0289,0.2245
1,"CGc","est",254,0.1315,0.0811,0.2126
1,"CGc","est",255,0.2608,0.0763,0.3371
1,"CGc","est",256,0.184,0.0916,0.2756
1,"CGc","est",257,0.0889,0.1839,0.2728
1,"CGc","est",258,0.0394,0.0681,0.1075
1,"CGc","est",259,0.1413,0.1282,0.2695
1,"CGc","est",260,0.2007,0.0422,0.2429
1,"CGc","est",261,0.2153,0.0729,0.2882
1,"CGc","est",262,0.1528,0.2106,0.3634
1,"CGc","est",263,0.2841,0.1342,0.4183
1,"CGc","est",264,0.1521,0.1425,0.2946
1,"CGc","est",265,0.1876,0.0402,0.2278
1,"CGc","est",266,0.0865,0.1039,0.1904
1,"CGc","est",267,0.1487,0.2145,0.3632
1,"CGc","est",268,0.1193,0.1157,0.235
1,"CGc","est",269,0.2735,0.0859,0.3594
1,"CGc","est",270,0.2338,0.0407,0.2745
1,"CGc","est",271,0.1052,0.0782,0.1834
1,"CGc","est",272,0.1538,0.0508,0.2046
1,"CGc","est",273,0.2117,0.1908,0.4025
1,"CGc","est",274,0.2386,0.1105,0.3491
1,"CGc","est",275,0.1835,0.1025,0.286
1,"CGc","est",276,0.2794,0.066,0.3454
1,"CGc","est",277,0.2036,0.1439,0.3475
1,"CGc","est",278,0.0778,0.0787,0.1565
1,"CGc","est",279,0.1263,0.0878,0.2141
1,"CGc","est",280,0.243,0.0879,0.3309
1,"CGc","est",281,0.1382,0.0606,0.1988
1,"CGc","est",282,0.2355,0.0689,0.3044
1,"CGc","est",283,0.1831,0.0796,0.2627
1,"CGc","est",284,0.1644,0.0996,0.264
1,"CGc","est",285,0.0807,0.0425,0.1232
1,"CGc","est",286,0.0722,0.1296,0.2018
1,"CGc","est",287,0.1456,0.059,0.2046
1,"CGc","est",288,0.0732,0.1023,0.1755
1,"CGc","est",289,0.131,0.0645,0.1955
1,"CGc","est",290,0.1974,0.109,0.3064
1,"CGc","est",291,0.2518,0.1081,0.3599
1,"CGc","est",292,0.1611,0.1586,0.3197
1,"CGc","est",293,0.2236,0.0964,0.32
1,"CGc","est",294,0.2579,0.1097,0.3676
1,"CGc","est",295,0.1215,0.0865,0.208
1,"CGc","est",296,0.185,0.1357,0.3207
1,"CGc","est",297,0.1295,0.0781,0.2076
1,"CGc","est",298,0.1099,0.0968,0.2067
1,"CGc","est",299,0.2389,0.0135,0.2524
1,"CGc","est",300,0.2574,0.0421,0.2995
1,"CGc","est",301,0.1253,0.0861,0.2114
1,"CGc","est",302,0.132,0.0871,0.2191
1,"CGc","est",303,0.2591,0.1669,0.426
1,"CGc","est",304,0.1431,0.1047,0.2478
1,"CGc","est",305,0.2003,0.0322,0.2325
1,"CGc","est",306,0.2584,0.0778,0.3362
1,"CGc","est",307,0.1614,0.0573,0.2187
1,"CGc","est",308,0.151,0.0837,0.2347
1,"CGc","est",309,0.1675,0.1535,0.321
1,"CGc","est",310,0.1597,0.2078,0.3675
1,"CGc","est",311,0.2058,0.0794,0.2852
1,"CGc","est",312,0.2545,0.0617,0.3162
1,"CGc","est",313,0.2395,0.0338,0.2733
1,"CGc","est",314,0.2052,0.0906,0.2958
1,"CGc","est",315,0.169,0.0825,0.2515
1,"CGc","est",316,0.1732,0.1324,0.3056
1,"CGc","est",317,0.1679,0.0675,0.2354
1,"CGc","est",318,0.1856,0.0677,0.2533
1,"CGc","est",319,0.2501,0.132,0.3821
1,"CGc","est",320,0.2751,0.0774,0.3525
1,"CGc","est",321,0.1458,0.0467,0.1925
1,"CGc","est",322,0.2184,0.0747,0.2931
1,"CGc","est",323,0.1323,0.0498,0.1821
1,"CGc","est",324,0.2344,0.0427,0.2771
1,"CGc","est",325,0.2249,0.1046,0.3295
1,"CGc","est",326,0.1478,0.0655,0.2133
1,"CGc","est",327,0.2057,0.0012,0.2069
1,"CGc","est",328,0.2933,0.0757,0.369
1,"CGc","est",329,0.219,0.067,0.286
1,"CGc","est",330,0.2259,0.0183,0.2442
1,"CGc","est",331,0.2072,0.1409,0.3481
1,"CGc","est",332,0.2824,0.0723,0.3547
1,"CGc","est",333,0.2082,0.0947,0.3029
1,"CGc","est",334,0.1984,0.1047,0.3031
1,"CGc","est",335,0.1716,0.0476,0.2192
1,"CGc","est",336,0.1777,0.0734,0.2511
1,"CGc","est",337,0.2082,0.0576,0.2658
1,"CGc","est",338,0.1707,0.1393,0.31
1,"CGc","est",339,0.2079,0.1022,0.3101
1,"CGc","est",340,0.197,0.0988,0.2958
1,"CGc","est",341,0.2986,0.1313,0.4299
1,"CGc","est",342,0.1332,0.0916,0.2248
1,"CGc","est",343,0.1803,0.0506,0.2309
1,"CGc","est",344,0.2325,0.0898,0.3223
1,"CGc","est",345,0.2142,0.0455,0.2597
1,"CGc","est",346,0.1056,0.0939,0.1995
1,"CGc","est",347,0.0747,0.0901,0.1648
1,"CGc","est",348,0.0111,0.1419,0.153
1,"CGc","est",349,0.2249,0.0945,0.3194
1,"CGc","est",350,0.2639,0.1099,0.3738
1,"CGc","est",351,0.1837,0.0458,0.2295
1,"CGc","est",352,0.1721,0.0935,0.2656
1,"CGc","est",353,0.23,0.1644,0.3944
1,"CGc","est",354,0.1893,0.107,0.2963
1,"CGc","est",355,0.1062,0.0736,0.1798
1,"CGc","est",356,0.1915,0.0842,0.2757
1,"CGc","est",357,0.1765,0.0242,0.2007
1,"CGc","est",358,0.2121,0.0946,0.3067
1,"CGc","est",359,0.2211,0.0632,0.2843
1,"CGc","est",360,0.1541,0.101,0.2551
1,"CGc","est",361,0.0914,0.0692,0.1606
1,"CGc","est",362,0.1949,0.086,0.2809
1,"CGc","est",363,0.1218,0.1642,0.286
1,"CGc","est",364,0.2138,0.1417,0.3555
1,"CGc","est",365,0.1802,0.0465,0.2267
1,"CGc","est",366,0.0426,0.0869,0.1295
1,"CGc","est",367,0.0926,0.069,0.1616
1,"CGc","est",368,0.2052,0.1779,0.3831
1,"CGc","est",369,0.1932,0.0647,0.2579
1,"CGc","est",370,0.1396,0.0864,0.226
1,"CGc","est",371,0.2423,0.0804,0.3227
1,"CGc","est",372,0.1143,0.1368,0.2511
1,"CGc","est",373,0.16,0.0909,0.2509
1,"CGc","est",374,0.2857,0.0525,0.3382
1,"CGc","est",375,0.131,0.1147,0.2457
1,"CGc","est",376,0.2087,0.0638,0.2725
1,"CGc","est",377,0.1947,0.1637,0.3584
1,"CGc","est",378,0.1357,0.0764,0.2121
1,"CGc","est",379,0.1127,0.1407,0.2534
1,"CGc","est",380,0.1856,0.1589,0.3445
1,"CGc","est",381,0.1252,0.1559,0.2811
1,"CGc","est",382,0.1894,0.1251,0.3145
1,"CGc","est",383,0.1633,0.1506,0.3139
1,"CGc","est",384,0.1756,0.0582,0.2338
1,"CGc","est",385,0.1096,0.0745,0.1841
1,"CGc","est",386,0.341,0.0885,0.4295
1,"CGc","est",387,0.0787,0.0843,0.163
1,"CGc","est",388,0.2367,0.0089,0.2456
1,"CGc","est",389,0.1118,0.1082,0.22
1,"CGc","est",390,0.0987,0.0547,0.1534
1,"CGc","est",391,0.1091,0.0426,0.1517
1,"CGc","est",392,0.1488,0.0952,0.244
1,"CGc","est",393,0.0865,0.1086,0.1951
1,"CGc","est",394,0.1271,0.1104,0.2375
1,"CGc","est",395,0.2101,0.1042,0.3143
1,"CGc","est",396,0.2364,0.0785,0.3149
1,"CGc","est",397,0.1122,0.1057,0.2179
1,"CGc","est",398,0.2806,0.1383,0.4189
1,"CGc","est",399,0.1671,0.0387,0.2058
1,"CGc","est",400,0.2073,0.0563,0.2636
1,"CGc","est",401,0.3631,0.1002,0.4633
1,"CGc","est",402,0.1902,0.0676,0.2578
1,"CGc","est",403,0.1411,0.0695,0.2106
1,"CGc","est",404,0.1873,0.1016,0.2889
1,"CGc","est",405,0.2075,0.1694,0.3769
1,"CGc","est",406,0.2362,0.1013,0.3375
1,"CGc","est",407,0.0514,0.0996,0.151
1,"CGc","est",408,0.1319,0.0996,0.2315
1,"CGc","est",409,0.1587,0.1132,0.2719
1,"CGc","est",410,0.1718,0.1159,0.2877
1,"CGc","est",411,0.0778,0.1381,0.2159
1,"CGc","est",412,0.2001,0.1078,0.3079
1,"CGc","est",413,0.2472,0.0836,0.3308
1,"CGc","est",414,0.2685,0.0212,0.2897
1,"CGc","est",415,0.1933,0.0423,0.2356
1,"CGc","est",416,0.1699,0.0744,0.2443
1,"CGc","est",417,0.1965,0.0767,0.2732
1,"CGc","est",418,0.1167,0.1221,0.2388
1,"CGc","est",419,0.2091,0.0657,0.2748
1,"CGc","est",420,0.0197,0.114,0.1337
1,"CGc","est",421,0.2145,0.1067,0.3212
1,"CGc","est",422,0.3039,0.1187,0.4226
1,"CGc","est",423,0.0955,0.0847,0.1802
1,"CGc","est",424,0.1214,0.1074,0.2288
1,"CGc","est",425,0.2047,0.0666,0.2713
1,"CGc","est",426,0.1985,0.1036,0.3021
1,"CGc","est",427,0.2164,0.1009,0.3173
1,"CGc","est",428,0.3184,0.0375,0.3559
1,"CGc","est",429,0.1894,0.0869,0.2763
1,"CGc","est",430,0.2079,0.1451,0.353
1,"CGc","est",431,0.163,0.0873,0.2503
1,"CGc","est",432,0.1633,0.0475,0.2108
1,"CGc","est",433,0.1293,0.1166,0.2459
1,"CGc","est",434,0.2211,0.0432,0.2643
1,"CGc","est",435,0.2201,0.0402,0.2603
1,"CGc","est",436,0.1482,0.0399,0.1881
1,"CGc","est",437,0.2699,0.0945,0.3644
1,"CGc","est",438,0.1498,0.0657,0.2155
1,"CGc","est",439,0.1864,0.1339,0.3203
1,"CGc","est",440,0.168,0.0697,0.2377
1,"CGc","est",441,0.274,0.1444,0.4184
1,"CGc","est",442,0.2617,0.0948,0.3565
1,"CGc","est",443,0.1508,0.0711,0.2219
1,"CGc","est",444,0.2755,0.1136,0.3891
1,"CGc","est",445,0.1091,0.0772,0.1863
1,"CGc","est",446,0.2399,0.1655,0.4054
1,"CGc","est",447,0.0938,0.0932,0.187
1,"CGc","est",448,0.1722,0.0541,0.2263
1,"CGc","est",449,0.1285,0.1472,0.2757
1,"CGc","est",450,0.1644,0.089,0.2534
1,"CGc","est",451,0.2816,0.0852,0.3668
1,"CGc","est",452,0.2583,0.0943,0.3526
1,"CGc","est",453,0.0807,0.1472,0.2279
1,"CGc","est",454,0.2144,0.097,0.3114
1,"CGc","est",455,0.2243,0.1048,0.3291
1,"CGc","est",456,0.2613,0.043,0.3043
1,"CGc","est",457,0.1324,0.0947,0.2271
1,"CGc","est",458,0.2552,0.1641,0.4193
1,"CGc","est",459,0.0824,0.1055,0.1879
1,"CGc","est",460,0.1413,0.122,0.2633
1,"CGc","est",461,0.1092,0.0651,0.1743
1,"CGc","est",462,0.0791,0.1151,0.1942
1,"CGc","est",463,0.2237,-0.0027,0.221
1,"CGc","est",464,0.1644,0.1053,0.2697
1,"CGc","est",465,0.2153,0.0514,0.2667
1,"CGc","est",466,0.1658,0.1395,0.3053
1,"CGc","est",467,-0.0358,0.1273,0.0915
1,"CGc","est",468,0.0807,0.0449,0.1256
1,"CGc","est",469,0.2218,0.1241,0.3459
1,"CGc","est",470,0.1391,0.0685,0.2076
1,"CGc","est",471,0.1936,0.0613,0.2549
1,"CGc","est",472,0.1175,0.0235,0.141
1,"CGc","est",473,0.1409,0.0556,0.1965
1,"CGc","est",474,0.242,0.0958,0.3378
1,"CGc","est",475,0.1289,0.1587,0.2876
1,"CGc","est",476,0.1852,0.1733,0.3585
1,"CGc","est",477,0.1546,0.0937,0.2483
1,"CGc","est",478,0.29,0.0767,0.3667
1,"CGc","est",479,0.2492,0.1124,0.3616
1,"CGc","est",480,0.2102,0.0635,0.2737
1,"CGc","est",481,0.2588,0.0852,0.344
1,"CGc","est",482,0.2522,0.1129,0.3651
1,"CGc","est",483,0.2876,0.0894,0.377
1,"CGc","est",484,0.1471,0.14,0.2871
1,"CGc","est",485,0.1938,0.1435,0.3373
1,"CGc","est",486,0.1838,0.0549,0.2387
1,"CGc","est",487,0.2141,0.0911,0.3052
1,"CGc","est",488,0.216,0.1491,0.3651
1,"CGc","est",489,0.1744,0.0626,0.237
1,"CGc","est",490,0.2471,0.0342,0.2813
1,"CGc","est",491,0.1581,0.0572,0.2153
1,"CGc","est",492,0.2222,0.0756,0.2978
1,"CGc","est",493,0.1462,0.0463,0.1925
1,"CGc","est",494,0.2206,0.0686,0.2892
1,"CGc","est",495,0.1813,0.0329,0.2142
1,"CGc","est",496,0.2372,0.119,0.3562
1,"CGc","est",497,0.1851,0.142,0.3271
1,"CGc","est",498,0.1585,0.0841,0.2426
1,"CGc","est",499,0.0056,0.0827,0.0883
1,"CGc","est",500,0.189,0.103,0.292
1,"CGc","true",1,0.1677,0.1138,0.2815
1,"CGc","true",2,0.1806,0.1285,0.3091
1,"CGc","true",3,0.1856,0.1133,0.2989
1,"CGc","true",4,0.1703,0.0965,0.2668
1,"CGc","true",5,0.1757,0.1167,0.2924
1,"CGc","true",6,0.1797,0.1087,0.2884
1,"CGc","true",7,0.1757,0.1086,0.2843
1,"CGc","true",8,0.1896,0.1018,0.2914
1,"CGc","true",9,0.1701,0.1175,0.2876
1,"CGc","true",10,0.1819,0.1124,0.2943
1,"CGc","true",11,0.17,0.1251,0.2951
1,"CGc","true",12,0.1818,0.1059,0.2877
1,"CGc","true",13,0.1681,0.1105,0.2786
1,"CGc","true",14,0.168,0.1235,0.2915
1,"CGc","true",15,0.1848,0.1078,0.2926
1,"CGc","true",16,0.1666,0.1132,0.2798
1,"CGc","true",17,0.1759,0.1146,0.2905
1,"CGc","true",18,0.1768,0.1143,0.2911
1,"CGc","true",19,0.1783,0.1098,0.2881
1,"CGc","true",20,0.1715,0.1237,0.2952
1,"CGc","true",21,0.181,0.1056,0.2866
1,"CGc","true",22,0.1797,0.1024,0.2821
1,"CGc","true",23,0.1707,0.1243,0.295
1,"CGc","true",24,0.174,0.1156,0.2896
1,"CGc","true",25,0.1959,0.1043,0.3002
1,"CGc","true",26,0.1754,0.1101,0.2855
1,"CGc","true",27,0.1791,0.109,0.2881
1,"CGc","true",28,0.1889,0.1038,0.2927
1,"CGc","true",29,0.1724,0.1185,0.2909
1,"CGc","true",30,0.1805,0.1207,0.3012
1,"CGc","true",31,0.1683,0.1241,0.2924
1,"CGc","true",32,0.1792,0.0982,0.2774
1,"CGc","true",33,0.1785,0.1104,0.2889
1,"CGc","true",34,0.1779,0.1182,0.2961
1,"CGc","true",35,0.1652,0.115,0.2802
1,"CGc","true",36,0.1762,0.1137,0.2899
1,"CGc","true",37,0.1868,0.1051,0.2919
1,"CGc","true",38,0.1782,0.1141,0.2923
1,"CGc","true",39,0.1736,0.1075,0.2811
1,"CGc","true",40,0.1713,0.1207,0.292
1,"CGc","true",41,0.1806,0.1171,0.2977
1,"CGc","true",42,0.1824,0.1025,0.2849
1,"CGc","true",43,0.1767,0.1103,0.287
1,"CGc","true",44,0.1693,0.1207,0.29
1,"CGc","true",45,0.1795,0.1148,0.2943
1,"CGc","true",46,0.1738,0.1284,0.3022
1,"CGc","true",47,0.1907,0.1111,0.3018
1,"CGc","true",48,0.1844,0.1105,0.2949
1,"CGc","true",49,0.1772,0.1241,0.3013
1,"CGc","true",50,0.1674,0.1257,0.2931
1,"CGc","true",51,0.1751,0.1195,0.2946
1,"CGc","true",52,0.1687,0.1123,0.281
1,"CGc","true",53,0.1851,0.1054,0.2905
1,"CGc","true",54,0.1716,0.1154,0.287
1,"CGc","true",55,0.1711,0.1138,0.2849
1,"CGc","true",56,0.1663,0.1101,0.2764
1,"CGc","true",57,0.1832,0.1188,0.302
1,"CGc","true",58,0.1782,0.1023,0.2805
1,"CGc","true",59,0.1729,0.1127,0.2856
1,"CGc","true",60,0.1749,0.1064,0.2813
1,"CGc","true",61,0.1829,0.1057,0.2886
1,"CGc","true",62,0.1738,0.1168,0.2906
1,"CGc","true",63,0.1752,0.1232,0.2984
1,"CGc","true",64,0.1771,0.1107,0.2878
1,"CGc","true",65,0.1676,0.1126,0.2802
1,"CGc","true",66,0.1768,0.1122,0.289
1,"CGc","true",67,0.1886,0.1043,0.2929
1,"CGc","true",68,0.1788,0.1113,0.2901
1,"CGc","true",69,0.1756,0.1061,0.2817
1,"CGc","true",70,0.177,0.097,0.274
1,"CGc","true",71,0.1766,0.1154,0.292
1,"CGc","true",72,0.1836,0.1079,0.2915
1,"CGc","true",73,0.1733,0.117,0.2903
1,"CGc","true",74,0.1752,0.1092,0.2844
1,"CGc","true",75,0.1653,0.1184,0.2837
1,"CGc","true",76,0.176,0.11,0.286
1,"CGc","true",77,0.2048,0.1031,0.3079
1,"CGc","true",78,0.1806,0.1111,0.2917
1,"CGc","true",79,0.1832,0.0973,0.2805
1,"CGc","true",80,0.1747,0.1139,0.2886
1,"CGc","true",81,0.1743,0.1103,0.2846
1,"CGc","true",82,0.1917,0.1114,0.3031
1,"CGc","true",83,0.1765,0.1111,0.2876
1,"CGc","true",84,0.172,0.1199,0.2919
1,"CGc","true",85,0.1801,0.1134,0.2935
1,"CGc","true",86,0.1791,0.1174,0.2965
1,"CGc","true",87,0.1765,0.1137,0.2902
1,"CGc","true",88,0.1808,0.1105,0.2913
1,"CGc","true",89,0.1878,0.102,0.2898
1,"CGc","true",90,0.1809,0.1116,0.2925
1,"CGc","true",91,0.1767,0.1164,0.2931
1,"CGc","true",92,0.1763,0.1188,0.2951
1,"CGc","true",93,0.1738,0.1116,0.2854
1,"CGc","true",94,0.1783,0.1144,0.2927
1,"CGc","true",95,0.1747,0.1024,0.2771
1,"CGc","true",96,0.1724,0.1167,0.2891
1,"CGc","true",97,0.183,0.1122,0.2952
1,"CGc","true",98,0.1909,0.1159,0.3068
1,"CGc","true",99,0.1795,0.1102,0.2897
1,"CGc","true",100,0.1866,0.1078,0.2944
1,"CGc","true",101,0.1824,0.1128,0.2952
1,"CGc","true",102,0.1772,0.113,0.2902
1,"CGc","true",103,0.1798,0.1031,0.2829
1,"CGc","true",104,0.1744,0.1206,0.295
1,"CGc","true",105,0.1754,0.1144,0.2898
1,"CGc","true",106,0.1789,0.1202,0.2991
1,"CGc","true",107,0.182,0.1072,0.2892
1,"CGc","true",108,0.1723,0.1155,0.2878
1,"CGc","true",109,0.1794,0.1184,0.2978
1,"CGc","true",110,0.1741,0.1161,0.2902
1,"CGc","true",111,0.1708,0.1229,0.2937
1,"CGc","true",112,0.1848,0.1116,0.2964
1,"CGc","true",113,0.1887,0.1108,0.2995
1,"CGc","true",114,0.1809,0.1052,0.2861
1,"CGc","true",115,0.1745,0.1194,0.2939
1,"CGc","true",116,0.1721,0.1108,0.2829
1,"CGc","true",117,0.1794,0.1207,0.3001
1,"CGc","true",118,0.1836,0.1118,0.2954
1,"CGc","true",119,0.1742,0.1159,0.2901
1,"CGc","true",120,0.1597,0.1265,0.2862
1,"CGc","true",121,0.1785,0.1141,0.2926
1,"CGc","true",122,0.1741,0.1182,0.2923
1,"CGc","true",123,0.1786,0.1167,0.2953
1,"CGc","true",124,0.1803,0.1201,0.3004
1,"CGc","true",125,0.1747,0.1164,0.2911
1,"CGc","true",126,0.1701,0.1149,0.285
1,"CGc","true",127,0.1892,0.1055,0.2947
1,"CGc","true",128,0.1763,0.1029,0.2792
1,"CGc","true",129,0.1727,0.1177,0.2904
1,"CGc","true",130,0.1604,0.1165,0.2769
1,"CGc","true",131,0.1756,0.1048,0.2804
1,"CGc","true",132,0.1673,0.1193,0.2866
1,"CGc","true",133,0.1718,0.1136,0.2854
1,"CGc","true",134,0.1769,0.1103,0.2872
1,"CGc","true",135,0.1816,0.1168,0.2984
1,"CGc","true",136,0.1831,0.1094,0.2925
1,"CGc","true",137,0.1769,0.114,0.2909
1,"CGc","true",138,0.1638,0.1074,0.2712
1,"CGc","true",139,0.173,0.1221,0.2951
1,"CGc","true",140,0.1811,0.1159,0.297
1,"CGc","true",141,0.1844,0.1026,0.287
1,"CGc","true",142,0.1715,0.1168,0.2883
1,"CGc","true",143,0.1773,0.1098,0.2871
1,"CGc","true",144,0.1686,0.1133,0.2819
1,"CGc","true",145,0.1778,0.1152,0.293
1,"CGc","true",146,0.1786,0.12,0.2986
1,"CGc","true",147,0.1562,0.1255,0.2817
1,"CGc","true",148,0.1803,0.1163,0.2966
1,"CGc","true",149,0.1759,0.1107,0.2866
1,"CGc","true",150,0.1866,0.1096,0.2962
1,"CGc","true",151,0.1644,0.1108,0.2752
1,"CGc","true",152,0.1663,0.1111,0.2774
1,"CGc","true",153,0.1807,0.1117,0.2924
1,"CGc","true",154,0.1769,0.1124,0.2893
1,"CGc","true",155,0.172,0.118,0.29
1,"CGc","true",156,0.1677,0.121,0.2887
1,"CGc","true",157,0.168,0.1146,0.2826
1,"CGc","true",158,0.1821,0.0993,0.2814
1,"CGc","true",159,0.177,0.1131,0.2901
1,"CGc","true",160,0.1774,0.1079,0.2853
1,"CGc","true",161,0.1878,0.1128,0.3006
1,"CGc","true",162,0.1791,0.1185,0.2976
1,"CGc","true",163,0.1772,0.1164,0.2936
1,"CGc","true",164,0.1767,0.1113,0.288
1,"CGc","true",165,0.1794,0.1256,0.305
1,"CGc","true",166,0.1717,0.1177,0.2894
1,"CGc","true",167,0.1767,0.1178,0.2945
1,"CGc","true",168,0.1713,0.1245,0.2958
1,"CGc","true",169,0.1735,0.1064,0.2799
1,"CGc","true",170,0.1748,0.1206,0.2954
1,"CGc","true",171,0.1773,0.109,0.2863
1,"CGc","true",172,0.1842,0.104,0.2882
1,"CGc","true",173,0.1702,0.1121,0.2823
1,"CGc","true",174,0.1748,0.1237,0.2985
1,"CGc","true",175,0.1793,0.1126,0.2919
1,"CGc","true",176,0.1888,0.1064,0.2952
1,"CGc","true",177,0.1656,0.1182,0.2838
1,"CGc","true",178,0.1742,0.1128,0.287
1,"CGc","true",179,0.176,0.1132,0.2892
1,"CGc","true",180,0.1732,0.1205,0.2937
1,"CGc","true",181,0.1692,0.1187,0.2879
1,"CGc","true",182,0.1782,0.1136,0.2918
1,"CGc","true",183,0.1691,0.1163,0.2854
1,"CGc","true",184,0.1714,0.1214,0.2928
1,"CGc","true",185,0.1718,0.1127,0.2845
1,"CGc","true",186,0.1846,0.1102,0.2948
1,"CGc","true",187,0.1814,0.1064,0.2878
1,"CGc","true",188,0.1727,0.1151,0.2878
1,"CGc","true",189,0.1813,0.0988,0.2801
1,"CGc","true",190,0.1813,0.1043,0.2856
1,"CGc","true",191,0.1788,0.1056,0.2844
1,"CGc","true",192,0.1803,0.1145,0.2948
1,"CGc","true",193,0.1675,0.1089,0.2764
1,"CGc","true",194,0.1679,0.1098,0.2777
1,"CGc","true",195,0.1646,0.1103,0.2749
1,"CGc","true",196,0.179,0.123,0.302
1,"CGc","true",197,0.1705,0.1064,0.2769
1,"CGc","true",198,0.1806,0.106,0.2866
1,"CGc","true",199,0.1711,0.1173,0.2884
1,"CGc","true",200,0.1792,0.1159,0.2951
1,"CGc","true",201,0.1688,0.1187,0.2875
1,"CGc","true",202,0.1788,0.1171,0.2959
1,"CGc","true",203,0.176,0.1162,0.2922
1,"CGc","true",204,0.1709,0.1187,0.2896
1,"CGc","true",205,0.1729,0.1118,0.2847
1,"CGc","true",206,0.185,0.0961,0.2811
1,"CGc","true",207,0.1756,0.1051,0.2807
1,"CGc","true",208,0.1697,0.1163,0.286
1,"CGc","true",209,0.1608,0.1234,0.2842
1,"CGc","true",210,0.1787,0.1066,0.2853
1,"CGc","true",211,0.179,0.1088,0.2878
1,"CGc","true",212,0.1687,0.1152,0.2839
1,"CGc","true",213,0.1813,0.1138,0.2951
1,"CGc","true",214,0.1823,0.1144,0.2967
1,"CGc","true",215,0.1774,0.1119,0.2893
1,"CGc","true",216,0.1616,0.1227,0.2843
1,"CGc","true",217,0.165,0.1147,0.2797
1,"CGc","true",218,0.1792,0.1147,0.2939
1,"CGc","true",219,0.1813,0.1099,0.2912
1,"CGc","true",220,0.1735,0.1197,0.2932
1,"CGc","true",221,0.1803,0.1046,0.2849
1,"CGc","true",222,0.1799,0.1051,0.285
1,"CGc","true",223,0.1762,0.1103,0.2865
1,"CGc","true",224,0.181,0.1087,0.2897
1,"CGc","true",225,0.1707,0.1085,0.2792
1,"CGc","true",226,0.1765,0.119,0.2955
1,"CGc","true",227,0.1813,0.1121,0.2934
1,"CGc","true",228,0.1596,0.1246,0.2842
1,"CGc","true",229,0.1786,0.1132,0.2918
1,"CGc","true",230,0.1785,0.11,0.2885
1,"CGc","true",231,0.1689,0.1209,0.2898
1,"CGc","true",232,0.1831,0.1081,0.2912
1,"CGc","true",233,0.1772,0.1233,0.3005
1,"CGc","true",234,0.1732,0.1196,0.2928
1,"CGc","true",235,0.1815,0.1075,0.289
1,"CGc","true",236,0.1674,0.1045,0.2719
1,"CGc","true",237,0.1693,0.1269,0.2962
1,"CGc","true",238,0.1728,0.1158,0.2886
1,"CGc","true",239,0.1738,0.1112,0.285
1,"CGc","true",240,0.1929,0.1194,0.3123
1,"CGc","true",241,0.1796,0.0984,0.278
1,"CGc","true",242,0.1724,0.1131,0.2855
1,"CGc","true",243,0.1832,0.1089,0.2921
1,"CGc","true",244,0.1791,0.1138,0.2929
1,"CGc","true",245,0.1738,0.1098,0.2836
1,"CGc","true",246,0.1746,0.1082,0.2828
1,"CGc","true",247,0.174,0.1138,0.2878
1,"CGc","true",248,0.1785,0.1129,0.2914
1,"CGc","true",249,0.1739,0.1033,0.2772
1,"CGc","true",250,0.1806,0.1133,0.2939
1,"CGc","true",251,0.1817,0.1088,0.2905
1,"CGc","true",252,0.1809,0.1213,0.3022
1,"CGc","true",253,0.1786,0.1137,0.2923
1,"CGc","true",254,0.1829,0.1113,0.2942
1,"CGc","true",255,0.1641,0.1225,0.2866
1,"CGc","true",256,0.1593,0.1271,0.2864
1,"CGc","true",257,0.1756,0.1028,0.2784
1,"CGc","true",258,0.1777,0.1071,0.2848
1,"CGc","true",259,0.1783,0.1089,0.2872
1,"CGc","true",260,0.1678,0.1207,0.2885
1,"CGc","true",261,0.1583,0.1209,0.2792
1,"CGc","true",262,0.171,0.1126,0.2836
1,"CGc","true",263,0.1697,0.111,0.2807
1,"CGc","true",264,0.1697,0.117,0.2867
1,"CGc","true",265,0.175,0.1157,0.2907
1,"CGc","true",266,0.1819,0.1113,0.2932
1,"CGc","true",267,0.173,0.1145,0.2875
1,"CGc","true",268,0.1871,0.1176,0.3047
1,"CGc","true",269,0.1709,0.1196,0.2905
1,"CGc","true",270,0.1673,0.1244,0.2917
1,"CGc","true",271,0.1758,0.1055,0.2813
1,"CGc","true",272,0.1674,0.1108,0.2782
1,"CGc","true",273,0.191,0.1084,0.2994
1,"CGc","true",274,0.1719,0.1098,0.2817
1,"CGc","true",275,0.1718,0.1143,0.2861
1,"CGc","true",276,0.1706,0.1157,0.2863
1,"CGc","true",277,0.1767,0.1216,0.2983
1,"CGc","true",278,0.1866,0.1068,0.2934
1,"CGc","true",279,0.1891,0.1092,0.2983
1,"CGc","true",280,0.1757,0.1077,0.2834
1,"CGc","true",281,0.1797,0.1049,0.2846
1,"CGc","true",282,0.1863,0.1128,0.2991
1,"CGc","true",283,0.1734,0.1205,0.2939
1,"CGc","true",284,0.1701,0.1151,0.2852
1,"CGc","true",285,0.1686,0.1195,0.2881
1,"CGc","true",286,0.1731,0.1285,0.3016
1,"CGc","true",287,0.1728,0.1173,0.2901
1,"CGc","true",288,0.163,0.1134,0.2764
1,"CGc","true",289,0.1884,0.1039,0.2923
1,"CGc","true",290,0.1751,0.1127,0.2878
1,"CGc","true",291,0.1655,0.1195,0.285
1,"CGc","true",292,0.1634,0.1234,0.2868
1,"CGc","true",293,0.1724,0.1148,0.2872
1,"CGc","true",294,0.1726,0.1177,0.2903
1,"CGc","true",295,0.1759,0.1122,0.2881
1,"CGc","true",296,0.1714,0.1232,0.2946
1,"CGc","true",297,0.18,0.1141,0.2941
1,"CGc","true",298,0.1902,0.1116,0.3018
1,"CGc","true",299,0.1905,0.1026,0.2931
1,"CGc","true",300,0.1806,0.1056,0.2862
1,"CGc","true",301,0.1704,0.1087,0.2791
1,"CGc","true",302,0.1726,0.112,0.2846
1,"CGc","true",303,0.1763,0.1125,0.2888
1,"CGc","true",304,0.1816,0.1139,0.2955
1,"CGc","true",305,0.1908,0.1112,0.302
1,"CGc","true",306,0.1895,0.0989,0.2884
1,"CGc","true",307,0.1808,0.1051,0.2859
1,"CGc","true",308,0.1779,0.1164,0.2943
1,"CGc","true",309,0.1946,0.1049,0.2995
1,"CGc","true",310,0.1786,0.1171,0.2957
1,"CGc","true",311,0.1694,0.1206,0.29
1,"CGc","true",312,0.1761,0.114,0.2901
1,"CGc","true",313,0.1787,0.1145,0.2932
1,"CGc","true",314,0.1711,0.1213,0.2924
1,"CGc","true",315,0.1727,0.1029,0.2756
1,"CGc","true",316,0.1788,0.1067,0.2855
1,"CGc","true",317,0.175,0.1088,0.2838
1,"CGc","true",318,0.1815,0.1055,0.287
1,"CGc","true",319,0.1644,0.1114,0.2758
1,"CGc","true",320,0.1763,0.1129,0.2892
1,"CGc","true",321,0.1798,0.1093,0.2891
1,"CGc","true",322,0.1711,0.1194,0.2905
1,"CGc","true",323,0.1711,0.1156,0.2867
1,"CGc","true",324,0.1883,0.1113,0.2996
1,"CGc","true",325,0.1723,0.1125,0.2848
1,"CGc","true",326,0.1752,0.1097,0.2849
1,"CGc","true",327,0.1751,0.1015,0.2766
1,"CGc","true",328,0.1705,0.1213,0.2918
1,"CGc","true",329,0.1839,0.1175,0.3014
1,"CGc","true",330,0.1723,0.1112,0.2835
1,"CGc","true",331,0.1798,0.1202,0.3
1,"CGc","true",332,0.1757,0.1109,0.2866
1,"CGc","true",333,0.1782,0.119,0.2972
1,"CGc","true",334,0.1812,0.1072,0.2884
1,"CGc","true",335,0.1745,0.1222,0.2967
1,"CGc","true",336,0.1821,0.1198,0.3019
1,"CGc","true",337,0.1712,0.1116,0.2828
1,"CGc","true",338,0.1783,0.1106,0.2889
1,"CGc","true",339,0.1758,0.1129,0.2887
1,"CGc","true",340,0.1614,0.1168,0.2782
1,"CGc","true",341,0.1667,0.1266,0.2933
1,"CGc","true",342,0.1703,0.1205,0.2908
1,"CGc","true",343,0.1732,0.1109,0.2841
1,"CGc","true",344,0.1695,0.1084,0.2779
1,"CGc","true",345,0.1859,0.1181,0.304
1,"CGc","true",346,0.173,0.122,0.295
1,"CGc","true",347,0.1711,0.1244,0.2955
1,"CGc","true",348,0.1818,0.1119,0.2937
1,"CGc","true",349,0.1858,0.1023,0.2881
1,"CGc","true",350,0.1826,0.1049,0.2875
1,"CGc","true",351,0.1724,0.1243,0.2967
1,"CGc","true",352,0.1703,0.1206,0.2909
1,"CGc","true",353,0.1886,0.1109,0.2995
1,"CGc","true",354,0.1758,0.1242,0.3
1,"CGc","true",355,0.1742,0.1151,0.2893
1,"CGc","true",356,0.1716,0.1107,0.2823
1,"CGc","true",357,0.1725,0.1242,0.2967
1,"CGc","true",358,0.1705,0.1143,0.2848
1,"CGc","true",359,0.1782,0.1104,0.2886
1,"CGc","true",360,0.1842,0.121,0.3052
1,"CGc","true",361,0.177,0.1218,0.2988
1,"CGc","true",362,0.1817,0.1105,0.2922
1,"CGc","true",363,0.1711,0.1126,0.2837
1,"CGc","true",364,0.1724,0.1111,0.2835
1,"CGc","true",365,0.1779,0.1073,0.2852
1,"CGc","true",366,0.1729,0.1082,0.2811
1,"CGc","true",367,0.1778,0.1067,0.2845
1,"CGc","true",368,0.1839,0.1066,0.2905
1,"CGc","true",369,0.1739,0.1128,0.2867
1,"CGc","true",370,0.1855,0.1074,0.2929
1,"CGc","true",371,0.1771,0.1196,0.2967
1,"CGc","true",372,0.1692,0.121,0.2902
1,"CGc","true",373,0.1799,0.1122,0.2921
1,"CGc","true",374,0.187,0.1093,0.2963
1,"CGc","true",375,0.1835,0.1098,0.2933
1,"CGc","true",376,0.1833,0.1058,0.2891
1,"CGc","true",377,0.1768,0.111,0.2878
1,"CGc","true",378,0.1844,0.113,0.2974
1,"CGc","true",379,0.1767,0.1162,0.2929
1,"CGc","true",380,0.1655,0.1209,0.2864
1,"CGc","true",381,0.1791,0.1158,0.2949
1,"CGc","true",382,0.1791,0.1176,0.2967
1,"CGc","true",383,0.1749,0.1104,0.2853
1,"CGc","true",384,0.1773,0.116,0.2933
1,"CGc","true",385,0.1645,0.1223,0.2868
1,"CGc","true",386,0.1668,0.1217,0.2885
1,"CGc","true",387,0.1768,0.1136,0.2904
1,"CGc","true",388,0.1704,0.1084,0.2788
1,"CGc","true",389,0.1662,0.116,0.2822
1,"CGc","true",390,0.1888,0.1142,0.303
1,"CGc","true",391,0.1697,0.1141,0.2838
1,"CGc","true",392,0.1732,0.1165,0.2897
1,"CGc","true",393,0.1733,0.1099,0.2832
1,"CGc","true",394,0.173,0.1117,0.2847
1,"CGc","true",395,0.179,0.1149,0.2939
1,"CGc","true",396,0.1765,0.1194,0.2959
1,"CGc","true",397,0.1678,0.1182,0.286
1,"CGc","true",398,0.1857,0.1021,0.2878
1,"CGc","true",399,0.1845,0.1002,0.2847
1,"CGc","true",400,0.1804,0.1066,0.287
1,"CGc","true",401,0.1846,0.1097,0.2943
1,"CGc","true",402,0.1725,0.1167,0.2892
1,"CGc","true",403,0.1744,0.1175,0.2919
1,"CGc","true",404,0.1856,0.1134,0.299
1,"CGc","true",405,0.1813,0.1002,0.2815
1,"CGc","true",406,0.1787,0.1119,0.2906
1,"CGc","true",407,0.1892,0.106,0.2952
1,"CGc","true",408,0.1799,0.1036,0.2835
1,"CGc","true",409,0.1766,0.1175,0.2941
1,"CGc","true",410,0.1766,0.1117,0.2883
1,"CGc","true",411,0.1753,0.1239,0.2992
1,"CGc","true",412,0.1781,0.1088,0.2869
1,"CGc","true",413,0.1727,0.1195,0.2922
1,"CGc","true",414,0.1693,0.1297,0.299
1,"CGc","true",415,0.1694,0.1072,0.2766
1,"CGc","true",416,0.191,0.1046,0.2956
1,"CGc","true",417,0.1682,0.1166,0.2848
1,"CGc","true",418,0.1725,0.1077,0.2802
1,"CGc","true",419,0.1902,0.0982,0.2884
1,"CGc","true",420,0.1808,0.0987,0.2795
1,"CGc","true",421,0.167,0.1161,0.2831
1,"CGc","true",422,0.1808,0.1217,0.3025
1,"CGc","true",423,0.1791,0.1174,0.2965
1,"CGc","true",424,0.1732,0.1112,0.2844
1,"CGc","true",425,0.1729,0.1087,0.2816
1,"CGc","true",426,0.1835,0.1079,0.2914
1,"CGc","true",427,0.1893,0.1045,0.2938
1,"CGc","true",428,0.1756,0.1205,0.2961
1,"CGc","true",429,0.1722,0.1223,0.2945
1,"CGc","true",430,0.1901,0.1048,0.2949
1,"CGc","true",431,0.1853,0.1071,0.2924
1,"CGc","true",432,0.1832,0.1015,0.2847
1,"CGc","true",433,0.1832,0.1054,0.2886
1,"CGc","true",434,0.1744,0.1145,0.2889
1,"CGc","true",435,0.1731,0.1108,0.2839
1,"CGc","true",436,0.1813,0.1144,0.2957
1,"CGc","true",437,0.169,0.1142,0.2832
1,"CGc","true",438,0.1701,0.1161,0.2862
1,"CGc","true",439,0.1887,0.1006,0.2893
1,"CGc","true",440,0.1659,0.1219,0.2878
1,"CGc","true",441,0.1787,0.1133,0.292
1,"CGc","true",442,0.1761,0.1124,0.2885
1,"CGc","true",443,0.1815,0.1026,0.2841
1,"CGc","true",444,0.1817,0.1153,0.297
1,"CGc","true",445,0.1741,0.1099,0.284
1,"CGc","true",446,0.1687,0.1068,0.2755
1,"CGc","true",447,0.1724,0.1124,0.2848
1,"CGc","true",448,0.1736,0.1207,0.2943
1,"CGc","true",449,0.1791,0.1102,0.2893
1,"CGc","true",450,0.1703,0.1168,0.2871
1,"CGc","true",451,0.1878,0.1009,0.2887
1,"CGc","true",452,0.1794,0.111,0.2904
1,"CGc","true",453,0.1704,0.1215,0.2919
1,"CGc","true",454,0.1757,0.1132,0.2889
1,"CGc","true",455,0.1775,0.117,0.2945
1,"CGc","true",456,0.1803,0.1068,0.2871
1,"CGc","true",457,0.1683,0.1207,0.289
1,"CGc","true",458,0.1745,0.1182,0.2927
1,"CGc","true",459,0.1796,0.1061,0.2857
1,"CGc","true",460,0.1672,0.1101,0.2773
1,"CGc","true",461,0.1763,0.1165,0.2928
1,"CGc","true",462,0.1774,0.1241,0.3015
1,"CGc","true",463,0.1793,0.1162,0.2955
1,"CGc","true",464,0.1673,0.1265,0.2938
1,"CGc","true",465,0.1928,0.1002,0.293
1,"CGc","true",466,0.1777,0.1016,0.2793
1,"CGc","true",467,0.174,0.1238,0.2978
1,"CGc","true",468,0.1754,0.1013,0.2767
1,"CGc","true",469,0.1945,0.096,0.2905
1,"CGc","true",470,0.1758,0.1258,0.3016
1,"CGc","true",471,0.1693,0.1189,0.2882
1,"CGc","true",472,0.1737,0.1144,0.2881
1,"CGc","true",473,0.1709,0.1126,0.2835
1,"CGc","true",474,0.1686,0.1058,0.2744
1,"CGc","true",475,0.1785,0.1111,0.2896
1,"CGc","true",476,0.1777,0.1091,0.2868
1,"CGc","true",477,0.166,0.1173,0.2833
1,"CGc","true",478,0.1766,0.1165,0.2931
1,"CGc","true",479,0.1785,0.1045,0.283
1,"CGc","true",480,0.1755,0.1227,0.2982
1,"CGc","true",481,0.1719,0.1086,0.2805
1,"CGc","true",482,0.1739,0.1062,0.2801
1,"CGc","true",483,0.1772,0.1176,0.2948
1,"CGc","true",484,0.1694,0.1144,0.2838
1,"CGc","true",485,0.185,0.1128,0.2978
1,"CGc","true",486,0.1778,0.1139,0.2917
1,"CGc","true",487,0.1766,0.1065,0.2831
1,"CGc","true",488,0.1685,0.1201,0.2886
1,"CGc","true",489,0.1782,0.1135,0.2917
1,"CGc","true",490,0.1716,0.1065,0.2781
1,"CGc","true",491,0.1712,0.1145,0.2857
1,"CGc","true",492,0.1743,0.1023,0.2766
1,"CGc","true",493,0.1764,0.1082,0.2846
1,"CGc","true",494,0.1767,0.1139,0.2906
1,"CGc","true",495,0.1718,0.1117,0.2835
1,"CGc","true",496,0.1749,0.109,0.2839
1,"CGc","true",497,0.1767,0.1115,0.2882
1,"CGc","true",498,0.1687,0.1109,0.2796
1,"CGc","true",499,0.1746,0.1184,0.293
1,"CGc","true",500,0.1535,0.1262,0.2797
2,"CGa","est",1,0.1098,0.0421,0.1519
2,"CGa","est",2,0.117,-0.0682,0.0488
2,"CGa","est",3,0.117,-0.0846,0.0324
2,"CGa","est",4,0.2022,-0.0369,0.1653
2,"CGa","est",5,0.1094,0.0565,0.1659
2,"CGa","est",6,0.1605,0.1664,0.3269
2,"CGa","est",7,0.1947,0.0548,0.2495
2,"CGa","est",8,0.1923,0.046,0.2383
2,"CGa","est",9,0.0993,-0.0232,0.0761
2,"CGa","est",10,0.1355,0.0453,0.1808
2,"CGa","est",11,0.1942,0.0123,0.2065
2,"CGa","est",12,0.2073,-0.0709,0.1364
2,"CGa","est",13,0.3421,0.1332,0.4753
2,"CGa","est",14,0.1684,0.0774,0.2458
2,"CGa","est",15,0.1225,-0.0159,0.1066
2,"CGa","est",16,0.0283,0.0103,0.0386
2,"CGa","est",17,0.1176,0.0916,0.2092
2,"CGa","est",18,0.188,0.1225,0.3105
2,"CGa","est",19,0.2003,0.0692,0.2695
2,"CGa","est",20,0.1919,-0.0554,0.1365
2,"CGa","est",21,0.1741,0.1134,0.2875
2,"CGa","est",22,0.1593,0.1372,0.2965
2,"CGa","est",23,0.2932,0.0841,0.3773
2,"CGa","est",24,0.1269,0.0135,0.1404
2,"CGa","est",25,0.1777,0.1015,0.2792
2,"CGa","est",26,0.3186,0.0139,0.3325
2,"CGa","est",27,0.2814,0.0721,0.3535
2,"CGa","est",28,0.0428,0.0311,0.0739
2,"CGa","est",29,0.1877,-0.0318,0.1559
2,"CGa","est",30,0.057,0.1226,0.1796
2,"CGa","est",31,0.2085,-0.008,0.2005
2,"CGa","est",32,0.201,0.1226,0.3236
2,"CGa","est",33,0.3255,0.0625,0.388
2,"CGa","est",34,0.1838,0.0592,0.243
2,"CGa","est",35,0.2317,0.1256,0.3573
2,"CGa","est",36,0.1371,-0.0103,0.1268
2,"CGa","est",37,0.2673,-0.0139,0.2534
2,"CGa","est",38,0.2547,0.1946,0.4493
2,"CGa","est",39,0.0618,0.0377,0.0995
2,"CGa","est",40,0.1359,0.0929,0.2288
2,"CGa","est",41,0.1763,0.0921,0.2684
2,"CGa","est",42,0.1706,0.0846,0.2552
2,"CGa","est",43,0.0166,0.0268,0.0434
2,"CGa","est",44,0.1929,0.1521,0.345
2,"CGa","est",45,0.323,-0.025,0.298
2,"CGa","est",46,0.1503,0.0801,0.2304
2,"CGa","est",47,0.2131,0.0193,0.2324
2,"CGa","est",48,0.2391,0.004,0.2431
2,"CGa","est",49,0.2716,0.0403,0.3119
2,"CGa","est",50,0.2887,0.0355,0.3242
2,"CGa","est",51,0.1493,0.1091,0.2584
2,"CGa","est",52,0.1715,0.0335,0.205
2,"CGa","est",53,0.1216,-0.0053,0.1163
2,"CGa","est",54,0.1611,0.1014,0.2625
2,"CGa","est",55,0.2234,0.0319,0.2553
2,"CGa","est",56,0.1706,0.069,0.2396
2,"CGa","est",57,0.2081,-0.016,0.1921
2,"CGa","est",58,0.2163,-0.1173,0.099
2,"CGa","est",59,0.1122,0.0369,0.1491
2,"CGa","est",60,0.2024,0.1189,0.3213
2,"CGa","est",61,0.2927,0.1314,0.4241
2,"CGa","est",62,0.2876,-0.0545,0.2331
2,"CGa","est",63,0.1267,0.2004,0.3271
2,"CGa","est",64,0.0303,0.1393,0.1696
2,"CGa","est",65,0.343,0.0545,0.3975
2,"CGa","est",66,0.241,-0.0675,0.1735
2,"CGa","est",67,0.2305,0.1023,0.3328
2,"CGa","est",68,0.161,-0.0928,0.0682
2,"CGa","est",69,0.1835,0.1381,0.3216
2,"CGa","est",70,0.1701,0.086,0.2561
2,"CGa","est",71,0.1178,0.0886,0.2064
2,"CGa","est",72,0.0159,-0.0475,-0.0316
2,"CGa","est",73,0.0964,0.0465,0.1429
2,"CGa","est",74,0.1448,-0.0067,0.1381
2,"CGa","est",75,0.2628,0.1398,0.4026
2,"CGa","est",76,0.2292,0.0512,0.2804
2,"CGa","est",77,0.1255,0.0869,0.2124
2,"CGa","est",78,0.1825,0.0466,0.2291
2,"CGa","est",79,0.1012,0.0499,0.1511
2,"CGa","est",80,0.2448,0.1475,0.3923
2,"CGa","est",81,0.1769,0.1541,0.331
2,"CGa","est",82,0.147,0.0633,0.2103
2,"CGa","est",83,0.1649,0.1002,0.2651
2,"CGa","est",84,0.1731,0.0249,0.198
2,"CGa","est",85,0.19,0.0276,0.2176
2,"CGa","est",86,0.0567,0.1101,0.1668
2,"CGa","est",87,0.2344,0.1333,0.3677
2,"CGa","est",88,0.0546,0.0194,0.074
2,"CGa","est",89,0.2862,0.0797,0.3659
2,"CGa","est",90,0.1859,0.0916,0.2775
2,"CGa","est",91,0.0995,0.0657,0.1652
2,"CGa","est",92,0.1869,0.0742,0.2611
2,"CGa","est",93,0.1973,0.109,0.3063
2,"CGa","est",94,0.2215,0.1011,0.3226
2,"CGa","est",95,0.0539,0.0695,0.1234
2,"CGa","est",96,0.338,0.0062,0.3442
2,"CGa","est",97,0.157,0.0048,0.1618
2,"CGa","est",98,0.1786,0.1065,0.2851
2,"CGa","est",99,0.1401,-0.2261,-0.086
2,"CGa","est",100,0.1327,0.1331,0.2658
2,"CGa","est",101,0.0504,0.1238,0.1742
2,"CGa","est",102,0.1399,0.1564,0.2963
2,"CGa","est",103,0.2798,0.0267,0.3065
2,"CGa","est",104,0.2032,0.1268,0.33
2,"CGa","est",105,0.1378,0.062,0.1998
2,"CGa","est",106,0.3061,0.055,0.3611
2,"CGa","est",107,0.2387,0.0161,0.2548
2,"CGa","est",108,0.1856,0.1148,0.3004
2,"CGa","est",109,0.1209,-4e-04,0.1205
2,"CGa","est",110,0.1032,0.2138,0.317
2,"CGa","est",111,0.2334,-0.0022,0.2312
2,"CGa","est",112,0.109,0.1118,0.2208
2,"CGa","est",113,0.2052,0.1421,0.3473
2,"CGa","est",114,0.3944,0.0196,0.414
2,"CGa","est",115,0.1189,0.1828,0.3017
2,"CGa","est",116,0.1978,0.1363,0.3341
2,"CGa","est",117,0.2131,0.1391,0.3522
2,"CGa","est",118,0.1853,0.0962,0.2815
2,"CGa","est",119,0.2297,0.0912,0.3209
2,"CGa","est",120,0.2192,0.0408,0.26
2,"CGa","est",121,0.0049,-0.0625,-0.0576
2,"CGa","est",122,0.1564,0.0203,0.1767
2,"CGa","est",123,0.0942,0.0604,0.1546
2,"CGa","est",124,0.192,0.0643,0.2563
2,"CGa","est",125,0.1375,0.12,0.2575
2,"CGa","est",126,0.072,-0.0312,0.0408
2,"CGa","est",127,0.2331,0.015,0.2481
2,"CGa","est",128,0.2404,0.1807,0.4211
2,"CGa","est",129,0.1705,0.0715,0.242
2,"CGa","est",130,0.166,0.0407,0.2067
2,"CGa","est",131,0.1539,0.0825,0.2364
2,"CGa","est",132,0.1683,0.0604,0.2287
2,"CGa","est",133,0.1954,0.0969,0.2923
2,"CGa","est",134,0.1352,0.1161,0.2513
2,"CGa","est",135,0.1058,0.0298,0.1356
2,"CGa","est",136,0.2235,0.1311,0.3546
2,"CGa","est",137,0.3066,-0.000900000000000001,0.3057
2,"CGa","est",138,0.2222,-0.0905,0.1317
2,"CGa","est",139,0.1817,0.1612,0.3429
2,"CGa","est",140,0.1802,-0.0693,0.1109
2,"CGa","est",141,0.2795,0.1222,0.4017
2,"CGa","est",142,0.2181,0.1323,0.3504
2,"CGa","est",143,0.3375,-0.0706,0.2669
2,"CGa","est",144,0.0389,0.0981,0.137
2,"CGa","est",145,0.1735,0.0448,0.2183
2,"CGa","est",146,0.1802,0.1361,0.3163
2,"CGa","est",147,0.1479,0.0659,0.2138
2,"CGa","est",148,0.2201,0.0938,0.3139
2,"CGa","est",149,0.1103,0.1319,0.2422
2,"CGa","est",150,0.1674,0.0725,0.2399
2,"CGa","est",151,0.1523,0.1754,0.3277
2,"CGa","est",152,0.2863,0.0626,0.3489
2,"CGa","est",153,0.1359,0.1091,0.245
2,"CGa","est",154,0.165,0.1933,0.3583
2,"CGa","est",155,0.0962,0.0641,0.1603
2,"CGa","est",156,0.058,-0.0101,0.0479
2,"CGa","est",157,0.1825,0.031,0.2135
2,"CGa","est",158,0.1658,0.1419,0.3077
2,"CGa","est",159,0.1722,0.157,0.3292
2,"CGa","est",160,0.2172,0.0669,0.2841
2,"CGa","est",161,0.2091,0.0763,0.2854
2,"CGa","est",162,0.1279,-0.0934,0.0345
2,"CGa","est",163,0.1567,-0.1405,0.0162
2,"CGa","est",164,0.0528,0.0491,0.1019
2,"CGa","est",165,0.2673,0.0227,0.29
2,"CGa","est",166,0.2726,0.1238,0.3964
2,"CGa","est",167,0.1636,0.1038,0.2674
2,"CGa","est",168,0.1379,0.038,0.1759
2,"CGa","est",169,0.1715,0.0117,0.1832
2,"CGa","est",170,0.1954,0.1115,0.3069
2,"CGa","est",171,0.2649,0.0624,0.3273
2,"CGa","est",172,0.1997,0.041,0.2407
2,"CGa","est",173,0.2048,0.003,0.2078
2,"CGa","est",174,0.0638,0.1138,0.1776
2,"CGa","est",175,0.2147,-0.0523,0.1624
2,"CGa","est",176,0.2468,0.0015,0.2483
2,"CGa","est",177,0.1064,0.1415,0.2479
2,"CGa","est",178,0.1356,-0.053,0.0826
2,"CGa","est",179,0.299,0.0185,0.3175
2,"CGa","est",180,0.3321,0.151,0.4831
2,"CGa","est",181,0.0907,0.0881,0.1788
2,"CGa","est",182,0.2352,-0.0832,0.152
2,"CGa","est",183,0.2032,0.0452,0.2484
2,"CGa","est",184,0.1899,0.1509,0.3408
2,"CGa","est",185,0.1081,0.142,0.2501
2,"CGa","est",186,0.1748,0.09,0.2648
2,"CGa","est",187,0.2793,0.1182,0.3975
2,"CGa","est",188,0.1973,0.0716,0.2689
2,"CGa","est",189,0.1894,-0.0039,0.1855
2,"CGa","est",190,0.1597,0.0256,0.1853
2,"CGa","est",191,0.0998,0.1074,0.2072
2,"CGa","est",192,0.2495,0.0899,0.3394
2,"CGa","est",193,0.1452,0.004,0.1492
2,"CGa","est",194,0.0896,-0.0326,0.057
2,"CGa","est",195,0.2132,0.0825,0.2957
2,"CGa","est",196,0.1024,0.0704,0.1728
2,"CGa","est",197,0.1215,0.0293,0.1508
2,"CGa","est",198,0.1941,0.0516,0.2457
2,"CGa","est",199,0.0979,0.0171,0.115
2,"CGa","est",200,0.1043,0.0498,0.1541
2,"CGa","est",201,0.1266,0.2095,0.3361
2,"CGa","est",202,0.1719,-0.0685,0.1034
2,"CGa","est",203,0.1214,0.0358,0.1572
2,"CGa","est",204,0.1836,-0.0732,0.1104
2,"CGa","est",205,0.2262,0.0533,0.2795
2,"CGa","est",206,0.1577,-0.0559,0.1018
2,"CGa","est",207,0.1008,-0.0155,0.0853
2,"CGa","est",208,0.066,0.0524,0.1184
2,"CGa","est",209,0.1394,0.1863,0.3257
2,"CGa","est",210,0.2351,0.04,0.2751
2,"CGa","est",211,0.1561,0.0758,0.2319
2,"CGa","est",212,0.1788,0.0802,0.259
2,"CGa","est",213,0.2484,0.054,0.3024
2,"CGa","est",214,0.2345,0.012,0.2465
2,"CGa","est",215,0.0763,0.0723,0.1486
2,"CGa","est",216,0.0797,0.0073,0.087
2,"CGa","est",217,0.2485,0.0355,0.284
2,"CGa","est",218,0.1674,0.0713,0.2387
2,"CGa","est",219,0.1496,0.0903,0.2399
2,"CGa","est",220,0.1792,0.0532,0.2324
2,"CGa","est",221,0.0924,0.06,0.1524
2,"CGa","est",222,0.0536,0.0388,0.0924
2,"CGa","est",223,0.163,0.0038,0.1668
2,"CGa","est",224,0.0946,0.0847,0.1793
2,"CGa","est",225,0.196,-0.0435,0.1525
2,"CGa","est",226,0.1437,0.1007,0.2444
2,"CGa","est",227,0.1853,0.028,0.2133
2,"CGa","est",228,0.1904,-0.0121,0.1783
2,"CGa","est",229,0.0547,0.0156,0.0703
2,"CGa","est",230,0.2958,0.1344,0.4302
2,"CGa","est",231,0.1385,0.1097,0.2482
2,"CGa","est",232,0.1116,0.2011,0.3127
2,"CGa","est",233,0.225,0.0818,0.3068
2,"CGa","est",234,0.1632,0.1143,0.2775
2,"CGa","est",235,0.194,0.085,0.279
2,"CGa","est",236,0.1955,0.0875,0.283
2,"CGa","est",237,0.1935,0.1889,0.3824
2,"CGa","est",238,0.1905,0.1002,0.2907
2,"CGa","est",239,0.24,0.0983,0.3383
2,"CGa","est",240,0.1017,-0.1177,-0.016
2,"CGa","est",241,0.191,0.0628,0.2538
2,"CGa","est",242,0.1614,0.0339,0.1953
2,"CGa","est",243,0.274,0.0312,0.3052
2,"CGa","est",244,0.2092,0.1311,0.3403
2,"CGa","est",245,0.1698,0.0595,0.2293
2,"CGa","est",246,0.1944,0.1022,0.2966
2,"CGa","est",247,0.1017,0.0632,0.1649
2,"CGa","est",248,0.1388,0.1824,0.3212
2,"CGa","est",249,0.2104,0.0961,0.3065
2,"CGa","est",250,0.1527,0.0558,0.2085
2,"CGa","est",251,0.1748,0.0685,0.2433
2,"CGa","est",252,0.1759,0.0909,0.2668
2,"CGa","est",253,0.2095,0.0109,0.2204
2,"CGa","est",254,0.0983,0.0342,0.1325
2,"CGa","est",255,0.2709,0.0829,0.3538
2,"CGa","est",256,0.252,0.0759,0.3279
2,"CGa","est",257,0.1479,0.1553,0.3032
2,"CGa","est",258,0.0409,-0.017,0.0239
2,"CGa","est",259,0.169,0.1502,0.3192
2,"CGa","est",260,0.2146,0.0572,0.2718
2,"CGa","est",261,0.2389,0.0305,0.2694
2,"CGa","est",262,0.121,0.0915,0.2125
2,"CGa","est",263,0.2831,0.1156,0.3987
2,"CGa","est",264,0.1775,0.0633,0.2408
2,"CGa","est",265,0.2312,0.0769,0.3081
2,"CGa","est",266,0.0926,-0.042,0.0506
2,"CGa","est",267,0.2026,0.1707,0.3733
2,"CGa","est",268,0.1397,0.1329,0.2726
2,"CGa","est",269,0.2539,0.045,0.2989
2,"CGa","est",270,0.2795,-0.1799,0.0996
2,"CGa","est",271,0.0694,-0.000799999999999999,0.0686
2,"CGa","est",272,0.1406,0.0896,0.2302
2,"CGa","est",273,0.2239,0.2131,0.437
2,"CGa","est",274,0.2263,0.0917,0.318
2,"CGa","est",275,0.1948,0.1433,0.3381
2,"CGa","est",276,0.3097,0.0172,0.3269
2,"CGa","est",277,0.1681,0.2408,0.4089
2,"CGa","est",278,0.0727,-0.0911,-0.0184
2,"CGa","est",279,0.1343,0.0318,0.1661
2,"CGa","est",280,0.2587,0.0447,0.3034
2,"CGa","est",281,0.1318,0.0277,0.1595
2,"CGa","est",282,0.2266,0.0248,0.2514
2,"CGa","est",283,0.194,0.153,0.347
2,"CGa","est",284,0.1556,0.127,0.2826
2,"CGa","est",285,0.0766,0.0443,0.1209
2,"CGa","est",286,0.078,0.1944,0.2724
2,"CGa","est",287,0.1153,0.0102,0.1255
2,"CGa","est",288,0.0378,0.0359,0.0737
2,"CGa","est",289,0.0923,0.0754,0.1677
2,"CGa","est",290,0.2495,0.1206,0.3701
2,"CGa","est",291,0.2209,0.1011,0.322
2,"CGa","est",292,0.1901,-0.1573,0.0328
2,"CGa","est",293,0.1869,0.0576,0.2445
2,"CGa","est",294,0.2521,0.0771,0.3292
2,"CGa","est",295,0.159,0.0358,0.1948
2,"CGa","est",296,0.1866,0.0837,0.2703
2,"CGa","est",297,0.1456,0.0325,0.1781
2,"CGa","est",298,0.1112,0.1581,0.2693
2,"CGa","est",299,0.2393,0.0102,0.2495
2,"CGa","est",300,0.2728,0.1324,0.4052
2,"CGa","est",301,0.1569,0.0803,0.2372
2,"CGa","est",302,0.1357,-0.1662,-0.0305
2,"CGa","est",303,0.2721,0.1437,0.4158
2,"CGa","est",304,0.1555,0.0768,0.2323
2,"CGa","est",305,0.2169,-0.0022,0.2147
2,"CGa","est",306,0.2976,0.0302,0.3278
2,"CGa","est",307,0.1857,0.0339,0.2196
2,"CGa","est",308,0.1416,0.0466,0.1882
2,"CGa","est",309,0.1389,0.1371,0.276
2,"CGa","est",310,0.1556,0.212,0.3676
2,"CGa","est",311,0.1811,0.0458,0.2269
2,"CGa","est",312,0.2462,0.0456,0.2918
2,"CGa","est",313,0.2313,0.0353,0.2666
2,"CGa","est",314,0.2103,0.084,0.2943
2,"CGa","est",315,0.1568,0.0601,0.2169
2,"CGa","est",316,0.178,0.1311,0.3091
2,"CGa","est",317,0.1692,0.0255,0.1947
2,"CGa","est",318,0.1964,0.0166,0.213
2,"CGa","est",319,0.2493,0.0859,0.3352
2,"CGa","est",320,0.2651,0.0258,0.2909
2,"CGa","est",321,0.1303,-0.0401,0.0902
2,"CGa","est",322,0.2607,0.0895,0.3502
2,"CGa","est",323,0.1429,0.1085,0.2514
2,"CGa","est",324,0.2247,0.0601,0.2848
2,"CGa","est",325,0.2158,0.0784,0.2942
2,"CGa","est",326,0.1812,-0.114,0.0672
2,"CGa","est",327,0.171,0.0203,0.1913
2,"CGa","est",328,0.2806,-0.0264,0.2542
2,"CGa","est",329,0.2353,-0.02,0.2153
2,"CGa","est",330,0.237,0.0824,0.3194
2,"CGa","est",331,0.2135,0.0441,0.2576
2,"CGa","est",332,0.2959,0.0138,0.3097
2,"CGa","est",333,0.1603,0.148,0.3083
2,"CGa","est",334,0.2113,0.0166,0.2279
2,"CGa","est",335,0.174,0.106,0.28
2,"CGa","est",336,0.1132,-0.0462,0.067
2,"CGa","est",337,0.2177,0.0639,0.2816
2,"CGa","est",338,0.1752,0.1786,0.3538
2,"CGa","est",339,0.191,0.0269,0.2179
2,"CGa","est",340,0.1893,0.1527,0.342
2,"CGa","est",341,0.3577,0.1346,0.4923
2,"CGa","est",342,0.1209,0.1108,0.2317
2,"CGa","est",343,0.1827,0.1122,0.2949
2,"CGa","est",344,0.2533,0.163,0.4163
2,"CGa","est",345,0.2333,0.0759,0.3092
2,"CGa","est",346,0.1067,0.0718,0.1785
2,"CGa","est",347,0.0845,-0.0369,0.0476
2,"CGa","est",348,0.0135,0.0666,0.0801
2,"CGa","est",349,0.2186,0.1031,0.3217
2,"CGa","est",350,0.249,0.0856,0.3346
2,"CGa","est",351,0.1178,0.1131,0.2309
2,"CGa","est",352,0.1731,0.0892,0.2623
2,"CGa","est",353,0.2507,0.1213,0.372
2,"CGa","est",354,0.1701,0.1423,0.3124
2,"CGa","est",355,0.1577,-0.0795,0.0782
2,"CGa","est",356,0.169,0.029,0.198
2,"CGa","est",357,0.2516,-0.0412,0.2104
2,"CGa","est",358,0.2023,0.0391,0.2414
2,"CGa","est",359,0.2431,0.1316,0.3747
2,"CGa","est",360,0.13,0.1534,0.2834
2,"CGa","est",361,0.1321,0.0658,0.1979
2,"CGa","est",362,0.2196,0.1365,0.3561
2,"CGa","est",363,0.1275,0.1723,0.2998
2,"CGa","est",364,0.2257,0.0173,0.243
2,"CGa","est",365,0.1804,0.061,0.2414
2,"CGa","est",366,0.1283,0.0564,0.1847
2,"CGa","est",367,0.0875,0.0023,0.0898
2,"CGa","est",368,0.207,0.1213,0.3283
2,"CGa","est",369,0.1506,0.1003,0.2509
2,"CGa","est",370,0.0961,-0.0507,0.0454
2,"CGa","est",371,0.2186,-0.1287,0.0899
2,"CGa","est",372,0.1233,0.1533,0.2766
2,"CGa","est",373,0.1774,0.0979,0.2753
2,"CGa","est",374,0.2794,0.0275,0.3069
2,"CGa","est",375,0.1344,0.2,0.3344
2,"CGa","est",376,0.2449,-0.0267,0.2182
2,"CGa","est",377,0.162,0.1373,0.2993
2,"CGa","est",378,0.2147,0.0408,0.2555
2,"CGa","est",379,0.1105,0.1664,0.2769
2,"CGa","est",380,0.2225,0.1604,0.3829
2,"CGa","est",381,0.1413,0.1167,0.258
2,"CGa","est",382,0.1514,-0.0603,0.0911
2,"CGa","est",383,0.1021,0.1603,0.2624
2,"CGa","est",384,0.1322,0.0515,0.1837
2,"CGa","est",385,0.1158,0.0262,0.142
2,"CGa","est",386,0.3449,0.1499,0.4948
2,"CGa","est",387,0.0592,-0.0797,-0.0205
2,"CGa","est",388,0.2623,-0.0391,0.2232
2,"CGa","est",389,0.1197,-0.0134,0.1063
2,"CGa","est",390,0.0503,0.0413,0.0916
2,"CGa","est",391,0.1167,0.0472,0.1639
2,"CGa","est",392,0.1477,0.0796,0.2273
2,"CGa","est",393,0.0663,0.1178,0.1841
2,"CGa","est",394,0.1262,0.0045,0.1307
2,"CGa","est",395,0.2167,0.0518,0.2685
2,"CGa","est",396,0.2347,0.1118,0.3465
2,"CGa","est",397,0.1506,0.016,0.1666
2,"CGa","est",398,0.2752,-0.2187,0.0565
2,"CGa","est",399,0.1781,0.0121,0.1902
2,"CGa","est",400,0.2205,0.0767,0.2972
2,"CGa","est",401,0.3421,-0.0886,0.2535
2,"CGa","est",402,0.1888,0.0604,0.2492
2,"CGa","est",403,0.1336,-0.0561,0.0775
2,"CGa","est",404,0.1807,-0.0904,0.0903
2,"CGa","est",405,0.2376,0.1496,0.3872
2,"CGa","est",406,0.2232,0.1082,0.3314
2,"CGa","est",407,0.0736,0.1315,0.2051
2,"CGa","est",408,0.1646,-0.1114,0.0532
2,"CGa","est",409,0.1862,0.0384,0.2246
2,"CGa","est",410,0.1351,0.113,0.2481
2,"CGa","est",411,0.1189,0.0803,0.1992
2,"CGa","est",412,0.1896,0.1473,0.3369
2,"CGa","est",413,0.2553,0.0845,0.3398
2,"CGa","est",414,0.2788,0.0528,0.3316
2,"CGa","est",415,0.1736,0.048,0.2216
2,"CGa","est",416,0.1231,0.1168,0.2399
2,"CGa","est",417,0.1899,0.011,0.2009
2,"CGa","est",418,0.1041,0.1105,0.2146
2,"CGa","est",419,0.2314,0.0841,0.3155
2,"CGa","est",420,0.0196,0.0512,0.0708
2,"CGa","est",421,0.1987,0.1322,0.3309
2,"CGa","est",422,0.2943,0.1019,0.3962
2,"CGa","est",423,0.0744,0.054,0.1284
2,"CGa","est",424,0.1356,0.1132,0.2488
2,"CGa","est",425,0.2541,0.0109,0.265
2,"CGa","est",426,0.2247,0.0578,0.2825
2,"CGa","est",427,0.2306,0.0027,0.2333
2,"CGa","est",428,0.3347,0.0347,0.3694
2,"CGa","est",429,0.2189,0.0025,0.2214
2,"CGa","est",430,0.1817,0.0429,0.2246
2,"CGa","est",431,0.144,0.1736,0.3176
2,"CGa","est",432,0.1641,0.0199,0.184
2,"CGa","est",433,0.162,0.083,0.245
2,"CGa","est",434,0.2217,0.0222,0.2439
2,"CGa","est",435,0.2322,0.0848,0.317
2,"CGa","est",436,0.1668,0.0755,0.2423
2,"CGa","est",437,0.287,0.1083,0.3953
2,"CGa","est",438,0.149,0.1312,0.2802
2,"CGa","est",439,0.1947,0.1303,0.325
2,"CGa","est",440,0.2072,0.12,0.3272
2,"CGa","est",441,0.2935,0.1163,0.4098
2,"CGa","est",442,0.218,0.1005,0.3185
2,"CGa","est",443,0.1796,0.1701,0.3497
2,"CGa","est",444,0.2436,0.1133,0.3569
2,"CGa","est",445,0.0391,0.0818,0.1209
2,"CGa","est",446,0.2475,0.1771,0.4246
2,"CGa","est",447,0.0666,0.1316,0.1982
2,"CGa","est",448,0.1714,0.0227,0.1941
2,"CGa","est",449,0.1917,0.1494,0.3411
2,"CGa","est",450,0.158,-0.0516,0.1064
2,"CGa","est",451,0.2829,-0.0778,0.2051
2,"CGa","est",452,0.2598,0.1288,0.3886
2,"CGa","est",453,0.084,0.1072,0.1912
2,"CGa","est",454,0.2424,0.1384,0.3808
2,"CGa","est",455,0.2204,-0.0482,0.1722
2,"CGa","est",456,0.3065,-0.0178,0.2887
2,"CGa","est",457,0.1543,0.0346,0.1889
2,"CGa","est",458,0.2784,0.1182,0.3966
2,"CGa","est",459,0.0747,0.133,0.2077
2,"CGa","est",460,0.1909,0.0511,0.242
2,"CGa","est",461,0.1047,0.052,0.1567
2,"CGa","est",462,0.0649,0.1927,0.2576
2,"CGa","est",463,0.2248,0.0146,0.2394
2,"CGa","est",464,0.1963,0.0849,0.2812
2,"CGa","est",465,0.2146,0.0808,0.2954
2,"CGa","est",466,0.1424,0.1139,0.2563
2,"CGa","est",467,-0.0175,-0.1112,-0.1287
2,"CGa","est",468,0.1043,0.0117,0.116
2,"CGa","est",469,0.226,0.0333,0.2593
2,"CGa","est",470,0.1337,0.0368,0.1705
2,"CGa","est",471,0.2459,-0.0202,0.2257
2,"CGa","est",472,0.1127,0.0855,0.1982
2,"CGa","est",473,0.1404,0.0723,0.2127
2,"CGa","est",474,0.24,0.1025,0.3425
2,"CGa","est",475,0.1315,0.1359,0.2674
2,"CGa","est",476,0.1784,0.0141,0.1925
2,"CGa","est",477,0.159,0.0611,0.2201
2,"CGa","est",478,0.2597,0.0469,0.3066
2,"CGa","est",479,0.216,0.1708,0.3868
2,"CGa","est",480,0.1977,0.098,0.2957
2,"CGa","est",481,0.2307,0.1161,0.3468
2,"CGa","est",482,0.2151,-0.0385,0.1766
2,"CGa","est",483,0.2999,-0.0641,0.2358
2,"CGa","est",484,0.1453,0.0907,0.236
2,"CGa","est",485,0.1664,0.1798,0.3462
2,"CGa","est",486,0.1933,-0.0385,0.1548
2,"CGa","est",487,0.1965,0.0039,0.2004
2,"CGa","est",488,0.1997,0.1719,0.3716
2,"CGa","est",489,0.1612,0.0834,0.2446
2,"CGa","est",490,0.2546,-0.0118,0.2428
2,"CGa","est",491,0.1583,-0.0269,0.1314
2,"CGa","est",492,0.2361,0.1078,0.3439
2,"CGa","est",493,0.1551,-0.1083,0.0468
2,"CGa","est",494,0.2245,-0.0437,0.1808
2,"CGa","est",495,0.1763,-0.01,0.1663
2,"CGa","est",496,0.2342,0.1415,0.3757
2,"CGa","est",497,0.1899,0.1847,0.3746
2,"CGa","est",498,0.1632,0.0471,0.2103
2,"CGa","est",499,0.0137,0.0162,0.0299
2,"CGa","est",500,0.237,0.016,0.253
2,"CGa","true",1,0.0932,0.3752,0.4684
2,"CGa","true",2,0.1031,0.4022,0.5053
2,"CGa","true",3,0.0926,0.3801,0.4727
2,"CGa","true",4,0.0995,0.3734,0.4729
2,"CGa","true",5,0.0929,0.3939,0.4868
2,"CGa","true",6,0.1032,0.3843,0.4875
2,"CGa","true",7,0.095,0.3875,0.4825
2,"CGa","true",8,0.0946,0.3838,0.4784
2,"CGa","true",9,0.0973,0.3921,0.4894
2,"CGa","true",10,0.0933,0.3831,0.4764
2,"CGa","true",11,0.1094,0.3743,0.4837
2,"CGa","true",12,0.1002,0.3764,0.4766
2,"CGa","true",13,0.0906,0.3859,0.4765
2,"CGa","true",14,0.0973,0.3913,0.4886
2,"CGa","true",15,0.0993,0.3889,0.4882
2,"CGa","true",16,0.1052,0.3741,0.4793
2,"CGa","true",17,0.0949,0.3906,0.4855
2,"CGa","true",18,0.1046,0.3788,0.4834
2,"CGa","true",19,0.0985,0.3823,0.4808
2,"CGa","true",20,0.0884,0.3951,0.4835
2,"CGa","true",21,0.0984,0.3929,0.4913
2,"CGa","true",22,0.0966,0.3844,0.481
2,"CGa","true",23,0.0939,0.3988,0.4927
2,"CGa","true",24,0.1025,0.387,0.4895
2,"CGa","true",25,0.1026,0.3791,0.4817
2,"CGa","true",26,0.1009,0.3836,0.4845
2,"CGa","true",27,0.094,0.3911,0.4851
2,"CGa","true",28,0.0982,0.3806,0.4788
2,"CGa","true",29,0.1034,0.3829,0.4863
2,"CGa","true",30,0.0974,0.3977,0.4951
2,"CGa","true",31,0.0999,0.3913,0.4912
2,"CGa","true",32,0.1021,0.3769,0.479
2,"CGa","true",33,0.0945,0.3849,0.4794
2,"CGa","true",34,0.0947,0.3938,0.4885
2,"CGa","true",35,0.104,0.3829,0.4869
2,"CGa","true",36,0.1071,0.3862,0.4933
2,"CGa","true",37,0.1042,0.382,0.4862
2,"CGa","true",38,0.0906,0.3956,0.4862
2,"CGa","true",39,0.1017,0.3812,0.4829
2,"CGa","true",40,0.0976,0.3768,0.4744
2,"CGa","true",41,0.0987,0.3803,0.479
2,"CGa","true",42,0.09,0.389,0.479
2,"CGa","true",43,0.0966,0.3911,0.4877
2,"CGa","true",44,0.0846,0.3951,0.4797
2,"CGa","true",45,0.0963,0.3808,0.4771
2,"CGa","true",46,0.0963,0.3845,0.4808
2,"CGa","true",47,0.096,0.3978,0.4938
2,"CGa","true",48,0.1003,0.386,0.4863
2,"CGa","true",49,0.1023,0.3833,0.4856
2,"CGa","true",50,0.1014,0.4035,0.5049
2,"CGa","true",51,0.0971,0.3929,0.49
2,"CGa","true",52,0.0963,0.3852,0.4815
2,"CGa","true",53,0.096,0.395,0.491
2,"CGa","true",54,0.0986,0.3865,0.4851
2,"CGa","true",55,0.1035,0.3875,0.491
2,"CGa","true",56,0.0915,0.3876,0.4791
2,"CGa","true",57,0.094,0.3912,0.4852
2,"CGa","true",58,0.1028,0.3871,0.4899
2,"CGa","true",59,0.1033,0.382,0.4853
2,"CGa","true",60,0.0991,0.3738,0.4729
2,"CGa","true",61,0.1019,0.3745,0.4764
2,"CGa","true",62,0.0876,0.393,0.4806
2,"CGa","true",63,0.0968,0.3921,0.4889
2,"CGa","true",64,0.1034,0.3829,0.4863
2,"CGa","true",65,0.1023,0.3756,0.4779
2,"CGa","true",66,0.1027,0.3725,0.4752
2,"CGa","true",67,0.0862,0.3962,0.4824
2,"CGa","true",68,0.0932,0.3966,0.4898
2,"CGa","true",69,0.0936,0.3745,0.4681
2,"CGa","true",70,0.0899,0.3766,0.4665
2,"CGa","true",71,0.0917,0.3871,0.4788
2,"CGa","true",72,0.0987,0.3959,0.4946
2,"CGa","true",73,0.0955,0.3886,0.4841
2,"CGa","true",74,0.0952,0.3735,0.4687
2,"CGa","true",75,0.1025,0.3882,0.4907
2,"CGa","true",76,0.0982,0.3796,0.4778
2,"CGa","true",77,0.1023,0.3872,0.4895
2,"CGa","true",78,0.0912,0.3874,0.4786
2,"CGa","true",79,0.0914,0.3931,0.4845
2,"CGa","true",80,0.0986,0.3909,0.4895
2,"CGa","true",81,0.1084,0.3716,0.48
2,"CGa","true",82,0.0937,0.3965,0.4902
2,"CGa","true",83,0.09,0.3857,0.4757
2,"CGa","true",84,0.0907,0.3948,0.4855
2,"CGa","true",85,0.1015,0.3791,0.4806
2,"CGa","true",86,0.1021,0.3909,0.493
2,"CGa","true",87,0.1052,0.3898,0.495
2,"CGa","true",88,0.0852,0.3943,0.4795
2,"CGa","true",89,0.0881,0.3977,0.4858
2,"CGa","true",90,0.1002,0.3866,0.4868
2,"CGa","true",91,0.1066,0.3756,0.4822
2,"CGa","true",92,0.0982,0.3977,0.4959
2,"CGa","true",93,0.0955,0.3855,0.481
2,"CGa","true",94,0.095,0.3977,0.4927
2,"CGa","true",95,0.102,0.3735,0.4755
2,"CGa","true",96,0.0985,0.3872,0.4857
2,"CGa","true",97,0.094,0.3797,0.4737
2,"CGa","true",98,0.1001,0.397,0.4971
2,"CGa","true",99,0.1061,0.3831,0.4892
2,"CGa","true",100,0.1113,0.3761,0.4874
2,"CGa","true",101,0.096,0.3888,0.4848
2,"CGa","true",102,0.0964,0.3874,0.4838
2,"CGa","true",103,0.097,0.3826,0.4796
2,"CGa","true",104,0.0921,0.3931,0.4852
2,"CGa","true",105,0.1016,0.3911,0.4927
2,"CGa","true",106,0.0892,0.3917,0.4809
2,"CGa","true",107,0.0857,0.3854,0.4711
2,"CGa","true",108,0.1008,0.3809,0.4817
2,"CGa","true",109,0.1047,0.3753,0.48
2,"CGa","true",110,0.1028,0.3904,0.4932
2,"CGa","true",111,0.1052,0.3792,0.4844
2,"CGa","true",112,0.0935,0.3835,0.477
2,"CGa","true",113,0.0971,0.3894,0.4865
2,"CGa","true",114,0.0963,0.3735,0.4698
2,"CGa","true",115,0.1037,0.3857,0.4894
2,"CGa","true",116,0.1044,0.3856,0.49
2,"CGa","true",117,0.0954,0.3927,0.4881
2,"CGa","true",118,0.0926,0.3948,0.4874
2,"CGa","true",119,0.0966,0.3947,0.4913
2,"CGa","true",120,0.0986,0.3952,0.4938
2,"CGa","true",121,0.1008,0.3862,0.487
2,"CGa","true",122,0.1106,0.3876,0.4982
2,"CGa","true",123,0.0941,0.3974,0.4915
2,"CGa","true",124,0.0968,0.398,0.4948
2,"CGa","true",125,0.0958,0.3898,0.4856
2,"CGa","true",126,0.0935,0.3814,0.4749
2,"CGa","true",127,0.0877,0.4018,0.4895
2,"CGa","true",128,0.0975,0.3812,0.4787
2,"CGa","true",129,0.0961,0.3739,0.47
2,"CGa","true",130,0.1017,0.3882,0.4899
2,"CGa","true",131,0.0974,0.3856,0.483
2,"CGa","true",132,0.0994,0.3804,0.4798
2,"CGa","true",133,0.0988,0.3836,0.4824
2,"CGa","true",134,0.1034,0.3792,0.4826
2,"CGa","true",135,0.0867,0.4016,0.4883
2,"CGa","true",136,0.1058,0.3772,0.483
2,"CGa","true",137,0.0999,0.3772,0.4771
2,"CGa","true",138,0.0903,0.3862,0.4765
2,"CGa","true",139,0.0983,0.3932,0.4915
2,"CGa","true",140,0.0996,0.3909,0.4905
2,"CGa","true",141,0.0913,0.3893,0.4806
2,"CGa","true",142,0.0966,0.3923,0.4889
2,"CGa","true",143,0.0897,0.3954,0.4851
2,"CGa","true",144,0.1015,0.3851,0.4866
2,"CGa","true",145,0.0902,0.3853,0.4755
2,"CGa","true",146,0.0916,0.4041,0.4957
2,"CGa","true",147,0.0979,0.3907,0.4886
2,"CGa","true",148,0.099,0.3861,0.4851
2,"CGa","true",149,0.1045,0.371,0.4755
2,"CGa","true",150,0.1009,0.3913,0.4922
2,"CGa","true",151,0.0907,0.3862,0.4769
2,"CGa","true",152,0.0975,0.3742,0.4717
2,"CGa","true",153,0.0955,0.3933,0.4888
2,"CGa","true",154,0.0998,0.3993,0.4991
2,"CGa","true",155,0.0983,0.3857,0.484
2,"CGa","true",156,0.097,0.3939,0.4909
2,"CGa","true",157,0.097,0.3933,0.4903
2,"CGa","true",158,0.0906,0.3823,0.4729
2,"CGa","true",159,0.0899,0.3922,0.4821
2,"CGa","true",160,0.0915,0.3914,0.4829
2,"CGa","true",161,0.0912,0.3854,0.4766
2,"CGa","true",162,0.0868,0.3975,0.4843
2,"CGa","true",163,0.0985,0.3783,0.4768
2,"CGa","true",164,0.1039,0.3846,0.4885
2,"CGa","true",165,0.0838,0.4032,0.487
2,"CGa","true",166,0.0945,0.3897,0.4842
2,"CGa","true",167,0.0899,0.3951,0.485
2,"CGa","true",168,0.1007,0.3843,0.485
2,"CGa","true",169,0.102,0.3792,0.4812
2,"CGa","true",170,0.1005,0.3935,0.494
2,"CGa","true",171,0.0972,0.3751,0.4723
2,"CGa","true",172,0.1024,0.3903,0.4927
2,"CGa","true",173,0.099,0.3843,0.4833
2,"CGa","true",174,0.0956,0.3905,0.4861
2,"CGa","true",175,0.0985,0.3866,0.4851
2,"CGa","true",176,0.097,0.3874,0.4844
2,"CGa","true",177,0.1012,0.3865,0.4877
2,"CGa","true",178,0.1046,0.3758,0.4804
2,"CGa","true",179,0.0983,0.3823,0.4806
2,"CGa","true",180,0.0906,0.3943,0.4849
2,"CGa","true",181,0.0986,0.3969,0.4955
2,"CGa","true",182,0.0945,0.3898,0.4843
2,"CGa","true",183,0.0914,0.3805,0.4719
2,"CGa","true",184,0.0895,0.3832,0.4727
2,"CGa","true",185,0.0961,0.3752,0.4713
2,"CGa","true",186,0.0954,0.3829,0.4783
2,"CGa","true",187,0.0971,0.3934,0.4905
2,"CGa","true",188,0.0953,0.394,0.4893
2,"CGa","true",189,0.1044,0.3767,0.4811
2,"CGa","true",190,0.0907,0.3756,0.4663
2,"CGa","true",191,0.1046,0.3757,0.4803
2,"CGa","true",192,0.0938,0.3949,0.4887
2,"CGa","true",193,0.1028,0.3869,0.4897
2,"CGa","true",194,0.1035,0.3742,0.4777
2,"CGa","true",195,0.1079,0.3776,0.4855
2,"CGa","true",196,0.088,0.4017,0.4897
2,"CGa","true",197,0.1056,0.3855,0.4911
2,"CGa","true",198,0.0977,0.3789,0.4766
2,"CGa","true",199,0.0956,0.3933,0.4889
2,"CGa","true",200,0.0985,0.4001,0.4986
2,"CGa","true",201,0.1015,0.3927,0.4942
2,"CGa","true",202,0.0963,0.3919,0.4882
2,"CGa","true",203,0.098,0.3922,0.4902
2,"CGa","true",204,0.0948,0.3879,0.4827
2,"CGa","true",205,0.0981,0.3896,0.4877
2,"CGa","true",206,0.0997,0.3817,0.4814
2,"CGa","true",207,0.0984,0.3865,0.4849
2,"CGa","true",208,0.0958,0.3834,0.4792
2,"CGa","true",209,0.1028,0.384,0.4868
2,"CGa","true",210,0.1,0.3754,0.4754
2,"CGa","true",211,0.0982,0.3804,0.4786
2,"CGa","true",212,0.0853,0.3966,0.4819
2,"CGa","true",213,0.0952,0.3821,0.4773
2,"CGa","true",214,0.1048,0.3798,0.4846
2,"CGa","true",215,0.0993,0.4012,0.5005
2,"CGa","true",216,0.0942,0.3801,0.4743
2,"CGa","true",217,0.1055,0.3824,0.4879
2,"CGa","true",218,0.0893,0.3853,0.4746
2,"CGa","true",219,0.1078,0.3825,0.4903
2,"CGa","true",220,0.0917,0.3883,0.48
2,"CGa","true",221,0.0925,0.3865,0.479
2,"CGa","true",222,0.104,0.3736,0.4776
2,"CGa","true",223,0.103,0.3796,0.4826
2,"CGa","true",224,0.0992,0.3754,0.4746
2,"CGa","true",225,0.0949,0.3772,0.4721
2,"CGa","true",226,0.0924,0.4008,0.4932
2,"CGa","true",227,0.1059,0.38,0.4859
2,"CGa","true",228,0.1049,0.383,0.4879
2,"CGa","true",229,0.0998,0.3853,0.4851
2,"CGa","true",230,0.1024,0.3866,0.489
2,"CGa","true",231,0.0986,0.3938,0.4924
2,"CGa","true",232,0.0933,0.39,0.4833
2,"CGa","true",233,0.102,0.3946,0.4966
2,"CGa","true",234,0.0982,0.3942,0.4924
2,"CGa","true",235,0.1043,0.3789,0.4832
2,"CGa","true",236,0.0971,0.3875,0.4846
2,"CGa","true",237,0.0974,0.3882,0.4856
2,"CGa","true",238,0.1073,0.3734,0.4807
2,"CGa","true",239,0.1018,0.3844,0.4862
2,"CGa","true",240,0.1023,0.3791,0.4814
2,"CGa","true",241,0.1024,0.3869,0.4893
2,"CGa","true",242,0.1005,0.38,0.4805
2,"CGa","true",243,0.0993,0.3878,0.4871
2,"CGa","true",244,0.0992,0.3856,0.4848
2,"CGa","true",245,0.0974,0.3803,0.4777
2,"CGa","true",246,0.1014,0.3848,0.4862
2,"CGa","true",247,0.101,0.3804,0.4814
2,"CGa","true",248,0.0986,0.3855,0.4841
2,"CGa","true",249,0.0922,0.3929,0.4851
2,"CGa","true",250,0.0992,0.3785,0.4777
2,"CGa","true",251,0.0993,0.3946,0.4939
2,"CGa","true",252,0.0948,0.3846,0.4794
2,"CGa","true",253,0.1003,0.39,0.4903
2,"CGa","true",254,0.1045,0.3897,0.4942
2,"CGa","true",255,0.0906,0.3918,0.4824
2,"CGa","true",256,0.097,0.4041,0.5011
2,"CGa","true",257,0.0959,0.3792,0.4751
2,"CGa","true",258,0.0965,0.3704,0.4669
2,"CGa","true",259,0.0857,0.3883,0.474
2,"CGa","true",260,0.0983,0.3866,0.4849
2,"CGa","true",261,0.0927,0.3807,0.4734
2,"CGa","true",262,0.1086,0.3727,0.4813
2,"CGa","true",263,0.0873,0.3897,0.477
2,"CGa","true",264,0.096,0.3828,0.4788
2,"CGa","true",265,0.0915,0.3964,0.4879
2,"CGa","true",266,0.0947,0.3772,0.4719
2,"CGa","true",267,0.1037,0.3804,0.4841
2,"CGa","true",268,0.1051,0.382,0.4871
2,"CGa","true",269,0.0999,0.3913,0.4912
2,"CGa","true",270,0.1027,0.3859,0.4886
2,"CGa","true",271,0.0942,0.3832,0.4774
2,"CGa","true",272,0.1073,0.3849,0.4922
2,"CGa","true",273,0.1017,0.3867,0.4884
2,"CGa","true",274,0.1023,0.3708,0.4731
2,"CGa","true",275,0.0947,0.3917,0.4864
2,"CGa","true",276,0.0979,0.3832,0.4811
2,"CGa","true",277,0.0949,0.3934,0.4883
2,"CGa","true",278,0.0911,0.3804,0.4715
2,"CGa","true",279,0.1022,0.3816,0.4838
2,"CGa","true",280,0.1014,0.3838,0.4852
2,"CGa","true",281,0.0979,0.3771,0.475
2,"CGa","true",282,0.0967,0.3922,0.4889
2,"CGa","true",283,0.1024,0.3887,0.4911
2,"CGa","true",284,0.1011,0.3933,0.4944
2,"CGa","true",285,0.0961,0.4002,0.4963
2,"CGa","true",286,0.1007,0.3876,0.4883
2,"CGa","true",287,0.1007,0.3779,0.4786
2,"CGa","true",288,0.0982,0.3715,0.4697
2,"CGa","true",289,0.0904,0.377,0.4674
2,"CGa","true",290,0.0968,0.3867,0.4835
2,"CGa","true",291,0.1013,0.3799,0.4812
2,"CGa","true",292,0.1042,0.3853,0.4895
2,"CGa","true",293,0.097,0.3892,0.4862
2,"CGa","true",294,0.1082,0.3786,0.4868
2,"CGa","true",295,0.1009,0.3859,0.4868
2,"CGa","true",296,0.0966,0.3935,0.4901
2,"CGa","true",297,0.0986,0.3878,0.4864
2,"CGa","true",298,0.1046,0.3772,0.4818
2,"CGa","true",299,0.1035,0.3789,0.4824
2,"CGa","true",300,0.1135,0.3753,0.4888
2,"CGa","true",301,0.099,0.3861,0.4851
2,"CGa","true",302,0.1031,0.3658,0.4689
2,"CGa","true",303,0.0902,0.3858,0.476
2,"CGa","true",304,0.0991,0.4004,0.4995
2,"CGa","true",305,0.0978,0.4008,0.4986
2,"CGa","true",306,0.0976,0.3807,0.4783
2,"CGa","true",307,0.1056,0.3754,0.481
2,"CGa","true",308,0.0897,0.3916,0.4813
2,"CGa","true",309,0.0955,0.399,0.4945
2,"CGa","true",310,0.1028,0.3889,0.4917
2,"CGa","true",311,0.1001,0.3817,0.4818
2,"CGa","true",312,0.1014,0.3837,0.4851
2,"CGa","true",313,0.0974,0.3857,0.4831
2,"CGa","true",314,0.0993,0.3841,0.4834
2,"CGa","true",315,0.0972,0.3847,0.4819
2,"CGa","true",316,0.1048,0.3906,0.4954
2,"CGa","true",317,0.101,0.3834,0.4844
2,"CGa","true",318,0.0943,0.3911,0.4854
2,"CGa","true",319,0.0966,0.385,0.4816
2,"CGa","true",320,0.0991,0.3938,0.4929
2,"CGa","true",321,0.0997,0.3941,0.4938
2,"CGa","true",322,0.1041,0.399,0.5031
2,"CGa","true",323,0.1022,0.3771,0.4793
2,"CGa","true",324,0.1011,0.3868,0.4879
2,"CGa","true",325,0.098,0.3854,0.4834
2,"CGa","true",326,0.0991,0.3829,0.482
2,"CGa","true",327,0.1082,0.3626,0.4708
2,"CGa","true",328,0.1001,0.3771,0.4772
2,"CGa","true",329,0.1005,0.3885,0.489
2,"CGa","true",330,0.0978,0.3809,0.4787
2,"CGa","true",331,0.0995,0.3933,0.4928
2,"CGa","true",332,0.0892,0.3901,0.4793
2,"CGa","true",333,0.0945,0.3999,0.4944
2,"CGa","true",334,0.0921,0.3789,0.471
2,"CGa","true",335,0.1049,0.3932,0.4981
2,"CGa","true",336,0.0966,0.3881,0.4847
2,"CGa","true",337,0.0954,0.378,0.4734
2,"CGa","true",338,0.0929,0.3879,0.4808
2,"CGa","true",339,0.1046,0.3923,0.4969
2,"CGa","true",340,0.1008,0.3933,0.4941
2,"CGa","true",341,0.0932,0.3912,0.4844
2,"CGa","true",342,0.0962,0.3913,0.4875
2,"CGa","true",343,0.0972,0.379,0.4762
2,"CGa","true",344,0.0958,0.3846,0.4804
2,"CGa","true",345,0.0996,0.3789,0.4785
2,"CGa","true",346,0.092,0.3994,0.4914
2,"CGa","true",347,0.1058,0.3864,0.4922
2,"CGa","true",348,0.094,0.402,0.496
2,"CGa","true",349,0.0923,0.39,0.4823
2,"CGa","true",350,0.0994,0.3931,0.4925
2,"CGa","true",351,0.1022,0.3997,0.5019
2,"CGa","true",352,0.0951,0.392,0.4871
2,"CGa","true",353,0.1031,0.3873,0.4904
2,"CGa","true",354,0.0971,0.3939,0.491
2,"CGa","true",355,0.1047,0.3905,0.4952
2,"CGa","true",356,0.0929,0.3852,0.4781
2,"CGa","true",357,0.0935,0.397,0.4905
2,"CGa","true",358,0.0996,0.391,0.4906
2,"CGa","true",359,0.09,0.3985,0.4885
2,"CGa","true",360,0.0974,0.3871,0.4845
2,"CGa","true",361,0.1009,0.3954,0.4963
2,"CGa","true",362,0.1015,0.386,0.4875
2,"CGa","true",363,0.0985,0.3794,0.4779
2,"CGa","true",364,0.1045,0.3744,0.4789
2,"CGa","true",365,0.0943,0.3908,0.4851
2,"CGa","true",366,0.0925,0.3793,0.4718
2,"CGa","true",367,0.0943,0.3867,0.481
2,"CGa","true",368,0.1041,0.379,0.4831
2,"CGa","true",369,0.0967,0.3857,0.4824
2,"CGa","true",370,0.1001,0.3868,0.4869
2,"CGa","true",371,0.105,0.3957,0.5007
2,"CGa","true",372,0.1031,0.3806,0.4837
2,"CGa","true",373,0.1014,0.4002,0.5016
2,"CGa","true",374,0.0925,0.3907,0.4832
2,"CGa","true",375,0.0964,0.3992,0.4956
2,"CGa","true",376,0.0879,0.3922,0.4801
2,"CGa","true",377,0.1044,0.3712,0.4756
2,"CGa","true",378,0.0934,0.3927,0.4861
2,"CGa","true",379,0.096,0.3852,0.4812
2,"CGa","true",380,0.1007,0.3794,0.4801
2,"CGa","true",381,0.099,0.3814,0.4804
2,"CGa","true",382,0.0923,0.3877,0.48
2,"CGa","true",383,0.0942,0.3952,0.4894
2,"CGa","true",384,0.0933,0.3905,0.4838
2,"CGa","true",385,0.0928,0.3944,0.4872
2,"CGa","true",386,0.0983,0.3948,0.4931
2,"CGa","true",387,0.0995,0.3954,0.4949
2,"CGa","true",388,0.1059,0.3839,0.4898
2,"CGa","true",389,0.103,0.385,0.488
2,"CGa","true",390,0.0936,0.3936,0.4872
2,"CGa","true",391,0.0971,0.3832,0.4803
2,"CGa","true",392,0.0994,0.3945,0.4939
2,"CGa","true",393,0.0949,0.3909,0.4858
2,"CGa","true",394,0.1069,0.3869,0.4938
2,"CGa","true",395,0.0959,0.3881,0.484
2,"CGa","true",396,0.0943,0.3845,0.4788
2,"CGa","true",397,0.0931,0.3971,0.4902
2,"CGa","true",398,0.1003,0.3966,0.4969
2,"CGa","true",399,0.0939,0.4011,0.495
2,"CGa","true",400,0.1034,0.3804,0.4838
2,"CGa","true",401,0.0973,0.3855,0.4828
2,"CGa","true",402,0.091,0.3994,0.4904
2,"CGa","true",403,0.0939,0.4026,0.4965
2,"CGa","true",404,0.102,0.3835,0.4855
2,"CGa","true",405,0.096,0.3908,0.4868
2,"CGa","true",406,0.0959,0.3929,0.4888
2,"CGa","true",407,0.0942,0.3936,0.4878
2,"CGa","true",408,0.1057,0.371,0.4767
2,"CGa","true",409,0.0995,0.3797,0.4792
2,"CGa","true",410,0.0959,0.3796,0.4755
2,"CGa","true",411,0.0905,0.4038,0.4943
2,"CGa","true",412,0.097,0.3871,0.4841
2,"CGa","true",413,0.0976,0.3798,0.4774
2,"CGa","true",414,0.1003,0.3934,0.4937
2,"CGa","true",415,0.1007,0.3786,0.4793
2,"CGa","true",416,0.1047,0.3877,0.4924
2,"CGa","true",417,0.0951,0.3797,0.4748
2,"CGa","true",418,0.0968,0.3813,0.4781
2,"CGa","true",419,0.0879,0.3828,0.4707
2,"CGa","true",420,0.0959,0.3816,0.4775
2,"CGa","true",421,0.1077,0.3865,0.4942
2,"CGa","true",422,0.1005,0.3871,0.4876
2,"CGa","true",423,0.0934,0.3776,0.471
2,"CGa","true",424,0.0923,0.3868,0.4791
2,"CGa","true",425,0.1004,0.3767,0.4771
2,"CGa","true",426,0.092,0.3876,0.4796
2,"CGa","true",427,0.1011,0.3831,0.4842
2,"CGa","true",428,0.0882,0.4083,0.4965
2,"CGa","true",429,0.0988,0.3848,0.4836
2,"CGa","true",430,0.0955,0.3853,0.4808
2,"CGa","true",431,0.0963,0.3851,0.4814
2,"CGa","true",432,0.0895,0.3936,0.4831
2,"CGa","true",433,0.1058,0.385,0.4908
2,"CGa","true",434,0.0931,0.3914,0.4845
2,"CGa","true",435,0.0996,0.3702,0.4698
2,"CGa","true",436,0.0917,0.3895,0.4812
2,"CGa","true",437,0.0974,0.3844,0.4818
2,"CGa","true",438,0.0964,0.3912,0.4876
2,"CGa","true",439,0.0977,0.395,0.4927
2,"CGa","true",440,0.1044,0.3884,0.4928
2,"CGa","true",441,0.099,0.3871,0.4861
2,"CGa","true",442,0.0976,0.3778,0.4754
2,"CGa","true",443,0.0939,0.3876,0.4815
2,"CGa","true",444,0.0966,0.3901,0.4867
2,"CGa","true",445,0.095,0.3975,0.4925
2,"CGa","true",446,0.1035,0.3682,0.4717
2,"CGa","true",447,0.0951,0.3829,0.478
2,"CGa","true",448,0.0875,0.3885,0.476
2,"CGa","true",449,0.0976,0.3941,0.4917
2,"CGa","true",450,0.0905,0.395,0.4855
2,"CGa","true",451,0.1017,0.3738,0.4755
2,"CGa","true",452,0.0893,0.3948,0.4841
2,"CGa","true",453,0.0988,0.3926,0.4914
2,"CGa","true",454,0.099,0.3913,0.4903
2,"CGa","true",455,0.1007,0.3891,0.4898
2,"CGa","true",456,0.0981,0.3812,0.4793
2,"CGa","true",457,0.1038,0.3829,0.4867
2,"CGa","true",458,0.0913,0.393,0.4843
2,"CGa","true",459,0.0984,0.3926,0.491
2,"CGa","true",460,0.0957,0.3967,0.4924
2,"CGa","true",461,0.1004,0.3866,0.487
2,"CGa","true",462,0.0983,0.3874,0.4857
2,"CGa","true",463,0.1048,0.3863,0.4911
2,"CGa","true",464,0.0972,0.3999,0.4971
2,"CGa","true",465,0.0928,0.3833,0.4761
2,"CGa","true",466,0.0864,0.3925,0.4789
2,"CGa","true",467,0.0956,0.3946,0.4902
2,"CGa","true",468,0.0964,0.3818,0.4782
2,"CGa","true",469,0.095,0.3858,0.4808
2,"CGa","true",470,0.1086,0.3919,0.5005
2,"CGa","true",471,0.0922,0.3945,0.4867
2,"CGa","true",472,0.103,0.3921,0.4951
2,"CGa","true",473,0.1012,0.3835,0.4847
2,"CGa","true",474,0.0986,0.3835,0.4821
2,"CGa","true",475,0.0925,0.3884,0.4809
2,"CGa","true",476,0.1012,0.3804,0.4816
2,"CGa","true",477,0.1016,0.3747,0.4763
2,"CGa","true",478,0.0957,0.3926,0.4883
2,"CGa","true",479,0.096,0.3829,0.4789
2,"CGa","true",480,0.0981,0.3946,0.4927
2,"CGa","true",481,0.0963,0.3828,0.4791
2,"CGa","true",482,0.0969,0.3774,0.4743
2,"CGa","true",483,0.1104,0.38,0.4904
2,"CGa","true",484,0.0989,0.3722,0.4711
2,"CGa","true",485,0.1028,0.3882,0.491
2,"CGa","true",486,0.0927,0.3951,0.4878
2,"CGa","true",487,0.089,0.3852,0.4742
2,"CGa","true",488,0.1069,0.3763,0.4832
2,"CGa","true",489,0.1005,0.3795,0.48
2,"CGa","true",490,0.0908,0.3839,0.4747
2,"CGa","true",491,0.0921,0.3895,0.4816
2,"CGa","true",492,0.0904,0.3815,0.4719
2,"CGa","true",493,0.0947,0.3862,0.4809
2,"CGa","true",494,0.105,0.382,0.487
2,"CGa","true",495,0.0954,0.3821,0.4775
2,"CGa","true",496,0.0962,0.3854,0.4816
2,"CGa","true",497,0.1033,0.3772,0.4805
2,"CGa","true",498,0.0951,0.3844,0.4795
2,"CGa","true",499,0.0866,0.3954,0.482
2,"CGa","true",500,0.0967,0.3833,0.48
2,"CGb","est",1,0.1261,0.0282,0.1543
2,"CGb","est",2,0.1091,0.0547,0.1638
2,"CGb","est",3,0.1103,0.1147,0.225
2,"CGb","est",4,0.2139,0.0448,0.2587
2,"CGb","est",5,0.0824,0.1303,0.2127
2,"CGb","est",6,0.1918,0.1271,0.3189
2,"CGb","est",7,0.1808,0.0539,0.2347
2,"CGb","est",8,0.1934,0.0515,0.2449
2,"CGb","est",9,0.0498,0.0916,0.1414
2,"CGb","est",10,0.1475,0.0644,0.2119
2,"CGb","est",11,0.2054,0.083,0.2884
2,"CGb","est",12,0.2253,0.073,0.2983
2,"CGb","est",13,0.3148,0.0765,0.3913
2,"CGb","est",14,0.1858,0.0488,0.2346
2,"CGb","est",15,0.1449,0.035,0.1799
2,"CGb","est",16,0.0289,0.0756,0.1045
2,"CGb","est",17,0.127,0.0741,0.2011
2,"CGb","est",18,0.1846,0.0719,0.2565
2,"CGb","est",19,0.2239,0.012,0.2359
2,"CGb","est",20,0.1831,0.0251,0.2082
2,"CGb","est",21,0.2098,0.0729,0.2827
2,"CGb","est",22,0.1831,0.1128,0.2959
2,"CGb","est",23,0.2985,0.0491,0.3476
2,"CGb","est",24,0.088,0.0698,0.1578
2,"CGb","est",25,0.1667,0.0556,0.2223
2,"CGb","est",26,0.2858,0.1013,0.3871
2,"CGb","est",27,0.2869,0.056,0.3429
2,"CGb","est",28,0.0136,0.0557,0.0693
2,"CGb","est",29,0.2139,0.0218,0.2357
2,"CGb","est",30,0.1139,0.1056,0.2195
2,"CGb","est",31,0.223,0.0598,0.2828
2,"CGb","est",32,0.2026,0.1177,0.3203
2,"CGb","est",33,0.2921,0.0769,0.369
2,"CGb","est",34,0.2007,0.0902,0.2909
2,"CGb","est",35,0.2492,0.0713,0.3205
2,"CGb","est",36,0.1281,0.0874,0.2155
2,"CGb","est",37,0.2395,0.112,0.3515
2,"CGb","est",38,0.2166,0.1139,0.3305
2,"CGb","est",39,0.0746,0.1024,0.177
2,"CGb","est",40,0.1075,0.0667,0.1742
2,"CGb","est",41,0.1332,0.1143,0.2475
2,"CGb","est",42,0.162,0.0274,0.1894
2,"CGb","est",43,0.0634,0.0648,0.1282
2,"CGb","est",44,0.2032,0.0965,0.2997
2,"CGb","est",45,0.3104,0.0557,0.3661
2,"CGb","est",46,0.1424,0.092,0.2344
2,"CGb","est",47,0.229,0.0626,0.2916
2,"CGb","est",48,0.2751,0.0088,0.2839
2,"CGb","est",49,0.2911,0.0193,0.3104
2,"CGb","est",50,0.3012,0.0749,0.3761
2,"CGb","est",51,0.1272,0.0546,0.1818
2,"CGb","est",52,0.1608,0.0671,0.2279
2,"CGb","est",53,0.1432,0.0463,0.1895
2,"CGb","est",54,0.1771,0.079,0.2561
2,"CGb","est",55,0.1952,0.102,0.2972
2,"CGb","est",56,0.178,0.0875,0.2655
2,"CGb","est",57,0.2012,0.0286,0.2298
2,"CGb","est",58,0.1395,-0.0059,0.1336
2,"CGb","est",59,0.1536,0.0921,0.2457
2,"CGb","est",60,0.1944,0.0903,0.2847
2,"CGb","est",61,0.2506,0.1066,0.3572
2,"CGb","est",62,0.2565,0.0726,0.3291
2,"CGb","est",63,0.1462,0.117,0.2632
2,"CGb","est",64,0.0769,0.0611,0.138
2,"CGb","est",65,0.3531,0.06,0.4131
2,"CGb","est",66,0.1886,0.0631,0.2517
2,"CGb","est",67,0.2191,0.0158,0.2349
2,"CGb","est",68,0.1504,0.0987,0.2491
2,"CGb","est",69,0.1559,0.0992,0.2551
2,"CGb","est",70,0.1523,0.0496,0.2019
2,"CGb","est",71,0.1304,0.0412,0.1716
2,"CGb","est",72,0.0066,-0.000999999999999999,0.0056
2,"CGb","est",73,0.1316,0.0388,0.1704
2,"CGb","est",74,0.0915,0.1001,0.1916
2,"CGb","est",75,0.2414,0.062,0.3034
2,"CGb","est",76,0.1888,0.0625,0.2513
2,"CGb","est",77,0.1149,0.0636,0.1785
2,"CGb","est",78,0.204,0.0602,0.2642
2,"CGb","est",79,0.097,0.0767,0.1737
2,"CGb","est",80,0.2779,0.1064,0.3843
2,"CGb","est",81,0.1897,0.0989,0.2886
2,"CGb","est",82,0.1914,0.0577,0.2491
2,"CGb","est",83,0.1697,0.0894,0.2591
2,"CGb","est",84,0.1927,0.0495,0.2422
2,"CGb","est",85,0.1831,0.0933,0.2764
2,"CGb","est",86,0.1275,0.1087,0.2362
2,"CGb","est",87,0.2157,0.1211,0.3368
2,"CGb","est",88,0.0455,0.0118,0.0573
2,"CGb","est",89,0.3447,0.0871,0.4318
2,"CGb","est",90,0.1473,0.1517,0.299
2,"CGb","est",91,0.1126,0.0543,0.1669
2,"CGb","est",92,0.1732,0.0787,0.2519
2,"CGb","est",93,0.1923,0.1398,0.3321
2,"CGb","est",94,0.1999,0.0984,0.2983
2,"CGb","est",95,0.0817,0.0778,0.1595
2,"CGb","est",96,0.3386,0.0949,0.4335
2,"CGb","est",97,0.1905,0.0898,0.2803
2,"CGb","est",98,0.1918,0.1263,0.3181
2,"CGb","est",99,0.1513,0.0975,0.2488
2,"CGb","est",100,0.1475,0.0441,0.1916
2,"CGb","est",101,0.1179,0.0764,0.1943
2,"CGb","est",102,0.1454,0.0675,0.2129
2,"CGb","est",103,0.249,0.059,0.308
2,"CGb","est",104,0.2108,0.0698,0.2806
2,"CGb","est",105,0.1415,0.0441,0.1856
2,"CGb","est",106,0.2764,0.1045,0.3809
2,"CGb","est",107,0.2506,0.0599,0.3105
2,"CGb","est",108,0.213,0.0761,0.2891
2,"CGb","est",109,0.1427,0.0752,0.2179
2,"CGb","est",110,0.0975,0.0884,0.1859
2,"CGb","est",111,0.2709,0.0751,0.346
2,"CGb","est",112,0.1088,0.0716,0.1804
2,"CGb","est",113,0.198,0.076,0.274
2,"CGb","est",114,0.3695,0.0704,0.4399
2,"CGb","est",115,0.1132,0.0761,0.1893
2,"CGb","est",116,0.1936,0.1024,0.296
2,"CGb","est",117,0.2434,0.0908,0.3342
2,"CGb","est",118,0.1999,0.132,0.3319
2,"CGb","est",119,0.2118,0.0538,0.2656
2,"CGb","est",120,0.2123,0.0685,0.2808
2,"CGb","est",121,-0.002,0.0759,0.0739
2,"CGb","est",122,0.1623,0.0642,0.2265
2,"CGb","est",123,0.0837,0.0826,0.1663
2,"CGb","est",124,0.204,0.0609,0.2649
2,"CGb","est",125,0.1086,0.0772,0.1858
2,"CGb","est",126,0.0532,0.0761,0.1293
2,"CGb","est",127,0.1629,0.0735,0.2364
2,"CGb","est",128,0.2679,0.0783,0.3462
2,"CGb","est",129,0.1452,0.0711,0.2163
2,"CGb","est",130,0.1482,0.0416,0.1898
2,"CGb","est",131,0.1439,0.0855,0.2294
2,"CGb","est",132,0.1653,0.0561,0.2214
2,"CGb","est",133,0.2118,0.0355,0.2473
2,"CGb","est",134,0.1658,0.0996,0.2654
2,"CGb","est",135,0.1129,0.0747,0.1876
2,"CGb","est",136,0.2276,0.0131,0.2407
2,"CGb","est",137,0.2909,0.0653,0.3562
2,"CGb","est",138,0.2102,0.051,0.2612
2,"CGb","est",139,0.1458,0.035,0.1808
2,"CGb","est",140,0.1921,0.0458,0.2379
2,"CGb","est",141,0.3077,0.1165,0.4242
2,"CGb","est",142,0.1598,0.0579,0.2177
2,"CGb","est",143,0.3529,0.0474,0.4003
2,"CGb","est",144,0.1096,0.0604,0.17
2,"CGb","est",145,0.1636,0.0444,0.208
2,"CGb","est",146,0.1396,0.1042,0.2438
2,"CGb","est",147,0.1581,0.0759,0.234
2,"CGb","est",148,0.2032,0.0513,0.2545
2,"CGb","est",149,0.1425,0.0902,0.2327
2,"CGb","est",150,0.1797,0.0617,0.2414
2,"CGb","est",151,0.1741,0.0523,0.2264
2,"CGb","est",152,0.3428,0.0486,0.3914
2,"CGb","est",153,0.1664,0.0848,0.2512
2,"CGb","est",154,0.1539,0.0786,0.2325
2,"CGb","est",155,0.1193,0.0496,0.1689
2,"CGb","est",156,0.0825,0.1041,0.1866
2,"CGb","est",157,0.153,0.0168,0.1698
2,"CGb","est",158,0.1842,0.0583,0.2425
2,"CGb","est",159,0.1242,0.1198,0.244
2,"CGb","est",160,0.2298,0.0169,0.2467
2,"CGb","est",161,0.1524,0.0992,0.2516
2,"CGb","est",162,0.1549,0.0149,0.1698
2,"CGb","est",163,0.1665,0.0399,0.2064
2,"CGb","est",164,0.0537,0.0642,0.1179
2,"CGb","est",165,0.2298,0.1121,0.3419
2,"CGb","est",166,0.2555,0.0509,0.3064
2,"CGb","est",167,0.2032,0.0532,0.2564
2,"CGb","est",168,0.2077,0.0987,0.3064
2,"CGb","est",169,0.2034,0.0347,0.2381
2,"CGb","est",170,0.2652,0.1052,0.3704
2,"CGb","est",171,0.2724,0.1097,0.3821
2,"CGb","est",172,0.2192,0.0979,0.3171
2,"CGb","est",173,0.2112,0.0396,0.2508
2,"CGb","est",174,0.0713,0.1007,0.172
2,"CGb","est",175,0.2049,0.1036,0.3085
2,"CGb","est",176,0.2631,0.0693,0.3324
2,"CGb","est",177,0.1526,0.0987,0.2513
2,"CGb","est",178,0.1285,0.0712,0.1997
2,"CGb","est",179,0.2968,0.034,0.3308
2,"CGb","est",180,0.2536,0.1047,0.3583
2,"CGb","est",181,0.1073,0.0637,0.171
2,"CGb","est",182,0.2693,0.0532,0.3225
2,"CGb","est",183,0.1172,0.1384,0.2556
2,"CGb","est",184,0.2049,0.1135,0.3184
2,"CGb","est",185,0.0997,0.1152,0.2149
2,"CGb","est",186,0.1432,0.0624,0.2056
2,"CGb","est",187,0.2456,0.0801,0.3257
2,"CGb","est",188,0.2071,0.0814,0.2885
2,"CGb","est",189,0.1936,0.1004,0.294
2,"CGb","est",190,0.1833,0.0721,0.2554
2,"CGb","est",191,0.0975,0.1205,0.218
2,"CGb","est",192,0.3039,0.1112,0.4151
2,"CGb","est",193,0.1173,0.0911,0.2084
2,"CGb","est",194,0.0862,0.0798,0.166
2,"CGb","est",195,0.2167,0.0771,0.2938
2,"CGb","est",196,0.1251,0.1271,0.2522
2,"CGb","est",197,0.071,0.0435,0.1145
2,"CGb","est",198,0.2353,0.0491,0.2844
2,"CGb","est",199,0.1025,0.0142,0.1167
2,"CGb","est",200,0.0661,0.1396,0.2057
2,"CGb","est",201,0.1703,0.0602,0.2305
2,"CGb","est",202,0.1723,0.0456,0.2179
2,"CGb","est",203,0.1296,0.0695,0.1991
2,"CGb","est",204,0.1892,0.031,0.2202
2,"CGb","est",205,0.1723,0.0525,0.2248
2,"CGb","est",206,0.1779,0.09,0.2679
2,"CGb","est",207,0.0921,0.0357,0.1278
2,"CGb","est",208,0.0642,0.0584,0.1226
2,"CGb","est",209,0.1621,0.0982,0.2603
2,"CGb","est",210,0.2081,0.0512,0.2593
2,"CGb","est",211,0.1692,0.0825,0.2517
2,"CGb","est",212,0.1377,0.0539,0.1916
2,"CGb","est",213,0.2459,0.1004,0.3463
2,"CGb","est",214,0.2407,0.0493,0.29
2,"CGb","est",215,0.0608,0.0374,0.0982
2,"CGb","est",216,0.0554,0.0503,0.1057
2,"CGb","est",217,0.1959,0.0548,0.2507
2,"CGb","est",218,0.1901,0.1093,0.2994
2,"CGb","est",219,0.1432,0.0913,0.2345
2,"CGb","est",220,0.1794,0.0977,0.2771
2,"CGb","est",221,0.1169,0.0548,0.1717
2,"CGb","est",222,0.0751,0.08,0.1551
2,"CGb","est",223,0.1567,0.0457,0.2024
2,"CGb","est",224,0.1095,0.125,0.2345
2,"CGb","est",225,0.2184,0.051,0.2694
2,"CGb","est",226,0.1485,0.0731,0.2216
2,"CGb","est",227,0.1689,0.0345,0.2034
2,"CGb","est",228,0.1758,0.0401,0.2159
2,"CGb","est",229,0.0932,0.0807,0.1739
2,"CGb","est",230,0.3127,0.0908,0.4035
2,"CGb","est",231,0.1382,0.0639,0.2021
2,"CGb","est",232,0.1665,0.0495,0.216
2,"CGb","est",233,0.1859,0.0491,0.235
2,"CGb","est",234,0.1417,0.0489,0.1906
2,"CGb","est",235,0.1836,0.0847,0.2683
2,"CGb","est",236,0.2114,0.0949,0.3063
2,"CGb","est",237,0.2189,0.14,0.3589
2,"CGb","est",238,0.1738,0.0831,0.2569
2,"CGb","est",239,0.2269,0.0282,0.2551
2,"CGb","est",240,0.135,0.1003,0.2353
2,"CGb","est",241,0.2015,0.0474,0.2489
2,"CGb","est",242,0.2233,0.0992,0.3225
2,"CGb","est",243,0.2772,0.0367,0.3139
2,"CGb","est",244,0.2063,0.0315,0.2378
2,"CGb","est",245,0.1433,0.1634,0.3067
2,"CGb","est",246,0.2178,0.0609,0.2787
2,"CGb","est",247,0.121,0.0696,0.1906
2,"CGb","est",248,0.1852,0.0667,0.2519
2,"CGb","est",249,0.233,0.0518,0.2848
2,"CGb","est",250,0.1513,0.0583,0.2096
2,"CGb","est",251,0.1943,0.0778,0.2721
2,"CGb","est",252,0.1318,0.0827,0.2145
2,"CGb","est",253,0.1911,0.0367,0.2278
2,"CGb","est",254,0.1322,0.0719,0.2041
2,"CGb","est",255,0.2528,0.0518,0.3046
2,"CGb","est",256,0.1721,0.1122,0.2843
2,"CGb","est",257,0.0926,0.1601,0.2527
2,"CGb","est",258,0.0637,0.0355,0.0992
2,"CGb","est",259,0.1222,0.1182,0.2404
2,"CGb","est",260,0.2012,0.038,0.2392
2,"CGb","est",261,0.208,0.0809,0.2889
2,"CGb","est",262,0.1767,0.1103,0.287
2,"CGb","est",263,0.2867,0.1152,0.4019
2,"CGb","est",264,0.1786,0.0937,0.2723
2,"CGb","est",265,0.1951,0.021,0.2161
2,"CGb","est",266,0.0861,0.0754,0.1615
2,"CGb","est",267,0.2028,0.0783,0.2811
2,"CGb","est",268,0.1288,0.0791,0.2079
2,"CGb","est",269,0.2794,0.0781,0.3575
2,"CGb","est",270,0.2328,-0.0103,0.2225
2,"CGb","est",271,0.1005,0.0808,0.1813
2,"CGb","est",272,0.154,0.0547,0.2087
2,"CGb","est",273,0.2161,0.1359,0.352
2,"CGb","est",274,0.244,0.0771,0.3211
2,"CGb","est",275,0.1938,0.0383,0.2321
2,"CGb","est",276,0.2942,0.0204,0.3146
2,"CGb","est",277,0.1927,0.1171,0.3098
2,"CGb","est",278,0.0957,0.0744,0.1701
2,"CGb","est",279,0.1136,0.0232,0.1368
2,"CGb","est",280,0.2411,0.0761,0.3172
2,"CGb","est",281,0.1542,0.0086,0.1628
2,"CGb","est",282,0.2562,0.0145,0.2707
2,"CGb","est",283,0.1926,0.0697,0.2623
2,"CGb","est",284,0.1646,0.0984,0.263
2,"CGb","est",285,0.0717,0.0498,0.1215
2,"CGb","est",286,0.071,0.1121,0.1831
2,"CGb","est",287,0.1441,0.0428,0.1869
2,"CGb","est",288,0.0806,0.1174,0.198
2,"CGb","est",289,0.1311,0.0877,0.2188
2,"CGb","est",290,0.1956,0.0919,0.2875
2,"CGb","est",291,0.2513,0.0875,0.3388
2,"CGb","est",292,0.173,0.0596,0.2326
2,"CGb","est",293,0.2254,0.0927,0.3181
2,"CGb","est",294,0.258,0.1234,0.3814
2,"CGb","est",295,0.1249,0.1081,0.233
2,"CGb","est",296,0.1899,0.1,0.2899
2,"CGb","est",297,0.1299,0.0666,0.1965
2,"CGb","est",298,0.113,0.0472,0.1602
2,"CGb","est",299,0.2434,-0.0134,0.23
2,"CGb","est",300,0.2547,0.0292,0.2839
2,"CGb","est",301,0.1016,0.0896,0.1912
2,"CGb","est",302,0.1296,0.0623,0.1919
2,"CGb","est",303,0.2718,0.1437,0.4155
2,"CGb","est",304,0.1392,0.0912,0.2304
2,"CGb","est",305,0.2041,0.027,0.2311
2,"CGb","est",306,0.254,0.0601,0.3141
2,"CGb","est",307,0.1657,0.0287,0.1944
2,"CGb","est",308,0.1503,0.0961,0.2464
2,"CGb","est",309,0.1658,0.1077,0.2735
2,"CGb","est",310,0.1926,0.1269,0.3195
2,"CGb","est",311,0.2193,0.0675,0.2868
2,"CGb","est",312,0.2619,0.0552,0.3171
2,"CGb","est",313,0.2269,0.0474,0.2743
2,"CGb","est",314,0.1973,0.0889,0.2862
2,"CGb","est",315,0.1648,0.0733,0.2381
2,"CGb","est",316,0.1898,0.088,0.2778
2,"CGb","est",317,0.169,0.0392,0.2082
2,"CGb","est",318,0.1681,0.0899,0.258
2,"CGb","est",319,0.2702,0.1029,0.3731
2,"CGb","est",320,0.2761,0.065,0.3411
2,"CGb","est",321,0.1507,0.0355,0.1862
2,"CGb","est",322,0.2244,0.0522,0.2766
2,"CGb","est",323,0.1334,0.0319,0.1653
2,"CGb","est",324,0.2224,0.077,0.2994
2,"CGb","est",325,0.2203,0.0584,0.2787
2,"CGb","est",326,0.1329,0.0137,0.1466
2,"CGb","est",327,0.2148,-0.0149,0.1999
2,"CGb","est",328,0.2704,0.0714,0.3418
2,"CGb","est",329,0.2195,0.0626,0.2821
2,"CGb","est",330,0.2263,0.0399,0.2662
2,"CGb","est",331,0.2073,0.0944,0.3017
2,"CGb","est",332,0.2958,0.0463,0.3421
2,"CGb","est",333,0.2156,0.079,0.2946
2,"CGb","est",334,0.1974,0.1165,0.3139
2,"CGb","est",335,0.1814,-0.0235,0.1579
2,"CGb","est",336,0.1896,0.0326,0.2222
2,"CGb","est",337,0.2062,0.0592,0.2654
2,"CGb","est",338,0.1777,0.0829,0.2606
2,"CGb","est",339,0.2188,0.0575,0.2763
2,"CGb","est",340,0.2135,0.0648,0.2783
2,"CGb","est",341,0.2773,0.128,0.4053
2,"CGb","est",342,0.1358,0.0847,0.2205
2,"CGb","est",343,0.1684,0.0694,0.2378
2,"CGb","est",344,0.2199,0.0181,0.238
2,"CGb","est",345,0.2101,0.0662,0.2763
2,"CGb","est",346,0.1035,0.0804,0.1839
2,"CGb","est",347,0.065,0.0492,0.1142
2,"CGb","est",348,0.0199,0.1289,0.1488
2,"CGb","est",349,0.2517,0.0626,0.3143
2,"CGb","est",350,0.2434,0.1013,0.3447
2,"CGb","est",351,0.1698,0.0607,0.2305
2,"CGb","est",352,0.1867,0.0621,0.2488
2,"CGb","est",353,0.2112,0.119,0.3302
2,"CGb","est",354,0.2186,0.0808,0.2994
2,"CGb","est",355,0.1096,0.0487,0.1583
2,"CGb","est",356,0.1841,0.0421,0.2262
2,"CGb","est",357,0.1937,0.03,0.2237
2,"CGb","est",358,0.2196,0.0378,0.2574
2,"CGb","est",359,0.2219,0.0473,0.2692
2,"CGb","est",360,0.1435,0.077,0.2205
2,"CGb","est",361,0.1025,0.0648,0.1673
2,"CGb","est",362,0.1984,0.0303,0.2287
2,"CGb","est",363,0.1165,0.1378,0.2543
2,"CGb","est",364,0.227,0.1045,0.3315
2,"CGb","est",365,0.1788,0.0732,0.252
2,"CGb","est",366,0.0829,0.0809,0.1638
2,"CGb","est",367,0.1174,0.0795,0.1969
2,"CGb","est",368,0.2431,0.0673,0.3104
2,"CGb","est",369,0.176,0.0634,0.2394
2,"CGb","est",370,0.136,0.0759,0.2119
2,"CGb","est",371,0.2484,0.0567,0.3051
2,"CGb","est",372,0.1171,0.1282,0.2453
2,"CGb","est",373,0.1396,0.1125,0.2521
2,"CGb","est",374,0.2851,0.0547,0.3398
2,"CGb","est",375,0.1436,0.1007,0.2443
2,"CGb","est",376,0.2055,0.0658,0.2713
2,"CGb","est",377,0.2034,0.1272,0.3306
2,"CGb","est",378,0.1354,0.0448,0.1802
2,"CGb","est",379,0.1193,0.1208,0.2401
2,"CGb","est",380,0.2133,0.106,0.3193
2,"CGb","est",381,0.1223,0.1296,0.2519
2,"CGb","est",382,0.191,0.0985,0.2895
2,"CGb","est",383,0.1937,0.0819,0.2756
2,"CGb","est",384,0.151,0.05,0.201
2,"CGb","est",385,0.1145,0.0369,0.1514
2,"CGb","est",386,0.34,0.0515,0.3915
2,"CGb","est",387,0.0826,0.0647,0.1473
2,"CGb","est",388,0.2472,-0.0033,0.2439
2,"CGb","est",389,0.1175,0.1129,0.2304
2,"CGb","est",390,0.1075,0.0433,0.1508
2,"CGb","est",391,0.0977,0.0096,0.1073
2,"CGb","est",392,0.1491,0.0848,0.2339
2,"CGb","est",393,0.0986,0.0947,0.1933
2,"CGb","est",394,0.1222,0.0761,0.1983
2,"CGb","est",395,0.2156,0.0679,0.2835
2,"CGb","est",396,0.2433,0.0745,0.3178
2,"CGb","est",397,0.1223,0.1147,0.237
2,"CGb","est",398,0.2552,0.0867,0.3419
2,"CGb","est",399,0.1608,0.0212,0.182
2,"CGb","est",400,0.1921,0.0565,0.2486
2,"CGb","est",401,0.3503,0.0605,0.4108
2,"CGb","est",402,0.1871,0.0444,0.2315
2,"CGb","est",403,0.1511,0.0438,0.1949
2,"CGb","est",404,0.1703,0.0439,0.2142
2,"CGb","est",405,0.2063,0.1492,0.3555
2,"CGb","est",406,0.23,0.0899,0.3199
2,"CGb","est",407,0.0222,0.1261,0.1483
2,"CGb","est",408,0.128,0.0341,0.1621
2,"CGb","est",409,0.1567,0.1082,0.2649
2,"CGb","est",410,0.2012,0.0892,0.2904
2,"CGb","est",411,0.0811,0.1295,0.2106
2,"CGb","est",412,0.2157,0.054,0.2697
2,"CGb","est",413,0.255,0.0604,0.3154
2,"CGb","est",414,0.2715,0.0077,0.2792
2,"CGb","est",415,0.1821,0.0519,0.234
2,"CGb","est",416,0.1735,0.0861,0.2596
2,"CGb","est",417,0.1939,0.0773,0.2712
2,"CGb","est",418,0.1395,0.079,0.2185
2,"CGb","est",419,0.2075,0.0683,0.2758
2,"CGb","est",420,0.0235,0.0945,0.118
2,"CGb","est",421,0.209,0.088,0.297
2,"CGb","est",422,0.3174,0.1204,0.4378
2,"CGb","est",423,0.1141,0.0663,0.1804
2,"CGb","est",424,0.163,0.0631,0.2261
2,"CGb","est",425,0.1994,0.0641,0.2635
2,"CGb","est",426,0.1892,0.0728,0.262
2,"CGb","est",427,0.2192,0.0854,0.3046
2,"CGb","est",428,0.3305,0.024,0.3545
2,"CGb","est",429,0.1906,0.0876,0.2782
2,"CGb","est",430,0.1968,0.0992,0.296
2,"CGb","est",431,0.1576,0.0455,0.2031
2,"CGb","est",432,0.1734,0.04,0.2134
2,"CGb","est",433,0.1526,0.095,0.2476
2,"CGb","est",434,0.2136,0.0515,0.2651
2,"CGb","est",435,0.221,0.0424,0.2634
2,"CGb","est",436,0.1449,0.0514,0.1963
2,"CGb","est",437,0.2584,0.0338,0.2922
2,"CGb","est",438,0.1424,0.0829,0.2253
2,"CGb","est",439,0.1864,0.1295,0.3159
2,"CGb","est",440,0.1627,0.0727,0.2354
2,"CGb","est",441,0.2667,0.1249,0.3916
2,"CGb","est",442,0.2751,0.0692,0.3443
2,"CGb","est",443,0.1484,0.0717,0.2201
2,"CGb","est",444,0.2594,0.1366,0.396
2,"CGb","est",445,0.1163,0.07,0.1863
2,"CGb","est",446,0.2729,0.0978,0.3707
2,"CGb","est",447,0.0965,0.0645,0.161
2,"CGb","est",448,0.1686,0.038,0.2066
2,"CGb","est",449,0.1302,0.1407,0.2709
2,"CGb","est",450,0.1535,0.0623,0.2158
2,"CGb","est",451,0.2616,0.0253,0.2869
2,"CGb","est",452,0.2499,0.1115,0.3614
2,"CGb","est",453,0.0887,0.1005,0.1892
2,"CGb","est",454,0.2128,0.0906,0.3034
2,"CGb","est",455,0.201,0.046,0.247
2,"CGb","est",456,0.258,0.0458,0.3038
2,"CGb","est",457,0.1406,0.0709,0.2115
2,"CGb","est",458,0.2556,0.0966,0.3522
2,"CGb","est",459,0.0812,0.0856,0.1668
2,"CGb","est",460,0.1473,0.0717,0.219
2,"CGb","est",461,0.1118,0.0725,0.1843
2,"CGb","est",462,0.0658,0.105,0.1708
2,"CGb","est",463,0.2249,0.0099,0.2348
2,"CGb","est",464,0.1629,0.1008,0.2637
2,"CGb","est",465,0.2252,0.0169,0.2421
2,"CGb","est",466,0.1618,0.0745,0.2363
2,"CGb","est",467,-0.0496,0.1226,0.073
2,"CGb","est",468,0.0767,0.0533,0.13
2,"CGb","est",469,0.2229,0.0989,0.3218
2,"CGb","est",470,0.1425,0.0838,0.2263
2,"CGb","est",471,0.1997,0.0578,0.2575
2,"CGb","est",472,0.1244,0.0261,0.1505
2,"CGb","est",473,0.133,0.0752,0.2082
2,"CGb","est",474,0.231,0.0913,0.3223
2,"CGb","est",475,0.141,0.1375,0.2785
2,"CGb","est",476,0.1833,0.1582,0.3415
2,"CGb","est",477,0.1642,0.0645,0.2287
2,"CGb","est",478,0.2882,0.0494,0.3376
2,"CGb","est",479,0.259,0.0974,0.3564
2,"CGb","est",480,0.2059,0.0714,0.2773
2,"CGb","est",481,0.2584,0.0708,0.3292
2,"CGb","est",482,0.2539,0.0999,0.3538
2,"CGb","est",483,0.2842,0.0658,0.35
2,"CGb","est",484,0.15,0.1236,0.2736
2,"CGb","est",485,0.2075,0.0755,0.283
2,"CGb","est",486,0.1765,-0.0082,0.1683
2,"CGb","est",487,0.2153,0.0795,0.2948
2,"CGb","est",488,0.22,0.1417,0.3617
2,"CGb","est",489,0.1681,0.0715,0.2396
2,"CGb","est",490,0.2549,0.0242,0.2791
2,"CGb","est",491,0.1567,0.0759,0.2326
2,"CGb","est",492,0.2181,0.0988,0.3169
2,"CGb","est",493,0.1479,0.0056,0.1535
2,"CGb","est",494,0.2124,0.0364,0.2488
2,"CGb","est",495,0.1807,0.0431,0.2238
2,"CGb","est",496,0.2276,0.0697,0.2973
2,"CGb","est",497,0.1859,0.1331,0.319
2,"CGb","est",498,0.1657,0.0671,0.2328
2,"CGb","est",499,0.0125,0.0653,0.0778
2,"CGb","est",500,0.1942,0.0885,0.2827
2,"CGb","true",1,0.1676,0.0973,0.2649
2,"CGb","true",2,0.1718,0.1053,0.2771
2,"CGb","true",3,0.1849,0.0965,0.2814
2,"CGb","true",4,0.1692,0.0753,0.2445
2,"CGb","true",5,0.1604,0.1024,0.2628
2,"CGb","true",6,0.1706,0.0933,0.2639
2,"CGb","true",7,0.1669,0.0923,0.2592
2,"CGb","true",8,0.1822,0.0892,0.2714
2,"CGb","true",9,0.1673,0.1004,0.2677
2,"CGb","true",10,0.1807,0.0973,0.278
2,"CGb","true",11,0.162,0.1081,0.2701
2,"CGb","true",12,0.1717,0.0885,0.2602
2,"CGb","true",13,0.1642,0.091,0.2552
2,"CGb","true",14,0.1614,0.1083,0.2697
2,"CGb","true",15,0.1776,0.0929,0.2705
2,"CGb","true",16,0.1687,0.0949,0.2636
2,"CGb","true",17,0.168,0.0955,0.2635
2,"CGb","true",18,0.1782,0.0936,0.2718
2,"CGb","true",19,0.1839,0.0897,0.2736
2,"CGb","true",20,0.1677,0.1043,0.272
2,"CGb","true",21,0.1749,0.0908,0.2657
2,"CGb","true",22,0.1705,0.0947,0.2652
2,"CGb","true",23,0.1682,0.1049,0.2731
2,"CGb","true",24,0.1655,0.095,0.2605
2,"CGb","true",25,0.1899,0.0843,0.2742
2,"CGb","true",26,0.174,0.0916,0.2656
2,"CGb","true",27,0.1694,0.0956,0.265
2,"CGb","true",28,0.1807,0.0893,0.27
2,"CGb","true",29,0.163,0.1029,0.2659
2,"CGb","true",30,0.1764,0.1019,0.2783
2,"CGb","true",31,0.1682,0.1041,0.2723
2,"CGb","true",32,0.17,0.0847,0.2547
2,"CGb","true",33,0.1674,0.0966,0.264
2,"CGb","true",34,0.1733,0.099,0.2723
2,"CGb","true",35,0.1661,0.0951,0.2612
2,"CGb","true",36,0.1673,0.1,0.2673
2,"CGb","true",37,0.1797,0.0888,0.2685
2,"CGb","true",38,0.1649,0.1031,0.268
2,"CGb","true",39,0.1651,0.0957,0.2608
2,"CGb","true",40,0.1687,0.1033,0.272
2,"CGb","true",41,0.1772,0.1031,0.2803
2,"CGb","true",42,0.1784,0.0875,0.2659
2,"CGb","true",43,0.1711,0.0971,0.2682
2,"CGb","true",44,0.1715,0.0981,0.2696
2,"CGb","true",45,0.1843,0.0942,0.2785
2,"CGb","true",46,0.1687,0.1101,0.2788
2,"CGb","true",47,0.1807,0.0958,0.2765
2,"CGb","true",48,0.1798,0.0937,0.2735
2,"CGb","true",49,0.1759,0.1017,0.2776
2,"CGb","true",50,0.1683,0.1051,0.2734
2,"CGb","true",51,0.1763,0.0979,0.2742
2,"CGb","true",52,0.1671,0.0985,0.2656
2,"CGb","true",53,0.1766,0.092,0.2686
2,"CGb","true",54,0.1699,0.0938,0.2637
2,"CGb","true",55,0.1703,0.0934,0.2637
2,"CGb","true",56,0.1574,0.0919,0.2493
2,"CGb","true",57,0.1804,0.102,0.2824
2,"CGb","true",58,0.1682,0.0886,0.2568
2,"CGb","true",59,0.1652,0.0906,0.2558
2,"CGb","true",60,0.1693,0.0863,0.2556
2,"CGb","true",61,0.1771,0.0911,0.2682
2,"CGb","true",62,0.1765,0.097,0.2735
2,"CGb","true",63,0.1725,0.1013,0.2738
2,"CGb","true",64,0.1739,0.098,0.2719
2,"CGb","true",65,0.168,0.0963,0.2643
2,"CGb","true",66,0.1736,0.0923,0.2659
2,"CGb","true",67,0.1805,0.0885,0.269
2,"CGb","true",68,0.1797,0.089,0.2687
2,"CGb","true",69,0.1698,0.0917,0.2615
2,"CGb","true",70,0.1663,0.0837,0.25
2,"CGb","true",71,0.1704,0.0998,0.2702
2,"CGb","true",72,0.1765,0.0944,0.2709
2,"CGb","true",73,0.1668,0.1038,0.2706
2,"CGb","true",74,0.1735,0.094,0.2675
2,"CGb","true",75,0.1618,0.1015,0.2633
2,"CGb","true",76,0.162,0.1009,0.2629
2,"CGb","true",77,0.1922,0.0916,0.2838
2,"CGb","true",78,0.1737,0.095,0.2687
2,"CGb","true",79,0.171,0.0846,0.2556
2,"CGb","true",80,0.1631,0.1,0.2631
2,"CGb","true",81,0.1613,0.0948,0.2561
2,"CGb","true",82,0.1835,0.0975,0.281
2,"CGb","true",83,0.1728,0.0934,0.2662
2,"CGb","true",84,0.1665,0.0992,0.2657
2,"CGb","true",85,0.168,0.1018,0.2698
2,"CGb","true",86,0.1764,0.0961,0.2725
2,"CGb","true",87,0.1651,0.0972,0.2623
2,"CGb","true",88,0.1814,0.0965,0.2779
2,"CGb","true",89,0.185,0.0838,0.2688
2,"CGb","true",90,0.1777,0.0934,0.2711
2,"CGb","true",91,0.1727,0.098,0.2707
2,"CGb","true",92,0.1743,0.1014,0.2757
2,"CGb","true",93,0.1687,0.0981,0.2668
2,"CGb","true",94,0.172,0.0945,0.2665
2,"CGb","true",95,0.1742,0.0815,0.2557
2,"CGb","true",96,0.1743,0.0945,0.2688
2,"CGb","true",97,0.1766,0.096,0.2726
2,"CGb","true",98,0.1867,0.1017,0.2884
2,"CGb","true",99,0.1702,0.097,0.2672
2,"CGb","true",100,0.1821,0.0923,0.2744
2,"CGb","true",101,0.1792,0.0952,0.2744
2,"CGb","true",102,0.1737,0.0973,0.271
2,"CGb","true",103,0.1677,0.0896,0.2573
2,"CGb","true",104,0.1665,0.1016,0.2681
2,"CGb","true",105,0.1751,0.0934,0.2685
2,"CGb","true",106,0.172,0.1026,0.2746
2,"CGb","true",107,0.1783,0.0898,0.2681
2,"CGb","true",108,0.1666,0.0969,0.2635
2,"CGb","true",109,0.1732,0.1032,0.2764
2,"CGb","true",110,0.1701,0.101,0.2711
2,"CGb","true",111,0.1694,0.1038,0.2732
2,"CGb","true",112,0.175,0.0998,0.2748
2,"CGb","true",113,0.1759,0.0973,0.2732
2,"CGb","true",114,0.1765,0.0905,0.267
2,"CGb","true",115,0.1733,0.0954,0.2687
2,"CGb","true",116,0.1593,0.0953,0.2546
2,"CGb","true",117,0.1722,0.1044,0.2766
2,"CGb","true",118,0.1748,0.1004,0.2752
2,"CGb","true",119,0.1703,0.0977,0.268
2,"CGb","true",120,0.1573,0.1078,0.2651
2,"CGb","true",121,0.176,0.0971,0.2731
2,"CGb","true",122,0.1669,0.1016,0.2685
2,"CGb","true",123,0.1757,0.0989,0.2746
2,"CGb","true",124,0.1721,0.0997,0.2718
2,"CGb","true",125,0.1668,0.0951,0.2619
2,"CGb","true",126,0.1676,0.096,0.2636
2,"CGb","true",127,0.1778,0.0938,0.2716
2,"CGb","true",128,0.1728,0.0862,0.259
2,"CGb","true",129,0.1702,0.1001,0.2703
2,"CGb","true",130,0.1592,0.1,0.2592
2,"CGb","true",131,0.1748,0.0893,0.2641
2,"CGb","true",132,0.1629,0.1026,0.2655
2,"CGb","true",133,0.1705,0.0959,0.2664
2,"CGb","true",134,0.1659,0.101,0.2669
2,"CGb","true",135,0.1803,0.0984,0.2787
2,"CGb","true",136,0.1772,0.0922,0.2694
2,"CGb","true",137,0.1728,0.0931,0.2659
2,"CGb","true",138,0.1659,0.0906,0.2565
2,"CGb","true",139,0.1664,0.1058,0.2722
2,"CGb","true",140,0.1755,0.0949,0.2704
2,"CGb","true",141,0.1785,0.0891,0.2676
2,"CGb","true",142,0.1624,0.1026,0.265
2,"CGb","true",143,0.1757,0.0904,0.2661
2,"CGb","true",144,0.1536,0.0999,0.2535
2,"CGb","true",145,0.1707,0.0998,0.2705
2,"CGb","true",146,0.1692,0.1039,0.2731
2,"CGb","true",147,0.1652,0.1022,0.2674
2,"CGb","true",148,0.174,0.1006,0.2746
2,"CGb","true",149,0.1687,0.0924,0.2611
2,"CGb","true",150,0.1762,0.0951,0.2713
2,"CGb","true",151,0.1543,0.096,0.2503
2,"CGb","true",152,0.1699,0.0865,0.2564
2,"CGb","true",153,0.1682,0.1019,0.2701
2,"CGb","true",154,0.179,0.0936,0.2726
2,"CGb","true",155,0.1675,0.1011,0.2686
2,"CGb","true",156,0.1661,0.1037,0.2698
2,"CGb","true",157,0.1654,0.0988,0.2642
2,"CGb","true",158,0.1808,0.0825,0.2633
2,"CGb","true",159,0.1713,0.0951,0.2664
2,"CGb","true",160,0.1718,0.0901,0.2619
2,"CGb","true",161,0.1814,0.0962,0.2776
2,"CGb","true",162,0.1785,0.1031,0.2816
2,"CGb","true",163,0.1708,0.1006,0.2714
2,"CGb","true",164,0.1788,0.0933,0.2721
2,"CGb","true",165,0.1757,0.1003,0.276
2,"CGb","true",166,0.1727,0.1,0.2727
2,"CGb","true",167,0.1649,0.1044,0.2693
2,"CGb","true",168,0.1632,0.1086,0.2718
2,"CGb","true",169,0.1717,0.0874,0.2591
2,"CGb","true",170,0.1709,0.0999,0.2708
2,"CGb","true",171,0.1743,0.0906,0.2649
2,"CGb","true",172,0.1773,0.0913,0.2686
2,"CGb","true",173,0.1694,0.0925,0.2619
2,"CGb","true",174,0.1602,0.109,0.2692
2,"CGb","true",175,0.1752,0.0945,0.2697
2,"CGb","true",176,0.1841,0.0907,0.2748
2,"CGb","true",177,0.164,0.1049,0.2689
2,"CGb","true",178,0.1713,0.0951,0.2664
2,"CGb","true",179,0.1752,0.097,0.2722
2,"CGb","true",180,0.1742,0.0975,0.2717
2,"CGb","true",181,0.1683,0.0988,0.2671
2,"CGb","true",182,0.1702,0.0996,0.2698
2,"CGb","true",183,0.1693,0.0959,0.2652
2,"CGb","true",184,0.1739,0.0975,0.2714
2,"CGb","true",185,0.1647,0.0998,0.2645
2,"CGb","true",186,0.1809,0.0917,0.2726
2,"CGb","true",187,0.1692,0.0973,0.2665
2,"CGb","true",188,0.166,0.0996,0.2656
2,"CGb","true",189,0.1732,0.0827,0.2559
2,"CGb","true",190,0.1732,0.0914,0.2646
2,"CGb","true",191,0.1765,0.0884,0.2649
2,"CGb","true",192,0.1795,0.0964,0.2759
2,"CGb","true",193,0.162,0.0885,0.2505
2,"CGb","true",194,0.1654,0.0894,0.2548
2,"CGb","true",195,0.1638,0.0932,0.257
2,"CGb","true",196,0.1741,0.1025,0.2766
2,"CGb","true",197,0.1665,0.093,0.2595
2,"CGb","true",198,0.1765,0.0877,0.2642
2,"CGb","true",199,0.1654,0.1033,0.2687
2,"CGb","true",200,0.1765,0.0976,0.2741
2,"CGb","true",201,0.1752,0.0977,0.2729
2,"CGb","true",202,0.1759,0.0933,0.2692
2,"CGb","true",203,0.1761,0.0951,0.2712
2,"CGb","true",204,0.178,0.1003,0.2783
2,"CGb","true",205,0.1694,0.0957,0.2651
2,"CGb","true",206,0.173,0.0843,0.2573
2,"CGb","true",207,0.175,0.0848,0.2598
2,"CGb","true",208,0.1668,0.1005,0.2673
2,"CGb","true",209,0.162,0.0997,0.2617
2,"CGb","true",210,0.1756,0.0904,0.266
2,"CGb","true",211,0.1743,0.0949,0.2692
2,"CGb","true",212,0.1697,0.0954,0.2651
2,"CGb","true",213,0.1743,0.0994,0.2737
2,"CGb","true",214,0.1746,0.0978,0.2724
2,"CGb","true",215,0.1715,0.0996,0.2711
2,"CGb","true",216,0.1649,0.1028,0.2677
2,"CGb","true",217,0.1572,0.1007,0.2579
2,"CGb","true",218,0.1744,0.0947,0.2691
2,"CGb","true",219,0.1749,0.0914,0.2663
2,"CGb","true",220,0.1727,0.0999,0.2726
2,"CGb","true",221,0.1753,0.091,0.2663
2,"CGb","true",222,0.1792,0.0886,0.2678
2,"CGb","true",223,0.1708,0.0928,0.2636
2,"CGb","true",224,0.1791,0.0906,0.2697
2,"CGb","true",225,0.172,0.09,0.262
2,"CGb","true",226,0.174,0.1018,0.2758
2,"CGb","true",227,0.1741,0.0973,0.2714
2,"CGb","true",228,0.1592,0.1048,0.264
2,"CGb","true",229,0.1716,0.1039,0.2755
2,"CGb","true",230,0.1759,0.0933,0.2692
2,"CGb","true",231,0.1619,0.1049,0.2668
2,"CGb","true",232,0.1764,0.0911,0.2675
2,"CGb","true",233,0.1653,0.1041,0.2694
2,"CGb","true",234,0.1709,0.097,0.2679
2,"CGb","true",235,0.1709,0.0917,0.2626
2,"CGb","true",236,0.1619,0.0889,0.2508
2,"CGb","true",237,0.168,0.1039,0.2719
2,"CGb","true",238,0.1648,0.1019,0.2667
2,"CGb","true",239,0.1751,0.0957,0.2708
2,"CGb","true",240,0.1913,0.0957,0.287
2,"CGb","true",241,0.1756,0.0802,0.2558
2,"CGb","true",242,0.1678,0.0996,0.2674
2,"CGb","true",243,0.1728,0.0957,0.2685
2,"CGb","true",244,0.1702,0.1009,0.2711
2,"CGb","true",245,0.1706,0.0888,0.2594
2,"CGb","true",246,0.1701,0.0938,0.2639
2,"CGb","true",247,0.1655,0.0986,0.2641
2,"CGb","true",248,0.171,0.0945,0.2655
2,"CGb","true",249,0.1719,0.084,0.2559
2,"CGb","true",250,0.1652,0.0978,0.263
2,"CGb","true",251,0.173,0.0963,0.2693
2,"CGb","true",252,0.1768,0.1035,0.2803
2,"CGb","true",253,0.178,0.0936,0.2716
2,"CGb","true",254,0.1768,0.0961,0.2729
2,"CGb","true",255,0.1646,0.1084,0.273
2,"CGb","true",256,0.1572,0.1045,0.2617
2,"CGb","true",257,0.1704,0.0897,0.2601
2,"CGb","true",258,0.1719,0.0922,0.2641
2,"CGb","true",259,0.1761,0.0945,0.2706
2,"CGb","true",260,0.1711,0.0986,0.2697
2,"CGb","true",261,0.1604,0.1007,0.2611
2,"CGb","true",262,0.1668,0.098,0.2648
2,"CGb","true",263,0.1647,0.0984,0.2631
2,"CGb","true",264,0.1583,0.1027,0.261
2,"CGb","true",265,0.1648,0.104,0.2688
2,"CGb","true",266,0.1768,0.0926,0.2694
2,"CGb","true",267,0.1759,0.0931,0.269
2,"CGb","true",268,0.1798,0.0984,0.2782
2,"CGb","true",269,0.1629,0.108,0.2709
2,"CGb","true",270,0.1729,0.1006,0.2735
2,"CGb","true",271,0.171,0.0961,0.2671
2,"CGb","true",272,0.1665,0.0914,0.2579
2,"CGb","true",273,0.1869,0.082,0.2689
2,"CGb","true",274,0.1641,0.0999,0.264
2,"CGb","true",275,0.1751,0.0935,0.2686
2,"CGb","true",276,0.1635,0.0938,0.2573
2,"CGb","true",277,0.1748,0.102,0.2768
2,"CGb","true",278,0.1768,0.0861,0.2629
2,"CGb","true",279,0.1807,0.0939,0.2746
2,"CGb","true",280,0.1689,0.0944,0.2633
2,"CGb","true",281,0.1749,0.0884,0.2633
2,"CGb","true",282,0.1872,0.0917,0.2789
2,"CGb","true",283,0.1715,0.0996,0.2711
2,"CGb","true",284,0.1613,0.1017,0.263
2,"CGb","true",285,0.1704,0.0978,0.2682
2,"CGb","true",286,0.1687,0.1086,0.2773
2,"CGb","true",287,0.1629,0.1018,0.2647
2,"CGb","true",288,0.1629,0.0972,0.2601
2,"CGb","true",289,0.1828,0.0849,0.2677
2,"CGb","true",290,0.1712,0.0986,0.2698
2,"CGb","true",291,0.1623,0.1005,0.2628
2,"CGb","true",292,0.1633,0.102,0.2653
2,"CGb","true",293,0.1697,0.0958,0.2655
2,"CGb","true",294,0.1686,0.0999,0.2685
2,"CGb","true",295,0.1721,0.0963,0.2684
2,"CGb","true",296,0.1698,0.1041,0.2739
2,"CGb","true",297,0.1734,0.0925,0.2659
2,"CGb","true",298,0.1834,0.0969,0.2803
2,"CGb","true",299,0.1818,0.0851,0.2669
2,"CGb","true",300,0.1737,0.0915,0.2652
2,"CGb","true",301,0.164,0.0922,0.2562
2,"CGb","true",302,0.1662,0.1004,0.2666
2,"CGb","true",303,0.1724,0.0976,0.27
2,"CGb","true",304,0.1702,0.0964,0.2666
2,"CGb","true",305,0.1855,0.0921,0.2776
2,"CGb","true",306,0.1788,0.0856,0.2644
2,"CGb","true",307,0.1715,0.0886,0.2601
2,"CGb","true",308,0.1746,0.0962,0.2708
2,"CGb","true",309,0.1906,0.0862,0.2768
2,"CGb","true",310,0.176,0.099,0.275
2,"CGb","true",311,0.1694,0.0988,0.2682
2,"CGb","true",312,0.1752,0.0966,0.2718
2,"CGb","true",313,0.1771,0.0959,0.273
2,"CGb","true",314,0.1662,0.1044,0.2706
2,"CGb","true",315,0.1706,0.0871,0.2577
2,"CGb","true",316,0.1708,0.0913,0.2621
2,"CGb","true",317,0.1763,0.087,0.2633
2,"CGb","true",318,0.174,0.0956,0.2696
2,"CGb","true",319,0.1592,0.0978,0.257
2,"CGb","true",320,0.1728,0.0967,0.2695
2,"CGb","true",321,0.1688,0.0997,0.2685
2,"CGb","true",322,0.1706,0.1019,0.2725
2,"CGb","true",323,0.166,0.1011,0.2671
2,"CGb","true",324,0.1826,0.0986,0.2812
2,"CGb","true",325,0.166,0.0959,0.2619
2,"CGb","true",326,0.1631,0.0994,0.2625
2,"CGb","true",327,0.1715,0.0843,0.2558
2,"CGb","true",328,0.165,0.1023,0.2673
2,"CGb","true",329,0.1786,0.1032,0.2818
2,"CGb","true",330,0.1704,0.0913,0.2617
2,"CGb","true",331,0.1778,0.1004,0.2782
2,"CGb","true",332,0.1755,0.0942,0.2697
2,"CGb","true",333,0.1705,0.0992,0.2697
2,"CGb","true",334,0.17,0.088,0.258
2,"CGb","true",335,0.1686,0.1034,0.272
2,"CGb","true",336,0.1816,0.0991,0.2807
2,"CGb","true",337,0.1635,0.0957,0.2592
2,"CGb","true",338,0.1788,0.0921,0.2709
2,"CGb","true",339,0.1721,0.0937,0.2658
2,"CGb","true",340,0.1619,0.1014,0.2633
2,"CGb","true",341,0.1625,0.1031,0.2656
2,"CGb","true",342,0.1736,0.099,0.2726
2,"CGb","true",343,0.1716,0.091,0.2626
2,"CGb","true",344,0.1641,0.0934,0.2575
2,"CGb","true",345,0.179,0.0983,0.2773
2,"CGb","true",346,0.166,0.1046,0.2706
2,"CGb","true",347,0.1703,0.1062,0.2765
2,"CGb","true",348,0.1739,0.0998,0.2737
2,"CGb","true",349,0.1782,0.0897,0.2679
2,"CGb","true",350,0.1845,0.0825,0.267
2,"CGb","true",351,0.1624,0.1057,0.2681
2,"CGb","true",352,0.1575,0.1099,0.2674
2,"CGb","true",353,0.1802,0.0991,0.2793
2,"CGb","true",354,0.1743,0.1031,0.2774
2,"CGb","true",355,0.1744,0.0928,0.2672
2,"CGb","true",356,0.1724,0.0907,0.2631
2,"CGb","true",357,0.1599,0.1084,0.2683
2,"CGb","true",358,0.1711,0.0956,0.2667
2,"CGb","true",359,0.1699,0.095,0.2649
2,"CGb","true",360,0.1793,0.1002,0.2795
2,"CGb","true",361,0.1745,0.0993,0.2738
2,"CGb","true",362,0.173,0.0987,0.2717
2,"CGb","true",363,0.169,0.0917,0.2607
2,"CGb","true",364,0.1635,0.0952,0.2587
2,"CGb","true",365,0.1735,0.0893,0.2628
2,"CGb","true",366,0.1696,0.0904,0.26
2,"CGb","true",367,0.1791,0.088,0.2671
2,"CGb","true",368,0.1804,0.0877,0.2681
2,"CGb","true",369,0.1718,0.1005,0.2723
2,"CGb","true",370,0.1858,0.0906,0.2764
2,"CGb","true",371,0.1741,0.0982,0.2723
2,"CGb","true",372,0.1707,0.0986,0.2693
2,"CGb","true",373,0.1725,0.0937,0.2662
2,"CGb","true",374,0.1822,0.0882,0.2704
2,"CGb","true",375,0.1831,0.0876,0.2707
2,"CGb","true",376,0.1777,0.095,0.2727
2,"CGb","true",377,0.1701,0.0961,0.2662
2,"CGb","true",378,0.1749,0.0993,0.2742
2,"CGb","true",379,0.1743,0.0933,0.2676
2,"CGb","true",380,0.162,0.1029,0.2649
2,"CGb","true",381,0.1732,0.0955,0.2687
2,"CGb","true",382,0.1759,0.1021,0.278
2,"CGb","true",383,0.1733,0.0922,0.2655
2,"CGb","true",384,0.1731,0.0956,0.2687
2,"CGb","true",385,0.1642,0.1061,0.2703
2,"CGb","true",386,0.1615,0.1032,0.2647
2,"CGb","true",387,0.1688,0.0971,0.2659
2,"CGb","true",388,0.1673,0.0907,0.258
2,"CGb","true",389,0.1707,0.0914,0.2621
2,"CGb","true",390,0.1856,0.09,0.2756
2,"CGb","true",391,0.1652,0.0911,0.2563
2,"CGb","true",392,0.1673,0.1036,0.2709
2,"CGb","true",393,0.1675,0.0938,0.2613
2,"CGb","true",394,0.1641,0.0951,0.2592
2,"CGb","true",395,0.1807,0.092,0.2727
2,"CGb","true",396,0.1655,0.1029,0.2684
2,"CGb","true",397,0.1701,0.0993,0.2694
2,"CGb","true",398,0.1841,0.081,0.2651
2,"CGb","true",399,0.1797,0.0851,0.2648
2,"CGb","true",400,0.1812,0.0846,0.2658
2,"CGb","true",401,0.1766,0.0946,0.2712
2,"CGb","true",402,0.1717,0.0961,0.2678
2,"CGb","true",403,0.1702,0.1039,0.2741
2,"CGb","true",404,0.1743,0.1021,0.2764
2,"CGb","true",405,0.1769,0.085,0.2619
2,"CGb","true",406,0.1802,0.0922,0.2724
2,"CGb","true",407,0.1761,0.0944,0.2705
2,"CGb","true",408,0.1749,0.085,0.2599
2,"CGb","true",409,0.1714,0.1045,0.2759
2,"CGb","true",410,0.1741,0.0944,0.2685
2,"CGb","true",411,0.1689,0.1065,0.2754
2,"CGb","true",412,0.173,0.0937,0.2667
2,"CGb","true",413,0.1674,0.1029,0.2703
2,"CGb","true",414,0.1676,0.1095,0.2771
2,"CGb","true",415,0.1649,0.0902,0.2551
2,"CGb","true",416,0.1864,0.0903,0.2767
2,"CGb","true",417,0.1638,0.1012,0.265
2,"CGb","true",418,0.1699,0.0917,0.2616
2,"CGb","true",419,0.1838,0.0832,0.267
2,"CGb","true",420,0.1811,0.0818,0.2629
2,"CGb","true",421,0.1544,0.1089,0.2633
2,"CGb","true",422,0.174,0.0995,0.2735
2,"CGb","true",423,0.1728,0.0998,0.2726
2,"CGb","true",424,0.1682,0.0956,0.2638
2,"CGb","true",425,0.1712,0.0881,0.2593
2,"CGb","true",426,0.1767,0.0884,0.2651
2,"CGb","true",427,0.1877,0.0881,0.2758
2,"CGb","true",428,0.1736,0.0976,0.2712
2,"CGb","true",429,0.1684,0.1017,0.2701
2,"CGb","true",430,0.1801,0.0929,0.273
2,"CGb","true",431,0.1765,0.093,0.2695
2,"CGb","true",432,0.1755,0.0847,0.2602
2,"CGb","true",433,0.1838,0.0823,0.2661
2,"CGb","true",434,0.1746,0.0957,0.2703
2,"CGb","true",435,0.1722,0.0948,0.267
2,"CGb","true",436,0.1693,0.1006,0.2699
2,"CGb","true",437,0.1629,0.098,0.2609
2,"CGb","true",438,0.1672,0.0965,0.2637
2,"CGb","true",439,0.1794,0.0864,0.2658
2,"CGb","true",440,0.1652,0.1001,0.2653
2,"CGb","true",441,0.1708,0.0998,0.2706
2,"CGb","true",442,0.1693,0.0985,0.2678
2,"CGb","true",443,0.1794,0.0816,0.261
2,"CGb","true",444,0.1869,0.0966,0.2835
2,"CGb","true",445,0.1698,0.0936,0.2634
2,"CGb","true",446,0.1632,0.093,0.2562
2,"CGb","true",447,0.1701,0.0959,0.266
2,"CGb","true",448,0.1734,0.0993,0.2727
2,"CGb","true",449,0.174,0.0902,0.2642
2,"CGb","true",450,0.1693,0.0986,0.2679
2,"CGb","true",451,0.18,0.0862,0.2662
2,"CGb","true",452,0.1751,0.0966,0.2717
2,"CGb","true",453,0.1764,0.1005,0.2769
2,"CGb","true",454,0.1678,0.0979,0.2657
2,"CGb","true",455,0.1699,0.1011,0.271
2,"CGb","true",456,0.1684,0.0899,0.2583
2,"CGb","true",457,0.1648,0.1091,0.2739
2,"CGb","true",458,0.1692,0.0987,0.2679
2,"CGb","true",459,0.1776,0.0909,0.2685
2,"CGb","true",460,0.1628,0.0928,0.2556
2,"CGb","true",461,0.1821,0.0937,0.2758
2,"CGb","true",462,0.1736,0.1042,0.2778
2,"CGb","true",463,0.171,0.099,0.27
2,"CGb","true",464,0.1602,0.1081,0.2683
2,"CGb","true",465,0.1805,0.0843,0.2648
2,"CGb","true",466,0.1704,0.0862,0.2566
2,"CGb","true",467,0.176,0.1034,0.2794
2,"CGb","true",468,0.171,0.0871,0.2581
2,"CGb","true",469,0.1861,0.0825,0.2686
2,"CGb","true",470,0.17,0.1086,0.2786
2,"CGb","true",471,0.1616,0.0999,0.2615
2,"CGb","true",472,0.1746,0.0885,0.2631
2,"CGb","true",473,0.1705,0.0957,0.2662
2,"CGb","true",474,0.1729,0.0872,0.2601
2,"CGb","true",475,0.1676,0.0971,0.2647
2,"CGb","true",476,0.1737,0.0946,0.2683
2,"CGb","true",477,0.1683,0.0958,0.2641
2,"CGb","true",478,0.1696,0.0987,0.2683
2,"CGb","true",479,0.172,0.0919,0.2639
2,"CGb","true",480,0.1731,0.1042,0.2773
2,"CGb","true",481,0.1683,0.0904,0.2587
2,"CGb","true",482,0.1679,0.0928,0.2607
2,"CGb","true",483,0.1773,0.0974,0.2747
2,"CGb","true",484,0.1603,0.1001,0.2604
2,"CGb","true",485,0.1805,0.093,0.2735
2,"CGb","true",486,0.1699,0.0912,0.2611
2,"CGb","true",487,0.1714,0.0883,0.2597
2,"CGb","true",488,0.1627,0.0997,0.2624
2,"CGb","true",489,0.171,0.1002,0.2712
2,"CGb","true",490,0.1736,0.093,0.2666
2,"CGb","true",491,0.1619,0.104,0.2659
2,"CGb","true",492,0.1736,0.0852,0.2588
2,"CGb","true",493,0.174,0.0888,0.2628
2,"CGb","true",494,0.1728,0.0995,0.2723
2,"CGb","true",495,0.1698,0.0939,0.2637
2,"CGb","true",496,0.1754,0.0943,0.2697
2,"CGb","true",497,0.1681,0.1,0.2681
2,"CGb","true",498,0.1636,0.0981,0.2617
2,"CGb","true",499,0.1659,0.1029,0.2688
2,"CGb","true",500,0.1489,0.1109,0.2598
2,"CGc","est",1,0.1167,0.068,0.1847
2,"CGc","est",2,0.1307,0.1155,0.2462
2,"CGc","est",3,0.1031,0.1403,0.2434
2,"CGc","est",4,0.2136,0.0853,0.2989
2,"CGc","est",5,0.0821,0.1115,0.1936
2,"CGc","est",6,0.1912,0.2181,0.4093
2,"CGc","est",7,0.1807,0.0732,0.2539
2,"CGc","est",8,0.1898,0.06,0.2498
2,"CGc","est",9,0.0617,0.0972,0.1589
2,"CGc","est",10,0.1508,0.0922,0.243
2,"CGc","est",11,0.1959,0.102,0.2979
2,"CGc","est",12,0.2276,0.0931,0.3207
2,"CGc","est",13,0.3137,0.1357,0.4494
2,"CGc","est",14,0.1871,0.0667,0.2538
2,"CGc","est",15,0.1236,0.0644,0.188
2,"CGc","est",16,0.0434,0.0663,0.1097
2,"CGc","est",17,0.1215,0.1032,0.2247
2,"CGc","est",18,0.1789,0.1335,0.3124
2,"CGc","est",19,0.2133,0.0348,0.2481
2,"CGc","est",20,0.1896,0.0291,0.2187
2,"CGc","est",21,0.1879,0.1142,0.3021
2,"CGc","est",22,0.1845,0.1071,0.2916
2,"CGc","est",23,0.2915,0.0983,0.3898
2,"CGc","est",24,0.0855,0.0637,0.1492
2,"CGc","est",25,0.1792,0.1185,0.2977
2,"CGc","est",26,0.2849,0.1389,0.4238
2,"CGc","est",27,0.2923,0.0945,0.3868
2,"CGc","est",28,0.0377,0.0699,0.1076
2,"CGc","est",29,0.212,0.0366,0.2486
2,"CGc","est",30,0.112,0.1307,0.2427
2,"CGc","est",31,0.2276,0.0545,0.2821
2,"CGc","est",32,0.197,0.1238,0.3208
2,"CGc","est",33,0.3185,0.1431,0.4616
2,"CGc","est",34,0.2106,0.1351,0.3457
2,"CGc","est",35,0.22,0.0929,0.3129
2,"CGc","est",36,0.1244,0.1159,0.2403
2,"CGc","est",37,0.2198,0.0942,0.314
2,"CGc","est",38,0.2059,0.1445,0.3504
2,"CGc","est",39,0.0703,0.1217,0.192
2,"CGc","est",40,0.1072,0.0968,0.204
2,"CGc","est",41,0.1478,0.1483,0.2961
2,"CGc","est",42,0.1686,0.0476,0.2162
2,"CGc","est",43,0.0466,0.0764,0.123
2,"CGc","est",44,0.1953,0.1533,0.3486
2,"CGc","est",45,0.3041,0.1136,0.4177
2,"CGc","est",46,0.1462,0.1013,0.2475
2,"CGc","est",47,0.225,0.0855,0.3105
2,"CGc","est",48,0.261,0.1041,0.3651
2,"CGc","est",49,0.2996,0.0473,0.3469
2,"CGc","est",50,0.2964,0.0699,0.3663
2,"CGc","est",51,0.1223,0.0933,0.2156
2,"CGc","est",52,0.1505,0.0933,0.2438
2,"CGc","est",53,0.1282,0.0726,0.2008
2,"CGc","est",54,0.1653,0.0988,0.2641
2,"CGc","est",55,0.1989,0.0944,0.2933
2,"CGc","est",56,0.1727,0.0884,0.2611
2,"CGc","est",57,0.2035,0.0356,0.2391
2,"CGc","est",58,0.1508,0.0244,0.1752
2,"CGc","est",59,0.1212,0.1393,0.2605
2,"CGc","est",60,0.1885,0.1097,0.2982
2,"CGc","est",61,0.2513,0.1199,0.3712
2,"CGc","est",62,0.2497,0.0732,0.3229
2,"CGc","est",63,0.1322,0.1611,0.2933
2,"CGc","est",64,0.076,0.0544,0.1304
2,"CGc","est",65,0.3405,0.0745,0.415
2,"CGc","est",66,0.1859,0.0769,0.2628
2,"CGc","est",67,0.2324,0.0458,0.2782
2,"CGc","est",68,0.1563,0.097,0.2533
2,"CGc","est",69,0.1478,0.119,0.2668
2,"CGc","est",70,0.1561,0.0414,0.1975
2,"CGc","est",71,0.1274,0.0397,0.1671
2,"CGc","est",72,-0.0122,0.0232,0.011
2,"CGc","est",73,0.106,0.0931,0.1991
2,"CGc","est",74,0.0945,0.1047,0.1992
2,"CGc","est",75,0.2245,0.1303,0.3548
2,"CGc","est",76,0.1872,0.0716,0.2588
2,"CGc","est",77,0.1138,0.0663,0.1801
2,"CGc","est",78,0.2031,0.0768,0.2799
2,"CGc","est",79,0.1039,0.0776,0.1815
2,"CGc","est",80,0.263,0.1644,0.4274
2,"CGc","est",81,0.1996,0.1531,0.3527
2,"CGc","est",82,0.142,0.1481,0.2901
2,"CGc","est",83,0.171,0.105,0.276
2,"CGc","est",84,0.1831,0.058,0.2411
2,"CGc","est",85,0.1741,0.0822,0.2563
2,"CGc","est",86,0.0961,0.164,0.2601
2,"CGc","est",87,0.2139,0.1192,0.3331
2,"CGc","est",88,0.0459,0.0346,0.0805
2,"CGc","est",89,0.3166,0.1323,0.4489
2,"CGc","est",90,0.1414,0.1477,0.2891
2,"CGc","est",91,0.1061,0.0774,0.1835
2,"CGc","est",92,0.1744,0.1188,0.2932
2,"CGc","est",93,0.2173,0.1561,0.3734
2,"CGc","est",94,0.1986,0.1015,0.3001
2,"CGc","est",95,0.0827,0.1536,0.2363
2,"CGc","est",96,0.337,0.1414,0.4784
2,"CGc","est",97,0.1851,0.1356,0.3207
2,"CGc","est",98,0.1934,0.1286,0.322
2,"CGc","est",99,0.1734,0.1429,0.3163
2,"CGc","est",100,0.1133,0.0946,0.2079
2,"CGc","est",101,0.091,0.0844,0.1754
2,"CGc","est",102,0.134,0.0817,0.2157
2,"CGc","est",103,0.2538,0.0599,0.3137
2,"CGc","est",104,0.1995,0.0797,0.2792
2,"CGc","est",105,0.1564,0.0296,0.186
2,"CGc","est",106,0.2793,0.0935,0.3728
2,"CGc","est",107,0.2594,0.0625,0.3219
2,"CGc","est",108,0.2058,0.0774,0.2832
2,"CGc","est",109,0.1529,0.1219,0.2748
2,"CGc","est",110,0.0853,0.0943,0.1796
2,"CGc","est",111,0.268,0.0786,0.3466
2,"CGc","est",112,0.105,0.1247,0.2297
2,"CGc","est",113,0.1925,0.0988,0.2913
2,"CGc","est",114,0.3719,0.0823,0.4542
2,"CGc","est",115,0.1124,0.1186,0.231
2,"CGc","est",116,0.1859,0.1109,0.2968
2,"CGc","est",117,0.2381,0.0986,0.3367
2,"CGc","est",118,0.2054,0.1455,0.3509
2,"CGc","est",119,0.207,0.0612,0.2682
2,"CGc","est",120,0.2184,0.0811,0.2995
2,"CGc","est",121,-0.0037,0.0815,0.0778
2,"CGc","est",122,0.1608,0.0724,0.2332
2,"CGc","est",123,0.1235,0.0498,0.1733
2,"CGc","est",124,0.1944,0.089,0.2834
2,"CGc","est",125,0.1066,0.0945,0.2011
2,"CGc","est",126,0.0573,0.0886,0.1459
2,"CGc","est",127,0.1644,0.0708,0.2352
2,"CGc","est",128,0.2778,0.1842,0.462
2,"CGc","est",129,0.1524,0.0991,0.2515
2,"CGc","est",130,0.1582,0.0844,0.2426
2,"CGc","est",131,0.1435,0.1033,0.2468
2,"CGc","est",132,0.1462,0.0993,0.2455
2,"CGc","est",133,0.1955,0.055,0.2505
2,"CGc","est",134,0.1521,0.1139,0.266
2,"CGc","est",135,0.1075,0.1122,0.2197
2,"CGc","est",136,0.2184,0.0284,0.2468
2,"CGc","est",137,0.2947,0.0772,0.3719
2,"CGc","est",138,0.2077,0.0424,0.2501
2,"CGc","est",139,0.15,0.039,0.189
2,"CGc","est",140,0.1819,0.0779,0.2598
2,"CGc","est",141,0.3185,0.0952,0.4137
2,"CGc","est",142,0.1788,0.087,0.2658
2,"CGc","est",143,0.3531,0.0425,0.3956
2,"CGc","est",144,0.0664,0.1096,0.176
2,"CGc","est",145,0.176,0.0224,0.1984
2,"CGc","est",146,0.1453,0.1011,0.2464
2,"CGc","est",147,0.1483,0.1056,0.2539
2,"CGc","est",148,0.2047,0.0964,0.3011
2,"CGc","est",149,0.1301,0.1274,0.2575
2,"CGc","est",150,0.1643,0.1184,0.2827
2,"CGc","est",151,0.163,0.0613,0.2243
2,"CGc","est",152,0.3605,0.0431,0.4036
2,"CGc","est",153,0.1676,0.076,0.2436
2,"CGc","est",154,0.1561,0.0757,0.2318
2,"CGc","est",155,0.1094,0.0576,0.167
2,"CGc","est",156,0.0804,0.1051,0.1855
2,"CGc","est",157,0.1346,0.0505,0.1851
2,"CGc","est",158,0.1672,0.1103,0.2775
2,"CGc","est",159,0.1317,0.1417,0.2734
2,"CGc","est",160,0.2254,0.0388,0.2642
2,"CGc","est",161,0.1616,0.0821,0.2437
2,"CGc","est",162,0.1229,0.1503,0.2732
2,"CGc","est",163,0.1705,0.0727,0.2432
2,"CGc","est",164,0.0489,0.0703,0.1192
2,"CGc","est",165,0.2292,0.1112,0.3404
2,"CGc","est",166,0.249,0.1065,0.3555
2,"CGc","est",167,0.1935,0.069,0.2625
2,"CGc","est",168,0.2189,0.0887,0.3076
2,"CGc","est",169,0.1952,0.0387,0.2339
2,"CGc","est",170,0.2538,0.1329,0.3867
2,"CGc","est",171,0.267,0.1041,0.3711
2,"CGc","est",172,0.2187,0.0945,0.3132
2,"CGc","est",173,0.2151,0.0522,0.2673
2,"CGc","est",174,0.0709,0.0942,0.1651
2,"CGc","est",175,0.1998,0.1239,0.3237
2,"CGc","est",176,0.259,0.0897,0.3487
2,"CGc","est",177,0.1471,0.1117,0.2588
2,"CGc","est",178,0.1833,0.1424,0.3257
2,"CGc","est",179,0.3032,0.057,0.3602
2,"CGc","est",180,0.2612,0.1305,0.3917
2,"CGc","est",181,0.1,0.1088,0.2088
2,"CGc","est",182,0.2701,0.091,0.3611
2,"CGc","est",183,0.1559,0.1108,0.2667
2,"CGc","est",184,0.1976,0.1154,0.313
2,"CGc","est",185,0.0931,0.1665,0.2596
2,"CGc","est",186,0.1478,0.0609,0.2087
2,"CGc","est",187,0.2417,0.0998,0.3415
2,"CGc","est",188,0.2117,0.1239,0.3356
2,"CGc","est",189,0.1849,0.111,0.2959
2,"CGc","est",190,0.1858,0.0907,0.2765
2,"CGc","est",191,0.0953,0.1291,0.2244
2,"CGc","est",192,0.2988,0.1096,0.4084
2,"CGc","est",193,0.1202,0.0983,0.2185
2,"CGc","est",194,0.0863,0.0867,0.173
2,"CGc","est",195,0.2191,0.0597,0.2788
2,"CGc","est",196,0.1103,0.1669,0.2772
2,"CGc","est",197,0.0585,0.1094,0.1679
2,"CGc","est",198,0.2153,0.1036,0.3189
2,"CGc","est",199,0.1136,0.0477,0.1613
2,"CGc","est",200,0.0621,0.1398,0.2019
2,"CGc","est",201,0.1394,0.1149,0.2543
2,"CGc","est",202,0.1686,0.0628,0.2314
2,"CGc","est",203,0.1348,0.081,0.2158
2,"CGc","est",204,0.1851,0.0319,0.217
2,"CGc","est",205,0.1759,0.0586,0.2345
2,"CGc","est",206,0.1747,0.1133,0.288
2,"CGc","est",207,0.0918,0.069,0.1608
2,"CGc","est",208,0.0735,0.0423,0.1158
2,"CGc","est",209,0.1458,0.1185,0.2643
2,"CGc","est",210,0.2158,0.0497,0.2655
2,"CGc","est",211,0.1741,0.1073,0.2814
2,"CGc","est",212,0.1375,0.0795,0.217
2,"CGc","est",213,0.2432,0.0907,0.3339
2,"CGc","est",214,0.2411,0.0711,0.3122
2,"CGc","est",215,0.0578,0.0545,0.1123
2,"CGc","est",216,0.0577,0.094,0.1517
2,"CGc","est",217,0.2068,0.1274,0.3342
2,"CGc","est",218,0.1917,0.1128,0.3045
2,"CGc","est",219,0.1639,0.1014,0.2653
2,"CGc","est",220,0.1885,0.0727,0.2612
2,"CGc","est",221,0.1175,0.0602,0.1777
2,"CGc","est",222,0.0854,0.112,0.1974
2,"CGc","est",223,0.1575,0.0677,0.2252
2,"CGc","est",224,0.1194,0.0986,0.218
2,"CGc","est",225,0.2001,0.1046,0.3047
2,"CGc","est",226,0.1287,0.104,0.2327
2,"CGc","est",227,0.1952,0.1203,0.3155
2,"CGc","est",228,0.1881,0.0506,0.2387
2,"CGc","est",229,0.1009,0.0817,0.1826
2,"CGc","est",230,0.2875,0.122,0.4095
2,"CGc","est",231,0.1325,0.0645,0.197
2,"CGc","est",232,0.118,0.0828,0.2008
2,"CGc","est",233,0.1769,0.0625,0.2394
2,"CGc","est",234,0.1619,0.133,0.2949
2,"CGc","est",235,0.1842,0.0815,0.2657
2,"CGc","est",236,0.2122,0.0864,0.2986
2,"CGc","est",237,0.2119,0.156,0.3679
2,"CGc","est",238,0.1652,0.0947,0.2599
2,"CGc","est",239,0.2072,0.0488,0.256
2,"CGc","est",240,0.1334,0.1093,0.2427
2,"CGc","est",241,0.1896,0.0826,0.2722
2,"CGc","est",242,0.215,0.1525,0.3675
2,"CGc","est",243,0.2875,0.0245,0.312
2,"CGc","est",244,0.1977,0.0564,0.2541
2,"CGc","est",245,0.1588,0.2026,0.3614
2,"CGc","est",246,0.217,0.0558,0.2728
2,"CGc","est",247,0.1081,0.0874,0.1955
2,"CGc","est",248,0.1382,0.1354,0.2736
2,"CGc","est",249,0.2196,0.0892,0.3088
2,"CGc","est",250,0.1424,0.0694,0.2118
2,"CGc","est",251,0.1943,0.0843,0.2786
2,"CGc","est",252,0.143,0.1313,0.2743
2,"CGc","est",253,0.1956,0.0289,0.2245
2,"CGc","est",254,0.1315,0.0811,0.2126
2,"CGc","est",255,0.2608,0.0763,0.3371
2,"CGc","est",256,0.184,0.0916,0.2756
2,"CGc","est",257,0.0889,0.1839,0.2728
2,"CGc","est",258,0.0394,0.0681,0.1075
2,"CGc","est",259,0.1413,0.1282,0.2695
2,"CGc","est",260,0.2007,0.0422,0.2429
2,"CGc","est",261,0.2153,0.0729,0.2882
2,"CGc","est",262,0.1528,0.2106,0.3634
2,"CGc","est",263,0.2841,0.1342,0.4183
2,"CGc","est",264,0.1521,0.1425,0.2946
2,"CGc","est",265,0.1876,0.0402,0.2278
2,"CGc","est",266,0.0865,0.1039,0.1904
2,"CGc","est",267,0.1487,0.2145,0.3632
2,"CGc","est",268,0.1193,0.1157,0.235
2,"CGc","est",269,0.2735,0.0859,0.3594
2,"CGc","est",270,0.2338,0.0407,0.2745
2,"CGc","est",271,0.1052,0.0782,0.1834
2,"CGc","est",272,0.1538,0.0508,0.2046
2,"CGc","est",273,0.2117,0.1908,0.4025
2,"CGc","est",274,0.2386,0.1105,0.3491
2,"CGc","est",275,0.1835,0.1025,0.286
2,"CGc","est",276,0.2794,0.066,0.3454
2,"CGc","est",277,0.2036,0.1439,0.3475
2,"CGc","est",278,0.0778,0.0787,0.1565
2,"CGc","est",279,0.1263,0.0878,0.2141
2,"CGc","est",280,0.243,0.0879,0.3309
2,"CGc","est",281,0.1382,0.0606,0.1988
2,"CGc","est",282,0.2355,0.0689,0.3044
2,"CGc","est",283,0.1831,0.0796,0.2627
2,"CGc","est",284,0.1644,0.0996,0.264
2,"CGc","est",285,0.0807,0.0425,0.1232
2,"CGc","est",286,0.0722,0.1296,0.2018
2,"CGc","est",287,0.1456,0.059,0.2046
2,"CGc","est",288,0.0732,0.1023,0.1755
2,"CGc","est",289,0.131,0.0645,0.1955
2,"CGc","est",290,0.1974,0.109,0.3064
2,"CGc","est",291,0.2518,0.1081,0.3599
2,"CGc","est",292,0.1611,0.1586,0.3197
2,"CGc","est",293,0.2236,0.0964,0.32
2,"CGc","est",294,0.2579,0.1097,0.3676
2,"CGc","est",295,0.1215,0.0865,0.208
2,"CGc","est",296,0.185,0.1357,0.3207
2,"CGc","est",297,0.1295,0.0781,0.2076
2,"CGc","est",298,0.1099,0.0968,0.2067
2,"CGc","est",299,0.2389,0.0135,0.2524
2,"CGc","est",300,0.2574,0.0421,0.2995
2,"CGc","est",301,0.1253,0.0861,0.2114
2,"CGc","est",302,0.132,0.0871,0.2191
2,"CGc","est",303,0.2591,0.1669,0.426
2,"CGc","est",304,0.1431,0.1047,0.2478
2,"CGc","est",305,0.2003,0.0322,0.2325
2,"CGc","est",306,0.2584,0.0778,0.3362
2,"CGc","est",307,0.1614,0.0573,0.2187
2,"CGc","est",308,0.151,0.0837,0.2347
2,"CGc","est",309,0.1675,0.1535,0.321
2,"CGc","est",310,0.1597,0.2078,0.3675
2,"CGc","est",311,0.2058,0.0794,0.2852
2,"CGc","est",312,0.2545,0.0617,0.3162
2,"CGc","est",313,0.2395,0.0338,0.2733
2,"CGc","est",314,0.2052,0.0906,0.2958
2,"CGc","est",315,0.169,0.0825,0.2515
2,"CGc","est",316,0.1732,0.1324,0.3056
2,"CGc","est",317,0.1679,0.0675,0.2354
2,"CGc","est",318,0.1856,0.0677,0.2533
2,"CGc","est",319,0.2501,0.132,0.3821
2,"CGc","est",320,0.2751,0.0774,0.3525
2,"CGc","est",321,0.1458,0.0467,0.1925
2,"CGc","est",322,0.2184,0.0747,0.2931
2,"CGc","est",323,0.1323,0.0498,0.1821
2,"CGc","est",324,0.2344,0.0427,0.2771
2,"CGc","est",325,0.2249,0.1046,0.3295
2,"CGc","est",326,0.1478,0.0655,0.2133
2,"CGc","est",327,0.2057,0.0012,0.2069
2,"CGc","est",328,0.2933,0.0757,0.369
2,"CGc","est",329,0.219,0.067,0.286
2,"CGc","est",330,0.2259,0.0183,0.2442
2,"CGc","est",331,0.2072,0.1409,0.3481
2,"CGc","est",332,0.2824,0.0723,0.3547
2,"CGc","est",333,0.2082,0.0947,0.3029
2,"CGc","est",334,0.1984,0.1047,0.3031
2,"CGc","est",335,0.1716,0.0476,0.2192
2,"CGc","est",336,0.1777,0.0734,0.2511
2,"CGc","est",337,0.2082,0.0576,0.2658
2,"CGc","est",338,0.1707,0.1393,0.31
2,"CGc","est",339,0.2079,0.1022,0.3101
2,"CGc","est",340,0.197,0.0988,0.2958
2,"CGc","est",341,0.2986,0.1313,0.4299
2,"CGc","est",342,0.1332,0.0916,0.2248
2,"CGc","est",343,0.1803,0.0506,0.2309
2,"CGc","est",344,0.2325,0.0898,0.3223
2,"CGc","est",345,0.2142,0.0455,0.2597
2,"CGc","est",346,0.1056,0.0939,0.1995
2,"CGc","est",347,0.0747,0.0901,0.1648
2,"CGc","est",348,0.0111,0.1419,0.153
2,"CGc","est",349,0.2249,0.0945,0.3194
2,"CGc","est",350,0.2639,0.1099,0.3738
2,"CGc","est",351,0.1837,0.0458,0.2295
2,"CGc","est",352,0.1721,0.0935,0.2656
2,"CGc","est",353,0.23,0.1644,0.3944
2,"CGc","est",354,0.1893,0.107,0.2963
2,"CGc","est",355,0.1062,0.0736,0.1798
2,"CGc","est",356,0.1915,0.0842,0.2757
2,"CGc","est",357,0.1765,0.0242,0.2007
2,"CGc","est",358,0.2121,0.0946,0.3067
2,"CGc","est",359,0.2211,0.0632,0.2843
2,"CGc","est",360,0.1541,0.101,0.2551
2,"CGc","est",361,0.0914,0.0692,0.1606
2,"CGc","est",362,0.1949,0.086,0.2809
2,"CGc","est",363,0.1218,0.1642,0.286
2,"CGc","est",364,0.2138,0.1417,0.3555
2,"CGc","est",365,0.1802,0.0465,0.2267
2,"CGc","est",366,0.0426,0.0869,0.1295
2,"CGc","est",367,0.0926,0.069,0.1616
2,"CGc","est",368,0.2052,0.1779,0.3831
2,"CGc","est",369,0.1932,0.0647,0.2579
2,"CGc","est",370,0.1396,0.0864,0.226
2,"CGc","est",371,0.2423,0.0804,0.3227
2,"CGc","est",372,0.1143,0.1368,0.2511
2,"CGc","est",373,0.16,0.0909,0.2509
2,"CGc","est",374,0.2857,0.0525,0.3382
2,"CGc","est",375,0.131,0.1147,0.2457
2,"CGc","est",376,0.2087,0.0638,0.2725
2,"CGc","est",377,0.1947,0.1637,0.3584
2,"CGc","est",378,0.1357,0.0764,0.2121
2,"CGc","est",379,0.1127,0.1407,0.2534
2,"CGc","est",380,0.1856,0.1589,0.3445
2,"CGc","est",381,0.1252,0.1559,0.2811
2,"CGc","est",382,0.1894,0.1251,0.3145
2,"CGc","est",383,0.1633,0.1506,0.3139
2,"CGc","est",384,0.1756,0.0582,0.2338
2,"CGc","est",385,0.1096,0.0745,0.1841
2,"CGc","est",386,0.341,0.0885,0.4295
2,"CGc","est",387,0.0787,0.0843,0.163
2,"CGc","est",388,0.2367,0.0089,0.2456
2,"CGc","est",389,0.1118,0.1082,0.22
2,"CGc","est",390,0.0987,0.0547,0.1534
2,"CGc","est",391,0.1091,0.0426,0.1517
2,"CGc","est",392,0.1488,0.0952,0.244
2,"CGc","est",393,0.0865,0.1086,0.1951
2,"CGc","est",394,0.1271,0.1104,0.2375
2,"CGc","est",395,0.2101,0.1042,0.3143
2,"CGc","est",396,0.2364,0.0785,0.3149
2,"CGc","est",397,0.1122,0.1057,0.2179
2,"CGc","est",398,0.2806,0.1383,0.4189
2,"CGc","est",399,0.1671,0.0387,0.2058
2,"CGc","est",400,0.2073,0.0563,0.2636
2,"CGc","est",401,0.3631,0.1002,0.4633
2,"CGc","est",402,0.1902,0.0676,0.2578
2,"CGc","est",403,0.1411,0.0695,0.2106
2,"CGc","est",404,0.1873,0.1016,0.2889
2,"CGc","est",405,0.2075,0.1694,0.3769
2,"CGc","est",406,0.2362,0.1013,0.3375
2,"CGc","est",407,0.0514,0.0996,0.151
2,"CGc","est",408,0.1319,0.0996,0.2315
2,"CGc","est",409,0.1587,0.1132,0.2719
2,"CGc","est",410,0.1718,0.1159,0.2877
2,"CGc","est",411,0.0778,0.1381,0.2159
2,"CGc","est",412,0.2001,0.1078,0.3079
2,"CGc","est",413,0.2472,0.0836,0.3308
2,"CGc","est",414,0.2685,0.0212,0.2897
2,"CGc","est",415,0.1933,0.0423,0.2356
2,"CGc","est",416,0.1699,0.0744,0.2443
2,"CGc","est",417,0.1965,0.0767,0.2732
2,"CGc","est",418,0.1167,0.1221,0.2388
2,"CGc","est",419,0.2091,0.0657,0.2748
2,"CGc","est",420,0.0197,0.114,0.1337
2,"CGc","est",421,0.2145,0.1067,0.3212
2,"CGc","est",422,0.3039,0.1187,0.4226
2,"CGc","est",423,0.0955,0.0847,0.1802
2,"CGc","est",424,0.1214,0.1074,0.2288
2,"CGc","est",425,0.2047,0.0666,0.2713
2,"CGc","est",426,0.1985,0.1036,0.3021
2,"CGc","est",427,0.2164,0.1009,0.3173
2,"CGc","est",428,0.3184,0.0375,0.3559
2,"CGc","est",429,0.1894,0.0869,0.2763
2,"CGc","est",430,0.2079,0.1451,0.353
2,"CGc","est",431,0.163,0.0873,0.2503
2,"CGc","est",432,0.1633,0.0475,0.2108
2,"CGc","est",433,0.1293,0.1166,0.2459
2,"CGc","est",434,0.2211,0.0432,0.2643
2,"CGc","est",435,0.2201,0.0402,0.2603
2,"CGc","est",436,0.1482,0.0399,0.1881
2,"CGc","est",437,0.2699,0.0945,0.3644
2,"CGc","est",438,0.1498,0.0657,0.2155
2,"CGc","est",439,0.1864,0.1339,0.3203
2,"CGc","est",440,0.168,0.0697,0.2377
2,"CGc","est",441,0.274,0.1444,0.4184
2,"CGc","est",442,0.2617,0.0948,0.3565
2,"CGc","est",443,0.1508,0.0711,0.2219
2,"CGc","est",444,0.2755,0.1136,0.3891
2,"CGc","est",445,0.1091,0.0772,0.1863
2,"CGc","est",446,0.2399,0.1655,0.4054
2,"CGc","est",447,0.0938,0.0932,0.187
2,"CGc","est",448,0.1722,0.0541,0.2263
2,"CGc","est",449,0.1285,0.1472,0.2757
2,"CGc","est",450,0.1644,0.089,0.2534
2,"CGc","est",451,0.2816,0.0852,0.3668
2,"CGc","est",452,0.2583,0.0943,0.3526
2,"CGc","est",453,0.0807,0.1472,0.2279
2,"CGc","est",454,0.2144,0.097,0.3114
2,"CGc","est",455,0.2243,0.1048,0.3291
2,"CGc","est",456,0.2613,0.043,0.3043
2,"CGc","est",457,0.1324,0.0947,0.2271
2,"CGc","est",458,0.2552,0.1641,0.4193
2,"CGc","est",459,0.0824,0.1055,0.1879
2,"CGc","est",460,0.1413,0.122,0.2633
2,"CGc","est",461,0.1092,0.0651,0.1743
2,"CGc","est",462,0.0791,0.1151,0.1942
2,"CGc","est",463,0.2237,-0.0027,0.221
2,"CGc","est",464,0.1644,0.1053,0.2697
2,"CGc","est",465,0.2153,0.0514,0.2667
2,"CGc","est",466,0.1658,0.1395,0.3053
2,"CGc","est",467,-0.0358,0.1273,0.0915
2,"CGc","est",468,0.0807,0.0449,0.1256
2,"CGc","est",469,0.2218,0.1241,0.3459
2,"CGc","est",470,0.1391,0.0685,0.2076
2,"CGc","est",471,0.1936,0.0613,0.2549
2,"CGc","est",472,0.1175,0.0235,0.141
2,"CGc","est",473,0.1409,0.0556,0.1965
2,"CGc","est",474,0.242,0.0958,0.3378
2,"CGc","est",475,0.1289,0.1587,0.2876
2,"CGc","est",476,0.1852,0.1733,0.3585
2,"CGc","est",477,0.1546,0.0937,0.2483
2,"CGc","est",478,0.29,0.0767,0.3667
2,"CGc","est",479,0.2492,0.1124,0.3616
2,"CGc","est",480,0.2102,0.0635,0.2737
2,"CGc","est",481,0.2588,0.0852,0.344
2,"CGc","est",482,0.2522,0.1129,0.3651
2,"CGc","est",483,0.2876,0.0894,0.377
2,"CGc","est",484,0.1471,0.14,0.2871
2,"CGc","est",485,0.1938,0.1435,0.3373
2,"CGc","est",486,0.1838,0.0549,0.2387
2,"CGc","est",487,0.2141,0.0911,0.3052
2,"CGc","est",488,0.216,0.1491,0.3651
2,"CGc","est",489,0.1744,0.0626,0.237
2,"CGc","est",490,0.2471,0.0342,0.2813
2,"CGc","est",491,0.1581,0.0572,0.2153
2,"CGc","est",492,0.2222,0.0756,0.2978
2,"CGc","est",493,0.1462,0.0463,0.1925
2,"CGc","est",494,0.2206,0.0686,0.2892
2,"CGc","est",495,0.1813,0.0329,0.2142
2,"CGc","est",496,0.2372,0.119,0.3562
2,"CGc","est",497,0.1851,0.142,0.3271
2,"CGc","est",498,0.1585,0.0841,0.2426
2,"CGc","est",499,0.0056,0.0827,0.0883
2,"CGc","est",500,0.189,0.103,0.292
2,"CGc","true",1,0.1677,0.1138,0.2815
2,"CGc","true",2,0.1806,0.1285,0.3091
2,"CGc","true",3,0.1856,0.1133,0.2989
2,"CGc","true",4,0.1703,0.0965,0.2668
2,"CGc","true",5,0.1757,0.1167,0.2924
2,"CGc","true",6,0.1797,0.1087,0.2884
2,"CGc","true",7,0.1757,0.1086,0.2843
2,"CGc","true",8,0.1896,0.1018,0.2914
2,"CGc","true",9,0.1701,0.1175,0.2876
2,"CGc","true",10,0.1819,0.1124,0.2943
2,"CGc","true",11,0.17,0.1251,0.2951
2,"CGc","true",12,0.1818,0.1059,0.2877
2,"CGc","true",13,0.1681,0.1105,0.2786
2,"CGc","true",14,0.168,0.1235,0.2915
2,"CGc","true",15,0.1848,0.1078,0.2926
2,"CGc","true",16,0.1666,0.1132,0.2798
2,"CGc","true",17,0.1759,0.1146,0.2905
2,"CGc","true",18,0.1768,0.1143,0.2911
2,"CGc","true",19,0.1783,0.1098,0.2881
2,"CGc","true",20,0.1715,0.1237,0.2952
2,"CGc","true",21,0.181,0.1056,0.2866
2,"CGc","true",22,0.1797,0.1024,0.2821
2,"CGc","true",23,0.1707,0.1243,0.295
2,"CGc","true",24,0.174,0.1156,0.2896
2,"CGc","true",25,0.1959,0.1043,0.3002
2,"CGc","true",26,0.1754,0.1101,0.2855
2,"CGc","true",27,0.1791,0.109,0.2881
2,"CGc","true",28,0.1889,0.1038,0.2927
2,"CGc","true",29,0.1724,0.1185,0.2909
2,"CGc","true",30,0.1805,0.1207,0.3012
2,"CGc","true",31,0.1683,0.1241,0.2924
2,"CGc","true",32,0.1792,0.0982,0.2774
2,"CGc","true",33,0.1785,0.1104,0.2889
2,"CGc","true",34,0.1779,0.1182,0.2961
2,"CGc","true",35,0.1652,0.115,0.2802
2,"CGc","true",36,0.1762,0.1137,0.2899
2,"CGc","true",37,0.1868,0.1051,0.2919
2,"CGc","true",38,0.1782,0.1141,0.2923
2,"CGc","true",39,0.1736,0.1075,0.2811
2,"CGc","true",40,0.1713,0.1207,0.292
2,"CGc","true",41,0.1806,0.1171,0.2977
2,"CGc","true",42,0.1824,0.1025,0.2849
2,"CGc","true",43,0.1767,0.1103,0.287
2,"CGc","true",44,0.1693,0.1207,0.29
2,"CGc","true",45,0.1795,0.1148,0.2943
2,"CGc","true",46,0.1738,0.1284,0.3022
2,"CGc","true",47,0.1907,0.1111,0.3018
2,"CGc","true",48,0.1844,0.1105,0.2949
2,"CGc","true",49,0.1772,0.1241,0.3013
2,"CGc","true",50,0.1674,0.1257,0.2931
2,"CGc","true",51,0.1751,0.1195,0.2946
2,"CGc","true",52,0.1687,0.1123,0.281
2,"CGc","true",53,0.1851,0.1054,0.2905
2,"CGc","true",54,0.1716,0.1154,0.287
2,"CGc","true",55,0.1711,0.1138,0.2849
2,"CGc","true",56,0.1663,0.1101,0.2764
2,"CGc","true",57,0.1832,0.1188,0.302
2,"CGc","true",58,0.1782,0.1023,0.2805
2,"CGc","true",59,0.1729,0.1127,0.2856
2,"CGc","true",60,0.1749,0.1064,0.2813
2,"CGc","true",61,0.1829,0.1057,0.2886
2,"CGc","true",62,0.1738,0.1168,0.2906
2,"CGc","true",63,0.1752,0.1232,0.2984
2,"CGc","true",64,0.1771,0.1107,0.2878
2,"CGc","true",65,0.1676,0.1126,0.2802
2,"CGc","true",66,0.1768,0.1122,0.289
2,"CGc","true",67,0.1886,0.1043,0.2929
2,"CGc","true",68,0.1788,0.1113,0.2901
2,"CGc","true",69,0.1756,0.1061,0.2817
2,"CGc","true",70,0.177,0.097,0.274
2,"CGc","true",71,0.1766,0.1154,0.292
2,"CGc","true",72,0.1836,0.1079,0.2915
2,"CGc","true",73,0.1733,0.117,0.2903
2,"CGc","true",74,0.1752,0.1092,0.2844
2,"CGc","true",75,0.1653,0.1184,0.2837
2,"CGc","true",76,0.176,0.11,0.286
2,"CGc","true",77,0.2048,0.1031,0.3079
2,"CGc","true",78,0.1806,0.1111,0.2917
2,"CGc","true",79,0.1832,0.0973,0.2805
2,"CGc","true",80,0.1747,0.1139,0.2886
2,"CGc","true",81,0.1743,0.1103,0.2846
2,"CGc","true",82,0.1917,0.1114,0.3031
2,"CGc","true",83,0.1765,0.1111,0.2876
2,"CGc","true",84,0.172,0.1199,0.2919
2,"CGc","true",85,0.1801,0.1134,0.2935
2,"CGc","true",86,0.1791,0.1174,0.2965
2,"CGc","true",87,0.1765,0.1137,0.2902
2,"CGc","true",88,0.1808,0.1105,0.2913
2,"CGc","true",89,0.1878,0.102,0.2898
2,"CGc","true",90,0.1809,0.1116,0.2925
2,"CGc","true",91,0.1767,0.1164,0.2931
2,"CGc","true",92,0.1763,0.1188,0.2951
2,"CGc","true",93,0.1738,0.1116,0.2854
2,"CGc","true",94,0.1783,0.1144,0.2927
2,"CGc","true",95,0.1747,0.1024,0.2771
2,"CGc","true",96,0.1724,0.1167,0.2891
2,"CGc","true",97,0.183,0.1122,0.2952
2,"CGc","true",98,0.1909,0.1159,0.3068
2,"CGc","true",99,0.1795,0.1102,0.2897
2,"CGc","true",100,0.1866,0.1078,0.2944
2,"CGc","true",101,0.1824,0.1128,0.2952
2,"CGc","true",102,0.1772,0.113,0.2902
2,"CGc","true",103,0.1798,0.1031,0.2829
2,"CGc","true",104,0.1744,0.1206,0.295
2,"CGc","true",105,0.1754,0.1144,0.2898
2,"CGc","true",106,0.1789,0.1202,0.2991
2,"CGc","true",107,0.182,0.1072,0.2892
2,"CGc","true",108,0.1723,0.1155,0.2878
2,"CGc","true",109,0.1794,0.1184,0.2978
2,"CGc","true",110,0.1741,0.1161,0.2902
2,"CGc","true",111,0.1708,0.1229,0.2937
2,"CGc","true",112,0.1848,0.1116,0.2964
2,"CGc","true",113,0.1887,0.1108,0.2995
2,"CGc","true",114,0.1809,0.1052,0.2861
2,"CGc","true",115,0.1745,0.1194,0.2939
2,"CGc","true",116,0.1721,0.1108,0.2829
2,"CGc","true",117,0.1794,0.1207,0.3001
2,"CGc","true",118,0.1836,0.1118,0.2954
2,"CGc","true",119,0.1742,0.1159,0.2901
2,"CGc","true",120,0.1597,0.1265,0.2862
2,"CGc","true",121,0.1785,0.1141,0.2926
2,"CGc","true",122,0.1741,0.1182,0.2923
2,"CGc","true",123,0.1786,0.1167,0.2953
2,"CGc","true",124,0.1803,0.1201,0.3004
2,"CGc","true",125,0.1747,0.1164,0.2911
2,"CGc","true",126,0.1701,0.1149,0.285
2,"CGc","true",127,0.1892,0.1055,0.2947
2,"CGc","true",128,0.1763,0.1029,0.2792
2,"CGc","true",129,0.1727,0.1177,0.2904
2,"CGc","true",130,0.1604,0.1165,0.2769
2,"CGc","true",131,0.1756,0.1048,0.2804
2,"CGc","true",132,0.1673,0.1193,0.2866
2,"CGc","true",133,0.1718,0.1136,0.2854
2,"CGc","true",134,0.1769,0.1103,0.2872
2,"CGc","true",135,0.1816,0.1168,0.2984
2,"CGc","true",136,0.1831,0.1094,0.2925
2,"CGc","true",137,0.1769,0.114,0.2909
2,"CGc","true",138,0.1638,0.1074,0.2712
2,"CGc","true",139,0.173,0.1221,0.2951
2,"CGc","true",140,0.1811,0.1159,0.297
2,"CGc","true",141,0.1844,0.1026,0.287
2,"CGc","true",142,0.1715,0.1168,0.2883
2,"CGc","true",143,0.1773,0.1098,0.2871
2,"CGc","true",144,0.1686,0.1133,0.2819
2,"CGc","true",145,0.1778,0.1152,0.293
2,"CGc","true",146,0.1786,0.12,0.2986
2,"CGc","true",147,0.1562,0.1255,0.2817
2,"CGc","true",148,0.1803,0.1163,0.2966
2,"CGc","true",149,0.1759,0.1107,0.2866
2,"CGc","true",150,0.1866,0.1096,0.2962
2,"CGc","true",151,0.1644,0.1108,0.2752
2,"CGc","true",152,0.1663,0.1111,0.2774
2,"CGc","true",153,0.1807,0.1117,0.2924
2,"CGc","true",154,0.1769,0.1124,0.2893
2,"CGc","true",155,0.172,0.118,0.29
2,"CGc","true",156,0.1677,0.121,0.2887
2,"CGc","true",157,0.168,0.1146,0.2826
2,"CGc","true",158,0.1821,0.0993,0.2814
2,"CGc","true",159,0.177,0.1131,0.2901
2,"CGc","true",160,0.1774,0.1079,0.2853
2,"CGc","true",161,0.1878,0.1128,0.3006
2,"CGc","true",162,0.1791,0.1185,0.2976
2,"CGc","true",163,0.1772,0.1164,0.2936
2,"CGc","true",164,0.1767,0.1113,0.288
2,"CGc","true",165,0.1794,0.1256,0.305
2,"CGc","true",166,0.1717,0.1177,0.2894
2,"CGc","true",167,0.1767,0.1178,0.2945
2,"CGc","true",168,0.1713,0.1245,0.2958
2,"CGc","true",169,0.1735,0.1064,0.2799
2,"CGc","true",170,0.1748,0.1206,0.2954
2,"CGc","true",171,0.1773,0.109,0.2863
2,"CGc","true",172,0.1842,0.104,0.2882
2,"CGc","true",173,0.1702,0.1121,0.2823
2,"CGc","true",174,0.1748,0.1237,0.2985
2,"CGc","true",175,0.1793,0.1126,0.2919
2,"CGc","true",176,0.1888,0.1064,0.2952
2,"CGc","true",177,0.1656,0.1182,0.2838
2,"CGc","true",178,0.1742,0.1128,0.287
2,"CGc","true",179,0.176,0.1132,0.2892
2,"CGc","true",180,0.1732,0.1205,0.2937
2,"CGc","true",181,0.1692,0.1187,0.2879
2,"CGc","true",182,0.1782,0.1136,0.2918
2,"CGc","true",183,0.1691,0.1163,0.2854
2,"CGc","true",184,0.1714,0.1214,0.2928
2,"CGc","true",185,0.1718,0.1127,0.2845
2,"CGc","true",186,0.1846,0.1102,0.2948
2,"CGc","true",187,0.1814,0.1064,0.2878
2,"CGc","true",188,0.1727,0.1151,0.2878
2,"CGc","true",189,0.1813,0.0988,0.2801
2,"CGc","true",190,0.1813,0.1043,0.2856
2,"CGc","true",191,0.1788,0.1056,0.2844
2,"CGc","true",192,0.1803,0.1145,0.2948
2,"CGc","true",193,0.1675,0.1089,0.2764
2,"CGc","true",194,0.1679,0.1098,0.2777
2,"CGc","true",195,0.1646,0.1103,0.2749
2,"CGc","true",196,0.179,0.123,0.302
2,"CGc","true",197,0.1705,0.1064,0.2769
2,"CGc","true",198,0.1806,0.106,0.2866
2,"CGc","true",199,0.1711,0.1173,0.2884
2,"CGc","true",200,0.1792,0.1159,0.2951
2,"CGc","true",201,0.1688,0.1187,0.2875
2,"CGc","true",202,0.1788,0.1171,0.2959
2,"CGc","true",203,0.176,0.1162,0.2922
2,"CGc","true",204,0.1709,0.1187,0.2896
2,"CGc","true",205,0.1729,0.1118,0.2847
2,"CGc","true",206,0.185,0.0961,0.2811
2,"CGc","true",207,0.1756,0.1051,0.2807
2,"CGc","true",208,0.1697,0.1163,0.286
2,"CGc","true",209,0.1608,0.1234,0.2842
2,"CGc","true",210,0.1787,0.1066,0.2853
2,"CGc","true",211,0.179,0.1088,0.2878
2,"CGc","true",212,0.1687,0.1152,0.2839
2,"CGc","true",213,0.1813,0.1138,0.2951
2,"CGc","true",214,0.1823,0.1144,0.2967
2,"CGc","true",215,0.1774,0.1119,0.2893
2,"CGc","true",216,0.1616,0.1227,0.2843
2,"CGc","true",217,0.165,0.1147,0.2797
2,"CGc","true",218,0.1792,0.1147,0.2939
2,"CGc","true",219,0.1813,0.1099,0.2912
2,"CGc","true",220,0.1735,0.1197,0.2932
2,"CGc","true",221,0.1803,0.1046,0.2849
2,"CGc","true",222,0.1799,0.1051,0.285
2,"CGc","true",223,0.1762,0.1103,0.2865
2,"CGc","true",224,0.181,0.1087,0.2897
2,"CGc","true",225,0.1707,0.1085,0.2792
2,"CGc","true",226,0.1765,0.119,0.2955
2,"CGc","true",227,0.1813,0.1121,0.2934
2,"CGc","true",228,0.1596,0.1246,0.2842
2,"CGc","true",229,0.1786,0.1132,0.2918
2,"CGc","true",230,0.1785,0.11,0.2885
2,"CGc","true",231,0.1689,0.1209,0.2898
2,"CGc","true",232,0.1831,0.1081,0.2912
2,"CGc","true",233,0.1772,0.1233,0.3005
2,"CGc","true",234,0.1732,0.1196,0.2928
2,"CGc","true",235,0.1815,0.1075,0.289
2,"CGc","true",236,0.1674,0.1045,0.2719
2,"CGc","true",237,0.1693,0.1269,0.2962
2,"CGc","true",238,0.1728,0.1158,0.2886
2,"CGc","true",239,0.1738,0.1112,0.285
2,"CGc","true",240,0.1929,0.1194,0.3123
2,"CGc","true",241,0.1796,0.0984,0.278
2,"CGc","true",242,0.1724,0.1131,0.2855
2,"CGc","true",243,0.1832,0.1089,0.2921
2,"CGc","true",244,0.1791,0.1138,0.2929
2,"CGc","true",245,0.1738,0.1098,0.2836
2,"CGc","true",246,0.1746,0.1082,0.2828
2,"CGc","true",247,0.174,0.1138,0.2878
2,"CGc","true",248,0.1785,0.1129,0.2914
2,"CGc","true",249,0.1739,0.1033,0.2772
2,"CGc","true",250,0.1806,0.1133,0.2939
2,"CGc","true",251,0.1817,0.1088,0.2905
2,"CGc","true",252,0.1809,0.1213,0.3022
2,"CGc","true",253,0.1786,0.1137,0.2923
2,"CGc","true",254,0.1829,0.1113,0.2942
2,"CGc","true",255,0.1641,0.1225,0.2866
2,"CGc","true",256,0.1593,0.1271,0.2864
2,"CGc","true",257,0.1756,0.1028,0.2784
2,"CGc","true",258,0.1777,0.1071,0.2848
2,"CGc","true",259,0.1783,0.1089,0.2872
2,"CGc","true",260,0.1678,0.1207,0.2885
2,"CGc","true",261,0.1583,0.1209,0.2792
2,"CGc","true",262,0.171,0.1126,0.2836
2,"CGc","true",263,0.1697,0.111,0.2807
2,"CGc","true",264,0.1697,0.117,0.2867
2,"CGc","true",265,0.175,0.1157,0.2907
2,"CGc","true",266,0.1819,0.1113,0.2932
2,"CGc","true",267,0.173,0.1145,0.2875
2,"CGc","true",268,0.1871,0.1176,0.3047
2,"CGc","true",269,0.1709,0.1196,0.2905
2,"CGc","true",270,0.1673,0.1244,0.2917
2,"CGc","true",271,0.1758,0.1055,0.2813
2,"CGc","true",272,0.1674,0.1108,0.2782
2,"CGc","true",273,0.191,0.1084,0.2994
2,"CGc","true",274,0.1719,0.1098,0.2817
2,"CGc","true",275,0.1718,0.1143,0.2861
2,"CGc","true",276,0.1706,0.1157,0.2863
2,"CGc","true",277,0.1767,0.1216,0.2983
2,"CGc","true",278,0.1866,0.1068,0.2934
2,"CGc","true",279,0.1891,0.1092,0.2983
2,"CGc","true",280,0.1757,0.1077,0.2834
2,"CGc","true",281,0.1797,0.1049,0.2846
2,"CGc","true",282,0.1863,0.1128,0.2991
2,"CGc","true",283,0.1734,0.1205,0.2939
2,"CGc","true",284,0.1701,0.1151,0.2852
2,"CGc","true",285,0.1686,0.1195,0.2881
2,"CGc","true",286,0.1731,0.1285,0.3016
2,"CGc","true",287,0.1728,0.1173,0.2901
2,"CGc","true",288,0.163,0.1134,0.2764
2,"CGc","true",289,0.1884,0.1039,0.2923
2,"CGc","true",290,0.1751,0.1127,0.2878
2,"CGc","true",291,0.1655,0.1195,0.285
2,"CGc","true",292,0.1634,0.1234,0.2868
2,"CGc","true",293,0.1724,0.1148,0.2872
2,"CGc","true",294,0.1726,0.1177,0.2903
2,"CGc","true",295,0.1759,0.1122,0.2881
2,"CGc","true",296,0.1714,0.1232,0.2946
2,"CGc","true",297,0.18,0.1141,0.2941
2,"CGc","true",298,0.1902,0.1116,0.3018
2,"CGc","true",299,0.1905,0.1026,0.2931
2,"CGc","true",300,0.1806,0.1056,0.2862
2,"CGc","true",301,0.1704,0.1087,0.2791
2,"CGc","true",302,0.1726,0.112,0.2846
2,"CGc","true",303,0.1763,0.1125,0.2888
2,"CGc","true",304,0.1816,0.1139,0.2955
2,"CGc","true",305,0.1908,0.1112,0.302
2,"CGc","true",306,0.1895,0.0989,0.2884
2,"CGc","true",307,0.1808,0.1051,0.2859
2,"CGc","true",308,0.1779,0.1164,0.2943
2,"CGc","true",309,0.1946,0.1049,0.2995
2,"CGc","true",310,0.1786,0.1171,0.2957
2,"CGc","true",311,0.1694,0.1206,0.29
2,"CGc","true",312,0.1761,0.114,0.2901
2,"CGc","true",313,0.1787,0.1145,0.2932
2,"CGc","true",314,0.1711,0.1213,0.2924
2,"CGc","true",315,0.1727,0.1029,0.2756
2,"CGc","true",316,0.1788,0.1067,0.2855
2,"CGc","true",317,0.175,0.1088,0.2838
2,"CGc","true",318,0.1815,0.1055,0.287
2,"CGc","true",319,0.1644,0.1114,0.2758
2,"CGc","true",320,0.1763,0.1129,0.2892
2,"CGc","true",321,0.1798,0.1093,0.2891
2,"CGc","true",322,0.1711,0.1194,0.2905
2,"CGc","true",323,0.1711,0.1156,0.2867
2,"CGc","true",324,0.1883,0.1113,0.2996
2,"CGc","true",325,0.1723,0.1125,0.2848
2,"CGc","true",326,0.1752,0.1097,0.2849
2,"CGc","true",327,0.1751,0.1015,0.2766
2,"CGc","true",328,0.1705,0.1213,0.2918
2,"CGc","true",329,0.1839,0.1175,0.3014
2,"CGc","true",330,0.1723,0.1112,0.2835
2,"CGc","true",331,0.1798,0.1202,0.3
2,"CGc","true",332,0.1757,0.1109,0.2866
2,"CGc","true",333,0.1782,0.119,0.2972
2,"CGc","true",334,0.1812,0.1072,0.2884
2,"CGc","true",335,0.1745,0.1222,0.2967
2,"CGc","true",336,0.1821,0.1198,0.3019
2,"CGc","true",337,0.1712,0.1116,0.2828
2,"CGc","true",338,0.1783,0.1106,0.2889
2,"CGc","true",339,0.1758,0.1129,0.2887
2,"CGc","true",340,0.1614,0.1168,0.2782
2,"CGc","true",341,0.1667,0.1266,0.2933
2,"CGc","true",342,0.1703,0.1205,0.2908
2,"CGc","true",343,0.1732,0.1109,0.2841
2,"CGc","true",344,0.1695,0.1084,0.2779
2,"CGc","true",345,0.1859,0.1181,0.304
2,"CGc","true",346,0.173,0.122,0.295
2,"CGc","true",347,0.1711,0.1244,0.2955
2,"CGc","true",348,0.1818,0.1119,0.2937
2,"CGc","true",349,0.1858,0.1023,0.2881
2,"CGc","true",350,0.1826,0.1049,0.2875
2,"CGc","true",351,0.1724,0.1243,0.2967
2,"CGc","true",352,0.1703,0.1206,0.2909
2,"CGc","true",353,0.1886,0.1109,0.2995
2,"CGc","true",354,0.1758,0.1242,0.3
2,"CGc","true",355,0.1742,0.1151,0.2893
2,"CGc","true",356,0.1716,0.1107,0.2823
2,"CGc","true",357,0.1725,0.1242,0.2967
2,"CGc","true",358,0.1705,0.1143,0.2848
2,"CGc","true",359,0.1782,0.1104,0.2886
2,"CGc","true",360,0.1842,0.121,0.3052
2,"CGc","true",361,0.177,0.1218,0.2988
2,"CGc","true",362,0.1817,0.1105,0.2922
2,"CGc","true",363,0.1711,0.1126,0.2837
2,"CGc","true",364,0.1724,0.1111,0.2835
2,"CGc","true",365,0.1779,0.1073,0.2852
2,"CGc","true",366,0.1729,0.1082,0.2811
2,"CGc","true",367,0.1778,0.1067,0.2845
2,"CGc","true",368,0.1839,0.1066,0.2905
2,"CGc","true",369,0.1739,0.1128,0.2867
2,"CGc","true",370,0.1855,0.1074,0.2929
2,"CGc","true",371,0.1771,0.1196,0.2967
2,"CGc","true",372,0.1692,0.121,0.2902
2,"CGc","true",373,0.1799,0.1122,0.2921
2,"CGc","true",374,0.187,0.1093,0.2963
2,"CGc","true",375,0.1835,0.1098,0.2933
2,"CGc","true",376,0.1833,0.1058,0.2891
2,"CGc","true",377,0.1768,0.111,0.2878
2,"CGc","true",378,0.1844,0.113,0.2974
2,"CGc","true",379,0.1767,0.1162,0.2929
2,"CGc","true",380,0.1655,0.1209,0.2864
2,"CGc","true",381,0.1791,0.1158,0.2949
2,"CGc","true",382,0.1791,0.1176,0.2967
2,"CGc","true",383,0.1749,0.1104,0.2853
2,"CGc","true",384,0.1773,0.116,0.2933
2,"CGc","true",385,0.1645,0.1223,0.2868
2,"CGc","true",386,0.1668,0.1217,0.2885
2,"CGc","true",387,0.1768,0.1136,0.2904
2,"CGc","true",388,0.1704,0.1084,0.2788
2,"CGc","true",389,0.1662,0.116,0.2822
2,"CGc","true",390,0.1888,0.1142,0.303
2,"CGc","true",391,0.1697,0.1141,0.2838
2,"CGc","true",392,0.1732,0.1165,0.2897
2,"CGc","true",393,0.1733,0.1099,0.2832
2,"CGc","true",394,0.173,0.1117,0.2847
2,"CGc","true",395,0.179,0.1149,0.2939
2,"CGc","true",396,0.1765,0.1194,0.2959
2,"CGc","true",397,0.1678,0.1182,0.286
2,"CGc","true",398,0.1857,0.1021,0.2878
2,"CGc","true",399,0.1845,0.1002,0.2847
2,"CGc","true",400,0.1804,0.1066,0.287
2,"CGc","true",401,0.1846,0.1097,0.2943
2,"CGc","true",402,0.1725,0.1167,0.2892
2,"CGc","true",403,0.1744,0.1175,0.2919
2,"CGc","true",404,0.1856,0.1134,0.299
2,"CGc","true",405,0.1813,0.1002,0.2815
2,"CGc","true",406,0.1787,0.1119,0.2906
2,"CGc","true",407,0.1892,0.106,0.2952
2,"CGc","true",408,0.1799,0.1036,0.2835
2,"CGc","true",409,0.1766,0.1175,0.2941
2,"CGc","true",410,0.1766,0.1117,0.2883
2,"CGc","true",411,0.1753,0.1239,0.2992
2,"CGc","true",412,0.1781,0.1088,0.2869
2,"CGc","true",413,0.1727,0.1195,0.2922
2,"CGc","true",414,0.1693,0.1297,0.299
2,"CGc","true",415,0.1694,0.1072,0.2766
2,"CGc","true",416,0.191,0.1046,0.2956
2,"CGc","true",417,0.1682,0.1166,0.2848
2,"CGc","true",418,0.1725,0.1077,0.2802
2,"CGc","true",419,0.1902,0.0982,0.2884
2,"CGc","true",420,0.1808,0.0987,0.2795
2,"CGc","true",421,0.167,0.1161,0.2831
2,"CGc","true",422,0.1808,0.1217,0.3025
2,"CGc","true",423,0.1791,0.1174,0.2965
2,"CGc","true",424,0.1732,0.1112,0.2844
2,"CGc","true",425,0.1729,0.1087,0.2816
2,"CGc","true",426,0.1835,0.1079,0.2914
2,"CGc","true",427,0.1893,0.1045,0.2938
2,"CGc","true",428,0.1756,0.1205,0.2961
2,"CGc","true",429,0.1722,0.1223,0.2945
2,"CGc","true",430,0.1901,0.1048,0.2949
2,"CGc","true",431,0.1853,0.1071,0.2924
2,"CGc","true",432,0.1832,0.1015,0.2847
2,"CGc","true",433,0.1832,0.1054,0.2886
2,"CGc","true",434,0.1744,0.1145,0.2889
2,"CGc","true",435,0.1731,0.1108,0.2839
2,"CGc","true",436,0.1813,0.1144,0.2957
2,"CGc","true",437,0.169,0.1142,0.2832
2,"CGc","true",438,0.1701,0.1161,0.2862
2,"CGc","true",439,0.1887,0.1006,0.2893
2,"CGc","true",440,0.1659,0.1219,0.2878
2,"CGc","true",441,0.1787,0.1133,0.292
2,"CGc","true",442,0.1761,0.1124,0.2885
2,"CGc","true",443,0.1815,0.1026,0.2841
2,"CGc","true",444,0.1817,0.1153,0.297
2,"CGc","true",445,0.1741,0.1099,0.284
2,"CGc","true",446,0.1687,0.1068,0.2755
2,"CGc","true",447,0.1724,0.1124,0.2848
2,"CGc","true",448,0.1736,0.1207,0.2943
2,"CGc","true",449,0.1791,0.1102,0.2893
2,"CGc","true",450,0.1703,0.1168,0.2871
2,"CGc","true",451,0.1878,0.1009,0.2887
2,"CGc","true",452,0.1794,0.111,0.2904
2,"CGc","true",453,0.1704,0.1215,0.2919
2,"CGc","true",454,0.1757,0.1132,0.2889
2,"CGc","true",455,0.1775,0.117,0.2945
2,"CGc","true",456,0.1803,0.1068,0.2871
2,"CGc","true",457,0.1683,0.1207,0.289
2,"CGc","true",458,0.1745,0.1182,0.2927
2,"CGc","true",459,0.1796,0.1061,0.2857
2,"CGc","true",460,0.1672,0.1101,0.2773
2,"CGc","true",461,0.1763,0.1165,0.2928
2,"CGc","true",462,0.1774,0.1241,0.3015
2,"CGc","true",463,0.1793,0.1162,0.2955
2,"CGc","true",464,0.1673,0.1265,0.2938
2,"CGc","true",465,0.1928,0.1002,0.293
2,"CGc","true",466,0.1777,0.1016,0.2793
2,"CGc","true",467,0.174,0.1238,0.2978
2,"CGc","true",468,0.1754,0.1013,0.2767
2,"CGc","true",469,0.1945,0.096,0.2905
2,"CGc","true",470,0.1758,0.1258,0.3016
2,"CGc","true",471,0.1693,0.1189,0.2882
2,"CGc","true",472,0.1737,0.1144,0.2881
2,"CGc","true",473,0.1709,0.1126,0.2835
2,"CGc","true",474,0.1686,0.1058,0.2744
2,"CGc","true",475,0.1785,0.1111,0.2896
2,"CGc","true",476,0.1777,0.1091,0.2868
2,"CGc","true",477,0.166,0.1173,0.2833
2,"CGc","true",478,0.1766,0.1165,0.2931
2,"CGc","true",479,0.1785,0.1045,0.283
2,"CGc","true",480,0.1755,0.1227,0.2982
2,"CGc","true",481,0.1719,0.1086,0.2805
2,"CGc","true",482,0.1739,0.1062,0.2801
2,"CGc","true",483,0.1772,0.1176,0.2948
2,"CGc","true",484,0.1694,0.1144,0.2838
2,"CGc","true",485,0.185,0.1128,0.2978
2,"CGc","true",486,0.1778,0.1139,0.2917
2,"CGc","true",487,0.1766,0.1065,0.2831
2,"CGc","true",488,0.1685,0.1201,0.2886
2,"CGc","true",489,0.1782,0.1135,0.2917
2,"CGc","true",490,0.1716,0.1065,0.2781
2,"CGc","true",491,0.1712,0.1145,0.2857
2,"CGc","true",492,0.1743,0.1023,0.2766
2,"CGc","true",493,0.1764,0.1082,0.2846
2,"CGc","true",494,0.1767,0.1139,0.2906
2,"CGc","true",495,0.1718,0.1117,0.2835
2,"CGc","true",496,0.1749,0.109,0.2839
2,"CGc","true",497,0.1767,0.1115,0.2882
2,"CGc","true",498,0.1687,0.1109,0.2796
2,"CGc","true",499,0.1746,0.1184,0.293
2,"CGc","true",500,0.1535,0.1262,0.2797
