"scenario","rep","lambda0","omega","gamma0","rho","gamma1","eta","beta0","beta1","beta2","beta3","beta4","theta"
"CGaa",1,-0.0617081400490508,-0.0170626878515509,-0.675224675457774,0.437779980809046,0.0852262178089436,0.195710797663431,-1.38437063707624,0.840533153099936,0.0549578213053683,0.397055456815046,0.336793862493579,0.264901730820678
"CGaa",2,-0.232140833253743,0.0904601496196118,-0.349713678705817,0.62163676164967,0.296516173110533,-0.184607997678803,-1.59441020035993,0.335201710465464,-1.3638684233025,0.718757706212198,-0.12161775188798,0.836442987309055
"CGaa",3,-0.593517155310744,0.145295997139488,-0.340636265271996,0.98208309372259,-0.0856519496306899,0.221234120074972,-1.76409583965455,1.11759399919834,0.577104658518185,1.03052752497393,-0.251228152999842,0.262263865229364
"CGaa",4,-0.898342858296997,0.200436432909162,-0.360199420774116,0.100062484710946,0.122201212490061,0.0662829266695989,-0.901449751079281,0.838360405913018,-0.197592159279002,0.427890481069569,0.497788877334867,0.297656809667149
"CGaa",5,-0.632594914245596,0.0671702141627265,0.190338264080239,0.167607431970983,-0.0387291546186994,0.115255951359499,-1.91633989629661,0.653055366152567,0.970015806842196,0.317310388291052,0.0907175826689463,0.639625277894297
"CGaa",6,-0.525802252674398,-0.00382022484263697,-0.788014575743508,0.813609530583033,-0.0524679091591241,0.341019227432236,-1.48255881013341,1.33705035277892,0.550108989227482,0.561917054620182,0.188810751324844,0.257896658359601
"CGaa",7,-0.39210849985744,0.0328585732575851,-0.0025234791826265,-0.122279706807743,0.0792666099775624,0.108735501297574,-1.29929247678557,1.11608696367268,0.382844900310008,0.618220598414967,0.128718125264834,0.211217567469656
"CGaa",8,-0.366212103355826,0.0832384257570918,-0.846514963724945,1.12373613245736,0.207962569815024,0.135012961684081,-2.18655169256238,1.27642801906312,0.671696029837177,0.629846211336485,0.020497474582232,0.401084675994192
"CGaa",9,-0.176821020846202,-0.122673146908846,-0.101804866597142,0.0322492395099391,0.381318444625442,-0.0347627529030572,-0.941581352107486,1.6902625179097,-0.600317203054715,0.717256550771598,-0.493901388153915,0.45780691147268
"CGaa",10,-0.954107253036839,0.333768829822279,-0.0860425443859321,0.124386622649601,0.0508694125865436,0.136906947306644,-0.336758240464196,0.934015461648239,0.394395860177104,0.543792314585045,0.488210158717043,-0.099206921843755
"CGaa",11,-0.248774631052751,0.0228258766072689,0.540318040287492,-0.00675285880795775,0.00145063201979788,-0.10350397291466,-1.8056029283374,1.25049037908589,0.512302039217917,0.633360185908279,-0.12814894657976,0.447409000923589
"CGaa",12,-0.513622368364888,0.190464451251715,-0.443081765545858,0.0907537666806124,0.160430727267083,0.104050606683996,-1.63631879162792,1.40751267473782,-0.535009219526133,0.610413572602831,0.542447345609534,0.110888460419846
"CGaa",13,-0.477898527919954,-0.00649395809143304,-0.175401306259657,0.117828074674798,-0.0133706026053264,0.132199095969946,-1.76572118002156,0.898861028880032,0.908350000468412,0.733024475759709,0.39106614892153,0.240780323467696
"CGaa",14,-0.639732119667536,0.22296339445561,0.121441602821676,0.217908287711098,0.164964330586705,-0.0277665023651777,-0.659789797253074,0.984439541785261,0.822899434641155,0.811085114687983,0.164098929122331,-0.146951604749737
"CGaa",15,-0.605379820979087,0.145398371941979,0.102642197751495,-0.0737266741732085,0.116514449885907,-0.0118308414544632,-1.7547101276071,0.789785350241156,0.339241800322901,0.924347508623773,-0.0980430824844285,0.341780199274391
"CGaa",16,-0.611973525882891,0.172539819056154,-0.0597311708423271,0.89494558532212,0.0233161712573343,-0.00248430583004872,-2.15206853032809,-0.033794007495889,0.0371403474979084,0.418722655751639,0.219332968278548,0.623247640999989
"CGaa",17,-0.736738369451066,0.210220499075287,-0.833145822991239,0.815581113006888,0.132080074989658,0.245755416611644,-0.99571917852605,-0.12983020646182,0.0803250818862162,0.599743682670625,0.361560578867722,0.165385140724364
"CGaa",18,-0.286742732919971,0.0309427972591327,-0.0642351819370636,0.392635176086469,-0.130435052935246,0.24257223789262,-1.16817963133704,0.539603299416423,-0.0683264650265806,0.0242928646793279,0.677384367433907,0.459397194907164
"CGaa",19,-1.0141145384356,0.389957501883765,0.475335420590852,-0.191890358293966,0.10897736722169,-0.012789250612622,-0.753385142046744,0.0835304346567771,-0.948661928689685,0.368555116786121,-0.0375509180667647,0.752941789848631
"CGaa",20,0.271545052845984,-0.237901213338047,-0.384639309283901,0.647765127777003,0.382981119641438,0.00453705418144148,-2.51116055512603,1.13207640915222,0.543292442013884,0.330190652116615,0.767402963778845,0.555177354168467
"CGaa",21,-0.272613192507942,0.0593918297635743,-0.397858827202985,0.0568693290254604,0.0221543121176714,0.193580726699022,-0.602487411888484,1.35583733186649,0.544364902815659,0.768895490689836,0.509687386292809,-0.210076924156378
"CGaa",22,-0.605017994850654,0.168336479416722,-0.861246382634214,0.518099893906255,0.0286943938287617,0.322127666401434,-1.12981366777857,1.25611303620302,0.0721751978672819,0.0299168073812683,0.102227568875019,0.520227097887087
"CGaa",23,-0.00907964271073902,-0.169988516046118,-0.337622687057091,0.585733564653856,0.279378498475093,-0.00168923585616971,-1.87223282845866,1.70485346148453,1.3382424241813,0.377391769327892,0.564427516283795,0.295790980824057
"CGaa",24,-0.540460667347553,0.178055541331033,-0.0371014477912169,0.605074037448832,-0.0758731042943437,0.165116924261087,-0.0255216577226713,0.546557291218322,-0.010440724355566,0.417563429234042,0.0930320334427937,0.0608190628440102
"CGaa",25,-0.118368283005451,-0.000765545585207257,0.335169061743706,0.587059296019651,0.180660944000016,-0.110638721615914,-1.22761040962806,0.955325078435755,1.46720871342676,0.451714000513461,0.147871276498461,0.241363838481653
"CGaa",26,-0.403316776647769,0.0203555908801707,-0.382403632675966,0.423188828715988,0.0393526987211953,0.169798002652378,-2.22543161993947,1.1011201735794,0.280329874049635,0.263433080284052,0.285163904028839,0.743524952429163
"CGaa",27,-0.506133806826855,0.12282355002783,0.234024374264729,0.981028568990928,0.0110149704406209,-0.115797333068719,-1.49965711777717,0.343480615076237,-0.0688495432846863,0.929271567176063,0.0656261609018882,0.397050493055511
"CGaa",28,-0.453868053520433,0.033900064053945,-0.151595361846112,0.0642635162848093,0.307846636832519,-0.066952571686388,-1.24999211594944,1.42821184659608,0.0110603357075281,0.0431616951080348,0.118125977371467,0.708340853440603
"CGaa",29,-0.622236563559413,0.193411878449694,-0.108831355959322,-0.0719021669108246,0.372374673373774,-0.021892430601722,-2.51715773656704,0.511158244880215,0.778311793423499,-0.105806019582654,-0.455739248179265,1.62490524526764
"CGaa",30,-0.0517340384376203,-0.0877891658669714,0.489693069221674,0.376388048768894,0.022699456140565,-0.0835460541308517,-2.70969149302203,0.438303861461536,0.598650735490723,0.686249157782304,0.635790143669088,0.53726409724543
"CGaa",31,-0.358055168517766,0.055097492434235,-0.303162137647229,0.63384537402718,0.24781588247011,-0.0649729425578833,-0.2220134853169,0.759447449070816,0.683584004980841,0.442643734916075,0.224440609202233,-0.0246144856945081
"CGaa",32,-0.506619862440013,0.0341460651065745,-0.392800575431597,0.313294759695939,0.0207737778232529,0.293536290430763,-1.57325622157598,0.819818319817578,0.13266440926409,0.38907577331148,0.175420437992084,0.497212760114108
"CGaa",33,-0.484151586513788,0.119017631666377,-0.393871225256531,0.0702217861537661,0.170318873827111,0.161151273723422,-0.519590490069342,0.41397975943278,0.136102300498155,0.541400636221007,0.0184916731392134,0.269973748444724
"CGaa",34,-0.268760352656659,0.0035249652750998,0.0121783613014296,0.0638423737857041,0.115042912270652,0.061236568949109,-1.28828327711069,1.02207488250696,0.205588139005322,0.507136098395036,0.195045876960067,0.406012569137455
"CGaa",35,-0.863449363276805,0.193481495448912,-0.126737155283853,0.30246494922847,0.0277506750831776,0.136561808254511,-1.03033448294622,1.54553071917528,0.369712000892689,0.574380794853455,-0.0164792909935332,0.0630828189748902
"CGaa",36,-0.265320602266375,0.00183755653639524,-0.0954212622749893,0.308102410477154,0.133842153637991,0.0834671366232721,-1.59503642229335,0.070436491904418,0.733641034257479,0.485453988498808,-0.186760673728703,0.709594102259173
"CGaa",37,-0.477678853753494,0.112228121706211,-0.410476087848334,0.0226836303656601,-0.128342916907492,0.412045870357111,-1.57834498464494,0.246229608758928,-0.196741595335185,0.225023816363371,0.076453799174508,0.82235133013309
"CGaa",38,-0.470232347700407,0.0738632895438687,-0.518092363864411,0.131834154255603,0.0196105975135759,0.297224326591789,-1.77701111848149,1.12950951256818,0.298027870382498,0.240838404918904,0.347007921648288,0.457201470775611
"CGaa",39,-0.911410901090082,0.194596138670359,-0.478673419962638,0.122414062991174,0.183677913423212,0.187686948530722,-1.28417575340098,0.636462495998556,0.769153715832136,0.315972864587004,0.0492779683795007,0.420068107572229
"CGaa",40,-0.260026377464689,-0.0109762786870281,0.0634852662113003,-0.101644317394528,0.17411793036107,0.0721104435970879,-1.11439478936697,0.210966357689509,-0.0722724097422074,0.429908955445936,0.565260169695255,0.28241246889488
"CGaa",41,-0.413001234055353,0.128147406622761,-0.515149918359383,0.616146091411776,-0.0561358128824921,0.292808577517518,-0.687181088488332,0.142501953203221,0.414605588815764,0.415501057895125,0.0182582430467709,0.297134576872901
"CGaa",42,-0.757706157373726,0.0971359724958052,-0.0948525737074749,-0.188104187439594,0.169794224824197,0.0679221749417125,-1.34896523615054,0.618744519408955,0.430232794936565,0.50061376384356,0.0157987799012269,0.366713880881249
"CGaa",43,-0.661544620741389,0.107291335401156,0.141456105737817,0.243092604702102,0.320423015558956,-0.134710946593235,-2.04696081845367,0.675830863471537,0.507101396718507,0.578283606014261,-0.0379386827280897,0.686064193066543
"CGaa",44,-0.358996216338363,0.0375388996971285,-0.186879409812684,0.315020140662777,0.105136718455139,0.0451383997537719,-1.43432820146111,0.667278610845392,0.308991951359615,0.0552011091821475,-0.3206434090514,0.867713496164729
"CGaa",45,-0.625921817487864,0.0935798746955084,0.242239515157824,0.573397960283062,-0.0519652587558667,0.0722302961829818,-0.39133587373521,0.77498848373633,0.287326848772434,0.169603805851368,0.125375490635514,0.36903081899775
"CGaa",46,-0.533382287899179,0.119507884388394,-0.119186316897751,0.375870196734181,0.0405598039101096,0.0284983145139615,-1.8260957242759,0.584726894239131,1.09727690662347,0.785343519721349,0.155070751855971,0.292221391530994
"CGaa",47,-0.391522154631601,-0.030662391712715,-0.517126186667341,-0.0440741044217803,0.127542627152457,0.209724768589581,-1.19658471016244,0.144364362979445,0.855043870158884,0.876887401654828,0.143879257370016,0.0658380491589207
"CGaa",48,-0.130862417894937,0.0220383823466193,-0.731201309146921,0.430018684699761,-0.0393105097187359,0.362198199745155,-1.17282645873734,0.187744195519201,0.214418230172431,0.415050769484699,0.130343190122799,0.413992847130224
"CGaa",49,-0.159061594185378,-0.0193264537886308,-0.48316437537735,0.402730955646467,0.195707688522721,0.0898143581352796,-0.220926529887151,0.647610793202446,0.163115173638404,0.466556174822528,0.262537364757565,0.0688850804337001
"CGaa",50,-0.994140732309098,0.253730698806715,0.185725873913732,-0.213106436070334,0.0134972475175793,0.0713420583549323,-2.31197292765977,0.3399401493592,1.52789359732336,0.844360147938219,-0.0339456982306312,0.513932286838437
"CGaa",51,-0.71711160708004,0.138386809146352,-0.738744342600324,0.694857993030381,0.172711384104728,0.152085122486078,-1.67886412818841,0.930147014574559,0.231681187649422,0.297551048105228,0.638175095811932,0.496358126349903
"CGaa",52,0.148150822533092,-0.144166637493621,-0.459118810582432,0.735973275454739,0.199606434401225,-0.0125886739911428,-1.91636956027285,1.14642358520945,0.344529241900448,0.15347320332731,0.130769710779669,0.60028164491192
"CGaa",53,-0.76535758167632,0.17477069960675,0.0210181260292217,0.527135324387465,0.0853164784468703,0.0152208966259683,-1.05847515963383,0.8190233431218,1.01037128763865,0.423379417026602,0.377701522315283,0.229802599218722
"CGaa",54,-0.467099763870747,0.0330234937218414,-0.0143474684512822,0.225260531468217,0.149290574048742,0.061529753109987,-1.53221181079145,1.19078229197314,0.406099808651933,0.633449419594315,-0.54416286988274,0.624881985820092
"CGaa",55,0.316515602965672,-0.14214971943149,0.260874216671829,0.0508367457543003,0.173708549329382,-0.0148401343787506,-0.154734213475204,0.204873886383048,-0.0619485177312647,0.905256155269191,0.604110775406652,-0.310312227975647
"CGaa",56,-0.459371197214601,-0.0169847275361465,-0.0908490040211782,0.30924013856456,0.0119349242258472,0.174395202316658,-0.673005955396069,0.480485627623797,-0.494664040180517,0.247330194450953,0.413790832429515,0.461505056853215
"CGaa",57,-0.777821647081354,0.0696661849589807,-0.812846247227011,0.441376613008706,-0.104791566995406,0.473791336277437,-0.987454468653381,1.44537146210121,1.46972843951908,0.572400179805991,0.319173031842597,0.231539111074928
"CGaa",58,-0.321873750786924,0.00919231066285642,-0.157441182570857,0.0511277520205193,0.128113644172762,0.136966753269675,-1.01086839309258,0.731048237332367,0.387098720215294,0.24553640394501,-0.0421164019209921,0.437613822871334
"CGaa",59,-0.356985924795693,0.131257679146609,-0.0652245091933778,0.0632480743388983,-0.0680196529613186,0.189809005229539,-0.95960456181908,0.0154634730647925,0.469906924025205,0.706080359088873,-0.0603308615481911,0.295645105943166
"CGaa",60,-0.480530790048894,0.163245314399302,-0.132578029872425,0.371821394860324,-0.13444858171488,0.238098000095103,-1.57780121754103,0.853511183285688,0.360271854105016,1.4565043563622,0.777399523986484,-0.412235678854051
"CGaa",61,-0.241643402338435,0.0281533035213966,-0.117960715430619,-0.0152643536816259,-0.0466585449072423,0.227682803268501,-1.79816963823372,0.791005388188704,0.489881453145952,0.669836756833133,-0.191577943125287,0.538813396821395
"CGaa",62,-0.661984344252593,0.151836153667711,-0.800168350317378,0.648776995719955,-0.116035605954146,0.417454776379853,-1.6405696845255,0.419681987634685,0.293840259853229,0.830081889568362,0.0894910643821044,0.367516667510726
"CGaa",63,-1.04684642543566,0.268100800844066,-0.241771442172828,0.274101717824497,0.267014622059801,-0.0302850682572366,-1.8896655861685,0.765525682413969,0.130988241250444,0.537991910812345,-0.0289172343834696,0.533644712789841
"CGaa",64,-0.360810396805911,0.0563970411846771,0.20483689266984,0.165031781735117,0.0789450547179108,0.0227036127115692,-0.750992415984671,1.6266141024446,0.361287230650122,0.697531276632242,0.170085651566775,-0.0832079415944049
"CGaa",65,-0.486790776271235,0.143756968951679,-0.301065321037922,-0.00499828446301071,0.0076499800619077,0.221418822418025,-0.983949242596253,0.234864854433771,-0.512563949993894,0.811350766431109,-0.297967485888584,0.375343659488332
"CGaa",66,-1.18499697836402,0.329597271502188,-0.372364094132418,0.27628939896036,0.0104171542180509,0.182513705203046,-1.11188682025062,0.33499625332243,0.62899288082045,0.4623165150841,0.379629389017376,0.186980370565837
"CGaa",67,-1.09268377310701,0.24950203949848,-0.155341415654111,0.0935530328378344,0.0029910275496925,0.161628103472009,-1.68545661173595,0.470674103130201,0.841513378015623,0.510668932869004,0.518231765643588,0.349478847498302
"CGaa",68,-0.352129820488073,-0.0405006434001558,-0.0514272240747472,0.211029673160835,0.0305363039572935,0.181125341083445,-0.60612024456851,0.554207037127603,0.376168648501119,0.579806470647254,0.234648545601716,0.0282597256790325
"CGaa",69,-0.340660304127117,0.0196037937735109,-0.244066526446029,0.542266097160666,0.0689289857420124,0.0815243421759478,-0.798573624090221,0.568599732493498,0.18388384347071,0.537234591277426,0.56120743831706,-0.0288538299288244
"CGaa",70,-0.706389672656843,0.259154730504196,-1.25479058057823,-0.147104256109304,0.172714680744964,0.399638652869207,-1.73048130687733,0.514845533109926,0.29959609732222,-0.200055291248094,0.390081765885877,0.880087910428833
"CGaa",71,-0.663887883270073,0.175946196081054,-0.240475211920795,0.250698265270365,-0.0409551459347249,0.204602149306512,-1.5276114051286,0.400443775739887,0.500293905174948,0.541272604684097,-0.0729848025190375,0.492878759714278
"CGaa",72,-0.651563940054202,0.205495309075043,0.0823599622410651,-0.157557785475219,0.158339277966745,0.0330105357106333,-1.93438645801915,0.338376492586211,0.00733885299962661,0.546555953712126,0.328950496446133,0.490759098068791
"CGaa",73,-0.165656543960612,-0.0177450339747556,-0.253196169091052,0.286911717498665,0.269066249743757,0.0729029246252938,-1.21339989703389,2.37094287269877,-0.725983661289545,0.45480407597109,0.229600324261724,0.362616429279116
"CGaa",74,-1.06755777457869,0.293745440296041,-0.356589761152083,0.363510173484754,0.0969087822714107,0.13735080608862,-1.19504094115144,0.884041035694065,1.02862370998076,0.925541706468905,0.4493639815351,-0.25374835146738
"CGaa",75,-0.341395254236461,-0.0571974241488081,-1.22498148207856,1.58340156559798,-0.307763187554325,0.497550273073197,-0.693326002007263,0.525751537989679,0.0342973162191169,0.485064366979371,0.230648935658207,0.0854726684372364
"CGaa",76,-0.410409552226708,0.103245319187788,-0.0721466812248474,0.115708127002395,-0.0498644904622383,0.196604022990808,-0.607174545662124,0.560266745779806,0.343563103788656,0.652851922689496,0.4745167014335,-0.139525282128466
"CGaa",77,-0.850258141283357,0.340470013086391,0.367516807689304,0.398594613805822,0.252263580745656,-0.173027912750652,-1.03932532638916,0.358577230830132,0.114397195172754,0.257328164758778,0.565575165701411,0.332872895018257
"CGaa",78,-0.595401505393698,0.221176638310402,-0.532604898099949,0.206574472571697,-0.0251984693847147,0.258432747568723,-1.51282651459767,1.1536289626669,0.346671242965123,0.0644479109945458,-0.177720089427359,0.79597449907079
"CGaa",79,-0.0297015001990754,-0.102414067488971,-0.3808939249843,0.207433580485834,0.257155468807541,0.0182560649570867,-1.28911234168277,0.592609930900022,0.252876264391729,0.57366900544538,0.387242965994444,0.202510953000561
"CGaa",80,-0.371128489383038,0.0143465279570822,0.165676221567543,0.288710272999141,0.0982619639378351,-0.0452708731882295,-1.51448991215131,0.380404639710265,0.212520057511176,0.833032834560774,0.790476612580753,-0.0351644400995491
"CGaa",81,-0.504819227977951,0.0310886642166282,-0.258342272792975,0.106375448423686,-0.0937242940390711,0.160869283661019,-1.36078152504316,0.392327261371512,0.407162048511883,0.202487372862483,-0.0260759222667408,0.616967090426149
"CGaa",82,-0.402253872796203,0.11386811214388,0.268860312689345,0.847740965851964,0.00858330002077123,0.0821536474902149,-1.50347655144565,0.315878406009145,0.592132303533122,0.324576657161723,-0.159463123040847,0.882092185013903
"CGaa",83,-0.212131261698218,0.0556878586290101,-0.289973269674168,0.155511470027961,0.00438732491216145,0.149878449986979,-0.701273261470082,0.993361987931663,0.159167835335453,0.242551793543354,0.283295037584007,0.399613943312595
"CGaa",84,-0.445945338664268,0.0408426121410532,-0.812931221141837,-0.456035688051475,0.206907904442689,0.254375602789027,-0.933706397167554,0.454407612611928,-0.402929329308433,0.403899620560977,0.130818489383443,0.321972847165025
"CGaa",85,-0.574718126765474,0.0486879665661165,0.153650494410611,0.644223128915077,-0.0124298095328968,-0.047736163376164,-1.95685963170613,1.03131384400103,0.0923708119993766,1.08574302237014,0.735462717294397,-0.0482858891108061
"CGaa",86,-0.690392187220128,0.145800707198905,-0.134987288199767,0.481283186670456,-0.273875903980025,0.338946818584434,-0.86971668711668,0.738215025639623,-0.319925132726651,0.597661085392929,0.0507851015876922,0.275344822264028
"CGaa",87,-0.82067933597401,0.261530756815839,0.216089328137104,0.256117691877456,-0.034144110031481,0.0674397027266727,-1.02347749698951,1.33310328112865,-0.049536308514145,0.2463527706924,0.475149868640978,0.206656476988146
"CGaa",88,-0.199127454147305,0.0277573643137083,-0.576478030110273,0.37936469447072,0.0346215990516499,0.294296761774316,-1.13832820184374,0.91577792952644,0.0444926645910925,0.267898512383792,0.157463823294037,0.40735356898802
"CGaa",89,-0.453763603609088,-0.0200958250289022,-0.0430872196942273,0.465478891038218,0.342692905684755,-0.0943900428989004,-0.665569644732155,1.02949494125878,0.146177417747887,0.129011270423921,0.637465820077876,0.217764728657899
"CGaa",90,-0.299517912402989,-0.00136455378942293,-0.319732001594266,0.336319075290735,0.0704995309149864,0.185589672721003,-1.06588063416271,-0.0499903242762325,-0.304687379046819,0.959056316782122,-0.177789878824881,0.361989162096712
"CGaa",91,-0.166420121743664,-0.0561266398460041,-0.090535940889462,0.12268917245476,-0.0668643539544682,0.239373696857423,-1.35910629407516,0.724264582059234,0.652645293521656,0.275133855852917,0.575581899115873,0.317190976024364
"CGaa",92,0.164046579516023,-0.157712106618555,-0.329884438984782,0.442923654709552,0.269449221405528,-0.0601878873078793,-2.20442089439305,0.516185868944085,0.260599135985479,1.00992198693093,0.00224415701342605,0.577725489492749
"CGaa",93,-0.117660078060269,-0.13003386040884,-0.551019087892866,0.684962178411833,-0.178009929591245,0.323469476932611,-1.49485672564559,0.494885014347156,0.717992458977926,0.443834529666703,0.0636860488907128,0.406657724620639
"CGaa",94,-0.583738286664784,0.106059515016699,0.149015911293368,0.390625979732428,0.0888906826264895,0.106718780668953,-2.28233833589813,1.04981462489567,0.492154229598141,0.207338755048613,0.27115755274403,0.81454436286028
"CGaa",95,-0.28686441532704,0.0823519025000075,-0.316991572738251,0.741534604729203,-0.117473062040852,0.23290659597162,-2.31275270710259,1.4378214064304,0.612952759767005,1.38758866129467,0.0829817629448896,0.153028681498435
"CGaa",96,0.107376960253781,-0.215203425328396,-0.0710049789881974,0.141002359265456,0.0751681392798677,0.123080212880982,-2.11531291914595,1.53815419843704,0.136154256416795,0.898060129742996,0.156903139822649,0.256000216265907
"CGaa",97,-0.639338028504303,0.102160533949932,-0.0313618875642527,0.33355928688016,0.131531255991851,0.0449373379083208,-2.12052556491251,0.93630243142019,1.38745834419217,0.892778963189148,-0.242854385847331,0.538363474578555
"CGaa",98,-0.667167868972897,0.182474474285138,-0.615491724495234,0.201903640041439,0.277736619137127,0.129134143193388,-0.83037142083662,0.298961495441306,0.40190598325134,0.0822995979310906,0.268692751910324,0.49092487342512
"CGaa",99,-0.643484954319648,0.120207039695392,0.249822454240033,0.0455078302275528,0.0314827760474546,0.0828899326466083,-1.14544467946725,0.472012136740341,0.299709929287381,0.667396685470044,-0.471899882290083,0.53931034956654
"CGaa",100,-0.791528096249954,0.254536825561809,-0.862654362606103,0.12210218194087,0.191353224034333,0.254443188053132,-0.703062433549626,0.0417775360728627,0.509180730348669,0.442728889792836,0.140503760020221,0.12007275866182
"CGaa",101,-0.16296204581577,-0.114462728004066,0.128436761192689,-0.251160359122039,-0.0148402729748958,0.0977472694491712,-1.60004766979999,0.322056008443943,0.642223090136629,0.59686602590126,-0.0503631270253715,0.623403763672483
"CGaa",102,-0.210821959203398,-0.00480874519872368,0.0515116868625553,0.152371426014115,0.0655934410605011,0.0168824858269156,-1.83767972864781,-0.125599091939786,-0.516294235989045,0.545257612049724,0.286603126845997,0.729230863673429
"CGaa",103,-0.646535881793279,0.117929383155973,0.145674713014039,-0.0216987575312668,0.00454055872897009,0.103877927607753,-1.10161265578831,0.399049916647364,0.690866866355647,0.806059165895262,0.205968042845851,0.0376899466569649
"CGaa",104,-0.271362208919737,0.042592875357433,-0.598109754285711,0.742968455490913,0.14406612862773,0.0775121398537337,-1.05255843555107,1.05128854412862,0.345799366256519,0.378942684393661,0.510581054343917,0.157444249321203
"CGaa",105,-0.550556101777427,0.0683866799419877,0.238058831453832,0.598003797624905,-0.0845024034477571,0.0556381072774495,-0.864227458069815,1.23185864033948,-0.204926473171003,0.876362361619491,0.56802330093821,-0.181004070535172
"CGaa",106,-0.25374724907402,0.00578436466747151,-0.00589367642363593,-0.033752605851771,0.0158732921372972,0.165615614617301,-2.53391224706512,1.28770877278126,0.511788577587852,0.413649135526167,0.252480828276073,0.671096331967405
"CGaa",107,-0.119682786090151,-0.181052241569618,-0.413477346536887,0.40123355568001,0.147411507543469,0.0485083288932843,-1.0089575292432,0.532324303459762,0.367643765694702,0.379291845980781,0.138860314688877,0.289297120311202
"CGaa",108,-0.430480434185966,0.106413983165663,-0.289325989919331,0.542101011647764,0.169746072228172,0.0565571189782934,-1.95183235493474,0.559254259425981,0.57514933941814,0.343544230524429,-0.0713236685138185,0.6900697119654
"CGaa",109,-0.655100373504207,0.175962313346724,-0.227023429986544,0.528537467006004,-0.0119442457149679,0.196223824491496,-1.04290808944254,0.746105292469309,0.566097380891162,0.169308860738731,-0.152198172418058,0.617830891931783
"CGaa",110,-0.535564979197355,0.0478161508263484,-0.103907812470653,0.605080543250233,-0.121692223943247,0.157488226222946,-2.26697915116548,1.51776499018475,0.444845615540509,0.716533164279653,0.444041544550543,0.231811605302155
"CGaa",111,-0.971957063343141,0.305672445743788,-1.06638120443537,0.909121787773165,-0.268770468289194,0.597547914475733,-1.96955020532515,1.19269912184192,0.0146881612451685,0.162846207576034,0.207011152737451,0.617502449678166
"CGaa",112,-0.239631011605542,0.0852843497930689,-0.202852422618388,0.158445842225361,-0.0436963418898098,0.231739222634546,-0.386552005732367,0.423751539640765,-0.0678773943204126,0.42707768918998,0.423674678192403,0.0596614601986323
"CGaa",113,-0.330456457999353,0.0872273901461685,-0.317405020700581,0.140000332034363,0.20683912494691,0.0893383875926401,-0.383480766477178,0.331701411683506,-0.288159978973522,1.0465510802667,-0.0121927097134126,0.0149914755346779
"CGaa",114,-0.368830205137626,0.108561540160364,-0.704052169292754,0.108960994207558,0.0290191510217127,0.266891354312741,-2.01058340506122,0.996273484486913,0.28799587923338,0.310800571346308,-0.0712879584132904,0.705169600814321
"CGaa",115,-0.528285371626951,0.106146100564767,-0.382579585963769,0.185815707046623,0.19479368619829,0.11977306974455,-0.965189207411632,0.606785020756721,0.158587770161764,0.218960917121844,-0.126292979064195,0.590513496957255
"CGaa",116,-0.776839583057272,0.232390730084687,0.299746074664766,0.0933006481425414,0.282867199465122,-0.112058644498146,-1.26292601656539,0.868611474971543,0.160330913647179,0.672923934336805,0.0913692698629727,0.23274205423087
"CGaa",117,-0.491311946268788,0.155108859739736,-0.140620586931511,0.469900167733943,-0.123047371415309,0.188166294889874,-1.10880441003809,1.45609021276396,0.185367487930244,1.12619854300428,0.863800843473924,-0.472707273845925
"CGaa",118,-0.751021993673494,0.223123707124925,0.20804213529952,0.0517223566515483,-0.048312784998811,0.0868385988348369,-2.05015620276861,1.36194865621653,-0.491097007300605,0.375911873980546,-0.412143798546933,1.08488499011658
"CGaa",119,-0.0968757378059966,0.0165248957916171,-0.640895948769597,0.67856454153616,0.0771794815140343,0.193258092534451,-1.50473632792052,1.4408144174508,-0.0078194140655363,0.273477775122248,-0.0161902586260881,0.551713312806899
"CGaa",120,-0.262848031807646,-0.102461634521394,0.346573039071712,-0.247051774183855,0.334058080876764,-0.092069900291385,-2.50443100109992,0.632975281422975,-0.345504853550773,0.953255164913029,0.0804653019203387,0.611859100214446
"CGaa",121,-0.247030281414931,0.0124387231265867,0.0222224659672146,0.766134957349179,0.239376749869967,-0.130968487879896,-1.31882309601419,1.11144452742464,-0.602522610183529,0.670308997707616,-0.220341721057432,0.485433825349075
"CGaa",122,-0.546498499361616,0.105823669151043,-0.151906475143562,0.609770361573876,-0.107299436105664,0.212245365390975,-1.77540179742763,1.15168603229804,-0.0480816466502535,0.185036838884596,0.412510731753259,0.485902493908262
"CGaa",123,-0.490332299348862,0.123801921456793,-0.588787084462387,0.746980542226351,0.106282199946498,0.122204514978945,-0.719302635262141,0.504177921849856,0.165963109366739,0.875965630993492,0.0787085477773548,0.275265289648487
"CGaa",124,-0.369987022551061,0.0142755740927393,0.0507837451525933,0.656937870856192,-0.0461471975966104,0.154019803584848,-0.828634073289494,1.61991032670442,0.103216836706873,0.559395314262104,-0.107433995440481,0.123424421869214
"CGaa",125,-0.384061094405247,-0.0229652545497685,-0.441371372038651,-0.26452457542778,0.238089421259305,0.226382599249658,-2.43815498417945,1.60598467492353,0.864681956881855,0.749112716762944,0.561335596398063,0.179223911330658
"CGaa",126,-0.350285755050657,0.0807821063195413,-0.610052266750221,0.0580980903391335,0.0734095086506115,0.234419335680459,-1.18480923176928,0.333843646185871,0.385680711769716,0.583361305183074,-0.2390676619322,0.505744254536658
"CGaa",127,-0.364251967269875,0.0211854287567059,0.323410646568447,0.762285699364291,-0.109035123619437,0.0971267806546553,-0.709785601781615,-0.161221481449568,0.660643549062031,0.271603440096041,0.0862878975396178,0.485719480138965
"CGaa",128,-0.064862635701358,0.0273690539021354,-0.0807124782550184,0.342794693308655,0.19949991117809,-0.00515631585544084,-1.06267642167006,0.564885929699362,-0.242597602762133,0.735817770436428,-0.0604631704794171,0.33760633336734
"CGaa",129,0.145292275017277,-0.205595209290096,-0.197179771012163,0.0861329910894845,0.0219936539829174,0.21025142966069,-0.378198669748526,-0.133647370902342,0.354280643470101,-0.084253099052147,1.43340301639929,0.238593570838049
"CGaa",130,-0.803751508058189,0.146520433822787,0.218213014794696,0.369312548222298,-0.0597439065967215,0.0494622369865365,-0.843620466684422,0.189833904187656,0.566367497606595,0.0323702999713534,0.0687893711046003,0.604562296852415
"CGaa",131,-0.4523103829666,-0.0209117080191223,-0.099508118975289,0.515271186561576,0.131310839103891,0.0446133893180513,-1.00650191464399,1.05242612972689,-0.0963359641658092,0.459470719309027,0.364010304989609,0.2052360103569
"CGaa",132,-0.629603607904673,0.172092199260233,-0.0230879970816986,0.642651290146364,-0.194111841825197,0.220498871308628,-1.16693489197608,1.00039186858121,0.392007241482326,0.31242584877634,-0.241836841707169,0.552400194754475
"CGaa",133,-0.255138591124492,-0.0142604154027968,0.215146715042633,-0.148025498324274,-0.242530325354108,0.240214914164499,-0.94990730525164,0.240714956805069,0.0103772786421862,0.382391657908235,0.178951897811384,0.389169569583578
"CGaa",134,0.0475078443935506,-0.174192137612838,0.306231539761967,0.483106319848865,0.0750456461506608,-0.0351560382931929,-1.49030682329164,1.05317929946554,0.434015871045696,0.409389180875545,0.259110985676629,0.372393895118869
"CGaa",135,-0.19169414413235,-0.0138817586289715,-0.0116915532322044,-0.218829038861808,0.184487477552442,0.0178406980757066,-2.19974048538704,0.389521005013809,1.0014468008561,0.283898934823138,0.569022507644655,0.735121931630122
"CGaa",136,-0.498413079619615,-0.0302388193300239,-0.358901287012519,0.26837942882159,-0.0862823497734996,0.253684934611447,-2.67292925203609,1.23107604834038,0.136873897648121,0.347213482977215,0.122292059892255,0.905623992681434
"CGaa",137,-0.719553619344728,0.104232544853466,0.00500008683397549,0.301897007043918,0.0160077717090741,0.056894195809226,-1.69622100943034,0.801875819319343,0.904846002790145,0.288269260726433,-0.167505069648826,0.534464985423892
"CGaa",138,-0.856559206176755,0.170200937465492,-0.556341536542655,0.591337314842539,0.258183614177708,0.0703900623998476,-1.85111878211504,1.51713748483387,-0.0288135629181109,0.599968726304465,0.419255198391652,0.238235263001031
"CGaa",139,-0.572264549167343,0.154915322126577,-0.468365349967448,0.0757868722073829,0.378542257776695,0.122089162335684,-0.712689988909491,0.500119526097287,0.220256866556816,0.0842234734738092,0.631100101117592,0.395736497599216
"CGaa",140,-0.425994244014408,0.157921259031046,-0.612254052739421,0.00956090400086299,0.201744155412651,0.182632422439728,-0.33617502550739,1.04782618311401,0.242506276082087,0.394100341674101,0.168599637227982,0.178548473183086
"CGaa",141,0.176488331423256,-0.139936494641669,-0.0720105414909359,0.139732120299521,0.417072133794859,-0.113755515983737,-1.06042760742567,1.20952102774028,0.282986330021418,-0.0288472794445251,0.252934640925674,0.567864920979727
"CGaa",142,-0.786011794718411,0.219771294947368,-0.390411747910151,0.85247437968241,0.13561002185181,0.0641907561850383,-0.903165130468619,0.708515409884725,0.38723928858699,0.465306535675984,-0.0129795437271167,0.203678458246753
"CGaa",143,-0.672581228864503,0.194900708038834,-0.385580308690203,0.266646859326314,0.348310881199412,-0.0910304452569495,-1.29697691014941,0.247690155730838,-0.0319364607652416,0.417371887801285,0.0567341937280628,0.507430634684846
"CGaa",144,-0.953819441807947,0.292315976269227,-0.307144100949131,0.556033054640291,0.0980759667785751,0.101120113547115,-1.6393825545981,1.2886615018491,-0.259919172864368,0.710322954242074,0.695970075408921,0.0761028615590131
"CGaa",145,-0.369838184263137,0.069205196427453,0.078490308526731,0.73641480235486,0.174043043418455,-0.0808284624519427,-0.936294314390024,0.704896215199094,-0.342156992331542,0.386458148790873,0.350660203501219,0.431833697136062
"CGaa",146,-0.118212757569108,0.0805870605459693,-1.11343106857416,0.50440189264721,-0.170309564920574,0.608131129648755,-1.71796927152427,1.29802145697679,0.692196378562925,0.963466442870093,0.353746744522772,-0.119660758369725
"CGaa",147,-0.54055289870356,0.153248844011937,0.223770340069581,-0.236580186629554,0.0841738873701684,0.00764933074506739,-1.71071368514665,0.997493597426425,0.258720188657097,0.251541870246913,0.509057397819958,0.345732464694204
"CGaa",148,-0.553087290097974,0.104089732316336,-0.0115609502343613,0.941328362520641,0.154423621223341,-0.0316357356007035,-0.660485793773395,1.24905256961773,-1.61955091326979,0.250187940367864,0.33994751849436,0.469746283519987
"CGaa",149,-0.490651171518264,0.0741143885745931,-0.0542877853069115,0.524938393310799,-0.0402912166435876,0.118979780430644,-1.15715547391632,0.640491179382077,0.0698304033622511,0.70011127953167,0.319576134953834,0.0908174974019232
"CGaa",150,-1.0292118036544,0.270694680335191,0.266342304700971,0.470571454935837,0.111998884087325,-0.123096377415415,-1.23397176217768,0.664854747042069,-0.49012186356123,0.298341368125462,0.2687348479394,0.381083857242022
"CGaa",151,-0.647980052568654,0.135265335947612,-0.198149171211459,-0.457204855011834,0.186912901818751,0.101600191845547,-1.48842854987157,0.675112355994742,0.00582745930166585,0.164956308613038,0.484043826127577,0.456108485052962
"CGaa",152,-0.639045084705345,0.118546448351307,0.151033411902881,0.124527798241227,0.099049163911836,-0.0501387140997901,-0.579850173686358,0.618125228274755,-0.383520538225872,0.518715728197868,0.315208463168804,0.210279334627643
"CGaa",153,-0.076259471552923,-0.106239609021496,-0.675357160631779,0.470024407844155,0.115226429133712,0.179329165563242,-1.68177664283277,0.147761331510019,0.426619181014427,0.361926282407345,0.466671198576791,0.46201499755509
"CGaa",154,-0.66245480011129,0.18161745493314,-0.376503854282107,0.243719561832493,0.225734558580055,0.0853638486894248,-1.07998053402167,0.705047913732858,0.451136674431487,0.624227169240763,0.198622807487895,0.177498564800868
"CGaa",155,-0.62582939838008,0.121538453981222,0.192945528190361,0.274581500371811,0.17733494787772,-0.00688794653090004,-0.0699501491083009,0.955188039822333,0.0315241953567766,0.75902064388138,-0.469329219086364,0.182980798884269
"CGaa",156,-0.584665162681993,0.0592183643741489,-0.453794986154251,-0.0943462919669183,0.102620222128458,0.146450655835731,-1.22253002645679,0.613423082233622,-0.0796355496607964,0.38875599541362,0.538284825443136,0.384906126582252
"CGaa",157,-0.675713851312541,0.191345274005802,-0.658861591793193,0.43563239258862,-0.128428082238449,0.355637879689972,-0.739694264444404,0.433344597787265,-0.168742431843954,0.593366553473231,-0.121400679402349,0.286971066617616
"CGaa",158,-0.366051913749796,0.0199183983682862,-0.204536008850336,0.764743339169474,0.0486059770347969,0.0623036303030808,-0.735250285039558,0.805278135307155,-0.761196995001077,0.607935709143209,0.322448268004289,0.185237081505941
"CGaa",159,-0.192674943432429,-0.0239767533936516,-0.281163980047193,0.341669527967273,-0.141042261212508,0.299884182671875,-2.36328354824403,1.70290747988685,0.145679826420471,0.108566914155226,0.88190887366323,0.451420876488742
"CGaa",160,-0.124880734551406,-0.117949759461485,0.237170469270366,0.140610227052003,-0.151869385871801,0.186299734729834,-0.78924911873651,0.563501880561829,0.903231994233546,0.459236923707198,0.410573657924994,0.144933731893685
"CGaa",161,-1.15223942565116,0.336558223402467,0.393882206991164,-0.0791182608144848,0.302303688346605,-0.116940745385554,-2.55669451049291,0.927131048521359,1.62250873546592,-0.290229926338614,-0.0515245024173501,1.33477668512049
"CGaa",162,-0.453617568598299,-0.062285473217044,0.230315188554608,0.429984264773928,0.216090670367416,-0.0722739210037838,-2.03001038061399,1.96930961123656,0.109136107683938,0.402402268741679,-0.198485228360597,0.645138050477089
"CGaa",163,-0.182738955594236,-0.0955420600277352,-0.67978507226786,0.537780546757682,0.100821772458556,0.261173221275901,-1.7386244366607,0.693176216570023,0.983039016655008,0.13027080542846,0.731183781511038,0.414730384526764
"CGaa",164,0.0919629269686179,-0.191738788010268,-1.47344009417411,0.851360703434877,0.187001004336956,0.390711340992996,-1.71419716243157,0.746428615628323,0.638301546818099,0.267544154434785,-0.32053026224145,0.819018823242876
"CGaa",165,-0.750166243397904,0.241064741895648,0.0331161564600689,-0.0744046199080958,0.153448672615105,0.0481799455087538,-0.707586938360658,1.37311360611265,-0.268235936491502,0.723109791155086,0.26825779197898,-0.087184800236724
"CGaa",166,-0.134124208799066,-0.0613957971524585,-0.444308637930542,0.0930411541141141,0.110614019959383,0.178874139588173,-1.91818043309517,0.743764895212326,0.719641680880617,0.799689219027959,0.223952661282698,0.369761474349803
"CGaa",167,-0.719084988269807,0.171645801231554,-0.270492457010001,-0.257115308785623,0.10864329301475,0.164760276631563,-1.65273789084557,0.508145606855627,0.519656353110491,0.646658150013523,0.187362432271238,0.292610947140459
"CGaa",168,-1.29153478480562,0.390421987108589,0.014322047987627,-0.126318610043579,0.164355903467542,0.103883267218639,-0.965160048540728,1.12164665328109,0.0316506515247763,0.442638341128236,0.329917208158329,0.243013487295969
"CGaa",169,-0.581059477820559,0.12273792261217,-0.0558179315382638,-0.198284551673475,0.0287209374481525,0.177554812097623,-0.950544029085312,0.993815704771851,0.373449027892261,0.653056885667449,0.0392987299383027,0.107993248570622
"CGaa",170,-0.568921350510925,0.1120976947591,-0.533931222179565,0.203980068048034,0.257684143190377,0.0881159219685531,-0.885670851005838,0.385927661806402,-0.156571448983164,0.392891229171644,0.00582849003393114,0.501301690179066
"CGaa",171,-0.216848569941384,-0.0562931396155299,-0.398582759450869,0.413750384280707,0.233198372921948,0.0206116488043469,-1.30941288585015,0.4191136111751,0.563437450749511,0.113751488363736,0.330596860243793,0.48857383218852
"CGaa",172,-0.96860694121197,0.250536950448149,-0.244060744977705,-0.0832781293843326,0.22703570450632,0.0368519577355123,-1.45728180267657,0.671405228898468,0.0404806913976877,0.525081310643162,0.262256516960224,0.287706772695291
"CGaa",173,-0.528843258317147,0.171363783169381,-0.0110421878965094,0.29930735519006,-0.0254739228920968,0.124599355437048,-2.1770273167644,1.21667526346911,-0.288326926811806,0.364311253079477,0.394423754314969,0.693120782012517
"CGaa",174,-0.407917420671358,-0.0777363650013344,-0.610817486471041,0.556754882595147,-0.0486425953745613,0.274499952807121,-1.62649200329167,0.653247877095703,-0.797735078552057,0.165454086452003,0.322887823776632,0.87539179062558
"CGaa",175,-1.14263714691185,0.332110664835881,0.233815320051435,0.122078094033286,-0.0796581615250038,0.184041392789515,-0.951333815892901,0.0431422486185905,0.172810064229141,0.5169534394873,-0.0660186405534931,0.441874871411724
"CGaa",176,-0.371921073892684,0.0358138692309487,0.317839536945207,0.0415447125357072,-0.0706385869837232,0.101913925419543,-1.39516236791645,0.453975433523092,0.115843956121822,0.609265696862629,0.158818112713588,0.386118099669123
"CGaa",177,-0.340021480806251,0.0523381815111841,-0.239947935107147,0.840476554311133,0.0539387154964813,0.101190000926682,-1.99855248520298,1.21239821939934,-0.135499183937658,0.703232026241653,-0.111023996264045,0.561764055144278
"CGaa",178,-0.92545137250611,0.276934682290876,-0.557358458700248,0.27459322013521,0.0751879870144515,0.2223974087028,-1.66757266553368,2.12111905529752,-0.625207337288399,0.877828710798356,0.51444469652581,0.0524626575986956
"CGaa",179,-0.443039297667676,0.0720181636621221,-1.0938460930162,0.740930404880185,-0.0130985723040279,0.370033632143689,-0.487076050169629,0.299674494024768,0.574986541947761,0.543174978714572,0.560010973301159,-0.0204342879188874
"CGaa",180,0.145593152877307,-0.149952554734241,0.466781995954969,-0.202066068592947,-0.0407280126966049,-0.0424277914993134,-1.65827138993226,0.840254823546923,-0.214296129294788,0.593372520528643,-0.0838406671344038,0.604204428305592
"CGaa",181,-0.0211625843924919,-0.0253923801508179,0.400666892460037,0.119134358383756,0.144670299497231,-0.0623100572745002,-1.12448046390808,-0.0899304890381086,0.68436558876643,0.0973943092483795,-0.0102755440086569,0.821146514050183
"CGaa",182,-0.693250350550092,0.174133789349661,0.504919531410578,0.54925035242035,0.233267273508037,-0.154939936404822,-2.76903256467469,1.06446991989796,0.22814401436145,0.976128935256141,0.110075041471207,0.603821005235626
"CGaa",183,-0.665829742320302,0.18228274049574,-0.259217857098468,-0.0103936947276154,0.00771692356886289,0.229137009883198,-0.665706762440916,0.0230263400407041,-0.230716028206312,0.445685078085977,-0.127350513721222,0.432409977880745
"CGaa",184,-1.11500513727638,0.376561519711473,-0.137705043762491,0.199957820982715,0.0963114664176244,0.0471208958103672,-2.99227589598117,0.909096823266158,0.12268919591589,1.03008562172778,-0.0525226719533796,0.643213217890612
"CGaa",185,-1.00913562768772,0.324789966587973,-0.0761382157858618,0.349765193959406,0.0439761196432092,0.131235949965439,-0.848112218452104,0.137942794554348,-0.257540639127188,0.332096606253412,0.25816748810874,0.378158355622041
"CGaa",186,-0.470574747867019,-0.049270729024394,0.130967936691918,-0.343545570462468,0.0444299246934547,0.148310467789767,-0.881437147043216,-0.18250983426079,0.21983838672058,0.589727250429226,0.582314250234896,0.19554196328937
"CGaa",187,-1.08777456641893,0.284906957044407,-0.665369967778921,0.556856697533358,0.0150647839411559,0.282124667543161,-2.25104985705951,0.417749558309473,-0.623136031164047,0.751580920869305,0.753097457784965,0.368829271671915
"CGaa",188,-1.12552460880977,0.325867093743282,0.0617512260716415,0.00749554224630631,0.134775258937235,0.0867326747056421,-2.02265109822434,0.972708419405952,0.486441970953839,0.376231594494019,0.265367643933404,0.480099175284603
"CGaa",189,-0.126585959517122,-0.0160469872665934,-0.441834357709861,0.183144835143128,0.142154319856963,0.183760550786058,-2.4131370059906,2.07847370346632,-0.365376153455781,0.381948223425769,0.544301367418445,0.486628676920538
"CGaa",190,-0.315042575038481,-0.0608946622738018,-0.0355061794162314,0.106582104065999,0.214729149944082,0.0334775090831874,-2.17515079403832,1.22965483906108,0.537188128344423,0.667845230243152,0.0957471668113964,0.424277484207773
"CGaa",191,-0.301378337426339,0.00993028010135418,0.267919683653203,0.342220241926168,0.15485508867161,-0.100510445948292,-2.66528494396464,1.20902963353089,-0.347385262571637,0.476821183521002,0.132552461994601,0.895528430170019
"CGaa",192,-0.747684168545141,0.188524582258753,0.238440880589277,-0.314480499060706,0.18956536624938,-0.0489550167818143,-1.58580028370768,0.683137972444351,0.893627456204349,0.58633495339653,0.411210112458973,0.230637603270496
"CGaa",193,-0.766527524610415,0.206945971670207,0.0355330332385517,0.422922476707465,0.0541004976066933,0.0319852475002957,-0.501795698849695,0.75062991955582,-0.280033838637813,0.248198820470748,0.228654528528618,0.280642127030818
"CGaa",194,-0.824180637572529,0.217290301945745,0.673178876098774,-0.0776834164065995,0.197631829640429,-0.174821007064094,-1.4096795996789,1.55551139544536,0.656837828566163,0.210546858281034,0.0898387380498682,0.381327540943996
"CGaa",195,-0.451174905312841,-0.0218593225420452,0.404653481135354,-0.227405528328672,0.0142879405395327,0.0582718297650605,-0.510450309347322,1.03687286574191,0.256910000040714,0.159935573457843,-0.0126972756427627,0.409758031897374
"CGaa",196,-0.123250031036327,0.00131592926031683,0.427940457224985,0.699945510106079,0.123204859918355,-0.100307649616156,-3.34345542089194,1.55151942735444,-0.412589009689095,0.27514056388191,0.569345622360856,0.871255785394779
"CGaa",197,-0.797357648282045,0.167022949030856,-0.0331138108573628,0.275357206170952,-0.0571795541627997,0.161397416283373,-1.3189741672247,0.854333776010959,0.155320808364187,0.337255769388281,-0.370852300589334,0.735913768776082
"CGaa",198,-0.719561765868513,0.142602265630252,-0.00230169908550715,0.572608431257196,-0.159059191429856,0.191707550048108,-1.68413524601373,0.55580046963912,0.45228713930646,1.08417360247336,-0.498478363075095,0.38246587769797
"CGaa",199,-0.435642133868703,0.0907067851561802,-0.13138782135874,0.401812067710055,0.107532372551045,-0.0340525880631807,-0.936012746235197,1.13630422721997,-0.22501924779812,0.447733286033177,-0.394070515502481,0.486351858378068
"CGaa",200,-0.360535775618991,-0.0129576155161518,-0.135662994572793,0.146850367779246,0.19880966831974,0.0886520824783941,-1.66650188081927,1.2120669354331,0.00392593982976549,0.429221915996116,0.130175371972656,0.447253597842091
"CGaa",201,-0.873361513800626,0.313723390886065,-0.251600114384712,0.716906381101341,0.249777752948373,-0.106567989269115,-1.63825995015933,0.816103132036596,0.337931644037563,0.794462258334136,-0.223441767427972,0.402773364594379
"CGaa",202,-0.99339875680531,0.289015708545702,0.263559423756471,0.469302969894696,0.00345196100277139,0.04294440489188,-0.561890704758243,0.505999695389491,0.591950894183737,0.64590900344207,-0.0670240224223079,0.268587373025415
"CGaa",203,-0.236916751917198,-0.137824036140139,-0.36354227966928,0.185617339450184,0.0487850349522896,0.153192123242252,-1.74569278549723,1.42427396528946,0.391458370831288,0.0927622764296564,0.0830348451725294,0.605790518214186
"CGaa",204,-0.383884582176672,0.0306390198375227,-0.998091682031339,0.716782555214227,0.275637572822177,0.168283743714179,-1.83651496436386,0.713250937656725,-0.152778525409246,0.559122180222055,-0.233661998851435,0.761810078527141
"CGaa",205,-0.671007871058714,0.183676822438034,0.274032593403003,0.211241085764871,0.167523794328028,-0.0759486717687898,-1.11354040841035,0.740903785701441,0.492459427019043,0.376276345655065,0.0347025557972585,0.33706574721278
"CGaa",206,-0.320583681186246,-0.0118900415959296,0.0131215020480592,0.14316135416379,0.0556068381448178,0.184440294770397,-2.67827320724754,1.04016164381315,0.865251431231419,0.375517571351176,-0.289581976597635,0.982496893552514
"CGaa",207,-1.2470224109396,0.285106690595459,-0.278938577007442,0.131426359230064,-0.0306309659705109,0.229432751644991,-1.00338800506653,1.17079541145393,0.289937362742011,0.811939661077732,-0.117570598940009,0.145237593980665
"CGaa",208,-0.455931638367063,0.14945146905234,-0.58267687745732,-0.118229065852465,-0.0611855717312104,0.438420957315507,-1.23364727192346,1.3628909857059,0.302977667404066,-0.270073226916205,0.890392541450804,0.52329593052059
"CGaa",209,-0.956154098021064,0.259223235802102,-0.203796240776549,0.0465770955657092,0.149462501845852,-0.0293703994912179,4.93153585799115e-05,0.452747497418724,-0.301379427908553,0.221974497935693,0.367601040752667,0.197700968208335
"CGaa",210,-0.597265919585029,0.0487161894585544,-0.227335084419429,-0.207213893210746,0.256128070123513,-0.000401836293131785,-0.659377859836187,1.01564085182225,-0.236300256893405,0.457837144578023,-0.0596150871480354,0.296019354326382
"CGaa",211,0.107272076254489,-0.0289253608604834,-0.145892985558309,0.366563830492714,0.0476936446309865,0.0706434748845512,-1.7890339909767,0.689879215966506,0.62111031103601,0.378621345700325,0.881645241568132,0.164351568019507
"CGaa",212,0.0167844135651872,0.0412475294891767,-0.249749520563452,0.0107903080148268,0.178215215985582,0.045127581558934,-1.30663330817969,0.20618873928809,0.0996481561344305,0.419755997666882,0.370538200455439,0.409887027095153
"CGaa",213,-0.572720302532402,0.0778941996149399,-0.0345373503165831,0.18804617952591,-0.0248120390492686,0.120450546364198,-2.67064198666151,1.14980280643955,0.479239022734568,0.760691827858729,0.592706763088209,0.35816388817358
"CGaa",214,-0.707679383039807,0.235827045905087,-0.808023711555841,0.227840784835641,0.15046653078101,0.204083708577998,-0.429915347033837,1.13531223330338,-0.0487504918132272,0.463912563354467,0.261658788168328,0.0841510997244997
"CGaa",215,-0.568731991415216,0.083429484623944,0.0708320470799978,0.0134345029277862,-0.032484743533612,0.189993815683254,-2.30771309848922,1.75374755801473,0.437303062283246,0.841921342775473,0.114786564314215,0.0942535744487903
"CGaa",216,-0.42044214790644,0.0398209093062475,-0.195686631960847,0.319899480050725,0.041702654562897,0.159517932204035,-1.39621694116663,1.49537911425951,-0.277124597101027,0.625300035324226,0.397183717212355,0.31956353983865
"CGaa",217,-0.478178771646812,0.0609417832343824,0.254048492436492,-0.117154560124568,0.0472611094334001,-0.0122758316753156,-1.73748938150821,1.27919315210674,0.132329261733937,0.275269588782087,0.11154427898625,0.531186973211538
"CGaa",218,0.0170018267335138,-0.0521128694798683,-0.0893304060429187,0.112751242138352,0.15292061661694,0.131634809314609,-1.78132491529952,1.00860531319884,1.05177256270386,0.974073951521607,0.581611027726558,-0.146317309099803
"CGaa",219,-0.636313706870027,0.0426822540557319,-0.349795197610828,-0.0698708416682221,-0.00226887577966351,0.221682963081252,-1.69456619064025,0.935398579751804,1.78330326547894,0.792457420930349,0.573906420517932,0.0326842939059422
"CGaa",220,-0.640229669311505,0.195022800806334,0.607211259002552,0.0458920409206841,0.150021278248725,-0.136583435245671,-1.70408686619366,1.10783052548072,-0.692303650235844,0.366824591063995,0.715638552933061,0.433157547352992
"CGaa",221,-0.584050835685444,0.175719516543727,0.116779447112215,0.295396608734017,0.0136480686513433,0.00822480851751254,-1.36169954014272,1.0096662444525,-0.0051426783967673,0.443778373363823,0.275698557043263,0.376157523932736
"CGaa",222,-0.719812664777706,0.165837175071624,-0.379319201074572,-0.25817866334789,-0.246282746848934,0.472782236822846,-2.6387801466117,1.54675298713784,0.505799339107207,-0.0494188762023686,0.234312417623654,1.02760232654444
"CGaa",223,0.00509319876966286,-0.170739271859868,0.0163011089995953,-0.277823224249896,-0.0660895056729369,0.223415104303208,-1.77986582914661,0.882809124268744,0.617688158806934,0.827227257789097,-0.159141947809847,0.268808319259608
"CGaa",224,-0.958302657071299,0.34813663198414,-0.544778123451326,0.400701471440089,-0.0108639654423428,0.240189804850703,-1.16200832982013,0.466275946439413,0.346384827099628,0.196016891422343,-0.0148942601789496,0.592871540083471
"CGaa",225,-0.723132728230924,0.212528456525092,-0.0192882892394357,0.160371529612108,0.127462726281452,0.0791870275874475,-1.06752107370883,0.0979632418572064,0.463143981174755,0.511071672926928,-0.228440397125027,0.585181640413784
"CGaa",226,-0.131877796000795,-0.0342020006669971,0.0316692136502129,-0.290303303858005,0.260587580422748,0.00672761033080341,-0.924292868501223,1.11406080110947,-0.194828663683427,0.684884039370222,0.597497449154587,-0.0383991490423075
"CGaa",227,-0.609547569563761,0.180098474257308,-0.544739502946425,0.451994629808712,-0.00968225558082702,0.339585523919937,-1.47060568370985,1.14118588906069,0.390316279406789,0.883003405630597,0.0892914078936935,-0.00309192799202861
"CGaa",228,-0.475048241988275,0.00362309770759524,0.392055687528132,0.267236151196065,0.0569219522257516,0.0280646546737438,-1.19060959375574,0.58512728755038,0.806641373598342,0.044249590925226,0.115320390773191,0.646656443199335
"CGaa",229,-0.667678341374643,0.0550455952758534,-0.271170328183204,0.594564844359499,0.104501796934435,0.0907995435911679,-0.525535195380074,0.660967661503101,1.07473521595053,0.186190039405268,-0.0291310450641419,0.370083389153985
"CGaa",230,-0.787093465149282,0.187420600486225,0.229689422261746,-0.0640466259176789,0.220042526693264,-0.118556150054379,-1.33227233750302,0.666827072999153,-0.226691524503465,0.511787537053713,0.318750526643927,0.319003610083987
"CGaa",231,-0.536062953846391,0.156629446166282,-0.240674302933152,0.468208479196865,0.09323073861152,0.0717569335475934,-1.44434903359918,0.885831538762256,0.599426731954131,1.07024082212046,-0.133843155191799,0.102430911551078
"CGaa",232,-0.493077173245687,0.107371802565738,-0.442649601953767,0.391511529718867,0.342498348109496,0.0602152597419621,-0.917144682425577,1.4131450204156,0.854308803686792,0.564011508145638,-0.172332152415134,0.181982124021836
"CGaa",233,-0.733701976921926,0.191550027298738,-0.0829610995141965,0.866761292363276,0.10608724106502,-0.000211933984230692,-0.189261084019833,-0.666487570173184,0.325293042507366,-0.083156538728884,0.744154651653301,0.511273037241072
"CGaa",234,-0.781456276962243,0.285735114796597,-0.355911725527476,0.0406669569471647,0.0566787196284606,0.198253168008114,-0.218053356672995,1.02421008950728,0.633006948720171,0.154738334249858,0.440357327621729,0.0813774283715455
"CGaa",235,-0.422298126672031,0.00901774304212746,-0.0194805232842696,0.350914815370493,-0.0416867728441665,0.146316446666183,-1.66273303561359,1.14746240228534,0.351745863514236,0.566985050746027,0.735224774688294,0.0188021130278044
"CGaa",236,-0.761792775686596,0.107437116295244,-0.108550559320951,-0.0472622827724403,-0.10736201827889,0.22675010594351,-1.18341116371873,0.828000975360687,0.303377134761732,0.847805947273774,0.587697775655166,-0.246833168847972
"CGaa",237,-0.804194797352562,0.170230470511558,-0.801941373265964,0.0273989647841102,0.0258243773332823,0.384721194706696,-0.140720546875487,0.903659886854948,-0.227107224641573,0.207635426778735,0.302164125860921,0.0248816025231098
"CGaa",238,-0.203981180510978,-0.193787305556704,0.232341964740263,0.177223473265109,0.0842080580482224,0.0441848329664237,-1.12696560663149,0.578971190408743,0.156534635959334,0.574110288880946,-0.200673052811002,0.322315210953656
"CGaa",239,-0.305585155421851,0.0117985152053262,-0.0700627803632216,-0.0744546924844085,0.0870833127758879,0.133073777898701,-1.43017175187968,-0.0338875904891326,0.0972162858406449,0.248822671564718,0.872494296662464,0.412374585721008
"CGaa",240,-0.334185409452086,-0.0616599024113219,-0.637245278162669,0.446152044256631,0.118163616886403,0.113290458020703,-1.1747136639705,0.962631664398961,-0.00968463955199377,0.378492919609209,-0.0593959564569778,0.463766117705176
"CGaa",241,-1.05856232195077,0.272380084676985,0.0879164866271414,-0.196932042762588,0.0369928711096857,0.0295201723069632,-1.20133087537542,0.978511968907872,-0.256462509235291,0.376992095925536,0.087839246422093,0.398469426709536
"CGaa",242,-0.547478379383509,0.1265041557526,0.0581131883379224,0.427276047302776,0.151830062984832,0.0246701000559971,-1.17471427930552,1.16410838449057,-0.247690289949174,0.60355347818704,-0.00751712933753818,0.298616856382182
"CGaa",243,-1.07647349280007,0.422941245659,-0.163120539941607,0.126047043706608,-0.147974049330752,0.307093312450112,-1.22481184635836,-0.339760964743464,0.573411710870534,0.852029539716476,-0.1755855370655,0.393786292541655
"CGaa",244,-0.474876477344356,0.169361619937221,0.0049935296586345,0.172902602512463,0.0832946821000385,0.0544825019681623,-2.74819958756017,1.38780829090918,-0.197493466441919,0.60194659869412,0.477373696880427,0.495985133779116
"CGaa",245,-0.699086536802816,0.162360389362171,0.592338612400696,0.359763302264861,-0.0136252449158692,0.000480441232840035,-0.192670491901017,0.479539426263114,0.411442135461033,0.564656583375812,0.040217372454515,0.0893017223926915
"CGaa",246,-1.08344528918425,0.322793583355504,0.138579275233676,0.438541105464435,0.14459769140329,-0.131850558647823,-1.62456523086732,0.834888765260247,0.240240265293167,0.276439205166462,-0.0463746670007752,0.775915049436896
"CGaa",247,-0.915879365195314,0.301266090324296,-0.346589605245584,0.876779322274986,-0.0767976541780257,0.203752778812339,-1.10914609011189,1.0567205830749,0.174798084153204,0.518220115456241,0.0974624791335076,0.219194480756529
"CGaa",248,-0.972081985792338,0.378199510262403,-0.00210442736999705,0.0784362155631012,0.0157426676182878,0.137466727925606,-1.39285545064499,0.91022522209379,0.531533920688145,0.143620990239766,-0.186450638760162,0.646916337826732
"CGaa",249,-0.773350833670552,0.223551652467352,-0.349430754437643,0.252741247665239,0.0516159925814103,0.194743073936079,-1.22222694610943,0.993901887555879,0.499960012115538,0.631908681962031,-0.352866182200266,0.567149124861534
"CGaa",250,-0.535316376294339,0.112856418660639,-0.0675106352980165,0.0745906445822913,0.0407417270914005,0.120727502900476,-0.952047622211991,0.110447668639859,0.479525105136858,0.311621115726601,-0.28319146776319,0.761842656811965
"CGaa",251,-0.438105723186667,0.106719672900839,-0.387582332781134,0.123764363468099,0.0974788647721914,0.211315041187004,-1.98913442658064,1.14891870846015,0.78892676525663,0.233863441344001,0.509866411035507,0.313732371125336
"CGaa",252,-1.08142682934877,0.284104845413684,-0.486557102658847,0.64822006024373,-0.0357827283625833,0.263679363611441,-1.91318591081423,1.13168458288977,-0.286790887533373,0.494754101018155,0.220123308227237,0.549948887567496
"CGaa",253,-0.777545736178212,0.180049213048322,-0.24318571020598,0.377292331856683,-0.0697570622871627,0.211224975849856,-1.35897433350315,1.02361588760615,0.0116480220627518,0.110707630665326,0.466591946193948,0.429670664426827
"CGaa",254,-0.00644448349866482,-0.00572007522790194,-0.0496335827919525,-0.0377047559855823,-0.0596249969187564,0.202823498578653,-2.00397158767123,1.03588566213749,0.597551567767166,0.34695228550428,0.0708200660272984,0.676040204995501
"CGaa",255,-0.331052488570715,0.0136860466701392,0.0486200518554587,0.0787681056031642,0.136849600499923,0.0141368796915122,-1.56639127306763,1.09568472361291,0.452806602068013,0.659252931818777,0.240085023982717,0.109931055391953
"CGaa",256,-0.842666696549396,0.205455875872404,-0.104797440145964,0.360694433732163,0.0708773095906385,0.0427175803422141,-2.13429926244303,1.35784620523342,0.381020385579333,0.466686494554413,-0.0439745278930222,0.635053134835539
"CGaa",257,0.0180656362042189,-0.173331262358526,0.752584045654226,0.100727529410812,0.150304241225086,-0.276085449451625,-2.37231953519188,1.66487036703102,0.715804672148894,0.69645580086342,0.499990014449242,0.300580721129811
"CGaa",258,-0.541433577293264,0.163445036272291,-0.203336992504066,0.329528632100283,0.104959222880249,0.0772424879513149,-1.12087522739791,1.15484020202615,-0.476937512895996,0.340135289100331,0.338908605190039,0.289913864193855
"CGaa",259,-0.371337825065582,0.0906922030871015,0.282849674703651,0.0612244497728325,0.0276392490136537,0.0246359644187578,-0.769863596711013,0.664674768424633,-0.108147123497819,0.494805396761743,-0.0328401168979861,0.422340785109628
"CGaa",260,-0.630505209585682,0.118652098502173,-0.613917674784934,0.257689797185322,0.280987228530239,0.0899523207361227,-0.654246810925329,-0.143521461156998,-0.0160574020691911,-0.0376236794797419,0.475203873799574,0.624293825555862
"CGaa",261,-0.633169288957687,0.170125356234638,-0.82266502083527,0.614222430235659,-0.00555449953841639,0.330993613307188,-3.2786523352473,-0.124011651358678,1.06777698721347,1.22193991386508,0.693404230412697,0.441965592623479
"CGaa",262,-0.53550402479661,0.128428442644756,-0.902043622065268,0.26949691098345,0.211781738985791,0.24950902164355,-0.320044943109966,0.0408249843311044,0.732480422440752,0.148930533313259,0.564535551560776,0.188191969363179
"CGaa",263,-0.714057832172662,0.116380003487967,-0.534123902916192,0.20374590534952,0.429559040257652,0.0176121640792416,-0.44573174009791,0.878319852350662,0.174170335934063,0.216845541434435,0.126323274052422,0.235639371380886
"CGaa",264,0.0721271684359729,-0.316922405849064,-0.216013301816529,0.336788892983794,0.131187580374564,0.106482530385801,-1.45564700368901,0.704138039245297,0.153148796726617,0.339832745316431,0.252244622203101,0.462822900944756
"CGaa",265,-0.914561059974204,0.235460158135802,-0.13807963548225,0.674179271804598,0.0258182096511626,0.107925606508441,-1.20646295077064,1.27383362678705,-0.0803826252558768,1.1617271978379,-0.248709264495896,0.306733284249693
"CGaa",266,-0.679469473698554,0.227351512874735,-0.357813786326375,0.430451169131754,0.103843509003867,0.146818796992071,-1.79725531827229,0.948468096927851,0.726110152989517,0.543040721443915,0.0653269510223073,0.44969650465421
"CGaa",267,-0.420683454705005,0.0185856694644371,-0.0267237228492263,0.45385093159133,0.526270784802161,-0.270209603033531,-2.95256722215073,1.80755779988138,0.462018967695748,0.734141173694234,0.887178573290996,0.175235071549969
"CGaa",268,-0.10249650321012,-0.00842607240606916,0.0194275125191104,0.651568112679811,0.113341012862074,0.0737124607939176,0.767176934778081,-0.836559072897913,0.0750710713729106,0.583020359132356,0.152331327692083,0.0668586302962534
"CGaa",269,-0.0632266366822698,-0.115714582862359,-0.727412052425943,0.980701030113106,0.0659221049286688,0.214430280217002,-1.86850151516229,0.517155230985319,-0.141159885105934,0.53168336378966,0.499185187487258,0.53664818156887
"CGaa",270,-1.09444982228048,0.387153941166635,-0.186665309428442,0.420898365377413,-0.102329718292627,0.277975883349463,-1.43128045897159,1.93599557841921,0.75271354816785,0.41600771234527,0.767219873889733,0.123554301331856
"CGaa",271,-0.633282998870002,0.170310072226473,-0.226736132506036,-0.0356497702331251,0.144045693457843,-0.00457652738603328,-1.27453883822953,0.379271052642465,-0.0483244580475434,0.731640341978656,0.0424030367189407,0.418728382968164
"CGaa",272,-0.504488045119287,0.117531163853073,-0.270907484939823,0.296615395361617,0.0642403854768234,0.130878146104655,-1.39822374504826,1.35352514835595,0.402899251861724,0.179229865281569,0.0337006201056704,0.556214550953074
"CGaa",273,-0.543395123866573,0.144056552838103,-0.0269413571127524,-0.0966096005570072,0.156643747497443,0.0942287271499441,-2.00874100204109,1.75671191825854,0.152798246819783,0.953812665687916,0.0148499115666617,0.313376775391198
"CGaa",274,-0.756899664375414,0.123034226528579,0.00402702018447308,0.450801736940416,0.1418589661017,0.00361282194033014,-0.69104632124909,0.70101479098458,0.23087047835482,0.441379585930065,0.305156019822438,0.173025902472049
"CGaa",275,-0.404531917513896,0.159620827785787,0.242614434050755,-0.282377015364497,-0.107465970974788,0.174303085638634,-2.23754333863253,0.781396159402259,0.588941628767597,0.885299519404417,-0.121789031852932,0.553963329810667
"CGaa",276,-0.51143202023739,0.158322228360289,-0.354287969732661,0.470647430041191,0.181401454159812,-0.0179702253739487,-2.34165165630794,0.321389444036009,1.2091894096985,0.539659099960798,0.379441768752626,0.47706442704149
"CGaa",277,-0.351610119880075,0.0412409065797994,-0.288106488635541,0.249709222785199,0.0230175394707666,0.162370390109146,-0.167937714328834,0.599200057736814,0.307094410240007,0.535652327506084,0.496634995440656,-0.0600817636394909
"CGaa",278,-0.73963936762534,0.217376415657953,-0.500792308104597,0.882634366974936,-0.101334420126735,0.270611573311001,-1.41107906480624,1.28481590482182,0.0395733791668154,0.158136828460716,-0.0178645013271443,0.695216440045977
"CGaa",279,0.0136842887091567,-0.0234512487524817,-0.267661323927619,0.191395368484479,-0.0301955479532534,0.153608882086022,-1.47823392936595,1.14840121878862,0.159096270347212,0.701038756954292,0.18710592813114,0.131768948853623
"CGaa",280,-1.01309930398597,0.30256711294559,0.083756557377836,0.671577602370234,-0.00868475540675404,0.077754072423124,-1.39552669141595,0.621075261044724,0.599284061598424,0.643403007381045,0.523592576285614,-0.0987140766804377
"CGaa",281,0.156608928509659,-0.0660954997484139,-0.0541184148252775,0.625933137869738,0.0181400947009505,0.151625100089491,-0.990643939773009,1.27108912160571,0.546950877336167,1.38752140895937,0.313895855191856,-0.412368283144872
"CGaa",282,-0.303570297173576,-0.0206899977011961,-0.22523014683275,0.350264991335895,-0.0314441615979787,0.152469044423077,-1.44920006049876,0.937903962591559,-0.0506624433613153,0.615041142024601,0.130847120068809,0.402990053902552
"CGaa",283,-0.351731189018406,0.0355687425253265,-0.204526998115832,0.325220049403285,0.148773691049004,0.10814805606098,-1.05281943356365,0.463756285437815,-0.220078440451789,0.316608254517059,-0.226480599733126,0.551478280047452
"CGaa",284,-0.168057400015131,-0.258291355386594,-0.175216774472715,0.0509251771288574,0.160903445866596,0.104175003036689,-0.898990940998091,1.49128208593669,-0.0464086693334472,0.0584954731637273,0.553326902715959,0.365439806877433
"CGaa",285,-0.198598223834156,0.0181179628896775,-0.591143359381181,0.334888160637091,0.0747155870521356,0.221963653101348,-2.26496468072781,0.917009651214074,0.704854598335339,0.0782699014674207,0.421711522650089,0.740401432216953
"CGaa",286,-0.629062355955571,0.177232556613728,-0.501366671671426,-0.214472694914558,0.175637726294478,0.195867994290645,-1.8958807712187,0.897675438838252,0.634160745424215,0.374474480799459,0.451189608629072,0.367698434773402
"CGaa",287,-0.119126516869068,-0.0964037967069996,0.199822428955686,0.143965358641181,0.196769107523277,-0.046726999386907,-0.609500166620122,0.538037138376094,-0.998810870616522,0.0485667141239235,0.0712949228243965,0.802727329798882
"CGaa",288,-0.0027288540835617,-0.116614249059945,-0.297757328195102,0.651965079935351,0.352330870857582,-0.0966803727189605,0.203386919812444,-0.166371684622395,-0.109672185985251,0.281009031648101,0.273586173931293,0.180713631140818
"CGaa",289,-0.561960013849309,0.104454563254432,-0.165110081609561,0.185803531209152,0.181622283781853,0.110330777607627,-0.889895042299393,0.806587014581717,0.161428561969141,0.200542525813853,0.213819853183313,0.393512288968994
"CGaa",290,-0.56090012176477,0.104551323266604,-0.310559962099861,0.347550261418786,0.127572441604068,0.13308408664854,-0.91281195934411,0.00618067844980448,1.0290759024627,0.16442802051988,0.079730044888439,0.662248939044932
"CGaa",291,0.146813569060998,-0.160205028669209,0.409699151181056,-0.0485601284942636,-0.139299618132655,0.0606797911620843,-1.22874593032882,0.482803139872048,0.392449501852743,0.732611062793053,-0.376072058123515,0.627807662689962
"CGaa",292,-0.981043047340183,0.302745670544914,-0.229964361903057,0.343492914961576,-0.00804863303873986,0.117951111739336,-0.851848099932161,0.764937480772356,-0.0160269712646799,0.376528840967183,0.150220461088333,0.344054131166433
"CGaa",293,-0.68773700645952,0.179113504906458,-0.251360025246662,0.688742954476941,-0.137010975805358,0.236504780419536,-2.45989386836468,0.979124145016671,0.411164601517956,0.574213996710494,0.368416459682495,0.515208795891775
"CGaa",294,0.0452306686485086,-0.15053513160607,0.544716499530262,0.135041939219663,0.472522888301266,-0.172926065915554,-1.56283934691584,1.09131931052146,1.20002458605002,0.260463668723503,0.0112888823202991,0.463349679841987
"CGaa",295,-0.197059206649232,0.0166798817559567,-0.67839066535035,0.567080157843215,-0.0769311624148044,0.251744362134182,-1.09914496112143,0.308064208180878,0.602792797569234,0.460706416820515,0.363973071299797,0.228146185953247
"CGaa",296,-0.541151014890106,0.118017794069102,0.364765999968929,0.621603122422138,-0.0361518193461238,-0.0110822503708421,-1.41676229221849,0.604418535979113,0.594467278732014,0.571200330730802,-0.11998987423188,0.575387120834359
"CGaa",297,-0.479238532520459,0.0785716126532482,-0.227081304233126,0.138159230491189,0.134382798197754,0.102901362296073,-1.14600676773157,0.752151375097352,0.772096729114914,0.22731040580528,0.358181091651655,0.401496692543015
"CGaa",298,-0.929920061229397,0.31415231544124,-0.179240906303048,0.386533665990454,0.216896229082785,0.0259846478005456,-0.79516552047954,-0.156420467504899,-0.26596733255667,0.798902884701462,0.555665385502153,-0.0152257922451207
"CGaa",299,-0.0768419775562841,-0.135660548165007,0.0259783872960269,0.419880128920804,-0.082122775189189,0.129266187517614,-0.66119084025692,0.835893776820748,-0.366497301433731,0.0106217414774904,0.284995708898424,0.504569533459716
"CGaa",300,-0.315509478808431,0.108142606889807,-0.150134910142945,0.18674723598816,-0.016280691582817,0.19205614540245,-1.16858299308501,1.29434485728589,0.0464098426872802,-0.101725706631619,0.0672733250996222,0.716757556906401
"CGaa",301,-0.737876379223165,0.239091803686343,-0.291228687275182,0.759260324445881,0.151147063280886,0.0220170018398322,-1.45959757478044,0.68401095202886,0.580136730048569,0.076757654821612,0.575996946154016,0.334676380893908
"CGaa",302,-0.584428524220396,0.183854294470566,0.0563768204641033,0.338082950313408,0.0936118990257644,-0.00132990792903333,-1.95479370978048,1.35508948555333,0.776687055127898,0.385630665878092,0.271992263284714,0.35631034639597
"CGaa",303,-0.311162688438737,0.0813869537326221,-0.120594071912576,0.742663397431793,-0.0195594164086746,0.126484519979284,-2.61775339093591,1.6208053238313,0.579131810518819,0.324230555192498,-0.13527785026272,0.917829580748428
"CGaa",304,-0.298536475810963,0.0561052466631408,-0.652422969182297,0.56873086479643,0.123332110427883,0.247073740302459,-1.764654465915,0.539890729533569,0.237996579533522,0.441732942407693,0.188138580662152,0.515960666191597
"CGaa",305,-0.250983926356593,-0.115361401262742,0.144639150195732,-0.0736645344692195,0.216157863916233,-0.032011843182881,-1.00980430378749,1.69600503322155,0.842000687348281,0.604817888271387,0.497403936561661,-0.0615720764292927
"CGaa",306,-0.918656902555819,0.259287417689709,-0.448517054902334,0.0400686059951951,0.140069918364825,0.155847260276648,-1.25227465330299,0.289470142582363,0.366325149371174,0.620666132271605,0.381480053605545,0.323665812574574
"CGaa",307,-0.272745784053967,0.101835727223526,-0.0692847311162476,0.284860145075373,0.173611368920183,0.0192365390717551,-1.35380490536238,0.884090734288745,0.158407956437779,0.306703689476364,0.204834331495497,0.351418579855298
"CGaa",308,0.526357939951201,-0.209160125539343,-0.237829644961224,0.210296526654795,-0.252476975406882,0.378965024440969,-0.873837509316812,0.01129886855077,0.0995796098605564,1.0138313485588,0.421323388774678,-0.0399531988386388
"CGaa",309,-0.328237391682822,0.0520997595224086,0.00410829070700579,0.230022774205789,-0.0509021047881516,0.15855240262298,-0.936900430459315,0.575866967897484,0.150354814044068,0.345665967890672,0.0967373281738147,0.368452960987778
"CGaa",310,-0.15372931271082,-0.053789400696217,-0.0326839782216478,0.277757815970188,-0.0552459549609308,0.131221694702093,-0.75480238929484,0.705899848627225,-0.304521907385589,0.540830630731447,0.261351649008805,0.351714692825151
"CGaa",311,-0.0862115024232312,-0.0152234034869387,-0.316020107053823,0.274573608108824,0.0966699337435782,0.120927827068111,-2.3945689567418,0.379651091442768,0.332636172462129,1.05685875303622,0.707630537363942,0.245421499451851
"CGaa",312,-0.367436636157278,0.00180299043450267,-0.548242788943187,0.244676954577692,0.122263239367198,0.150849572021527,-0.617748706029966,0.231221690908207,-0.10048460330276,0.492524539852396,0.06908194748083,0.306514631195168
"CGaa",313,0.329962838960201,-0.372056838164175,-0.113053814006333,1.08892208331736,-0.183047555785519,0.239667149756742,-1.26450291672972,0.302535734091748,0.789572039855594,0.754877602208382,0.183294314430006,0.0790720102889106
"CGaa",314,-1.15356398463075,0.333263203988645,-0.150872108865569,0.772569471659345,-0.157377443208699,0.209796894462576,-0.974929905882653,1.4458940434396,-0.00909059871434462,1.37258766195306,-0.283500986968324,-0.214973389224789
"CGaa",315,-0.722504902117668,0.206828966356876,-0.243051439875044,0.330747736605908,0.129638582264984,0.153189506297653,-1.94339691501366,0.210527654800129,0.508221360645684,0.579591243238833,0.336892506342196,0.418611553304303
"CGaa",316,-0.933623184703985,0.288386933619053,0.0979510333564012,0.565269304034564,-0.223809524647913,0.227160203849022,-1.96030045238106,2.19745689844256,0.192586900521305,0.414363461901374,0.158441970351515,0.491418001697025
"CGaa",317,-0.312682349302735,0.0155178675047657,0.0581281527878915,0.610245800972564,-0.161611875256318,0.208011274211497,-1.10647494935227,1.10526092052879,0.524915020155372,0.753595300806437,0.445582996969845,-0.0957918645883405
"CGaa",318,-0.986600479985316,0.280505171007557,-0.851266698738598,0.397331792170669,0.149213628221553,0.195612739332712,-1.51257301503972,0.775255725226378,0.370674004530237,0.507539995686934,0.381733427767487,0.173088748399466
"CGaa",319,-0.800314814406527,0.179556491404635,-0.556146226691465,-0.142427279321198,0.156840750015984,0.164323836541212,-0.940816189634617,-0.0305760410093608,-0.0448669691284506,0.871095363473355,0.311230137922,0.179014250945129
"CGaa",320,-0.295463034061452,0.0649679272103868,-0.650479566651042,0.570565878455783,0.315193284667349,0.0603787072264988,-2.06872899024143,1.18517512097465,0.553046756206307,0.197544695094192,0.54773008140547,0.577438294036245
"CGaa",321,-0.0249607556905718,-0.113937078967788,-0.176786583123067,-0.294218928118541,-0.00488696109570898,0.28120873118425,-1.06598717569164,0.924726956443711,0.296313482814724,0.467358292220684,0.336606526431011,0.421256324270985
"CGaa",322,-0.0475187038395944,-0.0598135102553461,-0.837924518252789,0.704106752038083,0.0389696613749487,0.239260944273861,-1.36485890096859,1.14252106045904,0.145911813080586,0.949037849791378,-0.249516091784308,0.283912843738667
"CGaa",323,-0.253878564928097,-0.046037356949165,-0.543196275774152,0.569323425749759,-0.156971251579969,0.350375096335155,-2.35967771414362,2.32953584629596,1.3153950943591,0.625620931579575,0.217998460336741,0.240033777700634
"CGaa",324,0.172019736218983,-0.237102027577718,-0.519780128365938,0.543340339572753,0.0946925112049977,0.162603397806115,-2.12002997715986,0.732947293737719,1.29474676949953,1.34541699080823,-0.185137163954794,0.246277407057383
"CGaa",325,-0.578622642418801,0.0814241919858542,0.188568196131184,0.222457322547683,-0.0911838912836823,0.09439760091926,-0.617612665832246,0.226377976950961,0.903858947043385,0.636397953247343,-0.102994043643223,0.216422400262546
"CGaa",326,-0.878233616938193,0.23021914945983,-0.517394565002606,0.319369127994602,-0.0447970103811663,0.261585604455506,-1.32463831824362,0.722818650867882,0.703777820960079,0.503981290125644,0.174285509785885,0.38507761221605
"CGaa",327,-0.389061297644365,0.118165522334388,0.670378651323194,0.431586123658453,0.124533019122656,-0.208995978146482,-1.187697375262,-0.105093999753468,0.913507219805338,0.271016569270072,0.0964004925454848,0.496739379576618
"CGaa",328,-0.760341288899074,0.264605199177274,0.0314169949861364,0.582126149650119,-0.174503635465327,0.1905334086013,-1.80374470940106,0.786992067668804,0.912420884548289,0.298349781480225,0.179301764108629,0.478814548712076
"CGaa",329,-0.313474235008252,0.0547649738874385,-0.522574569714149,0.471990151518898,0.476518547862658,-0.10077072836592,-1.76847225493943,0.749202084188477,0.487304985524589,0.387064169965522,0.664314930921614,0.281664726728516
"CGaa",330,-0.432954093422218,0.144365362659868,-0.262966978887924,0.945665479776639,0.12644994341439,0.0313305034365011,-1.31883661549781,1.86906997256572,-0.108708943186915,0.264310734036697,0.450366671701512,0.3218730267915
"CGaa",331,-0.490194028689484,0.0541361474017728,0.219257554640047,-0.135557255491028,0.0216398590914045,0.129237195200928,-3.37055607289799,0.971076647337092,1.03972679045594,0.650418888977806,0.527056654067437,0.82029732915521
"CGaa",332,-0.589752560834071,0.118021946483775,-0.477053070218572,0.409681723464751,-0.065300612172581,0.26039477838915,-2.26334577350956,0.841973376674672,0.422861846783028,0.975094735611183,0.645845473187583,0.0824146327569259
"CGaa",333,-0.785544265322542,0.178480765994698,-0.0503110268732879,-0.0613968328686414,0.0260175872147455,0.128156839978351,-3.13827152159751,1.74814364678888,0.295925212748452,-0.143280146828786,0.183715910270155,1.16658305692761
"CGaa",334,-0.273881110075875,-0.0358224747766929,-0.366386443561491,-0.141424943588485,0.0476208633069679,0.265574035922609,-1.38189140482393,1.15354096990662,1.63130651892246,0.998426940420294,0.15359693225099,-0.142504238571396
"CGaa",335,-0.786498159139198,0.308215976705718,-0.336110131881871,0.781825502651234,-0.0770669170264896,0.215434289561298,-0.991018919353089,1.78116618490992,-0.11059804152941,0.634649303532873,-0.0901597367350644,0.201838367510106
"CGaa",336,-0.586937594327367,0.161438024687461,-0.248889844238566,0.157282517834057,0.252865586077803,0.0437627236056964,-1.62246793718942,1.09542393310221,0.521068185810061,0.28174817154129,0.165958906469977,0.485541986412054
"CGaa",337,0.0348069825901357,-0.381306898796198,-0.437086033826867,0.166422447551192,0.2459652874777,0.0550066281408593,-0.574638199705738,0.812445260098402,0.705399022240789,0.0972498230417498,0.105389230757587,0.328796464997433
"CGaa",338,-0.28265811534751,0.0956755500452748,-0.144436633174567,0.462242141673845,0.0372365516071308,0.0428214877391712,-1.49966570473403,0.262583976819668,0.482677579048805,0.315370258903185,0.137095511884647,0.55652081803953
"CGaa",339,-0.326907441178295,0.0122414791791928,-0.387325533068091,0.470573018171524,0.105235018381007,0.175723479094377,-1.44760600268299,0.779782380185584,0.864946605737885,0.404377938577947,0.0652965479153626,0.504541879786636
"CGaa",340,-0.178441008671407,-0.151342470948858,0.0336194516426802,0.0138828118388235,0.0536219473355521,0.114060983987258,-1.04190763542326,0.535873470908253,0.154944092103862,0.539398437202736,0.0661625358190621,0.291137314306296
"CGaa",341,-0.449481851898892,0.140217777179584,-0.804883569216203,0.408402905334205,0.0476288847993133,0.268157706922627,-2.72311930583138,0.0555349143970225,0.807562711856139,0.189505817002877,-0.7362994027288,1.64272947899012
"CGaa",342,-0.830596031474995,0.280438086732786,-0.265335731871852,-0.118223957653396,0.0234896575342513,0.134586241362736,-1.58120024542305,0.776189014170319,-0.137580211007298,0.191485432894356,-0.240714887732709,0.838249638255116
"CGaa",343,-0.777361576742525,0.250198088842533,0.0191638592802203,1.13443294424799,0.440007675802726,-0.312848650590695,-0.512935311232154,0.79132802358826,-0.0578695508139516,0.592533616501459,0.438580330643071,0.0332543766693879
"CGaa",344,-0.136527665620241,-0.0743681074896895,-0.100535066969656,0.260557204416758,0.126282335599577,-0.0452872449696144,-1.22399684640076,0.825554478801308,0.626411449509545,0.515926986556983,0.131257063698625,0.205596317658783
"CGaa",345,-0.235577921211513,0.0600241779420789,-0.498366124518897,0.469232493582175,0.132441562446397,0.193127609106416,-1.18384260174454,0.331342941437949,-0.20100563649366,1.0418761304791,-0.0639566208994136,0.104942610685236
"CGaa",346,-0.457075269012944,0.151957607582249,0.0527458883917821,0.43759916423881,0.0410109055096151,-0.0351360265161474,-0.903191199660387,0.319785477211064,0.61924015604784,0.489679299301765,0.283426716186723,0.0830843646365196
"CGaa",347,-0.713947864386218,0.141840736081395,0.0399424563794833,0.0327720185313857,-0.0211288802227737,0.150342249833719,-1.80425087076848,0.382309645655648,0.513178074506073,0.590671562281141,0.158461076431959,0.350817067695397
"CGaa",348,-0.588989929489288,0.0816690529498324,-0.290372769879677,0.41186906932446,0.204303299883396,-0.0950022322219001,-1.10315674902112,0.545138725594793,0.687454744034038,0.807188200606187,-0.164387555371398,0.403373818291487
"CGaa",349,-0.803137802962673,0.0816070187538522,-0.124459476808803,0.541537072675919,0.387943589946104,-0.16867411881166,-1.11763929760795,0.429998542285649,1.02812865501625,0.670459143460673,0.0486170047974759,0.307966672191108
"CGaa",350,-1.12866834705608,0.420745332254728,0.0933043937189286,-0.199983208290601,-0.0311838735827434,0.159765982986615,-1.48956174666003,0.936868799935642,0.657365024926987,0.189327374937398,0.146018856221875,0.525780741482302
"CGaa",351,-0.686094100782445,0.185101996058326,-0.337494407145133,0.0344920969963161,0.107935206526597,0.227950209204405,-2.74965642635108,1.45617756714839,1.1304114546358,0.496979227054081,-0.472956304946055,0.958714246520058
"CGaa",352,-0.962338757537316,0.29549344144429,0.0188216073879322,0.126703934306896,-0.0593663721174128,0.189310446020903,-0.292534233974627,0.605715143447658,-0.102287228684639,0.59834100017139,0.0217183753607615,0.080205679959883
"CGaa",353,-0.25793662039394,0.0362215340330798,-0.113013455831925,0.0544693946557972,0.0441332176818876,0.120177339787122,-1.63970066739917,0.517849924676297,0.663924719037719,0.746303321154854,-0.142121946473225,0.430204722355393
"CGaa",354,-0.55950315934761,0.0161589787359964,0.117646439187199,0.145194358082649,-0.364085123931774,0.287027173521944,-1.46594653134324,0.76401716601002,0.772313825496906,0.797812542107553,0.507576519670645,0.099464965585954
"CGaa",355,-0.434830828494171,-0.052651095391718,0.229267091512722,0.331011974424745,-0.171013851139134,0.179649846218761,-1.39495782201277,1.1753027153255,0.16466442796422,0.627865970142076,-0.115356063407087,0.300417723977909
"CGaa",356,-0.513299909337063,0.054491263760743,0.381439375139695,0.197109373429814,-0.174148852011632,0.0501660242359826,-1.96998254786142,1.34568551089031,0.805570960236411,0.113587253256009,0.312879924072932,0.484141864694953
"CGaa",357,-0.159553675719778,-0.0521689942844186,-0.111056638165288,0.418231782802898,-0.166530177513113,0.258646447706245,-1.1651472652098,0.53448159211254,0.328642790195732,0.285011163078997,0.127591554952832,0.405859208024741
"CGaa",358,-0.379346037920103,0.0494447687636947,-0.0470748385166539,0.486956324945382,0.025462593101957,0.0123576147783332,-1.25616331331529,0.131842209063008,0.586893528249767,0.523672917226179,0.108686575342457,0.384921080718916
"CGaa",359,-0.671378304071745,0.229739714131369,-0.918014129692809,0.205696999095802,0.0555002184352094,0.425045347967291,-1.18480964707978,0.208803077482747,-0.0319958313124079,0.462498603582203,-0.117049340280717,0.53085292859051
"CGaa",360,-0.544827727176839,0.0836466748851514,0.25314705457806,0.131308530420547,0.0529458036929213,0.0140986178525523,-1.22886716967534,1.99606003273563,0.449227954598002,1.20194661001618,-0.452984882536566,-0.0294273520336838
"CGaa",361,-0.648473308108248,0.109266183202652,0.214402109621196,-0.522946894296977,0.0209792248966466,0.0803345892973627,-1.29511240151159,1.03471087606842,-0.552679304488223,0.295685210947035,-0.161965567464946,0.711977149009037
"CGaa",362,-0.536479760467554,0.0769165934334421,-0.341293317136318,0.838075179416646,0.064769519347903,0.0629467546228874,-0.92605558846362,0.480631942900581,0.310474025322551,0.495078811229206,0.312248382463551,0.224557792025785
"CGaa",363,-0.31220712758009,0.0151236458649367,0.229377019804525,0.61011170993351,-0.0621149936888847,0.0249379823832746,-0.923031753668662,0.206311678707927,0.182207487286939,0.512556300357828,0.467015349209573,0.213525446515226
"CGaa",364,-0.15595065468585,0.00698563281033338,0.19645858527232,0.185392144004241,0.0608780818047683,-0.00448862157757007,-1.28492371135688,0.778410873100667,0.447426747377905,0.450792050265055,0.334721326059947,0.20535491746621
"CGaa",365,-0.756970112469615,0.246335972176717,-0.740070770861249,1.35906719079816,-0.0732313215053342,0.267491406407726,-1.36288727487271,1.08516734542889,0.246938844347905,0.445348289734456,0.601552646088036,0.152130301817629
"CGaa",366,-0.662786233158639,0.135003067145709,-0.520618730079359,0.435275326389345,0.174208584058962,0.159497848084729,-0.330754307312059,0.437104725406342,0.586798352684509,0.146704735225235,0.194694872391497,0.264822351005688
"CGaa",367,-0.908200722655879,0.263428461839697,-0.0958092712199685,0.662650805427546,-0.198763282081536,0.222898661168535,-0.837949840887363,0.269341233467507,-0.506622202704377,0.560692036732615,0.265154772976423,0.27437745822652
"CGaa",368,-0.674286580278749,0.0554637260657615,-0.0481805157596242,-0.0159721667594056,0.0438108674717287,0.109737078872437,-0.621276201467948,1.28051372960472,-0.469138604071507,0.124264784251266,0.306432184414963,0.29568368134519
"CGaa",369,-0.657088752419978,0.195409682313663,0.288070942005669,0.485785060191721,0.109074342885826,-0.0421495170983601,-1.40122235455512,0.274382660378566,0.0786789373571183,0.757769573825785,0.0188843781607665,0.357332865067257
"CGaa",370,-0.559441186242395,0.116786514842555,-0.455806510021406,0.396354398207088,0.14388165886449,0.117051832635251,-2.94744387288324,0.495481994198359,0.421898484942383,0.815198588074704,0.462769285436576,0.623433310946255
"CGaa",371,-0.0678615737695737,-0.00540229857040658,-0.343169655216795,-0.208337980957211,0.0725339548114454,0.232677180603666,-1.6998812259444,0.571131202114671,0.445319408230742,0.947736371488076,0.319192074662408,0.153773728541879
"CGaa",372,-0.975708807879216,0.29745851391198,-0.314880353524816,0.31696651541897,0.153383319144148,0.00882437034266851,-1.68779873116605,0.495193960509038,0.164747819002476,0.836802000089564,-0.00670385759009194,0.407585302843575
"CGaa",373,-1.14324033693498,0.326447095561226,-0.146677246245996,0.0317588783416292,0.231585124755762,0.0769127158998119,-1.00171397682642,0.295832939234316,0.730198410915142,0.657202097774558,-0.0334766261206129,0.270159206852589
"CGaa",374,-0.486160523640233,0.126823498172065,-0.037782791764361,0.344121921386299,0.479201107179072,-0.203290564892451,-2.05634200151623,1.54138773945694,1.38303479097711,0.293925932502196,-0.603893246411206,0.892290377614686
"CGaa",375,-0.0979863924707065,0.0334664525472537,-0.580468722076363,0.736502612246556,0.0178722990027903,0.273266666076764,-1.3333617353067,1.10475601930562,0.547109611696562,0.852726497531685,0.239216492563354,0.0108472997772249
"CGaa",376,-0.3173071494911,-0.0366540643657086,-0.372385574851399,0.35492355366165,0.0630058505109209,0.157389652012344,-1.7104683636286,0.818502968193409,0.21485142981013,0.164988482146093,0.521544254970579,0.4869417797151
"CGaa",377,-0.835762725797519,0.214571586099988,-0.637777521261975,0.544023207369979,-0.0862544593859796,0.345706080772777,-1.59674976052231,0.696856989550637,0.621102857929158,0.367326028867069,0.310124257259424,0.46275347518874
"CGaa",378,-0.590016119427665,0.0762733732547516,-0.479528213823092,0.430271724384485,-0.0606664417623763,0.279993662349667,-1.24647551021951,1.13909400835747,0.253266784244599,0.416267988436434,-0.0550093595948899,0.432171728233778
"CGaa",379,-0.615456194421368,0.186988662824907,-0.101140194540701,0.102048762276981,0.26309555703667,0.0326780069111787,-1.55397220758031,1.55295341629577,0.505104545022892,0.324433874320547,0.0741299612658302,0.532068271314219
"CGaa",380,-0.134149938806275,0.135280331032928,-0.00905512820042475,-0.226573937123442,-0.0779022449192747,0.342970089678728,-1.47509699267258,1.0773086873766,-0.237131436557938,0.651158454416117,0.520999860271373,0.0598994861184196
"CGaa",381,-0.777274499417997,0.18454319222585,0.26860064593864,0.593580790638067,0.000608951919956686,-0.0247821423879956,-1.48862209075025,1.23221113165499,1.07572248070496,0.0924542669021737,0.121053333974198,0.53669178787107
"CGaa",382,-0.505579040582831,0.199264354713559,-0.363839784861497,0.54975831315327,0.239607746589939,0.0749298166380731,-2.32840881257323,0.934889281232999,0.551065860941521,0.72567253992638,0.395453407507507,0.345219621262631
"CGaa",383,0.0227245331076368,-0.119816243552,0.714655633261474,-0.0847598816788136,-0.0472964869281674,-0.0379924460450851,-1.03617042927752,0.982636221638562,-0.754422573746717,0.209509426214648,0.0453786801007746,0.720703607046686
"CGaa",384,-0.595932381225744,-0.0716469659841775,0.347428456567993,0.317427290801174,-0.00221489449744229,0.076583339136896,-2.5365056713993,1.05626469573103,0.221102724449535,-0.120870303945064,-0.134542001077919,1.39773677573188
"CGaa",385,0.0141972899319344,-0.117319645519267,-0.143700483976079,0.264269278169445,0.0308408163476768,0.184769852511875,-1.51938009828396,0.287089826599376,0.567557988181513,0.574137760505533,-0.092035148685025,0.498125193312357
"CGaa",386,-0.949285747782262,0.292834729268053,-0.539196143254128,0.188172945021945,0.0161787992548945,0.290996830617666,-0.444974974744705,0.827095646272157,-0.123518399485905,0.614804420541423,0.291433042064131,-0.0636049289118533
"CGaa",387,-0.594836711745774,0.188280171930804,-0.210625129601673,0.644509847101991,-0.0993092874439407,0.17075710139806,-0.353952752999817,0.495473862020305,0.761157433889569,-0.104828466747011,-0.433961073813335,0.791865566593318
"CGaa",388,-0.514157124546105,0.0362990890500233,-0.62677723311702,0.328191147134939,0.0408559854354133,0.285254795726065,-1.47460160119664,1.64214077481212,0.703840369036191,0.108151711182336,0.486074921447959,0.516558148412145
"CGaa",389,-0.470926369235786,0.135929743728366,-0.430992022707789,0.302846555784176,0.0674244747551508,0.167943579000148,-1.70273743783366,0.438193337384871,0.821951991038985,0.30999301541337,0.172238883099017,0.582562903703574
"CGaa",390,-0.364938408994358,0.0304177286540887,-0.274158595041319,0.400414266260463,0.219088578270918,0.0115279964670535,-1.96135888554733,1.49563839348936,0.167533956410498,0.709703041361112,0.246564358889083,0.38490844384646
"CGaa",391,-0.647472471068151,0.214581299046366,-0.312163813023822,0.160349476256132,-0.0148548989767802,0.270868350710141,-0.930689857024302,0.727501137604521,-0.0726950631049266,0.41009322156839,-0.324284677658521,0.651331142672175
"CGaa",392,-0.456597947526873,0.113569396874644,0.212199248481138,0.0686120770122488,0.374813428894898,-0.120881565407569,-2.26458012834811,0.340515564772255,0.507717829182901,0.053417406487252,0.0395225472845862,1.0559376006417
"CGaa",393,-0.534901811622418,-0.0110249210581353,0.180183325161973,0.0585840154723601,0.136353799839852,0.041245547083324,-1.49646462836236,0.781164454347873,0.33236282583074,0.553664755326806,0.233592337254567,0.178022980224853
"CGaa",394,-0.518639858172871,0.140271492334077,0.802835100527709,0.0551843440568145,-0.056295417565804,-0.0513795727186718,-2.17476557936303,1.52898505290306,0.885881676011663,0.542949296161149,0.0369718511592687,0.501493727939409
"CGaa",395,-0.460664846069195,0.0776189658354223,-0.0460250152617035,1.51295725906948,0.0111056247908172,-0.087619599530183,-2.42946047430439,0.953374332915504,0.542738006448794,0.65609168118143,0.661174886953298,0.33397491686451
"CGaa",396,-0.508011744554544,0.144299271349227,-0.516616738849469,0.481996421510034,0.415441137235913,-0.0909460155655683,-0.579221742989992,0.524521694322915,-0.0423041388376011,0.422713559249016,-0.0931401417426839,0.328947381466484
"CGaa",397,-0.291567517942411,0.0692804299012798,-0.340841505868548,0.105730055368886,-0.00647475807776147,0.244643848086389,-1.71708384159252,0.846878464882716,-0.484515255816578,0.424387849423929,0.201273396584359,0.518804529200822
"CGaa",398,-0.39847681177636,-0.0382652665099943,0.0720280069158413,0.764484706944855,0.19500781139439,-0.0624667404753948,-1.32282572079522,0.798889169905987,-0.276314116198575,0.632336419249974,-0.14835806701845,0.369455784560455
"CGaa",399,-0.370869301257593,0.0520428549941209,0.290596223170931,1.00441122165417,0.210308173626962,-0.30795104550965,-1.17584982324567,0.887012518151258,-0.175221953626519,0.557050734702507,-0.184502972979378,0.365874226002359
"CGaa",400,-0.104040579080578,-0.00725529063194474,0.350955796911477,0.318243322428518,-0.00144520419614132,-0.00157251947052098,-1.67254937098006,0.391473113419953,0.955999907328095,0.448980901107425,0.206720688187226,0.459958561328549
"CGaa",401,-0.0406029185079308,-0.240963485427433,-0.0977322116621441,0.123000356134652,-0.026437807955139,0.134087313952855,-1.71352918068998,0.483924003094532,0.715371969935783,0.262817987656669,-0.0831319824061078,0.681872396470253
"CGaa",402,-0.166251895680919,-0.0156919691699538,-0.133172079082403,0.290018420143784,0.108294659545569,-0.0283617903819808,-0.759608266636374,1.27651734502164,0.191131092668164,0.238892066574575,0.269858938020896,0.268763492951128
"CGaa",403,-0.807769850375263,0.0638309321987334,-0.159192557194622,-0.0785836253951068,-0.106690298236026,0.227132003484174,-2.48685120911448,1.80177302148672,0.0682349100552443,1.01871968013292,0.415986250625383,0.202145697245436
"CGaa",404,0.0986637505632496,-0.136774027237951,-0.177845311003584,0.303413659641654,0.0620156563123526,0.144611116818019,-1.59743959157832,0.9570176620252,-0.144515247820597,0.624696989752644,0.0927912964042567,0.33858532288209
"CGaa",405,-0.895668803165819,0.257177205453186,-0.508375329608421,0.542805373290197,0.170667742371882,0.0460475557962479,-1.15531063892753,0.436231186581899,-0.16572062429819,0.351245754513006,0.350381408992929,0.383211572446227
"CGaa",406,-0.405335608438894,0.146852574919244,-0.544300582402038,0.833610456112319,-0.126615214644244,0.336957361992275,-2.13045100833744,0.819369075531464,-0.311254293051042,0.216603902634812,0.385036785314427,0.683588507132834
"CGaa",407,-0.116807888593971,-0.142901177342911,-0.220842118039544,0.571069902207597,0.303299481007072,-0.124258638417598,-0.352641192405457,0.255536684725011,0.119784173439652,0.473380562613017,-0.27881558360775,0.395308887682938
"CGaa",408,-1.05010739176662,0.307686583114141,0.270552735303838,0.404540311475987,0.227320676826753,-0.108912805301977,-1.60242802228585,0.878027291379324,1.28429738952879,0.685666301390611,0.329258128592611,0.289828660771353
"CGaa",409,-0.435525979706818,0.125242789119684,-0.688426183016161,0.403434364456928,0.169383942478778,0.205285457493922,-2.29772218790105,0.728899436838091,0.107596151376375,0.723720504830406,0.33376536646932,0.499510053441653
"CGaa",410,-0.177324860044281,-0.0208692604346082,0.137810570960413,0.125770905121445,-0.0911490031641172,0.18818656544432,-0.657100755224501,0.485000160084978,-0.710208973363659,1.22737556570324,-0.0226642379904923,-0.00481648922282421
"CGaa",411,-0.161544738010539,0.0593420197118155,0.431601373330066,-0.0797125845343499,-0.0334436524204067,0.0408768990754811,-1.39334132341744,-0.0621063797813103,1.21276077418552,0.713379784475897,0.245285747604643,0.341938464104077
"CGaa",412,-0.721690615776537,0.244633433014024,-0.214268858419045,0.227028748992977,-0.0612508284775021,0.292925101034575,-1.67063964989628,1.11925325553672,1.01663748950017,0.783761602513166,0.421073626268796,-0.064883453518378
"CGaa",413,-0.812605055640317,0.283547621631137,0.0784345989378,-0.057388076744703,0.169251063835948,0.0236804696589375,-1.54778205360346,1.79249964218699,0.666572567691492,0.52891765619682,0.548952295497064,0.153540589229791
"CGaa",414,-0.300303412303004,-0.0346234370658535,-0.639207652777441,0.321698803749953,-0.21400460672135,0.483788869968199,-2.84849583675703,1.29933594945012,0.381707403229958,0.297865011992322,0.431286243684143,0.766369696033603
"CGaa",415,-0.513144194679097,0.101400366145634,0.0408408844966494,0.0984542228822453,0.168173763476473,0.0502437115249641,-1.38127738357953,1.92555190506261,0.393793679126578,0.568805146991951,0.142605544828898,0.168271471966738
"CGaa",416,-0.699336013768195,0.138779577903732,0.258143983858866,0.359766985422493,0.272065621080196,-0.146191211946017,-2.24135640576308,1.27670401471624,0.431208544138959,0.788617020070225,0.271981420306871,0.251029897854286
"CGaa",417,-0.80951397491781,0.247006589692228,0.0829278102489269,-0.0249109658701348,0.0613005177826309,0.0756888978222168,-1.09601681621597,0.620188466124631,0.246897332530686,0.478438336503616,0.134569506373972,0.247988778448859
"CGaa",418,-0.488790274472913,0.126347011022284,0.207221885919897,0.349581676026359,-0.253840817935986,0.284738802952565,-1.77299716620988,1.22210640757205,-0.166954174354466,0.605937434675509,-0.0958091637520281,0.481792308162754
"CGaa",419,-0.566601187779411,0.174305157656832,-0.656084008946101,0.924913676855295,-0.0662645453422652,0.265219378528456,-0.140590075885855,1.2246452758756,-1.0192543520013,-0.00219029750979411,0.641867894594226,0.337852614511577
"CGaa",420,-0.131326588696858,-0.0768639857452293,-0.24108237025003,0.214447906113724,0.0520292629374305,0.217338342752754,-0.455152076837286,0.323556666716425,0.701030039721595,0.978334326790101,0.516580462699123,-0.24930519550814
"CGaa",421,-0.56795202799304,0.200403094389215,-0.0144316574741073,0.286139145955073,0.466588709093669,-0.295123261791211,-2.18268689548232,1.03571357585508,0.651199700533151,0.544322753622017,0.310084851600189,0.33282380609693
"CGaa",422,-0.347151002904698,0.0127175952314295,-0.00948694183396574,0.184852963257902,0.217482504880068,0.0712582623870538,-1.28980622153894,1.46845393527629,0.707645666477236,0.612637943269622,-0.107618660700355,0.162501723562331
"CGaa",423,-1.02208856911742,0.349078190912692,0.140477903965163,-0.511474417084651,0.0278318622473998,0.15666399285219,-1.96301530178627,1.11043183857002,0.0389489000374102,0.485273438573521,0.0261753598292656,0.778512143512173
"CGaa",424,-0.454157208664827,0.081407945775286,-0.13668985739075,0.137898185662716,-0.0881076590172051,0.265756248459988,-2.25377982034565,0.787022505956489,0.634817617311195,0.682546914481695,0.115394689607798,0.438456358442167
"CGaa",425,-0.453645783401329,0.0774359987164437,-0.935863524974953,0.408786053938145,0.224815095664262,0.226758475769493,-1.13362752396716,0.724164380307811,0.259338340788199,0.347221251255645,-0.010914180586406,0.515455523925095
"CGaa",426,-0.431891390717537,0.0136395541627841,-0.78169924402493,-0.160981535799494,0.35599195357185,0.228662583113704,-1.37235249517151,1.20001353984387,-0.312517647105575,0.169998667993893,0.552751144283475,0.273647395094152
"CGaa",427,0.12055444379891,0.00759831099964325,-0.010383947538079,-0.339799314088531,-0.0390271089519654,0.208899878420607,-0.889551649226491,0.752079507588281,0.339759448804619,0.319406782245883,0.561936307891338,0.0955675017818784
"CGaa",428,-0.386809087026632,0.0590516015159588,-0.0785097996387602,-0.130463417021625,0.0854869745963767,0.0654195377804185,-1.26691802949318,0.343012751106573,0.569480570328341,0.683831411937771,-0.206575972730176,0.401792539867046
"CGaa",429,-0.060948570514488,-0.17465546533208,-0.760444070597367,0.516373294446803,0.054089576304027,0.275571443639325,-1.06771193354117,0.66645971823574,1.39938083259545,0.454899426218636,0.66845568725929,0.032811338919044
"CGaa",430,-0.527376548255853,-0.0151703566187566,-0.450144503314055,0.288126292846716,0.0193889665889175,0.0906565363518773,-0.667652631053621,0.522153725866921,-0.0881056522482271,0.477791129691968,0.511579742405441,0.129504690833817
"CGaa",431,-0.676444041033459,0.109441248529959,-0.323174933882302,0.999205141277394,0.084740548227285,0.11195522627997,-1.34209454410313,0.877707135222967,-0.00798604343077887,0.50341416633886,0.542431374817123,0.12328662017196
"CGaa",432,-0.789518388376611,0.187252845391476,0.356493318093095,-0.114112796312785,0.142227871627227,-0.130923325273918,-1.07238264796234,0.283970855817057,0.0384030083438368,0.536517542360598,0.685072187285562,0.235027508939016
"CGaa",433,-0.324387212201336,0.0107240924357499,0.620054041256204,0.0296912314105398,-0.0903456889100356,0.0148001661491995,-1.20395362316549,1.15080831400456,0.110536051201565,0.359919723333993,0.207681024879033,0.275065781820292
"CGaa",434,-0.524827881486432,0.112990468748677,-0.525768823567374,0.598752513271352,0.017823271922736,0.206186862333143,-0.871154196371383,1.06670130777313,0.265679996890367,0.491042550288617,-0.0461734233050858,0.26131255423555
"CGaa",435,-0.407375558942372,0.042171733007035,0.00848051695212338,0.252592679783269,-0.123203027607148,0.23131210504501,-0.927442017641264,0.80582919329067,-0.0474825960862759,0.372906563597546,0.281688310538674,0.275270730078576
"CGaa",436,-0.0566260379713274,-0.144479204975377,-0.292600327779759,-0.202701496173967,0.132842349823416,0.193695030974787,-1.05244079748188,0.497500650972603,-0.474840786598587,0.447312354204842,0.013279535622908,0.535161867526491
"CGaa",437,-0.372000764155278,0.0929714063606921,-0.274136868351669,0.198159315251591,0.087206204214189,0.224836471909547,-1.37602171370702,0.516880800327446,-0.173232056620604,0.101988633662052,0.104619144517009,0.669517025547285
"CGaa",438,-0.842405927816192,0.279198541040416,-0.070901804248875,0.488424618567014,0.046648773758902,0.0771855823023429,-1.32628557215894,-0.00879542510545276,0.457910248014034,0.771397450157833,0.300787810980334,0.206411750698023
"CGaa",439,-0.265241250931986,-0.0488417175671713,-0.100795304200596,0.386076145477011,0.110022529085877,0.0172873618108765,-0.689860646119758,0.338324997957141,-0.304903344145689,0.237822373258006,-0.00266375295901896,0.567735540567796
"CGaa",440,0.0290063870154101,-0.0405891304860877,0.0494000223219993,0.280941736357219,-0.0292730204905436,0.096262552118763,-2.51838496101713,1.01086784095749,0.159002642304214,0.632450680852236,0.305831363539471,0.513483766588482
"CGaa",441,-0.96545013528751,0.244131919576907,-0.161104280621838,0.0881478071226932,0.202623531613717,0.0886111257197607,-0.771444911107624,0.559744656475222,-0.0574329151535337,0.182077792993622,0.466632638668193,0.365984413417643
"CGaa",442,-0.932560500863559,0.280186257948967,-0.0561097373749657,0.0185450964182708,0.117781968668954,0.0446263552992754,-2.74108271961872,0.392146058834797,-0.0706206858035744,0.717548427001198,0.529622659315164,0.647352111941267
"CGaa",443,-0.593455223446982,0.125945365050586,-0.274231111786662,0.221695086511271,0.172973775824876,0.169051706132313,-1.55911542299125,0.617232824422436,0.163446548718305,0.310263894597169,0.296795907168701,0.612639203351692
"CGaa",444,-1.12240605379671,0.340257350252922,-0.471538569363135,0.367288772731987,0.132864177958098,0.158794452839528,-1.50800321078247,1.05377938827615,-0.11275088729505,0.433901590994979,0.679924712604499,0.231118673582441
"CGaa",445,-0.783875458084624,0.230927456709962,-0.657194780252785,0.541199203047795,0.311932056739218,0.0368983215983506,-1.45517971947097,0.32309274687007,0.550762827053037,-0.437016800878047,0.491395174135163,0.843022534895604
"CGaa",446,-0.425926696536531,0.0839712180241258,-0.156993565463736,0.255444341407702,0.248748173459922,-0.0265957025966628,-1.34586780124738,0.696098848448028,0.257468118387438,0.556580099332475,0.0521164623331443,0.403178244456854
"CGaa",447,-0.672312560270746,0.151303184873831,-0.139542495953268,0.340696543719848,-0.0550085536173493,0.129054739112927,-2.66795794967268,1.33851523884193,0.277082699273345,1.15465555942467,0.0862174471352787,0.478674633392407
"CGaa",448,-0.0574223659208334,-0.00113348831982346,-0.270636478984133,0.69157106804383,0.00851936222343574,0.212101403946388,-3.09705407831012,2.04049095439837,0.217373110709136,0.589130461138889,0.522257733674989,0.434689005003673
"CGaa",449,-0.387326738362299,0.0943490680740837,-0.00801308683445364,0.476717248055374,-0.0103254380315259,0.0587986026157929,-0.403168974928385,0.21436370747667,0.112965343310833,0.536052577171152,0.117117703505296,0.239295222533411
"CGaa",450,-0.640403358324924,0.201734847250545,-0.30058178282758,0.581107406297434,0.0153031855766954,0.23046978238994,-1.38653800042466,0.176723807970448,1.07206629885093,0.62750755256584,0.313932009796846,0.198344597487393
"CGaa",451,-0.223146826530322,-0.0289718839444525,-0.0385608562778078,-0.137424371788962,0.194754452214521,0.0402097341814772,-0.581682616102152,0.465936403773992,0.261848966075256,0.705455533736711,0.100117949811561,0.110707507132662
"CGaa",452,-0.0679576671847639,-0.0633584614301322,-0.230706432432115,0.444273213643073,0.0776292319645768,0.0640176494327488,-3.06224207055303,1.33566217933172,-0.193449256243551,0.871714067625033,-0.158318166493997,1.03502327533716
"CGaa",453,-0.664464838895122,0.0720906410717624,0.00891354951303741,0.198451856546762,-0.0489043755702721,0.131103366512278,-0.902144421216674,0.26342265195743,0.951699875941575,0.631801655273074,-0.192621012244496,0.3252360017584
"CGaa",454,-0.594733860173471,0.205308246583176,-0.0669239966833338,0.0872447825516695,0.207944565850413,-0.0199285441421226,-1.05674906352378,0.0907944201668719,0.314062269687446,0.052108651168775,0.344124318835443,0.442596772887192
"CGaa",455,-0.966115574177822,0.290592389497287,0.0187306057678057,0.762727806820678,0.00189589460614696,-0.0201411102763871,-1.00745595231659,0.318588847377196,0.127811519001406,0.665400622951708,0.292646753229701,0.220488658584052
"CGaa",456,-0.559997681415369,0.0401782016513099,-0.221115882456001,0.668981916625717,0.228324050078113,-0.0929443301504424,-0.907264190132047,0.357509897317192,-0.00587965652801533,1.01451762650069,0.151412543689743,0.0698873232803266
"CGaa",457,-0.101273013463405,-0.0260491958831022,0.572815812960745,0.137435696495979,-0.0280346044173553,-0.00599269091169012,-1.63071105284729,0.992921685732651,0.552443130058893,0.133608903525654,0.0109128369381815,0.685654926560022
"CGaa",458,-0.760740256861699,0.256311235185988,-0.599541673476416,-0.193208240368004,0.107817465184198,0.306028579424948,-1.57297059955359,0.318179243894987,0.594713608819234,0.624580156579076,-0.054651369600725,0.565959396881677
"CGaa",459,-0.379715707268969,0.162499113379709,-0.221273232809427,0.224876587444417,0.101911472759112,0.0798913839971991,-1.5575629246716,0.75597191132977,0.346419571480664,0.549722687289363,0.565117237781808,0.252331116013256
"CGaa",460,-0.795114321648944,0.189472621408349,-0.264719535985728,0.397855025606303,0.0589683626986954,0.116987228432762,-1.00970120665155,0.548285911171586,-0.279518228365591,0.620466353712135,0.421733828554773,0.245683023946991
"CGaa",461,-0.675306693769022,0.172964871687986,0.0977798392340101,0.105013328054337,0.0845283965511088,0.0814185582459244,-1.08066391522175,0.791214376622644,-0.309840965678872,0.314962816405314,0.192054071917278,0.523922087645284
"CGaa",462,-0.8043541239012,0.245009694239235,-0.188253621629666,0.00682705258083503,0.265225631714992,0.0593707011602671,-1.01382106528911,1.64429836664795,0.229256753011145,0.145905294341713,-0.0437873228109437,0.594416672950073
"CGaa",463,-0.369880334216144,0.0684355748798941,0.36146454504344,1.0044778763602,0.18417330656316,-0.203388707420433,-1.33879664233727,1.3806037192154,0.250189949600116,0.55352170743775,-0.251557118557395,0.349755432288058
"CGaa",464,-0.229680261055528,0.0721462802000198,0.294133521923086,-0.0348526550328817,-0.0409002403045341,0.14520249403312,-0.743095398409394,0.258179569823207,0.117869215996564,0.463809883924109,0.268275101127714,0.144689432596625
"CGaa",465,-0.231365490150441,0.0929942309193155,-0.236099368538436,0.742295940585225,-0.0460165148461043,0.189640498848019,-1.73206269776616,0.629706609215947,0.354058359131072,0.553456266458118,0.300186603872516,0.299669673299348
"CGaa",466,-0.282345906300717,-0.0311250139143125,0.298228617618618,0.137755013162731,-0.0991569786306982,0.158868499643188,-0.832590035104281,1.00783845390402,-0.563673093879947,0.0609730117839763,0.285140872502989,0.404670906317071
"CGaa",467,-0.570635616427587,0.215385021800832,-0.542720953739598,0.0930614391879146,0.183685491093212,0.154564058117325,-2.087286940345,0.918491189314164,0.72413313810292,0.979162683905094,-0.168225813337655,0.396581760852704
"CGaa",468,-0.0450176748109648,-0.166875134690497,0.198123699317701,0.987641376439692,0.437884435352928,-0.288034121988086,-1.45307665809612,0.79636918303763,0.513438743104956,0.308730623747101,-0.0906281339255346,0.622992256761736
"CGaa",469,-0.623355207469214,0.106073163673625,0.274820235427107,0.569297683483022,0.121851638117486,-0.0838805915703388,-1.11607897442462,0.907973750151034,-0.041731712247469,0.483854642348983,-0.203482683466202,0.466592719097056
"CGaa",470,-0.785521511015729,0.235393231136142,0.150551881061025,0.437651449616582,-0.0795950322704873,0.0528080005711329,-1.19160442262879,1.14679684637452,1.00848642483119,0.59654295663541,0.111059909396559,0.244893559186023
"CGaa",471,-0.238820806901115,-0.146323532296007,0.176644876472863,0.43810418241326,0.201124312496085,-0.0269497502889798,-1.98659156860899,1.10670696538044,0.241874690779137,0.944220149153466,0.363235876821457,0.197184945412373
"CGaa",472,-0.26147969686805,2.01045614197521e-16,0.047820527513597,0.293023551905626,0.154671807736995,-0.0550855102305023,-2.06315331011071,1.14736500718433,0.131653643030904,0.608344862963717,0.046447016602769,0.390613874731154
"CGaa",473,-0.357879077692985,0.0661355901393084,-0.347726573485117,0.107887874669613,0.391628509433012,-0.0235152813361765,-1.74054417376231,1.40060821012024,0.0134404178323875,0.760155850791309,0.345550789003245,0.0664599885713385
"CGaa",474,-0.341940693955333,0.039075655617523,-0.238164500426954,0.123654760273276,-0.00973926224360181,0.176176266389761,-0.772555987853169,0.795838390174894,-0.418147809737475,0.239244651461793,0.578589209682645,0.221899428452449
"CGaa",475,-0.441443729555455,0.15484959591443,-0.71930636255457,0.693743261996396,-0.185890207168857,0.444965680372235,-2.44128706091557,1.30923468780516,0.219912161824617,0.748735835894625,0.476518320255483,0.283398157592265
"CGaa",476,-0.0831879128202175,-0.0782717156916981,-0.602880577995974,0.486702937654736,0.466976638934858,-0.0164439472242376,-1.43569137756143,0.996653159920177,0.695238837209953,-0.0563140595366553,0.284443392742628,0.589038492932336
"CGaa",477,-0.370404629073248,-0.151887547723781,-0.690277316431905,-0.0543650329462235,-0.145330646801205,0.483373992210166,-1.11338463599172,0.336646955569315,0.137297009245755,0.208364146196855,-0.0402746524556518,0.581636478782732
"CGaa",478,-0.734958251740209,0.118362865725104,0.0991275575178352,0.101780003860271,0.0616464218091003,0.137680450789496,-1.17367108623028,1.02530478905704,-0.593625225958113,0.439066889749959,0.285544633638076,0.385997248656836
"CGaa",479,-0.480758592848935,0.145047956327625,-0.405514241886836,0.468208310086606,0.159351814403218,0.0979979081727709,-2.12848396998081,0.360352625234989,0.628781493827152,0.814448770724078,0.226382238717176,0.446076330412699
"CGaa",480,-0.172202249879151,-0.0533183437914628,-0.399404517229375,0.0153126805835589,0.192378946734671,0.212051827876582,-1.53568630061293,1.53026104555491,0.0206694817939096,0.408567501998237,0.154833306734827,0.374920576420932
"CGaa",481,-0.564764364357034,0.153814456986542,-0.0704709183336496,0.385968015274367,0.201438702029953,0.0424982454446129,0.186894622535287,0.174297801621334,0.271167234657318,0.462819503919954,-0.201602687785305,0.273933461843628
"CGaa",482,-0.276513717951648,0.0608685603993582,0.409020148550565,0.0263816309171134,0.00587520281116557,0.018783435587403,-2.08941222058451,0.546987264936294,0.995025079204916,0.222867334681391,0.368005711823922,0.704152381967466
"CGaa",483,-0.255875385010526,0.0259461659927073,0.0524708237939453,0.0742916097048057,0.039312954933648,0.0981266471462515,-2.90539645295702,1.12815249864656,1.94594087969673,0.890597891801873,0.31515902691357,0.215669563321601
"CGaa",484,-0.37344618210778,0.124569554451033,0.231256981593116,0.172187946265207,0.13939715402279,-0.0983044972544974,-2.51117129868419,0.477311424013586,0.696968522209726,0.665927101477952,0.216641539754565,0.613528150660096
"CGaa",485,-0.312205949547764,0.0598617233197515,-0.364092558445463,0.860820190083166,0.0272588754055751,0.138241790993844,-1.80124125708023,0.212235013278101,0.641316076342067,0.282271448355954,0.51263784850613,0.46924997494135
"CGaa",486,-0.837278698299111,0.304511815951096,-0.0645380143965129,0.803958310570682,0.0718029186002836,0.0196200691435698,-0.859155095497175,0.53008120644287,0.239996929861834,1.31142001637666,-0.388386587945704,-0.0124434266822042
"CGaa",487,-0.0282446256640386,0.0350471707073127,-0.254483441327985,0.495262811581292,0.0877635082440128,0.106421963686004,-1.72812451782354,-0.225631391868536,0.615554060552155,0.59945330562449,-0.143182928865183,0.746466807156366
"CGaa",488,-0.763288918632382,0.1989179478787,-0.344828033799102,0.331638462399938,0.216783970612798,0.0825996106027911,-1.4029189140201,0.506300181811061,1.08863671267181,0.09117686580829,-0.256677541466878,0.854455959596779
"CGaa",489,-0.0305086878399003,-0.0230504478083401,-0.290304029860125,0.785561961605882,0.303345437174856,-0.155631256721762,-1.09761953546025,0.00265647334781942,0.160886541716825,0.65742664238529,0.00868693637267716,0.392887527965946
"CGaa",490,-0.457092579847954,0.0767938918658816,-0.175547925440407,0.0785371437538352,0.142408691133931,0.118561469251386,-0.820909655573172,1.1016581933166,1.00435252320593,0.519619886005828,0.722030209930469,-0.0487014978132869
"CGaa",491,0.0335090753753097,-0.0514538561171012,0.251950568937762,0.0966830349439718,0.269582110667683,-0.0336159330037105,-1.33774013489765,1.23811553637929,1.50492802627376,0.103436279945035,-0.253074138787171,0.703438255829758
"CGaa",492,-0.40449522733954,-0.0350477828658939,0.0492838126743873,0.434835293661981,0.0839543156870004,0.014404554473034,-0.819097691739692,0.568626346450011,0.076488669095138,0.620613473743185,0.246751486448975,0.0911277718117667
"CGaa",493,-0.543171020532887,0.0851338343148679,-0.439796978903406,0.249482479730183,0.206094272205659,0.0828293689676627,-1.82923517158569,0.891763384212062,0.687180542922492,0.220783170469696,0.599624731296118,0.346660956552647
"CGaa",494,-0.452085903383319,0.136738042358746,-0.304705567398774,0.317146447252558,0.0507649771215773,0.0702968933105698,-2.11458394758842,1.21327110657387,-0.313400102275992,0.854065506450979,0.452564413124524,0.398829573249096
"CGaa",495,-0.667788410753354,0.121549099908006,-0.0667627989915495,-0.209119635592331,0.0371928870553353,0.172304738766805,-1.04661501950632,0.338197599098119,1.01887570042211,0.351488074683152,0.184408724690553,0.31081871256329
"CGaa",496,-0.127114139028428,-0.141797589744436,-0.251740032878677,0.860194454415616,0.479651137789768,-0.188129322131348,-2.4225199880639,0.526434977977558,0.567428613361704,0.632294194881148,-0.59645481009932,0.955212763644272
"CGaa",497,-0.430189981264787,0.0447524711482624,0.0974031062034914,0.709584266888476,-0.100528275060373,0.0844321915062084,-0.776960376786806,0.386898366063303,0.601352141451179,0.35544546225466,0.265113893326419,0.194476247903224
"CGaa",498,-0.0930262971180877,-0.0320970357684681,0.444357832899567,0.27493170216164,0.0576865958527772,-0.0738786325131924,-1.33819690418854,1.15723300250186,0.386701893755481,0.594399538255217,0.675160451500384,0.0343706536263234
"CGaa",499,-0.30869106672335,0.0767462520315261,-1.03655487044076,0.62146389825341,0.15097082110988,0.264543889995468,-1.67817380699557,0.749816896513492,0.149968571144241,0.421686435562298,0.18758026946812,0.565720148344792
"CGaa",500,-0.850781159952801,0.203566585516916,-0.317498747005679,0.200876917389247,-0.131167759119582,0.322951812556803,-0.511642777456897,-0.0342430163893989,0.554877758619988,0.0836833744391635,0.182831195406131,0.532142913031653
"CGbb",1,-0.279782754689231,0.312176858030296,0.312584450017182,0.120883783917858,0.509903631629373,-0.622792640154076,-1.65726287736725,0.644574769161462,0.571226743546969,0.824388060884564,0.69261688688544,-0.117064738110607
"CGbb",2,-0.538326964071873,0.0767174058893715,-0.222955717005236,0.188725000009994,0.111521121943659,0.416719688362522,-1.49956915428123,0.179320653140466,0.256096881413643,0.995866622328107,-0.170672392480634,0.37111811228797
"CGbb",3,-0.745775030655229,0.373681613406687,0.182739515900292,-0.34048281474095,-0.280517746688726,0.0934225382612617,-1.08837543703519,0.189265945107491,0.249501857069686,0.170647879294274,0.148141464708298,0.767089525849737
"CGbb",4,-0.642138018693601,-0.151071101063673,-0.239640966404184,0.549108243449302,-0.414229587305714,0.465956037279421,-1.86721139348324,1.0103388452487,0.612083770003909,0.23777682241934,0.118141798916764,1.12871993101845
"CGbb",5,-0.669502425670649,-0.147365909572283,-0.529447447021101,0.435237808043648,-0.192397768806963,0.645382830081091,-1.51465064069818,0.574279880786163,0.136300004579398,1.03981041124703,-0.393761749042989,0.641431487230448
"CGbb",6,-0.78181663561624,0.52716201583757,-0.566601133560258,0.479064458853479,-0.178321133179658,0.483890915830827,-1.20314140922427,0.844528337502771,0.627211044510268,1.12202362661991,-0.628932751331364,0.26511862702927
"CGbb",7,-0.438128431436345,0.164555671646881,0.0771925121345032,0.569232303503941,-0.54032282190595,0.571938785536028,-1.54240269891017,0.803366256500899,0.504679274272393,0.464278756495601,0.383527558565207,0.0736218366171189
"CGbb",8,-0.629162479705854,0.369697808130448,-0.21680147948977,0.241261628836107,0.042510514660139,0.0193983999331051,-1.53270297761318,0.825696669958883,0.884997541477884,0.0615917323794378,-0.0093515465379081,0.771270100239063
"CGbb",9,-0.453214952633121,0.326661990572048,-0.35307586016703,0.535405507977534,0.0065280926889027,-0.0410237031385876,-1.29288424029137,0.546004459148273,0.0503518176704665,0.0131182660676224,0.168324262873208,0.770209981682808
"CGbb",10,-0.402184723649878,0.201355574693841,0.169490809681401,-0.304087846800116,-0.00511960899932538,0.084869523057068,-1.54716730559426,0.47534534775107,0.322195542210577,0.628241037413788,0.471948409137695,0.185088555576818
"CGbb",11,-0.655853989096809,0.306682707238057,-0.0146782228562601,-0.197629797926036,0.0108712654325277,-0.13814626379369,-1.92607067052861,0.97777516382923,0.98406215270622,0.572250388886515,0.61753125467687,0.254611151559005
"CGbb",12,-0.549128898197212,-0.302893093844312,-0.124999278014453,0.066416832346652,-0.31462039899279,0.274261974178143,-1.47677957390655,0.688032974011342,0.466544860982705,0.998567153935322,0.36272504543911,-0.203362028947907
"CGbb",13,-0.617092753352536,0.651588777352254,-0.00663126388595059,0.570867983014371,-0.501672257495215,0.308400886574871,-1.66493403212513,0.928234443917104,0.15318434444178,0.627156849058131,0.0916506513444362,0.886642644436831
"CGbb",14,-0.408503540045527,-0.205659908773363,-0.354109516194621,0.138088838771019,0.216276337714822,-0.0605375060834021,-1.66387649521096,1.62465844619114,-0.0644215135793328,1.86974495212867,-0.266530661625995,-0.33304701554954
"CGbb",15,-0.501538981179074,0.407573285269345,0.403708183396439,0.0542981246005662,-0.0443691387702179,-0.0833491810545808,-0.797708196387913,0.483960703608804,0.180270288260346,0.653754356148734,-0.0759340450699267,-0.0136993983341815
"CGbb",16,-0.725693760663295,0.576904322747102,-0.652216548846897,0.791246133105675,0.969184295822127,0.0849272832266353,-1.22915286730326,0.481866647302589,0.562829365852968,0.614511404155054,0.738790520040873,0.136339671799745
"CGbb",17,-0.639403899737769,0.376552676674335,-0.225790982187934,0.812576761968975,-0.171184762276771,0.00191219574562266,-1.2598862124595,0.475429896814039,0.243772315110203,0.78825730932634,0.206673467748836,-0.139047910880614
"CGbb",18,-0.540663106943451,0.346394397788264,0.067838029660747,0.516808109643208,0.588865335985867,-0.897139056222713,-1.72635867759577,0.666904277753345,0.63967106990606,0.803803225746727,0.0339967584039707,0.444445561952471
"CGbb",19,-0.205887250243206,-0.799523360244936,-0.477576069219572,0.296419640387302,-0.234629517164463,0.798183214330644,-1.17070351209422,0.425359583803932,0.476880162796188,1.24055174285782,-0.373033694595588,0.217358099984622
"CGbb",20,-0.11061152086338,-0.452670228569737,0.00224918110533873,0.380953442320639,0.526915759484659,-0.898785314976956,-0.764940381828441,0.168105849077662,0.257490678634126,0.418899210656327,0.332983745370707,-0.120850982110358
"CGbb",21,-0.445535769818787,0.139822050423517,-0.132404171890503,0.25571855857777,0.00217170699698025,0.17235916081718,-1.34547598278979,0.976858593987026,0.00408542661595149,0.431805110532729,0.632085526805015,-0.142549760082358
"CGbb",22,-0.380910230381216,-0.0595459060024003,-0.285598456998108,0.660829813509586,0.0175126198849609,-0.0569886529212061,-1.23343151724527,0.917678266634648,-0.0591183699390471,0.650163693615255,-0.0211888540595818,0.364843237546177
"CGbb",23,-0.442782711880035,0.247600710856385,0.00938057241138858,0.453609941918514,0.000465282696901888,-0.1997447192445,-1.78117935478407,0.987887820290821,0.861933649197252,0.650799454568309,-0.539195706394877,0.634648237318585
"CGbb",24,-0.311181329052302,-0.0267040216679454,-0.472298058982415,0.730770208700338,0.19689778583926,0.329811356474772,-1.86480562260776,0.888461913347351,0.424578278272025,0.305771661548181,0.59536422230437,0.457348431581526
"CGbb",25,-0.794581918009432,0.660152026533094,-0.192071717662845,0.215336064181527,0.116855984696503,0.110112520863236,-0.981134113584425,0.336110454848956,-0.285206158029908,0.727944454538249,0.581551307829233,-0.0115635233867798
"CGbb",26,-0.604276174616763,0.45372987638096,0.486910726943206,-0.0333051538789806,0.0712249144383821,-0.136076411085968,-1.95077214173696,1.09295025121646,0.42503697438956,0.334223822704663,0.597202643628732,0.496429099065419
"CGbb",27,-0.581260301140763,0.0152812431828433,-0.258631201381565,-0.166179660996985,0.227123053712108,0.192223354231534,-1.64543830307794,1.06474137276504,0.29941398933042,1.38474887728626,0.323663381640814,-0.600560857833051
"CGbb",28,-0.404550385891964,0.0590429290449778,-0.347885136593765,0.506802099495521,-0.438076291436429,0.456142580164821,-1.07981265859146,1.18728808868344,-0.179052793100416,1.32450164849406,0.353057259969368,-0.417552423484635
"CGbb",29,-0.384785401355464,0.000281164926218776,-0.179611768196327,0.302078757914217,0.161393505614436,0.0698556515071593,-1.183833721672,0.67211011046922,-0.266670992593306,0.770458368363816,-0.321795392818968,0.498169399445887
"CGbb",30,-0.416547329111617,-0.180367969889349,-0.219011956532333,0.299510245372138,0.0101308952522189,-0.169363177917725,-1.31773650192284,0.524358561899501,0.263354435347459,0.721316770773629,0.59683227503242,-0.0517812497108574
"CGbb",31,-0.591134030637676,0.0530597593923551,-0.16084739864354,0.599858875158618,-0.140226965279523,0.135042495448664,-1.53775168152498,1.11039360117769,0.245036432950496,1.40532456427893,-0.722418331006898,-0.365604057804404
"CGbb",32,-0.280824804903736,-0.421408389937026,-0.131354223882262,0.0140949538514982,0.176120299755058,0.0851447655450542,-1.44557489462989,0.964314859946331,-0.18251754243826,0.232420407163085,0.220469301604687,0.430219281505364
"CGbb",33,-0.298595908647975,-0.283787508395375,-0.559218436377536,0.719514572037151,-0.136733014064782,0.0893334901680446,-1.87944782268105,0.720977474230531,0.541854998569733,1.04575109419822,0.177381796929205,0.367241224605106
"CGbb",34,-0.727340695307717,0.181259960454647,-0.100368731649014,0.473356118865007,0.0781252622674864,0.0272912019449125,-1.44625781880941,1.0465219139233,0.304281207952078,0.983261550769335,-0.104261829854236,-0.230531396938716
"CGbb",35,-0.209212527544067,-0.396096563021021,-0.12310167569885,0.596071029718428,-0.0284858917741449,0.0651954513007588,-1.54162015955527,0.832129637091423,0.0136372971380555,0.614046641586269,0.535377107277011,0.422310485898521
"CGbb",36,-0.559252774272965,0.382198810570847,-0.311878692701804,0.672252477334379,-0.598892372209336,0.434288966243202,-1.55813741550675,0.901653494959482,1.21218232869566,0.446438130837365,0.168244419598276,-0.0649274100818487
"CGbb",37,-0.476664859709184,0.260485364453939,-0.444649597383355,0.448874614327205,-0.123812562123865,0.404606695525109,-1.35727403408756,1.01354436595823,0.117965688494764,0.504246179749005,0.427348061496519,-0.0721504950645258
"CGbb",38,-0.831542061270253,0.257108202029646,-0.0774790920183576,0.176032874200072,-0.214728767780125,0.0927813753765375,-1.67018224626207,1.15542543970869,-0.137932505933266,0.157619601401675,0.831750917357786,0.756709455039846
"CGbb",39,-0.460456564933608,0.243560261588297,-0.376657534909359,0.411454569378872,0.557385796556519,-0.350661646089774,-2.12336846147938,1.26553462735145,0.985090029032443,0.617658583971725,-0.169669453198826,0.773210314261563
"CGbb",40,-0.363025413767092,-0.0605434480156964,-0.18347623803396,0.0778387329019754,1.12367354778448,-0.240356958049341,-1.2433213172883,0.765680499492941,0.0657563433749307,0.901845092139495,-0.104625939404819,0.309796821313195
"CGbb",41,-0.454102056342215,-0.597505271690014,-0.126494494279883,0.119747801449528,0.159834758114645,-0.0551054116840279,-1.64840284451776,0.901403530295475,0.975052004424907,0.0262259322739169,0.30765526929146,0.498977037115687
"CGbb",42,-0.672589318543536,0.281502992632642,-0.0513159539526278,0.276842731151443,-0.207282592711911,-0.0828314509521642,-1.53293438357703,0.706369270411303,-0.0958120334417633,0.404594907358827,0.733416477911879,0.460741681937789
"CGbb",43,-0.351256020835988,-0.236270089455705,-0.343574274495097,0.555831223475456,0.725340856015219,-0.397661848703759,-0.710477269991488,0.778880696047839,0.148407605591466,0.843293996617258,-0.00176522930250564,-0.398164907293898
"CGbb",44,-0.584016984751741,-0.127660242376105,-0.0567980089648516,0.448572049572311,0.366503479115359,-0.164941501183278,-1.14722893384468,0.795485399569929,0.0671653165049028,0.117538613050582,0.82846985171656,0.321350384443422
"CGbb",45,-0.747274087979878,0.618639287694888,-0.201172907830214,0.146157521754687,0.345911229951875,-0.142531889978254,-1.11281797746871,0.640190623745729,0.196056222781824,0.551991281303711,0.22914819866657,-0.144710949271827
"CGbb",46,-0.661385177646642,-0.00588044456744183,-0.165656061665632,0.0816331159992718,-0.451960611300134,0.430430603502745,-1.12443472293494,0.819268552635411,-0.424907973135087,-0.106943888780463,0.615158408427267,0.595636170873567
"CGbb",47,-0.184708994777737,-0.21167286985518,-0.151348170324548,0.285807721432466,0.0842793018518719,-0.236809151639848,-1.020661838286,0.856879798229396,-0.134493173883052,0.14579055637107,0.0682203234209298,0.288897989035824
"CGbb",48,-0.529145066900511,0.556416443209285,-0.0298145880265021,0.400254022466382,-0.0382734387823032,-0.0869252174926141,-1.70048765668524,0.953979726148037,-0.523299691463271,0.812185556561108,1.01184902628988,0.396521516843315
"CGbb",49,-0.699163145059963,0.0982251019696456,-0.270024798496714,0.288586961874198,0.139209737537667,-0.143913681349737,-1.42711913425051,0.870894674529421,0.141902255250481,0.697715230931841,0.0700618667139939,0.200808354419332
"CGbb",50,-0.753771802375929,4.23405220153258e-16,0.100318721633498,0.036857110506831,-0.0361723893946855,-0.175085651573806,-1.70112093205115,0.976977678270326,0.236349279358166,0.469034613936836,0.589989719674819,0.178283018805956
"CGbb",51,-0.338372831563666,0.211863372175328,-0.254039181197302,0.264816421995391,0.446463853409115,0.0782743149390847,-1.40001595042515,0.561367499070437,0.492028789143633,0.54204221962752,0.183218755148066,0.569830974408173
"CGbb",52,-0.399632980056669,-0.494318063418424,-0.0144212724621572,0.14707923893893,-0.245365636693317,0.269342750550324,-1.5966058709068,0.95207918623791,0.102454140078834,0.542468534094554,0.341288729897914,0.242157372200195
"CGbb",53,-0.487210500014756,-0.00632342620088073,-0.225406729741641,0.252536481027374,0.277516387233874,0.0566190278377219,-1.47820534972403,1.45749906092068,-0.255948004649215,0.673518157407153,0.506222698964081,-0.333581275694319
"CGbb",54,-0.0297099293100713,-0.280337884386113,-0.423716968869606,0.744121574253634,0.267878463691546,-0.433840489368943,-1.24249236522184,0.375695586440155,0.0431139648127402,0.118265984641098,1.28147208418509,-0.0636460311673272
"CGbb",55,-0.728891710614995,0.346430733279126,-0.2845253384045,0.559819385721992,-0.143291236991194,0.394787621179001,-1.76315390773211,0.856233615574932,0.47877299116,0.586991525171213,0.139727937690403,0.324162993818423
"CGbb",56,-0.994106390620983,0.46532765797103,-0.229391288628487,0.866006471282787,-0.510608831683935,0.130731233438644,-1.49153650758064,0.677967007180194,0.620577171980769,0.76486260053282,0.324036728232129,0.345130986648639
"CGbb",57,-0.570887619101062,0.227277379246449,-0.263858258502583,0.2448941616944,-0.192260488495179,0.192330404139206,-1.38481638536275,1.04182212264683,0.0452690452787871,0.537606123787327,0.311220771546883,0.0612931118268225
"CGbb",58,-0.379476902356414,0.294724325099686,-0.121896303277816,0.0207617899717186,-0.137563526530902,0.0842866228597223,-0.600985902387258,0.782151539568964,-0.237327380294146,0.521489541861655,0.0150007331114138,-0.0273262055305639
"CGbb",59,-0.306294947723346,0.0090149970504784,-0.11237966799932,0.181702780574943,-0.218894346552246,0.278398607821008,-1.43377145313343,0.751053937786449,0.538959961564352,0.805257271827277,0.253827103915976,0.489795517740445
"CGbb",60,-0.394739513745901,0.171615197380076,-0.25269507441482,0.551840686750122,-0.287166401980072,-0.0646311346003371,-1.66494028593941,0.883868337754027,0.288439029372218,0.854101999377676,0.159657410686116,0.175239847089096
"CGbb",61,-0.474823403326124,0.0178678949677887,-0.175176828185459,0.904430673594436,-0.342954315976473,0.276143131825974,-1.02306588221931,0.365322665631845,0.0342563180549228,0.693091102462321,-0.365020491254022,0.665586429783959
"CGbb",62,-0.662580211790232,-0.0821919733963489,-0.00424376052172962,-0.124790098319306,0.244082630584409,0.390702063316758,-2.07851783137182,1.6329587890373,0.536988768248066,0.247240211091974,0.352041755109874,0.640926949293602
"CGbb",63,-0.531747996518965,0.278388274449514,-0.0531254497170731,0.326296534535761,-0.242714348688775,0.328135455321661,-1.83911413733207,0.739752940738232,0.494045601620845,0.95581822465919,-0.0422386575779767,0.408477546305272
"CGbb",64,-0.466010238316751,-0.0719527811134269,-0.462845619267661,0.434133626233058,0.0637886009200334,0.460193452791996,-1.48614612839927,0.679603504114375,0.602693719921607,0.763361682232244,0.833415088086348,-0.52848592893703
"CGbb",65,-0.90744711558404,0.573428039354579,0.0484479652030142,-0.0201842736213977,-0.0638491770956125,-0.180478741713451,-1.45813972346538,0.829076367089523,0.0360023977865095,0.468064539712348,0.177044138768801,0.38706746147864
"CGbb",66,-0.76703629706375,-0.56757362152614,0.0544495652999748,-0.286559205565454,-0.167835638562118,0.273643773959564,-1.42966223548055,1.09292869631422,0.285760630688198,0.65376454397354,0.0039321370861014,0.13852241974681
"CGbb",67,-0.578682665300401,0.290450588008139,-0.694254604502583,0.69585123448464,-0.11936447231584,0.662239617618796,-1.25383430420474,0.772820935314223,0.339767743149702,0.748931245458288,-0.567387759857312,0.414391448600924
"CGbb",68,-0.572211371726793,0.231122153312814,-0.198493655130498,0.327301248331183,-0.0638619538268047,0.323348693874739,-1.01366694360576,0.714990753404127,0.443070666914236,0.146772142761251,0.137648914308697,0.301575643878144
"CGbb",69,-0.648598996446328,0.391399184164352,-0.325715833620615,-0.0291190610500042,0.122101898050406,-0.111311329842144,-1.48550719227445,0.717694209070682,-0.00594276801013086,0.590346359145801,0.421112996391342,0.354397983380478
"CGbb",70,-0.433177854461116,-0.106611844683276,-0.505735149122489,0.548947342844427,-0.434790876959616,0.611220496875344,-1.08831554163148,0.588403440538168,0.154706271315276,0.665614307505852,0.153182001550372,0.0575809085679346
"CGbb",71,-0.576325171455837,0.491536624712994,-0.581057684286922,0.399677664136704,-0.283899644267894,0.778629492720518,-1.17208146973924,0.585515536650519,0.201166979275103,0.574157972326323,0.257224941189126,-0.0820191390270886
"CGbb",72,-0.419150696948486,-0.298033510038199,-0.620966119114186,1.12562467677478,-0.205399586323302,0.334940834216225,-1.34514550755451,0.528999709020531,0.796948939581668,0.562821444540657,-0.0371074974308071,0.226740755103569
"CGbb",73,-0.804812486466953,0.0834826154419543,-0.153345216156297,0.160548184726167,-0.0123837880574355,0.172191215269816,-1.19738000951667,0.536356977260661,0.0662234133977534,0.847827845178027,-0.471909458941361,0.412547862072085
"CGbb",74,-0.526131162129674,0.0390497348412443,0.166721377130589,0.283343538795785,0.676642516895225,-0.523826759703872,-1.9292473456096,1.06190127689229,1.03657581898928,1.37531782244364,1.05464407991458,-0.914414623057549
"CGbb",75,-0.571470018138432,0.617610508101549,-0.357950432387421,0.135362495149935,0.284780285627993,0.149768721464696,-1.43561294438602,0.703082557767623,0.177950828895971,0.860512210374492,0.405484749351909,0.133811890650816
"CGbb",76,-0.265163852707792,-0.0413300874615648,-0.534844077034717,0.51102219318526,0.426331518276948,0.00146151899493238,-1.80337704091424,1.19849189509425,0.211617844582231,0.756219034888646,0.496174043712326,0.180434992833322
"CGbb",77,-0.37691523289755,-0.022213345388307,-0.411230212049774,0.23653186568174,0.174479776293753,0.197537383847024,-1.08304588445405,0.780215346343422,0.0588072280308957,0.322094642376029,0.0820832645011886,0.566532085173015
"CGbb",78,-0.382019593376508,0.0473241397110198,-0.408449903383955,0.382731240110122,0.134311538509863,0.24481403371267,-1.42310852723343,0.527528784611185,0.410605960298892,-0.000556215415722056,0.355793800837315,0.591429387609982
"CGbb",79,-0.472269463466754,0.0115964454485094,0.0707053822052306,0.205151447756278,-0.00911734866010394,-0.0854691935773199,-1.48808519835054,0.299544224989565,0.672211287532324,0.980697972592026,0.126917001937098,0.250683574702518
"CGbb",80,-0.616927210329741,-0.080206259073839,0.0571411746080116,-0.249761847324739,-0.159040857029612,0.0854688156942416,-1.40940563605538,0.458474557409101,0.40902932882228,0.699281523063846,0.330392842868069,0.0695032412361163
"CGbb",81,-0.384628999719791,0.175113878298576,-0.389307699189889,0.792314845119933,0.0115858367948998,0.319557248787668,-1.46268465631073,0.699319243547393,0.889220472128495,0.684844417129938,0.2786593453725,-0.153596403592706
"CGbb",82,-0.327603288921329,0.065464785197419,-0.302350072918708,0.133082259296536,0.140412722376472,0.186488453440713,-1.65530802172809,0.727753541469278,-0.335904848752816,0.851566212622553,0.408853606253761,0.644182609287071
"CGbb",83,-0.734688859443143,0.321138383061128,0.0224943778231544,-0.297022163272073,-0.242968558006103,-0.640906855798492,-1.17338982239947,0.614242653534906,0.259308503640256,0.362724494077904,0.0585661462455536,0.419107083713169
"CGbb",84,-0.681096384940762,0.291915957646682,-0.0458831594581121,-0.0048328032910499,-0.140934485715815,0.323939414808899,-1.74756486621496,1.13515273999177,0.350066255489739,1.60825564359866,0.280654494962579,-0.384798509077928
"CGbb",85,-0.648579547854898,0.557721672153762,0.309934981863387,0.450255281691476,0.254827516241693,-0.605911947192013,-1.42558935795831,1.12795249877744,0.364572987557112,0.825720075614077,0.4083015740872,-0.256980375667946
"CGbb",86,-0.500132746758358,0.0314693777533947,-0.397606175207633,0.48275820802852,0.312711518914517,-0.0694109704894291,-1.81868467705511,1.124263828818,0.703870012152064,1.164838228001,0.917543092923079,-0.227211901153815
"CGbb",87,-0.348545420202677,0.0589469052845207,-0.375255653319079,0.352355701836718,0.322691394957083,0.196660716979658,-1.36443534189417,0.397890290608289,0.82469733127194,0.714297457408893,0.359369846382851,0.233294799564365
"CGbb",88,-0.511395815713788,-0.130880419635279,-0.546384528845272,0.603286066862655,0.779275193922989,0.156345911698419,-1.25216688851164,0.43885648946767,0.42411155738548,0.698759393719123,-0.0320119338373548,0.270618821507834
"CGbb",89,-0.480110799527744,0.0307334923316409,-0.233056284707073,0.361134547745129,-0.0358176872940221,0.317367911850415,-1.11313117168479,0.238600745272678,0.837073752505996,1.10119196074434,-0.108786765674314,0.0742453278386977
"CGbb",90,-0.407964993614069,0.0571958678287562,-0.320341712162637,0.384675479571393,0.181624660507854,0.0617466913109495,-1.27995766140566,0.655224924877063,0.204109578350392,0.510538444548254,0.449224048343257,0.372469735112968
"CGbb",91,-0.236546866566743,-0.058259232206852,-0.222293520616584,0.00708571089078568,-0.0730303398037824,0.425718518814247,-2.15774559423484,1.28063094319125,1.07726560676745,0.321046345302344,-0.586971335299983,1.13373511514721
"CGbb",92,-0.398858239107597,-0.219576595943482,0.11859104059107,0.112689826557013,0.21305604294445,0.291972048369559,-1.58604723158212,0.500035724402771,0.541853773199014,0.38213612703935,0.537086803223339,0.363839266118861
"CGbb",93,-0.617616638549423,0.26956050885303,-0.172904879488376,0.761395422705027,0.586296929766183,-0.0121291932923601,-1.56802617326945,0.967669799642646,0.122343019596009,1.03310670114999,0.228542048249054,0.136956639778458
"CGbb",94,-0.485277429916174,0.451152666118028,0.198030362103055,-0.174586984581992,0.18796282379686,0.164923611824145,-1.47728625338564,0.832998312528816,0.173271314841857,0.516520214584173,0.617352338865655,-0.210200396122962
"CGbb",95,-0.288335359659321,-0.354921527034056,-0.217377965367207,0.21556726060979,0.180381583535,0.11208690907947,-1.52932909688437,0.39558785283326,0.511384918088114,-0.111816728300464,0.72727789746954,0.794840664365922
"CGbb",96,-0.569304216221037,0.343816494306228,0.0491220204009196,0.393409729338786,-0.0645740347034507,0.00418511207838126,-1.65573640413154,0.829831253226117,0.222176349869857,0.883367669291791,0.681923870435212,0.205971081599365
"CGbb",97,-0.822132841883056,0.577085100200793,-0.0315737143849551,0.0868223574486694,-0.146557268980749,0.19460607962811,-1.29509288758166,0.879783688946416,0.216947051000874,0.462314869074659,0.299882729269134,0.431640450521321
"CGbb",98,-0.614818384953209,0.291633726372121,-0.365946420139302,0.479999290301979,0.367997015739575,-0.0440486364896435,-1.47341270615218,0.0923791383246428,0.680457386744521,1.07567696073063,-0.194499700438424,0.735109294348118
"CGbb",99,-0.499165504517253,0.353168051655431,-0.111674406078245,0.258765430071177,-0.691499606040659,0.523496419776155,-1.18590424992663,0.590962078755173,-0.39650976251391,0.413272721364428,0.608271642093401,0.559406246201558
"CGbb",100,-0.422027903894139,-0.578127563790483,-0.305949664305399,0.0231729540119142,0.504622528800091,0.14367179067601,-1.17921349248384,0.730633348394728,-0.144201285434559,1.10499118913828,0.427896192846436,-0.608218150103732
"CGbb",101,-0.407696866817877,-0.0513509256673455,-0.23208691218993,0.370552127928494,0.203607378910201,-0.183299201292727,-1.36763125919568,0.714169662970921,0.0837891827321589,0.848369542088522,0.138748711287056,0.32478705454529
"CGbb",102,-0.492519080486536,-0.239142362847594,-0.141104209390301,0.119813897755314,0.338797014814365,-0.263460916120998,-1.41854399899452,0.765763772297214,0.143446991577541,0.391636724071444,0.00613971626920273,1.0441908474459
"CGbb",103,-0.399078105448043,-0.295121935185233,-0.329960189898024,0.177458862579766,-0.202502795073827,0.769316636481701,-1.68307615807975,0.992227822271653,0.116696633252222,-0.0659312334297736,0.493728510509642,1.16253206620019
"CGbb",104,-0.683531613209374,0.497508106542195,-0.310487998713649,0.771659202325807,-0.578894016994202,0.452267294387385,-1.07725041829845,0.402703775313217,0.250473321429162,0.835123035610498,-0.0470524454410567,0.279810489931611
"CGbb",105,-0.357951499403843,0.203192569650507,-0.134765360352108,0.433156474792312,0.222762209803842,-0.190632613809584,-1.19433481169686,0.859670874480607,0.644534897286607,0.133420705138055,-0.118437354684251,0.391749718853545
"CGbb",106,-0.531144416332333,0.18918677759361,-0.00109380842182195,0.339994379798869,0.0792873131956431,-0.210682558851439,-1.06493090716682,0.125107978843417,-0.00626486406365575,0.746915061162209,0.0589090855454139,0.454024815145192
"CGbb",107,-0.39390531849602,0.161720563218374,-0.513369677183244,0.809098828878666,0.871238960576225,-0.373416957206158,-1.46201525301962,0.74203829568944,0.212633239612859,0.60127909512034,-0.165159069470553,0.659858225922625
"CGbb",108,-0.618207053449081,0.289502365273792,-0.22883134805064,0.314465259013148,0.226498351050269,0.203878757567602,-1.31312692875574,1.19935087741686,-0.292454385343694,0.746292377284324,0.078547783264225,0.304498523259531
"CGbb",109,-0.636136372036506,0.0471555212131588,0.0790060118838103,0.362707356251739,0.214228847268629,-0.195232398911203,-1.4994535249711,1.20030816227958,0.687772415895832,0.547352190479929,-0.255865042613372,0.242122856782648
"CGbb",110,-0.85968064638799,1.00171705800065,-0.280259688247894,0.739145060317006,0.0198485554573624,0.199450009748999,-1.72759406055484,0.905985816109982,0.81765874441458,0.255218694158081,0.425614536134333,0.439780843593672
"CGbb",111,-0.303979234757967,-0.059013764675557,-0.400623913678977,0.385448753001799,0.0491373517298973,0.463492544288697,-1.27885077447209,0.719196751599345,0.0356192729373953,1.24081794356942,0.363178093639392,-0.480563255425179
"CGbb",112,-0.302361079646279,-0.265081775886914,-0.0588376936855715,0.293171096401079,-0.182372935047288,0.220218128477532,-1.29697612657661,1.03542709264607,-0.342309116093499,0.179989271371536,0.41952412337799,0.495782142523253
"CGbb",113,-0.558530340948906,0.445106974691524,-0.0279535179173157,-0.343850005725969,0.0154745059874391,0.0900963673767207,-1.1720085510483,0.603390583418012,-0.0386273996915548,0.236797021977233,0.926401655183125,-0.194802889315062
"CGbb",114,-0.433054310991205,-0.178019956884453,-0.540145025129075,0.136944507136597,-0.257776227268199,0.948952364837711,-1.4396869461053,0.880390117460672,-0.0171095400787565,0.277474991744826,0.782221225613827,0.354191927455839
"CGbb",115,-0.507694243395055,0.106478933616157,-0.140823960868999,0.190551892356194,0.0500909004008437,0.0182208834350053,-1.5185039814547,0.814537343398887,0.463307340433982,0.0677603381322103,-0.107377772255307,1.08601398335289
"CGbb",116,-0.26205476597321,0.0555462297505407,-0.856780270316613,0.659871399461718,1.20154863741425,-0.350347692951184,-0.933954021963118,0.362051351634639,0.0395731999600061,1.27388378438271,-0.0511398846732125,0.303517344084381
"CGbb",117,-0.347132820942807,-0.144606970277571,0.173288733337039,0.122324713587095,0.443425111753898,-0.680432791582508,-2.30880093577649,1.32410506778767,0.45044549647048,0.852398175359134,0.294689650283078,0.10786896147557
"CGbb",118,-0.43165550888522,0.453688356168964,-0.0137475806568945,0.432474881803233,-0.137074417999816,0.238234195884853,-2.00714180624297,1.50283714741169,0.479451691897108,0.920756784412969,0.0833005655877005,0.486526816025473
"CGbb",119,-0.352048732690921,-0.594604508010568,-0.148515679116443,-0.00181020202191133,0.349508831355427,-0.0637254369010042,-1.7698385102026,0.973823580788504,0.660520968795933,0.4922436021745,0.209212158601284,0.75828537428602
"CGbb",120,-0.149344613694555,-0.578656469572064,-0.242703448976751,0.70901998347395,0.407284790889589,-0.426422360489692,-1.37947403696852,1.00350795075103,-0.0988778706697884,0.663068362610781,0.367418777554004,-0.0249002812285405
"CGbb",121,-0.495850542384855,-0.207321680902294,-0.0801005503328035,0.478129496425957,-0.332337814581875,0.133275839537591,-0.848976203048506,0.285672802728205,0.242607504974364,0.304990610166125,0.335342815632317,0.126120808028523
"CGbb",122,-0.503767261555547,0.38181955006113,0.0392416675391652,0.463196083038124,0.331385404961566,-0.301899030801495,-0.883757234891346,0.128092257545044,-0.189803525942407,0.5855928052788,-0.0882037887534717,0.718810447424155
"CGbb",123,-0.61952667176301,0.300607531888134,-0.563058571593074,0.821755577640374,0.158145065605665,0.559538246088195,-1.09873666717119,-0.0744496744800022,0.251841675427819,0.501362291607347,-0.22397735347994,0.89981045688012
"CGbb",124,-0.719455970898731,0.388999035183452,-0.367147691289579,0.458273268463749,-0.160575651644447,0.0860653386235815,-1.32394689761168,0.347540693572333,0.801670298574388,0.654088134340849,-0.129246671966691,0.454504050676063
"CGbb",125,-0.214657406158523,-0.455088008528073,-0.457714379625966,0.326158459121968,0.427475559413659,-0.13662168347531,-1.56675277268176,0.876387506606451,0.539216026654525,0.727103025219802,0.431294932282241,-0.12399416560894
"CGbb",126,-0.640288398612912,0.197965038722435,-0.453184582198148,0.478110016514521,0.155251285113735,0.186157978947899,-1.24020272352303,0.290417668582755,0.137981015570754,0.697536249975109,-0.239612256338809,0.553027041708612
"CGbb",127,-0.211476793248181,-0.0230000768813619,0.136502158327712,0.0579008497135721,-0.242180322424797,0.0380553096463792,-1.06948176363394,0.567543416410449,0.0270925002120442,0.314571653082227,0.310449074305038,0.648360090569414
"CGbb",128,-0.537857999889095,0.166409783784731,-0.359742444800104,0.0844202707993684,0.3305113751233,0.15576014309634,-1.33089514942917,0.580523473158576,0.252050467080682,0.940316498876941,0.165844518677825,0.0409192523689332
"CGbb",129,-0.674453076710716,-0.434731928328135,-0.0540513325268307,0.584388507950879,0.242395084716868,-0.355893926830743,-1.21484559774326,0.7749796177376,0.680463497180904,0.728611397975098,0.164604123100502,-0.109955034764613
"CGbb",130,-0.549434457031356,0.0433595706447349,-0.0742869042867191,0.416822951748027,-0.142103811636293,0.0810469339226959,-1.31811893490608,1.19620382891713,0.173133518225878,0.573959175705796,0.221961744175264,0.198072053309875
"CGbb",131,-0.433691713712449,0.124376276924969,-0.0281921775731798,0.348908864581702,-0.458562978390601,0.23899373628205,-1.25121150688396,0.917962377196159,-0.00465891206329728,-0.124822677729192,0.0828890676587799,0.791662065597652
"CGbb",132,-0.532423875343974,0.124259423562796,-0.0883554215652827,-0.24021955953935,0.0293228648656655,0.413292236000195,-1.55842804126264,0.887562533455984,0.825591386682065,0.903447627431001,-0.082985559820042,0.408015402349351
"CGbb",133,-0.211297898371201,-1.098910110856,-0.199618106481728,0.429820083282729,-0.229871281872039,-0.0621798550134077,-1.86908429247103,0.820004532954699,0.477578077027407,0.527626729035304,0.680805996396472,0.564174107903173
"CGbb",134,-0.497704459318088,0.0776554140697962,0.187441916329766,-0.469781214314903,0.111529062287504,0.102893157592807,-1.63740550102118,0.851472418869882,0.352120036366356,0.104041019126252,0.463244797056031,0.36253965781476
"CGbb",135,-0.503933060744935,-0.581003853365965,-0.0236369939868397,0.237433105620175,0.0101554861987189,-0.0880250819866358,-1.80647480867926,1.07930631022919,0.26268709465761,0.770482763677578,0.573376014283233,0.335046121130129
"CGbb",136,-0.651852090166744,-0.0981656569806472,-0.109736440183449,0.453471905809395,0.233294843914481,-0.0438366970037143,-1.52334020281886,1.02069409683152,0.59698241947477,-0.0658469481306361,0.467732083742856,0.931162122141974
"CGbb",137,-0.729830196498305,0.144104403076984,-0.12109383990387,0.499682741786266,0.100198952903904,0.088631786451764,-0.921624865781642,0.804020352137919,-0.0608851205895691,0.460789730808251,0.364650335582125,-0.0441527930405566
"CGbb",138,-0.568340221761326,0.262840142733424,-0.482476096907159,0.870099459474472,0.0579277002190736,0.177317687510022,-1.38764845387325,0.291502886919789,0.524602312027544,1.19411669668009,0.371448885172411,0.134043861479008
"CGbb",139,-0.338478233373602,0.310562834512246,-0.555417299533645,0.391745002723719,-0.0280240867345435,0.532577277764731,-1.83576056311299,0.384277452539006,0.693309702893975,1.10264246317809,0.475940127447316,-0.206215666290485
"CGbb",140,-0.311718096770463,-0.371209590453795,-0.256610047298047,0.0971401602428765,0.0561440825474329,0.165758697556879,-1.42793279225931,0.666162613368095,0.504922718217728,0.500044388936892,0.716425004874417,0.191302086400576
"CGbb",141,-0.545592666392412,0.191777797857784,-0.336895857357261,0.520940217636392,0.570945366220079,-0.0364172214798368,-1.4034965096216,0.614922517975061,0.352909211383864,0.896198586831276,0.639979408104324,-0.267914261503531
"CGbb",142,-0.606702284417296,0.29984399824497,0.00461079804304215,-0.27930567970527,0.212111822342534,-0.172382016728667,-1.33093133038352,0.518378859692276,0.601198817680837,0.266721624255759,0.169890754046663,0.648903717400132
"CGbb",143,-0.516190093747013,0.0745199771999223,0.0346613333683096,0.398610156386014,0.485778142449303,-0.00740713962047795,-2.27553755864194,1.48748403733895,1.30582774648747,0.823685302349735,0.0907924031428866,-0.0215291824874754
"CGbb",144,-0.451913627139272,0.0612413227813812,-0.423503112568179,0.523461011739539,0.108924443788959,0.466357398850003,-2.02845172456654,1.58659170183985,0.460158616588095,0.358835762873544,0.233121133887725,0.261925352594423
"CGbb",145,0.0668924312626392,-0.672715063977412,-0.60400271852525,0.839013488539229,0.632139238369464,-0.225081443366042,-1.24368155323754,0.276369052999456,0.283382034768159,0.503797577303967,0.414615995284917,0.126090192819806
"CGbb",146,-0.501783029013757,0.203321413718529,-0.173780849930291,0.00540462323067915,-0.00292895817034537,-0.0194536780161873,-1.3026794318494,0.833137986609623,-0.225167631204327,0.584664781392889,0.425098764809295,0.14871293159592
"CGbb",147,-0.843387014854639,0.662110286032401,-0.0642393485702563,0.681554911201258,0.2006992906048,-0.218238180034662,-1.54744528650861,1.08211820589634,0.18611306110178,0.0936972372171505,0.205189411552288,0.523194779061127
"CGbb",148,-0.609583573305571,0.336845996524158,0.2544019033849,0.348464347309973,-0.152387896423626,-0.239728459005778,-0.96458185130435,0.28857921224572,0.294555822207363,0.74989639583973,-0.267243677744214,0.551390009036678
"CGbb",149,-0.544205292528188,-0.318661228662866,0.0963119219912498,0.289212913532135,0.358768691992842,-0.288160769592482,-1.44726022988243,1.05282704648452,0.156875391513592,0.0369486585768637,0.435800127959304,0.395395098892735
"CGbb",150,-0.57348957109009,0.292357063515492,-0.281196774781231,-0.151003315794197,0.0136000182277042,0.404695789669289,-1.03066816558522,0.530880395270131,-0.173504073455297,0.364525899853284,0.461552456491709,0.440663366337967
"CGbb",151,-0.62650537407173,0.0240085748870547,0.298871913671595,-0.0867316473086929,0.0509561237808152,-0.556031667835634,-1.55281731339743,1.00017708606319,0.550317852151305,0.463041398609284,0.126230495963649,0.459660768341808
"CGbb",152,-0.375353615262838,-0.3325851870321,-0.348046535391606,0.0460283946576245,-0.0823698087879725,0.673955776116574,-1.02839362978272,0.555991841299929,-0.175377587235706,0.408525704225031,0.421935522312733,0.441805339641781
"CGbb",153,-0.521838841795739,0.130037930621726,-0.4579083156188,0.635233239004807,-0.203135690422536,0.302308604147192,-1.37816001544521,0.9171666130483,-0.286214821039615,0.54081180676205,0.0111900034947232,0.384107027824771
"CGbb",154,-0.642653289161255,0.131732340570132,-0.0892031357829545,0.250285340168,0.233941587339517,-0.207047541015486,-1.79298799009383,0.947900491547745,0.493835854828282,0.222780451662475,0.510550555506397,0.83764288516178
"CGbb",155,-0.654752254251896,0.300989562067245,0.316952940774445,-0.494277398733529,-0.0856539524084658,-0.241210235551432,-1.55132104379711,0.63977470311809,0.538400641486552,0.532902048521364,0.384570563704947,0.370261541595092
"CGbb",156,-0.622189179915836,0.292523538925981,-0.145394691151417,0.34500250931372,0.620040120523564,-0.526520751698577,-1.39059488017038,0.654487055196489,0.203092327990733,0.347779078128991,0.4163732636823,0.481742680717676
"CGbb",157,-0.608583747384092,0.117575165300963,-0.169239996260652,0.786770347370766,-0.0766331851208644,-0.281866347562172,-1.79653582734998,0.905531941635419,0.783302220850674,1.26456644039278,-0.280095262504327,0.751701149959811
"CGbb",158,-0.224408070364643,-0.256095414549834,-0.669382240895434,0.669199469930203,-0.422660836852462,0.92463517976383,-1.2887199559133,0.525576705313691,0.176457440728183,0.373568693205747,0.645387671060907,0.187796658566765
"CGbb",159,-0.454760724999222,-0.0427709689323893,-0.0914704692038543,0.30655649609239,-0.605919233041415,0.656750043981476,-1.39584591037422,0.693744625763469,0.0443851441659686,0.633799024396879,0.694095570931678,0.117158061961695
"CGbb",160,-0.799290053338246,0.31166373984173,-0.609446186223325,0.555208865891316,-0.0865564561247595,0.468965059336522,-1.74326898511801,0.529095116165203,0.593590997146825,0.89063919052294,-0.269773873549391,0.757408070579678
"CGbb",161,-0.851335752414285,0.466129438259277,0.123544528595759,0.39680251121912,-0.201655559895364,-0.113855902028535,-2.14115097072367,1.4054510247082,0.389563613895792,0.396958906241663,1.01603111717139,0.2037392584478
"CGbb",162,-0.637316773727815,0.444460103554854,-0.227301303259647,0.390432450173516,0.0729459460249453,0.261680661458684,-1.14022303771806,0.235605855443781,0.452143231844821,0.809855577276795,0.403832874260744,-0.331964459974226
"CGbb",163,-0.434622863466858,0.0707046786593194,-0.319301654252671,0.65679494672593,-0.0247939619103679,0.239242917659191,-1.59625287012713,1.11561200567516,0.0799669427731876,0.77263869387895,0.354830640929134,0.159502598264552
"CGbb",164,-0.551270434902595,0.122901532797239,-0.278966131159575,0.32081338005079,-0.0357134584430435,0.239361146512887,-1.12323432479342,0.450990789730644,0.30467255598377,0.476848663538585,0.56696124473743,0.190655377909718
"CGbb",165,-0.36320259291044,-0.316884811594353,-0.34327377167639,0.446754236871022,0.487923059119692,-0.350640278232431,-1.32457529130423,0.380570235607384,0.164827547610427,0.733695385699196,-0.234068774663616,0.763788339815025
"CGbb",166,-0.652524718662744,0.62691742946108,-0.410329104331275,-0.0891791882208519,0.435559080726837,0.215127631003975,-1.55267898054199,0.983437172126216,0.638765200701821,0.646286814467925,0.217901285568427,0.114410620895497
"CGbb",167,-0.565376016568585,-0.67054498681029,-0.510263187877249,0.605235130757729,0.315542149665135,0.00423680952242198,-2.03903101313728,1.12520664629221,0.471705336926705,1.00098770413322,-0.0934517140287444,0.76066622527879
"CGbb",168,-0.306595272153937,-0.719936299549421,0.00946408640205173,-0.0765235973296874,-0.672897302193919,0.296321262388676,-1.45508761690581,0.829062792789565,0.389356012809826,0.74943635974359,0.17770353685064,-0.0464183477414563
"CGbb",169,-0.601516371944171,0.208688460875395,-0.257994881430018,0.505458365036201,-0.119169413002874,-0.00551351819107621,-2.15653905139033,1.03588216190664,1.18995672418706,0.981649851504689,0.409377031929313,-0.124524938590397
"CGbb",170,-0.379674746131155,0.0386537521459448,0.0613685359541554,0.393321409997805,-0.647427760462776,0.467669831685748,-1.16141928603209,0.341899017293105,0.293127776074657,0.409356458186609,-0.0123023113928599,0.363400095768928
"CGbb",171,-0.686457337638475,0.182946747866089,0.0517232849597032,0.0602486874248423,0.073986272474575,-0.456674890653507,-1.79912206894693,1.0123017060181,0.421218263168201,-0.20898861433829,0.776826797656854,0.757615613416394
"CGbb",172,-0.495490673204341,0.326909214307282,0.0547252203171704,0.113552994173096,-0.181972053450062,0.141933345298957,-1.51127208852628,0.715268291854401,0.695728640135153,0.796040515394775,-0.0661017755586779,-0.0111116553830405
"CGbb",173,-0.596475237035298,-0.43517538653608,-0.186594437944115,0.570586142575493,0.188388751668748,0.0171410652801463,-1.62508052268947,1.0299385056601,0.627510578780442,0.620458739420894,-0.356963337318247,0.326091478288893
"CGbb",174,-0.565355620622345,-0.0966176367954613,-0.630967369171463,0.869413063455901,-0.0219592469476021,0.188129866647401,-1.47717401066695,0.952852052813949,0.10780713307528,0.338207824700491,0.533329620949409,0.294182739056508
"CGbb",175,-0.375445591525889,-0.0766933848515504,-0.228106764733194,0.479850557136806,0.352855231080241,-0.354185417012658,-1.40625481319752,0.695619605981262,0.525053883484757,0.800418557315566,0.665841240160463,-0.069563795739173
"CGbb",176,-0.317235038436281,-0.165813946774872,-0.601445361511522,1.04502482043724,0.530385099848693,-0.263451204818116,-1.72764405447015,1.07029833753118,0.301719770660071,1.02343489454112,0.977492972053719,-0.213314771323394
"CGbb",177,-0.547100123187866,0.252575535378298,-0.161818272705447,0.394330749277868,0.0953382599737239,-0.140577061287263,-1.68220282085941,0.779568072002293,0.63132269005558,0.343978097665728,-0.0140703319122587,0.601966205948945
"CGbb",178,-0.415670564881473,-0.029725942072358,-0.0587378013509459,0.259851505362941,0.51282876654022,-0.0740630746376536,-1.17180778863494,0.286347127170587,0.153672747778169,0.647239794340333,0.254825059304648,0.383644134422166
"CGbb",179,-0.13251570349534,-0.57394960104855,-0.0477936782341895,-0.107193274966907,-0.00755181145282714,0.0328140250821741,-0.96972074712369,0.419458790934695,-0.493512397601189,0.630903202285502,0.208630492116732,0.408080636018009
"CGbb",180,-0.363178339193714,0.216431185435343,-0.226761219074125,0.578826368991019,-0.0684201387654266,0.0602849858340537,-1.26094869491909,0.702401365244245,0.119496568293677,0.696235913767054,0.610038986761995,-0.245930964531037
"CGbb",181,-0.613834010167772,0.0467246963718881,-0.380965871662269,1.04261073107146,0.746562127184711,-0.382317199067737,-1.67565413853521,1.30800604087767,0.100569310580994,0.813246196947616,0.00209713518868107,0.215942947319388
"CGbb",182,-0.421457195423287,0.0973107265563202,-0.364857101252162,0.436188304743664,-0.129721168975631,0.518948776531862,-0.823406874628002,0.198361148381509,-0.538039136494372,0.479739570744802,0.338112227930325,0.524569826477829
"CGbb",183,-0.44276020959476,0.0441768371598888,-0.102078574740558,0.149041731555331,-0.0465999499196056,-0.131003268190339,-1.37722192281965,0.818393120540191,0.478431894211449,1.11971084244944,0.684044556084807,-0.532584820811888
"CGbb",184,-0.497263412403635,-0.038387982744877,0.101437884391733,0.523974161405269,-0.0581134332513865,-0.0580208300080217,-1.2613888278569,0.498048011844207,0.155932172688834,0.743584991535702,0.123684542720463,0.100541782510626
"CGbb",185,-0.708123477575043,-0.149544037998119,-0.523225059299446,0.602312821992427,-0.0457050593886787,-0.00948186588116624,-1.55037081406009,0.90323156571906,-0.472766924592968,0.64000035616599,0.563753773468873,0.51603848927212
"CGbb",186,-0.691560721856113,0.0833351709440653,-0.339092661659032,0.719778255678494,0.614623110260323,-0.296857927557628,-1.46571692319342,0.95563945821131,0.200550146948992,0.959340750438735,0.300385624740602,-0.232649679647385
"CGbb",187,-0.558172474367377,-0.246039934163322,-0.0693844521553356,0.238893704252864,0.365243142414337,-0.111046617157246,-1.47650890507786,0.985922916899514,0.700907123256424,0.660368976310364,-0.330938625624621,0.589262220024972
"CGbb",188,-0.523587594984099,0.381574314091099,-0.378193162992816,0.536075983379837,0.0535340837883199,0.380289969863034,-1.26323098823626,0.76170246492541,0.187497899121466,1.67011668064988,-0.197004215832605,-0.571663193425809
"CGbb",189,-0.437218788308824,-0.281325934947952,-0.150256603969879,0.315312365787736,0.200025428160903,0.0907578619270537,-2.23890789723416,1.21788875481428,0.405130064151864,0.94195951606027,-0.130155096364298,0.619089410796363
"CGbb",190,-0.226665993725109,-0.14547168158893,-0.0635304015516791,0.0556164334331389,0.133543492422768,0.0163065590517715,-2.02341221667402,1.26769147737635,0.326306361172329,0.259024672424777,1.18256846319186,0.0270488060463508
"CGbb",191,-0.639307198424915,-0.00557861159713072,-0.288778399733452,0.0389327946756673,0.202533129767949,-0.1851332539055,-0.968364400606655,0.499341976383309,0.165844740317879,0.545355560123283,0.71763174752038,-0.115074372056978
"CGbb",192,-0.474631843769751,0.0173368549793692,-0.0528120726590237,0.151073249200223,0.295310583031076,0.0582989512790075,-1.73826182652557,0.662417818031472,0.982843400712976,0.771559182313381,0.637821481053338,-0.171545547447122
"CGbb",193,-0.555021984190737,0.16915302286088,-0.2657983092868,0.648731540297313,-0.403391028449609,0.35797685327906,-1.6825669847084,0.922853196191511,0.740263174114624,0.912299878225079,0.293029634216938,-0.141904980378785
"CGbb",194,-0.637952678872241,-0.163700063273743,0.000642606089587609,0.326898270816364,-0.152960502025727,-0.195116758783819,-1.52466878998963,0.857296560392283,0.281273158530674,0.810893948950309,0.450035544988722,-0.195760976439067
"CGbb",195,-0.200468106004812,-0.0465722510710581,-0.13333039797383,0.54988950287321,-0.317903305981973,0.482344258892797,-1.09354956150867,0.321088831273137,-0.0599217266763732,1.14857831236625,0.00795981548978904,-0.1453012161543
"CGbb",196,-0.598403194539797,-0.0695859554470502,-0.0854284726204543,0.248823224925148,0.0382221121692307,0.338382088554374,-1.1822312904351,0.601549066993947,0.272862801231366,0.407214487837587,0.00122206538837887,0.23676135577182
"CGbb",197,-0.629808204547635,0.192663480498867,-0.131468476347631,0.466445035093502,-0.528608615414745,0.540004814864496,-1.48123486753761,0.480288767590163,0.0991503775577462,1.09722732150982,-0.344163165416633,0.596367016415177
"CGbb",198,-0.52338452257155,0.299626678841187,0.0303046494959327,0.213501121178567,0.299710032876007,-0.585182042116858,-1.57875303882,0.954508588920413,0.292328126814899,0.741217180745939,-0.0717874179225824,0.691661295497572
"CGbb",199,-0.880816444743642,0.654229786931651,-0.425007484025154,0.611045481319786,-0.162659158351733,0.154245774669176,-2.0523073164752,0.923630803909209,0.873615870574528,1.22205863577307,1.04570340234897,-0.601073340005509
"CGbb",200,-0.70056206837009,0.726074336744549,0.209637928814255,0.165344100081504,0.259852197801685,-0.185246938951196,-1.3530716524472,0.697324685228912,0.53560493213446,0.343214337908235,0.914488793282523,-0.146462236483385
"CGbb",201,-0.729875759822762,0.208516639900702,-0.235962929307637,0.734385065849073,0.408532138589593,-0.178700944184921,-1.23126649128626,0.798827119140703,0.147335287428674,0.889020092778321,0.750094853602804,0.112117508814899
"CGbb",202,-0.60555494091693,0.0233070481505626,-0.169444978090392,0.0248561706550622,0.0631770326374689,0.26760982459388,-1.01597254790549,0.752239820416878,0.174145226234875,0.285728971753243,0.385138425174756,0.310687204842836
"CGbb",203,-0.349645869302639,-0.095791018149981,-0.220920095898623,0.419200240367147,-0.123732811397055,0.348563083052905,-1.53168758485091,0.707640317234717,0.310257848996256,0.664357619566828,0.360022817982215,0.788361463366469
"CGbb",204,-0.673929018425284,0.390067051579298,0.0010899758192661,0.430317007124441,-0.26248142803917,-0.105362109027515,-1.2368376305708,0.833110313436648,-0.232826135422563,0.516499468894283,0.212940988894529,0.41887351094074
"CGbb",205,-0.342568723565465,-0.42289206994554,-0.508621178975252,0.734433647504948,0.0401955681038285,0.178889317792372,-1.19160249803311,0.624822029266515,0.512246447994939,0.103311998662202,0.417046341067786,0.478898271096419
"CGbb",206,-0.794560787241719,-0.181908935126752,-0.394119532373716,0.11106263377326,-0.0536183797648018,0.677396607925753,-1.45848796131387,0.691679598291875,0.272371484822232,0.668442355039957,-0.00193281685306151,0.353555995598102
"CGbb",207,-0.368393410932767,-0.10117640934189,-0.264916184716197,0.542857705643732,-0.361409723514541,0.134520068506847,-1.51878838024131,0.519286187268647,1.11061539787685,0.736915591694188,-0.403336548657287,0.518350201321574
"CGbb",208,-0.573726118651532,-0.0666795375440369,-0.264938381969516,-0.180911286325625,0.193359798361291,0.1272826751636,-1.75273798454508,1.01367422948022,0.442930326584852,0.101085903060263,-0.147643700822247,0.969855030874673
"CGbb",209,-0.631082346815345,-0.497692220175392,-0.480817506838239,-0.0224754308955301,-0.634212088326412,0.599082063521875,-1.48084535663103,0.680678371291079,0.538449836238731,1.0802146987595,0.340129053776582,-0.00979675213381335
"CGbb",210,-0.516619298761036,0.591731160958358,-0.555585647200972,0.626732014274796,0.0154503405499609,0.170470463497101,-1.12134174571442,0.618322888988449,-0.720154497129862,0.902771063376271,0.597858166803987,0.337156708668909
"CGbb",211,-0.299381075302399,0.181220956835461,-0.144820307848928,-0.117286623003438,0.0996912284775541,0.347143298571933,-1.15778910604711,0.643092543144201,0.242636231827711,0.437168071058023,0.0580490208992954,0.308001658778179
"CGbb",212,-0.636542193714237,0.123212206088818,-0.286924510706035,0.826748238863743,0.344786760850896,-0.851317086885348,-1.23933810974123,0.761450246974193,-0.03819358287337,1.31077806235982,-0.207765861702989,0.260853576920972
"CGbb",213,-0.349587221469511,-0.0384904753258579,-0.285413997694172,0.0832155864461231,-0.311823982000668,0.583029362686282,-1.57481376757273,1.22360807751612,0.3657189276823,0.402592447333642,0.537749521098098,0.454085965662921
"CGbb",214,-0.553189828933906,-0.382429958930453,-0.591745834284317,0.77183051201048,0.381016799876328,0.176300196831491,-2.18499522225124,1.26090656664615,0.602547143893762,0.603179338162193,0.203282465669625,0.2812087359403
"CGbb",215,-0.494620724077379,-0.101660132842547,-0.163970732393358,0.117566379229689,0.140065977388081,0.274336694513422,-1.89905884831384,1.05070820732246,1.20419158315675,0.250864328826147,0.679205028593938,0.300295470262267
"CGbb",216,-0.429906329084976,-0.108220715693245,-0.455260043033168,0.160497645868168,0.37985850407501,0.0707612953390307,-1.63093349503334,0.383591776804985,0.703899472870195,0.948424580473336,0.622298547638758,-0.100664435081237
"CGbb",217,-0.296506532295529,0.166872394336957,-0.319474658398538,0.201684836734688,-0.0899595501403585,0.357391617359587,-1.19196287831958,0.465961711588271,0.442301823365487,0.989287314633384,-0.210370753568345,0.152863434753292
"CGbb",218,-0.855484345020729,0.0312610749339602,-0.235652929036931,0.110417729593655,0.38420724437,0.0490337213820088,-1.39648192190666,0.861094261923981,0.035873098531411,0.223729317628441,0.504085306307028,0.597914108487317
"CGbb",219,-0.468349406949462,0.109383033256983,-0.0180411616816722,0.220677436320891,-0.115736261203516,-0.19170979958694,-1.52572261500682,0.921735544514086,-0.0155616298993127,1.16469652276573,0.671527523973726,-0.144811949978928
"CGbb",220,-0.857788606983417,0.913162118105294,0.0620866281027332,0.33582455571918,0.0219300640199954,-0.26308256537441,-1.41536016292437,1.04540313641822,0.255714002033761,0.711754342023399,-0.588585432588989,0.651939177531887
"CGbb",221,-0.82077911169029,0.307486533895578,-0.432176185584287,-0.042794901023438,-0.067726472542043,0.170234663805494,-1.45292953816612,1.22704211712065,0.407089078026573,0.487053923223512,0.36254584320287,-0.426904124807149
"CGbb",222,-0.170466813315459,-0.954041717382924,-0.681535649124552,0.410536959132725,0.195354881255604,-0.120117020165245,-1.22410535122052,0.322259851725514,0.223086229823322,0.576160938614322,0.319748369607352,0.603935459766041
"CGbb",223,-0.496617105394876,-0.229721355599602,0.22632912939511,-0.143136119208958,-0.141702892000445,0.0314111260072518,-1.65426507662251,1.07675144659001,0.205683833646699,0.854590954337445,0.530649819194358,0.195295954574792
"CGbb",224,-0.369912000241231,0.163328733266101,-0.14656495342614,0.562475096290795,0.300037716390168,-0.260163928652767,-1.3064585163035,0.972615459192999,0.271086647041236,0.695869690455649,0.525928896803325,0.0764934673914382
"CGbb",225,-0.409638369499186,0.0653039421022559,0.000745169508515496,0.122501711389244,-0.434182274416308,0.399601902669776,-1.30889215899063,0.930793801611046,0.0895971605046705,0.0309370779869701,0.457888405570948,0.834275660457345
"CGbb",226,-0.417599602719455,0.117940591014395,-0.671526645992342,0.794076912809062,-0.135604339229363,0.667205802799883,-1.68097345202047,0.911039985316201,-0.0362482240896467,0.380585373420389,0.607821188518641,0.899929379641365
"CGbb",227,-0.436243458201023,-0.390643492332483,-0.511748499631232,0.596860754001463,0.689759718004172,-0.220600442463825,-1.59206205284809,1.36296791919068,0.132216338847312,0.609616496760281,0.393758145824289,0.306331610246822
"CGbb",228,-0.76751693443871,0.216729867186332,-0.307079664251358,0.518253393717778,-0.0714127614245403,0.415891090582036,-1.18624421749334,1.16429760770793,0.132511810277923,0.713979853034942,0.794107541805263,-0.834756970546495
"CGbb",229,-0.751635829454902,0.305830569106058,-0.0287672686383989,0.068084012010429,-0.038476191318287,0.234681662497059,-1.40186043261451,1.11974242535243,0.126468726832653,-0.130509223292783,0.299456189863464,0.767917663542398
"CGbb",230,-0.46570566063505,0.215362502599311,-0.128498937722006,0.180637567348675,-0.101632247866641,0.145849798447915,-1.35869599224589,0.619018850096568,0.517693026981968,0.448218848209928,0.492258061747248,0.0908868127959914
"CGbb",231,-0.605026328102619,0.456220765020376,0.00319084426142075,0.537861703304441,0.39985137249635,-0.34126839209088,-1.17729008755855,0.753016330579838,0.13288131615125,0.277328067527261,0.347418162824149,0.0745796326193733
"CGbb",232,-0.458000291074718,-0.153774473219816,0.0986367581313921,0.145096987045133,0.178876944469974,0.0902233659669092,-1.04365656246543,0.263224117806944,-0.188091093953473,0.86444337198262,0.60042290835053,0.222776813166608
"CGbb",233,-0.432726281572924,0.0752314030357726,-0.217315050999664,0.632012163517514,-0.203059227818703,0.0383827777271047,-1.20498476766798,0.90551085812737,-0.212900112071091,0.30884173079244,0.395537924086268,0.522604971379252
"CGbb",234,-0.580676989869161,0.291616728232334,-0.297174722320454,0.536385975665043,-0.203855953665713,0.191809550906956,-0.761075516717602,0.440887445371034,0.358026529016901,0.85032135549949,0.00180294523679484,0.0238415145625688
"CGbb",235,-0.688492058784939,-0.0631429600960644,-0.337680556562635,0.203570979280373,0.446734809274508,-0.120697991541851,-1.0431039363247,0.408548716828655,0.123182728488067,0.107406083663427,0.0810475480946588,0.782509897141372
"CGbb",236,-0.684964228994581,0.183221336517637,-0.348999102278018,0.221314174624706,0.155805953343559,0.125988427394366,-0.897290654082125,0.619080279503008,0.238899777389629,-0.022185344696533,0.119456262759341,0.476051974854218
"CGbb",237,-0.615828609669481,-0.210150167404244,-0.321362793160264,0.713399102478419,-0.331327618195527,0.474137695002526,-1.06267759386324,0.496775089976222,0.71806244979311,0.532331601965134,0.249456822525625,0.107990027572563
"CGbb",238,-0.370309577763487,-0.0356131358043755,-0.217045168909582,0.355106886874664,-0.266015276556405,0.390693316442526,-1.84357169372672,0.821510480528032,0.262279538219749,0.926108721251564,-0.146759680509872,0.685709018070434
"CGbb",239,-0.463759533916137,-0.260347065009821,-0.168815557969855,-0.0875458658218131,0.186851967498681,0.549281315350503,-1.64234879491621,0.762151391742108,0.425501040155807,1.40810935468448,0.154217330308517,-0.298121598714183
"CGbb",240,-0.770529099171877,0.385072896813225,-0.284079241638995,-0.228209993847257,0.0835904393575052,0.320279993645214,-0.815103053087761,0.401071655709473,-0.0073041126293829,0.571469371180719,0.513739851958779,-0.1717527737705
"CGbb",241,-0.391943523023999,-0.154335811017765,-0.442694112652338,0.987852833344194,0.523891914858073,-0.125747760564781,-1.33275710146967,0.69668412334176,0.242750987794295,0.790533307056459,0.208605642424137,-0.342278101353691
"CGbb",242,-0.386383230263671,0.153379487393113,-0.0139593056440365,0.33111379533631,-0.115397677480559,-0.170807929061859,-1.10501635515646,0.187493462497412,0.285579311469655,1.08926959315465,0.42535873811535,-0.455717261696636
"CGbb",243,-0.315640203505275,-0.0185552669086532,-0.0582093202466365,0.353419133649484,-0.0683319624885731,-0.478215124341585,-1.7061508448723,1.0919691678057,0.377956126253604,0.465053540412339,0.125152713082612,0.607975665994078
"CGbb",244,-0.643800281940669,0.127176105883027,-0.429313077387181,0.97833921311594,-0.0975766912718731,0.0801258365818514,-1.5701082614572,1.14559393823985,0.263661390963634,0.604435910130879,0.0597478269924275,0.444636999074215
"CGbb",245,-0.81404026064479,0.616468371771332,-0.014990277684107,0.252832375819352,-0.538532887462925,0.775799402933139,-1.27702881931429,0.73571665040058,-0.303548459098294,0.364043190722836,0.361074517224887,0.438072918253548
"CGbb",246,-0.385106902450366,-0.11779765354539,-0.216098937361265,0.517340252593446,-0.171152324787688,0.500684677296561,-1.46570008915255,1.33181583040539,0.151759764209834,0.81297481642422,0.576908185839322,-0.507684704388117
"CGbb",247,-0.522951269300002,0.44338333464088,-0.274307886581141,0.391877723117078,-0.244888686545976,0.225288279096291,-1.31039700062634,0.900170803011773,0.215717194068316,-0.0105495112888128,0.331833200119096,0.751692794030699
"CGbb",248,-0.491167401078206,0.165486138403481,-0.333871006158171,0.475481055405086,-0.00401079004965181,0.178033852751733,-2.02549198350992,1.40981780030031,-0.256769723162409,0.616239111620435,0.476085710466241,0.223025710089153
"CGbb",249,-0.607057280539164,0.571086484001031,0.0581719184484989,0.0470534225818746,0.207640001147701,0.0583869735602549,-1.48854260469824,1.47333776738559,-0.051938428507245,0.503260927040942,0.281687783792458,0.563646811161308
"CGbb",250,-0.30792586993064,0.0641341836879367,-0.757947180976389,0.960596326004306,0.134559277997209,0.344662099332185,-1.46900761781289,1.04974696204128,0.556456642887833,0.922313376152427,-0.437935115126656,0.122880773647979
"CGbb",251,-0.859658716450128,0.392030459879286,-0.00294940452230457,0.226609107100567,0.478740082919777,-0.226232611197716,-1.26019615265497,0.583458100235653,0.609231276241973,0.512436910907047,0.448556944677971,0.338357268857731
"CGbb",252,-0.639519171427384,-0.0776983137016705,0.199412592257835,0.061839666948706,0.135425031140718,-0.414631726913858,-1.35647099066689,0.894783649779872,0.253668595840871,0.607988661442568,0.17806569009712,0.33672153038213
"CGbb",253,-0.372732459506715,0.0664512667095761,0.0927580711060013,-0.246531579102627,-0.167419197199366,0.291326637342535,-1.33775160592278,0.67663040881553,0.279299486010548,0.508492959538774,0.316773929672738,0.656522575757304
"CGbb",254,-0.218597132534217,-1.14051485679072,-0.313580446237686,0.370740971000697,0.123146304854889,-0.056797832136974,-1.75023448636263,1.04206436961749,0.622797465378578,0.564254465892532,0.527263402584045,0.0985500655598408
"CGbb",255,-0.52047833165885,-0.19849291211211,-0.039861154168704,0.231130222856794,0.22020727346984,-0.188776021741835,-1.15228840619855,0.29989316868583,0.1815317808289,0.594887297092326,0.544283235609902,-0.395960892573411
"CGbb",256,-0.516685521317432,0.186486291881338,-0.313919612187907,0.219139339959262,-0.0938294908599357,0.193790419749559,-1.39783336391242,0.592227308212149,-0.406949901749777,0.646261135202691,0.0185310926760237,0.665999814255853
"CGbb",257,-0.551901536377256,0.344038456139169,-0.0440232984051481,0.309883083890913,-0.253259714950854,0.328942372174151,-1.69211279108509,1.34991857733787,0.651986367461919,0.207578864771438,-0.405520910180673,1.08998857075233
"CGbb",258,-0.244930727405962,-0.120689556886009,-0.235978675807685,0.138668053091392,0.144992849725984,0.167416130632812,-1.52801351481561,0.786829080055747,0.481266734800934,0.255304151785133,0.0991161953144081,0.905761290233413
"CGbb",259,-1.0151186994695,0.853474525855718,-0.0789855299813383,0.644894196461188,0.14176742872378,-0.290655338045607,-1.1801670267245,0.651552753326047,0.199455075687273,0.46185668531284,0.295270298811344,0.303548303538581
"CGbb",260,-0.469539579190594,-0.0567772276710858,-0.315912007017309,0.498230767242562,-0.12793657228439,0.168603080949743,-1.46268993306473,0.477535729659555,0.668672035305784,0.99478687775869,0.583066952702513,-0.364298067433285
"CGbb",261,-0.51199975578414,0.195758763686478,-0.155245202088275,0.119119369753138,0.237409715248405,0.15901501280636,-1.05182346806396,1.07622172039726,0.122815410905065,0.607638296846867,0.177118634027944,-0.353913324594134
"CGbb",262,-0.631210549521255,0.0361405599664791,-0.494852145389338,0.48652556982237,-0.215666610823651,0.552116294002491,-1.30519048830719,0.810088492685504,0.202822278167786,1.02263092826339,-0.0133348777175461,-0.102716539164064
"CGbb",263,-0.543321147021778,0.02987541597255,-0.373701773646833,0.624829699312657,-0.0474213308626429,0.291714375429813,-1.83338971671991,0.963763841460422,0.316574198906999,0.385287408505765,0.268180919529881,0.310954928379617
"CGbb",264,-0.628947151017143,-0.172502029215958,-0.344597777014721,0.596569616243389,0.82572194850716,-0.335494529220178,-1.78286028447892,1.42913550474388,0.385803501944154,1.11149899871391,-0.223891988817974,0.0206761433919251
"CGbb",265,-0.357818934058291,-0.0166409833194455,-0.0454065120105077,0.405227853061251,0.205751645988958,-0.177521056694755,-1.54115463970804,0.647251187129099,0.187432658344088,0.387308549983884,0.536472721051418,0.579180030719506
"CGbb",266,-0.636136372036508,0.0471555212131601,-0.393842394213083,0.335396414792769,0.406089707856073,-0.169241506069142,-1.86334767659371,1.44464761069882,0.57921815498693,0.905814934992455,0.0834615354572096,-0.0398234453005265
"CGbb",267,-0.409299674377072,0.359833331840044,-0.190690209960459,0.893250799193012,0.0905237337829641,-0.000462049181837275,-0.917877946495691,0.509332376068561,0.272115214102557,0.634959561478872,-0.0327593921433059,0.096274130964095
"CGbb",268,-0.11397527115803,-0.990520174517115,-0.158459572491641,0.753932296185869,0.324958116990931,0.316095560156094,-2.3384201657277,1.18816848641187,0.70926571359855,-0.17339183375753,0.761226469650876,1.08896926902781
"CGbb",269,-0.734137698391849,0.389288470561191,-0.379886704150952,0.474841548530299,-0.158725831792202,0.474170177560283,-1.91179608748543,0.689031490866044,0.925002663727253,0.687470549579397,0.711328187321429,0.320258428830164
"CGbb",270,-0.448387929845927,0.11331976025663,0.158183233043442,-0.360094326390353,-0.234393676388928,0.213420689356424,-1.04181554193674,0.778766864231581,-0.0148814142915005,0.783135234250814,0.385931173797074,0.240730475501845
"CGbb",271,-0.585274027131336,0.242368784998477,-0.180425418720359,0.438025841265631,0.0827306953227881,0.0440893590188419,-1.60584629727731,0.823453407834975,0.448366879629254,0.343330969898437,-0.340595847678437,0.853246819093868
"CGbb",272,-0.537841725061999,0.404832872107953,-0.0398259389115179,-0.145327884836064,0.470833777892894,-0.26963397597246,-1.54196680604096,0.747689826575504,0.34103609169101,0.946520338947996,0.0227306271767491,-0.0110938462876049
"CGbb",273,-0.993304115083522,0.708880138853186,-0.262018203556965,0.169578522582378,0.0713234173362782,0.267698651801778,-1.03317854883133,0.403732338779335,-0.434741870185454,0.687344195037345,0.187365838203455,0.389240545473073
"CGbb",274,-0.124081849139431,-0.0887972784331422,-0.366817499035389,0.300820766746349,0.643613272000337,-0.365074126822003,-1.82082633016344,1.19064977715124,0.689543228209115,1.48774994117539,0.677390215527959,-0.719546327654395
"CGbb",275,-0.684366812508672,0.621503543853054,0.225658783293608,-0.137130107726746,-0.453159665103275,0.267978299301148,-1.51136011339862,0.483004962670669,0.528843537094511,0.588092973259813,0.311068588648736,0.452155800332629
"CGbb",276,-0.408538998163666,0.0586019982053736,0.024048821794033,-0.115317392831196,-0.23303150501236,0.0348192421386571,-1.73957553642907,0.825765318713144,0.305152363950006,1.47611810630471,0.160183419386619,-0.413664987720628
"CGbb",277,-0.55125226066264,0.30090650288109,-0.276145687240731,0.216228008911351,0.0589016249659487,0.285323451715644,-1.34147914267497,0.856691671196444,0.213788875215044,0.158996679161745,0.780513616444346,0.114673489159125
"CGbb",278,-0.25571909914157,0.0950243162810202,-0.0222890444904025,-0.099336180827671,0.47676746208986,-0.861654666492305,-1.55171833011398,1.31962652513763,0.0944130470538268,1.04465580833111,1.08882259934416,-0.288985814151145
"CGbb",279,-0.492249621361355,-0.0485525213157565,0.300507551510156,-0.140069831680135,0.190631248493519,-0.069425679405988,-1.2949889531942,0.743543570317184,0.433232666922148,0.257915078002969,0.015119791166619,0.698436745042207
"CGbb",280,-0.337945948446384,0.164846933016939,-0.390923594561094,0.750261515339398,0.340941981991184,-0.0512438714730641,-1.33069055775143,1.20249821594714,-0.561157077691747,0.369689724053852,0.863769782294502,0.23103819487107
"CGbb",281,-0.44448098401037,0.153423881055218,0.32668880943199,-0.0590738633148448,0.138806182066915,-0.2997571785683,-1.66225772048831,1.16716100458272,0.320323892708621,0.497632036363581,0.385027673049631,0.402740783787344
"CGbb",282,-0.318221577684833,-0.350145099503714,-0.499099709357662,0.5510150575863,0.239777023463803,0.259135626392619,-1.01705038011838,0.26965621938474,0.299086815358331,0.669294331834548,0.205189997870841,0.0635595316405574
"CGbb",283,-0.601840543836787,-0.191652680326025,-0.324811505123832,0.567279702368858,-0.235699441992661,-0.156161935276116,-1.85185758249902,1.1158655797186,0.547456150234183,0.00602385837200619,1.21407018593955,0.289023283767004
"CGbb",284,-0.270298056909567,-0.0815231764041498,-0.486515325689343,0.050906422173978,-0.0678313029140741,0.671255794771446,-1.24108874523878,0.93323884011152,0.0556805190313458,0.268795383960372,0.764953320141295,0.132380358031379
"CGbb",285,-0.390605605317448,-0.156411922794553,-0.0528910856370835,-0.156592145052189,0.357842875451457,-0.119877208341136,-1.16171223967954,0.28579877609211,0.444704611180705,0.292806140724612,0.0609037273439735,0.316746730352727
"CGbb",286,-0.334241061882627,-0.244148725157871,-0.124284655196907,0.685037529190051,-0.0181756263771861,-0.259575459640208,-1.34004281712635,0.810332070067352,0.123393916286539,-0.122399558339201,0.634296939937914,0.642197473313066
"CGbb",287,-0.439526482353039,-0.364922773527892,-0.222882245212638,0.342545480188101,0.0820368481301139,0.206628281779869,-1.14793601254238,0.435402068905605,-0.00970626084244686,0.316629672622434,-0.091216430595254,0.713792046971517
"CGbb",288,-0.506910280122605,0.156585383025023,-0.203577897842762,0.414510367476678,-0.347420823451583,0.434686406426974,-1.41448949848399,0.756236416446514,0.224632700994281,0.654365373330611,1.02019034952518,-0.235572305808015
"CGbb",289,-0.507215767053335,0.196140537402156,-0.00543689200133054,0.606411302205744,-0.201538574221371,0.258729648943118,-1.49989365832983,0.705642745390201,0.359029876506492,0.95928885904208,0.360885280684294,-0.0258726189516464
"CGbb",290,-0.177021121841083,-0.154278099085414,0.289919639348316,-0.126787678061158,0.280340857788994,-0.559837741769991,-1.11973610586853,0.528932600436011,0.274391885510272,0.889530049160425,0.205151981196469,0.339331232046502
"CGbb",291,-0.529624243613928,0.055741024448589,-0.119699927606184,-0.192331156652956,-0.0219461067712871,0.182662356058302,-1.64250039139342,0.948725694555276,0.0813087485681677,0.378867036201307,0.57711649505264,0.544460135366427
"CGbb",292,-0.435858053831171,-0.0338110992133457,0.207419312372129,0.300222967744637,0.00989453066572215,-0.0832499073256128,-1.87375941472086,1.04244798174341,0.114908477662957,0.657965838471692,0.349348223417019,0.339883574957284
"CGbb",293,-0.276816386973968,-0.129147323464778,-0.522411937020127,0.777073796230061,-0.0675486892378791,0.256301093047968,-1.35790515011257,0.417660798337379,0.417967896615896,0.634558614445799,-0.251511517209302,0.556381433792177
"CGbb",294,-0.406787218234664,-0.050379330113259,-0.274376287594303,0.307923150579416,-0.0695885412753029,0.0410867653759764,-1.65679167029282,0.617222005581439,0.991054460061192,0.864434200571219,-0.366725036426786,0.230560235439384
"CGbb",295,-0.444980687924335,-0.00696610084355005,-0.41653809452984,1.19361716818656,-0.922407390035113,0.43897897967537,-1.83121402560637,1.14676711236806,0.755543220289066,0.646445681945033,0.132784918173512,0.352797179125987
"CGbb",296,-0.714775981436344,0.641703707454971,-0.352734368535369,0.383236928340596,0.0945434749594188,0.101175249492917,-1.2239039752097,0.26017126477488,0.659746860191724,0.282581764469867,0.434338028402631,-0.0245864390133043
"CGbb",297,-0.479045543089339,0.138797101026943,-0.301234852818387,0.720768079917983,-0.0480067803932044,0.0776803330254327,-1.30118808937608,0.656933515256943,0.743091264007005,0.768091143403841,0.535201491198955,-0.0889661529064954
"CGbb",298,-0.448726959144087,-0.0565374576013412,-0.523723501109809,0.528277281295277,0.168370222784573,0.0382174763907761,-1.23234042856556,0.346195895631663,0.747835001327436,0.345088938380904,-0.0368250169341678,0.671211484275514
"CGbb",299,-0.107284422225487,-0.30380875601746,-0.403473593463564,0.635326265666476,-0.0081819995415346,0.0475716743904943,-1.03362751878036,0.524252982443116,-0.159788383090664,1.25045168237033,-0.622993227180514,0.188463291623632
"CGbb",300,-0.543879976458008,0.159465931155502,-0.0876400337577366,0.402090032530583,0.103114823204731,0.0424668401124046,-0.874825177348217,1.0020576744272,-0.707767651984425,0.771465270790263,-0.210071519084957,-0.420926325564755
"CGbb",301,-0.530203947164432,0.1017141669065,-0.175447439288293,0.327957197603464,0.0849969616381957,0.385970606465014,-1.20508967778017,0.9378468363564,-0.102265827229706,0.577746636459542,0.569487724935364,-0.134771516048272
"CGbb",302,-0.335358965813986,-0.133340186070134,-0.310939492877989,0.482112000902314,0.128897801121363,0.479431460130355,-1.28878898992549,0.862309935285591,0.174122444086686,1.11045540906825,-0.0957181141669671,-0.337288671694477
"CGbb",303,-0.488198436693631,0.205664803647288,-0.579149167400273,0.541641642874264,0.277502384819308,0.215784141214352,-1.29205507466062,0.906149532409632,0.0283198972103897,0.78541237838943,0.459037357695139,-0.124113541307507
"CGbb",304,-0.548321924400687,-0.27796820801538,0.0782722268490809,0.0557921311898717,-0.279658431169573,0.188738530619081,-2.12067070419769,1.23024755592497,0.620929190518641,0.476814273525261,-0.0515641885325095,1.10468546721366
"CGbb",305,-0.834775280060082,0.553212054959569,0.0739329809092885,-0.109025861516731,0.658779573678247,-0.422121391566788,-1.17250991749108,0.733516622710465,0.330843651954553,0.129925300028072,-0.104838003643481,0.749072166352403
"CGbb",306,-0.0267986425272034,-0.588029621870607,0.0810247937880513,0.341516500025184,-0.541060870367147,0.452716100553542,-0.98970283774236,0.75592838358758,0.31215124643791,1.05095458781136,-0.245564583633007,-0.369618403293445
"CGbb",307,-0.213751876716441,-0.11588583215236,-0.35551744758274,0.134834191380394,0.868824334177735,-0.0520905456069555,-1.53634352612937,0.635433180076853,0.190594250004771,0.622249392305701,0.185807794744064,0.572322423533135
"CGbb",308,-0.421443635078563,0.0467777160760552,-0.534507182371433,0.491669217212351,0.640113036984561,0.18102237239652,-1.27213750917944,0.531323230152539,0.974570458124891,0.678453780360766,0.366689245031153,-0.0456166787508584
"CGbb",309,-0.278303575532947,-0.288649139018259,-0.348564866940087,0.351040288221926,0.164780800922264,0.228744169826496,-1.44121519563769,0.784108921943755,0.490155090005703,0.584409577830961,0.246017495691234,0.430142233662044
"CGbb",310,-0.28874561864995,0.0610538174220738,-0.39089490496922,0.320981493478659,-0.0141517481048272,0.363361865897834,-1.69260437840919,1.03670635079714,0.189805399340682,0.713771979021786,0.329179774600917,0.349945901646261
"CGbb",311,-0.697105731325111,0.559595116427122,-0.0685633550472786,-0.257584469920184,0.0038842946609466,0.286987613852277,-1.03673312448329,0.546342944718776,-0.244239679579353,0.506864353553906,0.0637890192365066,0.40490221156317
"CGbb",312,-0.454635757025956,-0.535551381037717,-0.438192798472765,1.41291579232749,0.360969969819987,0.0863939339714238,-1.51864559814111,1.30818162393768,-0.139553639496311,1.4290086950414,0.0722465660769401,-0.796969586919673
"CGbb",313,-0.684946573872599,0.0691368694411109,-0.384598864428079,0.580797661407008,-0.0425478782349505,0.360939280342782,-1.96962728507556,0.994272187336568,1.01557312542117,1.03767447627804,0.543134089304577,-0.453401123818258
"CGbb",314,-0.704092287615303,0.170399704554431,-0.623993193152807,1.15558931680667,-0.0974867762501833,0.0254908849111618,-0.72578350408134,0.239108954987391,0.353304606925582,0.135879472335015,0.362801451614692,-0.415873917399316
"CGbb",315,-0.470853563490483,0.00797460797754876,-0.126469306940142,0.391063469398007,-0.225997917903708,-0.0335392117681838,-2.01195204563229,1.2079759254766,0.910141961668421,-0.346669464683077,0.0219937864158755,1.41523901029616
"CGbb",316,-0.357223156392439,-0.191029477826874,-0.127860673130761,0.508534923101255,-0.0830675658840327,-0.0470621581535111,-1.54787780805215,0.877084770817804,0.0392505793164367,0.818348669937544,-0.0266266901227288,0.34241973059435
"CGbb",317,-0.831447998867083,0.250145200053377,-0.199616865953109,0.176883904346173,0.545428347673285,-0.327882054961118,-1.24020402413228,0.970762727271549,-0.0203522659317834,0.255655243967585,0.728023097420197,0.318526584699319
"CGbb",318,-0.787442790765075,0.415242107632154,0.0908286806085374,-0.268536462051815,-0.128842063655353,-0.232951467026437,-2.11417239555562,0.780432670742039,1.14540407887428,1.04728117639565,0.697023174294522,0.0314610995199975
"CGbb",319,-0.375627182152821,0.168853416712755,-0.450183274958019,0.83596477264479,0.199548229854128,0.139492029328714,-1.33295222873853,0.710596528096071,0.0520213356012954,0.69339112990399,0.148156989414083,0.22697681389765
"CGbb",320,-0.44280893500145,0.185218423901996,-0.2872844698415,0.146965418906103,0.0887765205005191,0.186464893174482,-1.93323346993942,0.782959217260882,0.62369701089676,1.64301704006579,0.150714368488441,-0.11230531553202
"CGbb",321,-0.360917056820808,0.0467082397898354,0.0251174841456207,-0.0157145986086595,-0.275661595217109,0.17615026034082,-1.37868642225903,1.11552855095539,-0.35287463253864,0.514860075434607,-0.0361674989724395,0.421963502738524
"CGbb",322,-0.373985515023534,-0.452168108402457,-0.198398796818923,0.616000860076924,0.169292259811339,-0.39973627590328,-0.993612530414876,0.396210992198295,0.631319140131062,0.490216462951181,0.222493669389861,0.0610401450197065
"CGbb",323,-0.206151412115618,-0.270834326299728,-0.0900980779820097,0.280099841889791,0.592931465330519,-0.0935281394482681,-1.79728804204919,1.01908384835745,0.351924120877409,1.27721244690405,0.217922189439067,-0.546640609712247
"CGbb",324,-0.475514564711428,-0.308334749647828,-0.00547538576101357,0.00215009881707687,0.0664829225943826,0.0790503091963237,-1.27935329930683,0.930933195686288,-0.101089943866604,0.426053728833791,-0.142649780175603,0.478289406184368
"CGbb",325,-0.515381808770483,-0.180752818377171,-0.355537590293845,0.0875936819911115,0.0769583354877175,0.369340800557654,-1.78079903832029,0.641242520719162,0.601581468685011,0.937797016685962,0.476730411032551,0.298294912424708
"CGbb",326,-0.185176589193303,-0.687429410211852,0.207563148374635,0.528483023044157,0.0412082089745907,-0.246046957009802,-0.659703722987344,0.639810268163179,-0.0858362404063255,0.30230405173011,-0.362882665326168,0.259443641940792
"CGbb",327,-0.579097004167266,0.485677305230507,-0.224364750117168,0.245596052379735,0.154959199810224,0.0508319757868347,-1.17161562989425,0.86820550705824,-0.0619298011551669,0.947503221682404,0.0341388101939958,-0.165959005132151
"CGbb",328,-0.381116278317641,-0.376088303426258,-0.160897022087326,0.345025813841863,-0.0899325818535005,0.123460941669805,-1.41976910348234,1.0553163828941,-0.430589876180987,0.16274746476248,0.268463657078545,0.857909208247345
"CGbb",329,-0.276644499604834,0.140224891856301,-0.219858319528194,0.669732653555525,0.251600825879341,-0.146512995180749,-1.76206627108701,0.881475283390724,0.541170844329632,0.88790065068203,0.187099680961034,0.0740598308493389
"CGbb",330,-0.530827929920619,0.0593100436304347,-0.706661303627169,0.935071146113991,0.494684634710878,-0.525290490603735,-1.35109350759554,0.907143193832769,0.255964376289992,0.336720228551345,0.68295327901268,-0.172608913221225
"CGbb",331,-0.435319522635788,-0.39410838685617,0.149094482216053,-0.190432366611832,-0.399527670845377,0.145678506194256,-1.3872842412749,1.18458814992355,0.371493211317273,0.224916954856699,0.631309783035424,0.259440022532339
"CGbb",332,-0.674230357993827,-0.0342789648947021,-0.359716844137884,0.239434212253264,0.0439806186981492,0.159666830392652,-1.41012666654173,0.397961425542886,0.413000276481906,-0.170798082829529,1.49675142315902,0.180053439735053
"CGbb",333,-0.48250990139402,-0.0165908625720026,-0.169116450160806,-0.0181269002029612,-0.263022608140656,-0.0558936640504326,-1.41321213637497,0.882601842307182,-0.0155999173094191,0.870732145981706,0.400478263516062,-0.900391942000182
"CGbb",334,-0.249912967716142,0.0194258637077991,-0.11737405933797,0.290508335132362,-0.0491870382355951,0.146060288660702,-1.82206827385738,1.14239404131399,0.356992474853437,0.934416868301457,-0.0187589507762931,0.403208384965849
"CGbb",335,-0.400472572445591,-0.265341003570112,-0.625186885334498,0.583110114799812,0.208987172484485,0.483758300818106,-1.48167710682845,1.017158495938,0.116832315706523,0.982918792011953,0.620893526317746,-0.230544019071602
"CGbb",336,-0.423128230545218,-0.646118214365211,0.0573554069605286,-0.379751865791215,0.0441810081916984,-0.140324711092787,-2.01828103873447,1.36053590931196,0.522887238772722,1.18725657556404,0.390228187654658,-0.301974129428143
"CGbb",337,-0.284857716394776,0.144528910430029,0.0222333733541123,-0.0855687260023638,0.194242488967857,-0.0961512147186269,-1.53262803661227,0.747960318944059,0.735188315886425,0.632438487541437,0.495902982042217,-0.170278900638357
"CGbb",338,-0.456816198644693,-0.0336522714462354,-0.177570767597497,0.307824599062607,-0.285316142742588,0.241965271844984,-1.56724493394777,0.544864071855643,0.318273946587087,1.19654309376881,0.496737597053116,0.314037490399451
"CGbb",339,-0.492604402882331,-0.345927579299494,-0.03204185277113,0.0668491253666805,0.288015991945782,-0.043527037438371,-1.70408822598699,1.24768754132077,0.51444770485499,1.11850764547909,0.207906424831109,-0.562650045874344
"CGbb",340,-0.172764466962158,-0.256195356486743,-0.0374682293409846,0.0218156039762487,0.175993839744213,-0.0307657215299543,-1.42841224576397,0.961203226168345,-0.00400829516090509,0.87421310053697,0.124515487477333,0.200504784512887
"CGbb",341,-0.48258989267964,0.28765940202439,-0.431001375179652,0.257959123618426,-0.0675441280375519,0.331528843500798,-1.19178734713554,0.966197220689946,0.15349821011309,0.424448117882419,0.437746491918331,-0.292957174689812
"CGbb",342,-0.453826607310421,0.121059466216745,0.260525356417918,0.241714366939188,0.00554562222470372,0.0106247562879188,-1.90325088860237,1.40572089602959,0.031226751617895,1.03972993639711,0.415042663144314,-0.268682705776082
"CGbb",343,-0.525815633119916,-0.0817583719548271,0.00889175216219633,-0.152126570874669,-0.00146375602182962,0.0139811928736418,-1.26711599587143,0.603861013701764,0.507730118354045,0.636671988921248,0.166853395187232,0.22038536873413
"CGbb",344,-0.395881004839534,0.187676700946015,-0.481913319103537,0.626671697564405,-0.114140206750905,0.501179633322807,-1.59784261461951,1.23989295567387,0.372649394774843,0.564019015223014,-0.0848013566443122,0.225962510385699
"CGbb",345,-0.317392418164448,-0.119394769830319,0.19496702722954,0.0382239958123232,0.328784630662337,-0.604098461941458,-0.795578926749998,-0.0674404710062529,-0.229544543656886,0.164625802114596,-0.120329232555442,0.910990809130795
"CGbb",346,-0.718256226725177,0.376392969123895,-0.210474387736482,0.186262360938451,-0.0129375319891466,0.0616635015388731,-1.00210820050282,0.444519550126979,-0.00229812008506893,0.26979813049853,0.0774045846705185,0.808667466813992
"CGbb",347,-0.764247345957414,0.240951303225242,-0.133448062405248,0.17047356936648,-0.272100467235279,0.44586290751379,-1.33119287887101,0.30549891963467,0.466510175824739,0.751238990032412,0.36675729584032,0.159298177182759
"CGbb",348,-0.83253327805502,0.146346890672296,-0.00621778721360651,-0.116031345904976,-0.118844387275543,0.330723229638676,-1.37868729974478,0.776421028837359,0.0592458462998874,0.552001624288407,0.727811504566666,0.446611317956182
"CGbb",349,-0.361396030138638,-0.0608530844474481,-0.282730723407221,0.283104374103032,0.365475204188125,-0.114020269505327,-1.55119675408178,0.71967999290466,0.407845474234715,0.438981673035668,0.161995758632222,0.681839856911542
"CGbb",350,-0.409300448324837,-0.0439053537626557,0.153502901783837,-0.00152496200761956,-0.0786849904268912,0.194117602474085,-1.37507355475523,0.567842206343517,0.351974249134636,0.630165672564952,-0.504489349463395,0.976763589977925
"CGbb",351,-0.779808633650967,0.717659458007269,0.00460653428016197,0.214792440455725,-0.129530607671414,0.169616010595612,-1.33516568371026,0.999044843103358,-0.0226907536493395,0.211549694458551,0.30079033110768,0.291737799225598
"CGbb",352,-0.327626107749493,-0.10066578003292,-0.481946167037416,0.523590651997043,-0.638910023409675,0.670097630468481,-1.35053149077445,0.92012617291826,0.226915474203804,0.629564704098004,0.173945844191432,0.128287037986568
"CGbb",353,-0.563504049537836,0.0278302426296253,0.382023264921544,-0.188959039595426,-0.20463375967831,-0.207062162819512,-1.79346418754788,1.42182487972388,-0.034697227203704,0.925388249586005,0.00793440753980813,0.0390073880217576
"CGbb",354,-0.750082888553408,0.122554465877075,-0.0153383468297679,0.0446005119367487,0.155631299014288,0.163642965385186,-1.85442959716582,0.691304837102419,0.680682176593064,1.57506773425392,0.414277869750898,-0.135076942544764
"CGbb",355,-0.428213147049442,-0.326074641750281,-0.176893822928732,0.281392151562772,0.029737767384289,0.218619222646708,-1.77824238733755,1.20524936122717,0.262298849869241,0.501675008089495,0.0977536796174879,0.446196549363489
"CGbb",356,-0.401620412840943,0.0468655583756757,-0.365887639289534,0.591416412790556,0.332568257541662,0.0577311383571306,-1.27640215904731,0.54231395692229,0.23011269516994,0.554568779177115,0.290692497563587,0.457987798290156
"CGbb",357,-0.489173366568638,0.354725452895931,-0.00863165934695052,0.272131985255875,-0.13420792143711,0.250544744607267,-1.32550176450187,0.780099991061189,-0.0121346868342327,0.379653562672682,0.599883335170665,0.0194038539450199
"CGbb",358,-0.675711801742436,0.74662282777092,-0.247582711748848,0.251982679703997,0.568881063029593,-0.0963594272062834,-1.78608135137565,0.734148171898745,0.0575207139534473,0.363682083200695,0.681744101155486,0.690686536314731
"CGbb",359,-0.497745401640262,0.212079484708833,-0.134770010760388,-0.0137504216284148,0.256792236369979,-0.0548673631190289,-1.41337072764097,1.47836319719482,0.049563455243873,-0.163889634846355,0.247551077515318,0.563723429490607
"CGbb",360,-0.713678814653643,0.153912339097592,-0.471847554269851,-0.000685060826759316,0.439512475126589,0.152302346378233,-1.3688146855931,0.65708835035888,0.421405576517361,1.00883836875675,0.121947089944469,-0.00411667110902328
"CGbb",361,-0.572055889192807,0.103493715857534,-0.449234344677696,0.57095101904784,-0.170117642943355,0.690835651467227,-1.01430537246352,0.231874507651533,0.33141040308217,0.248350313759133,0.730276619440878,-0.0135739039825473
"CGbb",362,-0.252817759399688,-0.886195558098824,-0.344208191362597,0.559845267469998,0.181398619693389,0.47567057146007,-1.39106001688682,0.421569584402925,0.379151752318658,0.527522981723242,0.735289157583192,0.337518851541732
"CGbb",363,-0.379822305583645,0.0832990724128084,0.587308277493492,-0.284332051249759,-0.219036414572876,0.0278555092840289,-1.68015882135862,0.982929417324084,0.173928785666859,-0.0994324485972087,0.0566925648577082,1.04105475112612
"CGbb",364,-0.686337415782313,0.544329917914847,-0.218060371572276,0.645964752064215,0.205876327978309,-0.049122909417331,-1.99119852537559,1.01219326867402,0.452713092393756,0.809751823207305,0.6575213927672,0.103777081225189
"CGbb",365,-0.704551146739235,0.424222068891572,-0.0824362399951394,0.238945399306088,0.156928338766944,0.0448992202879628,-1.67022808710261,1.02137953643492,0.371475723266474,0.264100625531842,0.578183021577877,0.523514901310749
"CGbb",366,-0.859577008189452,0.689305743693002,0.0474482038624139,0.561262508408787,0.308119893469059,-0.444760853639081,-1.29807535008387,0.749935887688717,0.545347700849756,0.605109264766464,-0.359144372020546,0.345833985508182
"CGbb",367,-0.579477441562161,-0.727277680166435,-0.175881559767585,0.108248386915973,0.0828061119110382,-0.168073088788427,-1.17598523589635,0.556340795921874,0.421919012107708,0.761656037425597,0.304477778640922,0.125016103661243
"CGbb",368,-0.49250510276345,0.0599012350687757,-0.00579313258940849,0.512846730280597,0.282836415306707,-0.412209700713449,-1.33522423842779,0.565211929962862,0.543927805863146,0.860062759345185,-0.153081944519436,0.157304139243744
"CGbb",369,-0.751223809356372,0.682625970357162,-0.132794230090185,0.0523237768981385,-0.0622126065910791,0.128276783591839,-1.56254362115914,0.469973310043118,0.930128529591065,0.201091961321542,-0.331280112780131,1.16615266340041
"CGbb",370,-0.318656662298751,0.217918352624396,-0.560537794942491,0.284735871084405,-0.0563263623240521,0.135877953671774,-1.41554371673328,0.632474096883963,0.172689438285742,0.68081426497962,0.212936073793561,0.734340840629233
"CGbb",371,-0.70702482274355,0.295330158593974,0.296343144563022,-0.124909268094425,0.0751246957301415,-0.109953561246015,-1.34195592295692,0.658414013960862,0.161889877213025,1.48318993132092,0.324882539484107,-0.456757963927981
"CGbb",372,-1.00008993123644,0.705472055235169,-0.245198347736097,0.102041829511118,0.416095664009435,-0.0668680854513123,-1.45495713073546,0.461327252686465,-0.00689959064624916,0.367107737128554,0.327912767459783,0.762441534998027
"CGbb",373,-0.592223807742305,0.230675138423107,-0.627741225519788,0.600247509625667,-0.19167971352402,0.596595688678811,-2.17162053554262,0.679672930153932,0.740457258349783,0.750539005991595,0.665460253364705,0.478288156128099
"CGbb",374,-0.25560153161816,-0.0133709087169266,-0.0489248003480749,0.630138360091416,-0.0972281849185199,0.00629333409464781,-1.81237015029111,0.715143669193848,0.864070086537923,0.138943611843707,-0.0583218200020111,1.02689107973154
"CGbb",375,-0.493302886928636,-0.0534320944914928,-0.441464594467862,0.539217011065504,0.170974785588333,0.190659121906519,-1.87677293612091,1.45948370239656,0.559685775296275,1.16355347447382,0.133545269238926,0.132481452294997
"CGbb",376,-0.606170953580896,0.0894602395502641,-0.421039832189715,0.642507681603729,0.53827254922687,-0.0170089259200789,-1.71216126475955,0.695609345285605,0.655148489209589,0.755857202503164,0.176976601958646,0.789782092860403
"CGbb",377,-0.766365288089033,0.232805312445003,-0.057931691758754,0.00809085117842971,0.322519065826979,0.123412068963755,-1.57901749744612,0.867563757258474,0.972999289571812,0.626288758248681,0.00922192418990631,0.473600858310477
"CGbb",378,-0.516644052896623,0.0200180247980518,-0.621993344244547,0.588210031677166,-0.186452415276858,0.632038055563034,-1.74616340280977,0.284311857942552,0.925760573984913,0.932051786570922,-0.157409352006004,0.841387267710177
"CGbb",379,-0.0399859598385192,-0.239488230070161,-0.8099394677848,0.18492765846128,0.0991309690785899,1.14288928773318,-0.963737639616931,1.05330120136665,0.0526191405802848,0.959494409268502,-0.289474412355176,0.103577736690773
"CGbb",380,-0.447726568155799,-0.250370552593091,-0.129588995637173,0.466455304202546,-0.275026984657049,0.28668310012757,-1.05311285142249,0.211049906498828,0.326985643842306,0.620553961804647,-0.180985587095378,0.087721879115384
"CGbb",381,-0.369056771965096,0.284279314471848,-0.332206021041232,0.896038114916134,0.372288478032614,-0.14798908210294,-1.44661574028892,0.643046633213795,-0.161921762155468,0.955028457793782,0.113313988970706,0.459945408335524
"CGbb",382,-0.428567765505997,0.0596402206709577,0.18133032974474,0.103253039397469,0.136120742522129,-0.268404863990073,-1.03305406723494,0.739438614631712,0.215551363939151,0.751054774026024,0.224070899854474,-0.18126303575086
"CGbb",383,-0.741157038688786,-0.0438568665808543,-0.268962358106288,0.557101427676433,-0.14874707410234,0.165870520119085,-1.31263907057784,0.384828956484054,0.267160022935278,1.13401844971513,0.51668833128467,-0.00267229936768026
"CGbb",384,-0.332513073021061,-0.151271600465055,-0.352110614849849,0.70919125992814,0.395089296123813,-0.224599924563576,-1.13490956585106,0.882190791311646,0.366826770664641,0.0923079777312076,0.766215809857321,0.0978221360175502
"CGbb",385,-0.504975696823265,0.0979879958579045,-0.373333974833588,0.570343751766553,-0.146420397196132,0.0993256995544775,-1.47306546793122,0.898577177014367,0.402455997119398,0.502624570285182,-0.171950628131002,0.533536571648035
"CGbb",386,-0.539146032354614,0.352078916501434,-0.028671073780788,0.334184727348488,-0.268525735223659,0.260160438608114,-1.08958716087202,0.574251022101514,0.104086524555187,0.929634083325313,0.00621424098719637,0.043197834053138
"CGbb",387,-0.756421585074451,0.466765714609965,-0.240043500711339,0.385088057911951,0.199074872271817,-0.0270592126241172,-1.85269744308626,1.31846898946303,0.125199760833332,0.155781663363765,0.426609937140852,0.466701954936276
"CGbb",388,-0.410710524869855,0.248530477070366,-0.216490722871459,0.405881313492186,-0.064151305907476,0.278839574315636,-0.734050713428769,0.569251485469004,0.0382443883579002,0.402607835568665,0.425598016790592,-0.127109827183532
"CGbb",389,-0.640158031283501,0.313144896130183,0.0380211394533178,0.26679592380722,-0.279332408787498,0.319789625512349,-1.36592636650617,0.646431058105211,0.338483380921042,0.180302657980375,0.281617905053285,0.288109287831507
"CGbb",390,-0.608607310166417,0.521887502944717,-0.14732821519273,0.141818234868525,-0.0301445555764209,0.482998464149432,-1.18942671738201,0.371152299477218,-0.0854798005317336,0.809504183127606,0.78133221493675,0.187980617772614
"CGbb",391,-0.11216386256888,-0.444513766406725,-0.447337990572642,0.760987872693869,-0.091300370207684,0.208037743703342,-1.35830031125759,0.549099513702061,0.239811112765998,0.610196854893873,0.757740950287465,0.0858083513905523
"CGbb",392,-0.749881002996942,0.300554034808217,-0.131018249692725,-0.00361351640565467,0.137289335493354,0.0931646608918725,-1.42553197015506,0.993435102429894,0.0106830268564878,1.04828478355989,0.387102424705936,-0.372503275758225
"CGbb",393,-0.490074547721592,0.334834933517482,-0.263216392013573,0.18052872396886,-0.0912010997982251,0.528015641153042,-1.26004625218121,0.845909707465086,0.544296482792135,0.687993436373228,0.32920694768959,-0.156019300625478
"CGbb",394,-0.370295689831565,-0.0356486768883362,0.151745528085663,0.705099340901855,-0.2365544813841,0.184218293751556,-1.35538815449723,0.631307512618455,0.217790308057856,1.12575227114683,0.0639361883879575,-0.369848344426686
"CGbb",395,-0.414821317321452,0.285109542832174,-0.194774004722184,0.265853063703218,-0.149136664771386,0.421035595790444,-1.15814647646557,0.75111406566382,0.260491083048703,1.11085599476831,0.270288225704917,-1.05049438451941
"CGbb",396,-0.35214994458824,0.208835944893627,-0.506901859013252,0.211007902045752,0.219883488316572,0.229297912230935,-1.25713649235131,0.683669127859309,0.378191324962596,0.0837996901049713,0.411234528808504,0.337003479738025
"CGbb",397,-0.502853117965088,-0.0862466143904766,0.100124078792896,0.550900722134522,-0.0669377915203496,-0.298349553009864,-1.40103413017675,0.87059764917137,0.119693673508493,0.614544221003731,0.874616249448949,-0.00401166620408734
"CGbb",398,-0.600914839790753,0.270634261610797,-0.244993249191795,0.360501705031911,0.353920668802315,-0.0225790921628241,-1.27291814850477,0.597915882844203,0.135323200331713,0.180445569548667,0.129407540386515,0.817735599167188
"CGbb",399,-0.266088272794548,0.0628834700954014,0.292108159738601,-0.252941001415203,0.095451913406611,-0.0654308363750151,-1.29641470394931,0.844246185861395,-0.0128811960810935,0.366802922491327,-0.0803219669561082,0.862008396900552
"CGbb",400,-0.712933687562431,0.0867724557585611,-0.223865647020705,0.185003418539019,-0.226244493185728,0.451521234186082,-0.54316458476873,0.449722377454343,-0.393769845360441,0.500724710240354,-0.215419031551192,0.152727961261309
"CGbb",401,-0.595597545104327,0.45154619522062,-0.11691246171979,0.281080646745229,0.558018868572167,-0.474070658316926,-0.767040846119506,0.530049275213994,0.0533316566873248,0.847556503792524,-0.25005162705377,0.190805552011495
"CGbb",402,-0.759984935420072,-0.143074556601049,-0.408772916058655,-0.0559602269367344,-0.0463353781573603,0.561819473891257,-2.0512417958943,1.95869920519854,0.554781395896112,0.815070528033396,0.118875529868573,0.0192130890501766
"CGbb",403,-0.233929294075958,-0.190160091304369,-0.102595919327832,0.199370665223309,0.0381723708625682,0.216715538908036,-0.820497594720575,0.650085286239275,-0.238331240061239,0.994375634039675,0.568200747655589,0.0455275937285381
"CGbb",404,-0.679946705573088,0.447575452117335,-0.403630014230688,0.529414138266664,-0.301893256165387,0.646003677102092,-1.6014635083075,1.13887523518048,0.585996735313186,0.113453447540374,-0.180525085160981,1.20401717363502
"CGbb",405,-0.306040307642765,0.201181934398565,-0.534688263941286,0.757016854656435,0.273993303851709,0.16177835758736,-1.4407943271846,0.722275850879893,0.432478169125727,0.409176089727731,0.247433612673441,0.197146567267383
"CGbb",406,-0.429906329084976,-0.108220715693246,-0.150250936825278,0.178461256180673,-0.459751086228161,0.497313451626884,-1.5986818921541,0.524503521920171,0.604949521187711,0.573568714990986,0.400733563642652,0.602577613255247
"CGbb",407,-0.496798850073236,0.137532036376042,0.278225412000123,0.00241977762877047,0.193715986095769,-0.713470828151652,-1.75129788835706,0.802719159173548,0.798547026940575,0.506544200275205,0.321157370223843,0.531705340769915
"CGbb",408,-0.306326280048392,0.102506143627256,0.142931060969831,-0.0350729413363782,0.340058195377112,-0.169888243965825,-1.0220539461329,0.415796698649115,0.136548979711019,1.08722642809009,0.00201898836898584,-0.0506155294369311
"CGbb",409,-0.498693661898921,0.495768268015864,-0.325676576766557,0.43483920231764,0.182936054554313,0.0433703143883675,-1.23678676441295,0.679825282919142,0.187747017154889,1.00577247828072,0.320905579295992,-0.0291679514914137
"CGbb",410,-0.578267755843075,0.409858384946898,-0.269499025344701,0.223559855441631,-0.20671101706463,0.356417417356168,-1.12819608353403,0.583252613159359,-0.0611441067006889,0.969501394168835,0.0173374152184474,-0.0495083696514914
"CGbb",411,-0.439687252682832,0.226018632238616,-0.413042943411571,0.326533024712038,0.324377223593426,0.248905719687914,-1.67118490963177,0.598308805808259,-0.0452176385947275,0.86042089637437,0.303986627177808,0.0126841371652673
"CGbb",412,-0.622793189314116,0.565747875538536,-0.606104545037256,0.382614198192178,0.320539446842105,0.372380271943431,-1.38151414291967,1.3824167276735,-0.0869785254498266,0.447650624581139,-0.0865979155475164,0.668198052726377
"CGbb",413,-0.694030083870453,0.686268353180186,-0.286820529894234,0.212582544225091,0.588291870093084,-0.0678637946338455,-1.18534268157521,0.49222627959581,0.448311056256433,0.384238576915565,0.144589508099896,0.491499295494745
"CGbb",414,-0.512857145500516,0.121845926853077,-0.459485070350699,0.6945149378472,0.361262944503237,0.0471081037082148,-1.49311772073634,0.929820568298031,0.377584469911336,0.758514137034704,-0.225744941687718,0.187148902097783
"CGbb",415,-0.66319425333708,0.0717253329043684,0.0607309536899486,0.300425383010801,0.273511554077453,-0.00692002270591015,-1.23581671826268,0.761202876490257,0.252114332505344,0.151693987388699,0.401061595103503,0.419470160362472
"CGbb",416,-0.47426670555897,0.274649511934209,-0.735266515553472,0.483245496032138,0.521439434907272,0.209298488861706,-1.24458981739844,0.841142266159675,0.370849983421325,0.339203466155968,0.790528647406922,-0.185917220692146
"CGbb",417,-0.396301362343781,-0.0241691143952286,0.0979065130509,0.175969191180776,-0.303728374855994,0.198230129081523,-1.47429110015076,0.939460193104903,0.417513325272822,0.505874907880812,0.101530755943143,0.07690732137622
"CGbb",418,-0.221903514080985,-0.302224134574095,-0.0108467072021899,0.415042847784329,-0.171638555843035,0.384205977506651,-1.51699921134416,0.598766337614868,0.313225453746689,0.402777583165025,0.225111735697374,0.741703541174182
"CGbb",419,-0.27793905466443,-0.277441953938497,-0.186984358924522,0.283508489530909,0.445998004380938,-0.144648044277656,-1.40281072465465,0.900683421154999,0.0978748129090886,0.305409634019436,0.441077731208157,0.0594139297120153
"CGbb",420,-0.352552726791264,0.113353268428382,-0.460702310431505,0.530670841762893,0.536742816889467,-0.165509664022141,-1.3252600895238,0.94603283097792,0.227945325915424,0.846738559798444,0.325893918976047,-0.236385260904853
"CGbb",421,-0.58514453788407,0.405858376043437,-0.680570452512825,0.715477259508488,0.259283374878803,0.329132524039233,-1.48245999006788,0.389336487172059,0.433786732473672,1.13249137563715,0.103240363051518,0.42584182576836
"CGbb",422,-0.596812321289681,0.598032702021379,-0.60600974599621,0.195634628838573,0.411562578246302,-0.196731297885437,-1.36936773742307,0.974678197708084,0.196861476573265,0.174830466790677,0.242586892533859,0.594093444207326
"CGbb",423,-0.441310017782017,0.0377308543319262,-0.345883998240614,0.0762042806550048,0.0671803932013613,0.312387945169398,-1.01820378687459,0.572765759628151,0.12200858373363,0.59746964969189,0.818649631046205,0.0172645456636496
"CGbb",424,-0.478279994931441,-0.0969332601770859,-0.448192806397087,0.160108530895913,0.179244651372479,0.415525297270317,-0.922412979697571,0.783708432208068,-0.311575394011745,0.819444177718349,0.204108818624641,0.11180822512833
"CGbb",425,-0.693944349846979,0.139897529700997,-0.599050227784468,0.722037890391523,-0.00261278427379086,0.050214822038848,-0.836920502091945,0.657780107906228,0.579918983336299,0.293680320241057,0.480764847129516,-0.35167948079477
"CGbb",426,-0.262009569235521,0.128448173009192,-0.0766984254428225,0.0311191147900542,0.0676150636278924,-0.0640700888741293,-1.98451894418681,1.0542832349202,0.717450495685764,0.520082981615412,0.65407423040845,0.0376056205922889
"CGbb",427,-0.575700929526025,0.371989990407078,-0.202627130860513,0.0867728226376905,0.16625658107625,-0.0814252057360246,-1.44876041060773,0.844801538030138,0.0716667402472855,0.505071331409586,-0.165547108967497,0.793707469423833
"CGbb",428,-0.445136632543408,0.0982595111434517,-0.119128868465468,0.327741175009563,0.0571658327148221,0.12586291068614,-1.23712815413432,1.27707024844036,-0.118529272584506,1.00426826961934,0.0868391998548487,-0.0318262659151251
"CGbb",429,-0.889824162332938,0.693432196925819,-0.0277469255580058,-0.402386101758015,0.0997968118824215,0.352607002658188,-1.33837987520667,0.854151080162623,0.587375822238784,0.455298098743688,0.202275124304682,0.0129325226164749
"CGbb",430,-0.589806402806514,0.037816344395401,-0.174961344271384,0.831466230461166,-0.087456217287603,0.231184607855912,-1.53071493079019,1.13205594712809,1.0299886063912,0.584833968817518,0.110504041301318,-0.0379232408437762
"CGbb",431,-0.761670782638996,0.158243733475934,-0.0609319704652707,-0.238129717122955,-0.0673895099913003,-0.105418727489222,-1.6869948833866,0.87454042052248,0.81594451587215,1.00747509086466,-0.879744836941281,0.264507108194417
"CGbb",432,-0.387655739872374,-0.164522999774722,-0.0776107982598356,0.419892087403183,-0.0799702701139402,-0.131080121303949,-1.73493190891562,0.931594800886573,0.514383628825992,0.62365583325634,0.462415562715934,0.201569214214438
"CGbb",433,-0.225719963904393,-0.124786041557496,-0.213853180814845,0.5031759776709,0.22965690301311,-0.0938634401484434,-1.9445063190917,0.686695579832016,0.394438798094417,0.167335622942866,0.405948601117299,0.811181018195951
"CGbb",434,-0.454933892935227,-0.0391300373256297,-0.479713626933983,0.410027929360153,-0.0357320962288579,0.143285291573133,-1.15439074324748,0.941977855121792,0.701626746257144,0.64017942670725,0.195678358486632,0.139221453279559
"CGbb",435,-0.398432868509249,-0.0213649402976819,-0.280399029629205,0.269341780335485,-0.135898110624095,-0.359056457672295,-0.869984179539474,0.422340609322726,-0.115423114478312,0.280493129425963,0.50539788664575,-0.0813251339424479
"CGbb",436,-0.457443690332585,0.22696209120408,-0.621699751575322,0.820260563272432,-0.0991949840424077,0.382748185885373,-1.28547041416092,1.36232399418418,0.0490959062772534,0.526177132354566,0.276147477493819,-0.130508831325245
"CGbb",437,-0.465646974751514,0.0492228932492213,0.0521179737692262,0.226454420547831,0.0104506538366742,-0.0494282353134433,-1.35000078628692,0.774161163403273,0.594978487755341,0.749318180442242,0.341068075671849,-0.355981692901022
"CGbb",438,-0.433461915016457,-0.793808745923758,-0.173876419819473,0.217104698698027,-0.250456729862849,0.08086549794588,-1.51737538951263,1.08576222118219,0.0291868419434588,-0.620679488080808,-0.331017239672623,1.81820457446664
"CGbb",439,-0.194972676054908,-0.0619738825713474,-0.201739557863565,0.152157217741408,0.125404558912738,0.0433529716786634,-2.13062696204255,0.994703701794938,0.712400403194973,0.550185266057808,0.597390574132024,-0.0513120570070749
"CGbb",440,-0.728324394449245,0.292612518846046,-0.054910358885113,0.284185878783318,0.265229740117349,-0.194224398191803,-1.53269912903101,0.307990925860052,0.00772819156788887,0.448020870137491,0.342324400085774,0.97822100714624
"CGbb",441,-0.568126133728991,-0.0762123357542506,-0.374175601056376,0.22222760087733,0.29108622746881,0.123841698683806,-1.61957737340331,0.168330193973788,0.302692668325758,0.716720896198121,0.436739893922271,0.468602477515955
"CGbb",442,-0.718805721788675,0.591752537707793,-0.0448150157586209,0.24131882351435,0.12905121994428,-0.14485944533944,-1.92459109588005,1.23263168190003,0.593570895476625,0.714632880334094,0.457799451286129,0.324532972350855
"CGbb",443,-0.599704965259093,-0.132551251663465,-0.726866815390648,0.736271849578447,0.229174813221919,0.155635235036507,-1.95846886107889,0.721937064164554,1.01405248696512,1.01887077526468,-0.498678709470996,-0.169761934532019
"CGbb",444,-0.607331648502822,0.43669212958434,-0.380164808110783,0.500474990608173,0.338694775955826,0.282188830343564,-1.09435474770434,0.700484177630139,0.184219518147142,0.434710925382394,0.424414897915683,0.111776202074368
"CGbb",445,-0.469247568555653,0.1195373538806,-0.162866179302502,0.267622182946216,0.0350758425797829,0.125004319104483,-1.9585618855303,1.40915695267961,0.595342205670986,0.839935959209652,0.354532154552571,0.141005198442144
"CGbb",446,-0.683481822324797,0.416282433434061,-0.444569727682516,0.647662662039586,0.0327919653208292,0.117165690725811,-1.69438989792634,0.897494251338593,-0.0317508449892185,0.22958520123431,0.174543348276059,1.07665162461283
"CGbb",447,-0.394314695935523,0.216364173434978,-0.513374124058417,1.22765500567918,-0.0288091372090086,0.0200651403608524,-1.65248569919503,0.911692144788029,1.00194960730885,0.204915716636311,0.710305403221795,-0.0865898743973806
"CGbb",448,-0.461706369828078,0.204658244829569,-0.153438582639385,0.22225051244888,-0.380292909386868,0.754875282400898,-1.56495953050469,0.693356134721574,0.282984404382552,0.491315121936844,0.165171505350709,0.725970631023769
"CGbb",449,-0.388173851919783,0.0602040873404421,-0.214566095528368,0.739315627460069,0.279438504763626,-0.0588764958619596,-1.52604281915112,0.7308488569353,0.158741187439864,0.790202373900564,-0.252671477625849,0.495463096562345
"CGbb",450,-0.422487742896199,0.107114384047337,0.0272935396095569,-0.169058661556441,0.0595325534088448,0.461781990441312,-0.950394697867703,0.981233728025832,-0.158259697851716,0.339695432396341,0.161666514482669,0.289932623002595
"CGbb",451,-0.183083638964089,-0.281712063597666,0.247692662242607,-0.0893455727901663,0.426466450214289,-0.617688469193872,-1.16398346264584,0.438178024843103,-0.138593683850665,0.963207809199751,0.428090356535617,0.453611044202765
"CGbb",452,-0.719879451693534,0.160149782872219,-0.263402622069941,0.25480731226362,0.405478962019762,-0.0432396205806223,-1.09171947080309,0.670154682112776,0.0985919932090207,-0.23401271210719,0.591994802227521,0.683239542344943
"CGbb",453,-0.490556256377118,0.120193276330052,-0.115929121667434,0.314794949422441,0.176622608919684,-0.0159223345543612,-1.54361820093821,0.892059263087448,0.38394055067793,0.95499839671718,-0.0477492645935378,0.509807744193651
"CGbb",454,-0.645565139380273,0.336485572572344,0.191534693687677,0.0592961354511204,-0.20283807231113,-0.0139062282211261,-1.31665468455287,0.977610995340139,0.297768820433925,0.810492133534793,-0.318798221277386,0.656158875726145
"CGbb",455,-0.519095031098995,-0.100311536909298,-0.0991637277646642,0.202259774718066,0.130956142578878,0.186472992975137,-1.53812548628543,0.421483350932731,0.970838112106272,0.135303812978316,-0.048486572774571,0.570626713003685
"CGbb",456,-0.22550442393143,-0.182327710205713,-0.377368796355062,0.296749034285134,0.0260701379155435,0.347385875715226,-1.50858134445751,1.04446966133678,0.186007910036705,0.112713633046021,0.863777032816745,0.403563666570534
"CGbb",457,-0.576346889292961,0.351635156722461,-0.318651003973232,-0.0277171614315563,0.384984795667565,0.205025136152884,-1.10332463301536,0.390613991922612,0.284794711095642,0.363222764998148,0.618313475955653,-0.251061318282792
"CGbb",458,-0.245201414694946,0.0557116731046637,0.183166272820082,0.0425180852117829,-0.0636776443192562,-0.183062269725259,-1.33792761680762,1.0859561764953,-0.225673742074677,0.694788413437568,0.0613606770636941,0.588176332943116
"CGbb",459,-0.795221548460405,0.457112781462896,0.104533288626863,0.30125860424865,0.461720770820012,-0.339799709260518,-1.77020615057495,1.03295604817135,0.667856772859456,0.686146960756956,0.87229773887582,-0.0836478330171165
"CGbb",460,-0.495441714949716,0.0161175975466557,-0.0433694678620694,0.257403616755396,-0.495937516860474,0.0535024172468533,-1.35212665526012,0.731955825671662,0.697429639718836,0.767161588878542,1.06399351009923,-0.602189091995291
"CGbb",461,-0.39763315278193,-0.0193787448947721,-0.33445066578681,0.317515982827034,0.0145927842878673,0.219414142242896,-1.42892603472061,0.45627239589693,0.873144943620023,0.675990653902335,0.638228582041092,-0.12232585804413
"CGbb",462,-0.462880862514719,0.136629593219802,-0.1022840435923,0.488617456511967,-0.230198489166971,0.329496183468359,-1.47508276122376,0.974088860254399,0.918398517610849,0.285556106791227,0.621659923715405,-0.149301095441374
"CGbb",463,-0.341967219774859,0.304581113519316,-0.140713477363723,0.514400640982592,0.0469349879323486,-0.229679885384959,-0.867359701121395,0.299855477737423,0.0945699626474741,0.858781672763072,0.177810823379553,-0.0306483738678587
"CGbb",464,-0.289618122309253,0.06671595497286,-0.149060902089292,0.499870186246575,0.409482646787875,-0.222956450889544,-1.45198650899184,1.2144647072135,-0.205378751440063,0.828515474478345,-0.276060640791402,0.473829881104991
"CGbb",465,-0.559397412353695,0.153609195974677,-0.203514681841756,0.578676890329477,0.134967622852201,-0.166564005514899,-1.5467212181593,0.400412729577568,1.12858201134342,0.992390898021847,0.822761780086149,-0.212874566807148
"CGbb",466,-0.359026587000925,0.0368193161709099,-0.0537400524535889,-0.121619703841181,-0.127287360850546,0.130269716595253,-1.15425726762983,0.646009878570284,0.149260408437291,0.561531104454552,-0.119830291397691,0.352982891795906
"CGbb",467,-0.601736997354339,-0.0536559910441735,-0.321079457843694,0.508543055554088,0.139780490062816,0.225946930887778,-1.72955561797972,1.01506084675786,0.225972235297636,0.871738906749852,0.192902118540167,0.264281338609872
"CGbb",468,-0.764255863307647,0.318149719278546,-0.208783301469309,0.429971239187647,0.584933894143956,-0.241871889423955,-1.31595488572661,0.142032204840409,0.732792319051906,0.832037064264777,0.134714205200661,0.28450825016015
"CGbb",469,-0.644937194235861,0.416668693224982,0.151351541420132,0.384520765080003,0.162930082034951,-0.491055714694743,-1.69993938982796,0.75194565191745,0.679932821552479,0.879450971095443,0.215372918314937,0.053821897971572
"CGbb",470,-0.248480223842554,-0.909660407710269,-0.274770545088837,0.469055450527238,-0.385619238074418,0.65791685045288,-1.53012483822959,1.20828200221272,0.345027287621356,0.184016617987837,0.396330016951554,0.598592213193625
"CGbb",471,-0.395444072543225,0.221566183865639,0.226630749190545,0.244564228024786,-0.352729953592512,-0.0995669572336164,-1.40027695671243,1.18947094176245,0.228009546024756,0.308879855380652,0.360426428529007,0.323398361312036
"CGbb",472,-0.235563675410265,-0.248230857417038,-0.363037741598978,0.116400636643565,0.12801058647056,0.501784710189783,-1.09635308274266,0.877652053008239,0.292659336086176,0.80445705408814,0.369620184298018,-0.292141443056959
"CGbb",473,-0.425734905791599,-0.223681570616641,0.120396442587177,0.103315136322129,0.22862284966431,-0.0105576176185324,-1.7387864194857,1.19925470804634,0.16398811383617,-0.0445916003364859,0.71564123602045,0.364676733444263
"CGbb",474,-0.46363299951315,0.489371107483152,-0.455069614682877,0.693084144978225,-0.336104839842987,0.627082195359064,-1.31423779913245,0.92111370428386,0.202599529865646,0.493319478899777,0.468643508449622,-0.0769012515464807
"CGbb",475,-0.420628293096839,0.0892231563558192,-0.438632234655711,0.919870114807873,0.682039862208494,-0.603380464316822,-1.37130361640936,0.992437925142996,0.230584003250302,0.19594103999389,0.351412920920581,0.455786332082575
"CGbb",476,-0.680889656189014,0.20628918158961,-0.599164479793265,0.589304855823621,-0.146211727661092,0.415179554613776,-1.70418329132102,0.885265917528104,0.545379136210883,0.535109303652182,0.582676208154801,0.436099481781971
"CGbb",477,-0.696395135859932,-0.130946768593444,-0.373657109505826,0.377913109821904,0.0703103606784014,0.0240017144149958,-2.35625378345161,1.79500893316168,0.311482348814547,0.511456093756028,0.721012328339587,0.209383287064477
"CGbb",478,-0.316448261164436,-0.261663601605888,-0.161142507365216,0.1709503638741,-0.0843977195724006,-0.0923222904009171,-1.53939095648844,0.99998684780686,0.380775830288296,0.390459511372716,0.382186940491537,0.491258410386795
"CGbb",479,-0.498139711450277,0.253214285554452,-0.514921961600998,0.45825612208659,0.557020854423072,-0.0613931700540444,-1.6927122859621,0.699960264634897,0.660887247331477,0.205509041737842,0.648423815541874,0.314369918558881
"CGbb",480,-0.436440290413012,0.0237077303411154,-0.315274546569319,0.768983786863817,0.557291982546489,-0.30366273492005,-1.83474823388804,1.52252093773122,0.214551682390721,0.85866201279922,0.213499563901422,-0.0599832296717007
"CGbb",481,-0.277828100998605,-0.059220312056025,0.0916435290412807,-0.133979097470086,0.0650944865784445,0.0737867346213389,-1.22355826049101,1.30484440896127,-0.518298536777731,1.1902116084636,0.419293745909309,-0.653795610471653
"CGbb",482,-0.208906921863283,-0.240240339449458,-0.285496699968994,0.459073568632463,-0.118948259617827,0.0793891480041037,-1.18753810458696,0.538530528632839,-0.364848617857311,0.56148753254022,0.135641227598688,0.462867867628709
"CGbb",483,-0.296530065903381,-0.0151523863315082,-0.0141495217162562,-0.0775086812307258,-0.261293343067041,0.0641821694504095,-1.29816014923644,0.815223712780568,-0.0213360718661306,0.126601894120749,0.369603346298588,0.393480933601221
"CGbb",484,-0.649361317650214,0.593034137646371,-0.466036301828646,0.631689647714586,-0.0930876908979853,0.598205884429844,-1.44737149181889,0.910035464009546,0.582540199378791,0.567999917521376,0.413845477375419,-0.174306740058471
"CGbb",485,-0.387520687523984,0.202997340373888,-0.107527738353303,0.674069615466725,0.606430857222911,-0.171586293592178,-1.1065512603752,0.53190686072254,-0.193444180978974,0.634084006218004,1.06806535810412,-0.227070352729349
"CGbb",486,-0.0673393988983062,-0.0830953047257617,-0.215881103290381,0.133246212942318,-0.00626391155632808,0.155973602528204,-1.57533319656407,1.01403641209774,0.251906737782278,0.656554002147074,0.347223160037647,-0.0396998558254389
"CGbb",487,-0.531208803464007,-0.146086030660154,-0.114637971800468,0.242127033617285,-0.00970251366575179,0.0955918347923141,-1.40072718815138,0.581108052660522,-0.227061835070872,0.0499046968847257,0.431024473945365,0.908145601495906
"CGbb",488,-0.220835742966355,-0.0543926117919804,0.0297199398459678,-0.0583630654682466,-0.0907178935447147,0.322388702429839,-1.59851815121254,0.782375492067708,0.929198786407838,-0.113420611048477,0.603481329036361,0.643038018558596
"CGbb",489,-0.510449998125724,-0.123992789695446,-0.155719983909772,0.0600332792992597,-0.312841384161873,0.271992329426382,-1.51153778294935,0.932472762868174,0.514321153923343,0.487017649800774,0.0653409617064481,0.68414536296374
"CGbb",490,-0.218321267491108,-0.104803577269332,-0.476215438831911,0.810796317603747,-0.404882580531675,0.32771788019706,-1.40483531609885,1.30932926317045,-0.0792370509531085,0.644113828310061,-0.0595912824082878,0.719957422807467
"CGbb",491,-0.888707317812466,0.571985953372588,-0.0263999672212871,0.307022787305027,0.711218433191892,-0.615930517644299,-1.21864531718275,0.392424031695252,-0.375673554854247,0.641127133329008,0.337024146457956,0.324249482772812
"CGbb",492,-0.655255504301765,0.284538471758034,-0.129874585781742,0.369853414772427,-0.416542902913973,0.0360354207891661,-1.25988787785944,0.893296792428606,0.124569711425872,0.0843035678104262,0.311193821751003,0.390370900642157
"CGbb",493,-0.384178265433618,0.26574000932199,-0.20396362311745,0.256776584643002,-0.0693415738080431,0.161111495145142,-2.24917966876831,1.39753180251674,0.553569462003682,1.78918723120921,0.879078604210877,-0.764335221261465
"CGbb",494,-0.462209475821451,-0.0716361594005324,-0.0416919845849491,-0.0447646239860345,0.0167754481667385,-0.171252710574588,-0.960919807858232,0.546676963497048,0.40479463173853,0.146606137166202,0.182255744474611,0.231070412248468
"CGbb",495,-0.453675034147422,-0.0930316660397694,0.0685695626056392,0.312001698496618,0.2190117265939,0.126991739513828,-1.52989081309137,0.979136505198465,0.57335629137426,0.611332610469596,0.370602449630272,0.100712677487557
"CGbb",496,-0.487603335510749,-0.0650041211337009,0.121407295693225,0.491893391143614,-0.172614065961463,0.148633826414254,-1.05784988476796,0.471589377586558,0.746042539337733,0.749010802870621,-0.232394462780947,-0.133912575397207
"CGbb",497,-0.197416700368314,-0.362313949214893,-0.481983600862539,0.697043153173548,0.410154610479454,-0.0816384090422509,-1.07418375056739,0.431061556326273,0.199789068682586,0.45547746729716,0.269385629946174,0.361247071117312
"CGbb",498,-0.372866225041545,0.216877572990394,-0.125249465838733,0.269891972979475,-0.214345073210124,0.598890106685435,-1.19902610024019,0.91392070728342,-0.0985054132743175,0.579883469601419,0.0991532134178717,0.486195754280846
"CGbb",499,-0.578011114550078,0.060973557253057,-0.298938110914985,0.204190638199245,0.148247650493056,0.28301894447625,-1.46833153705303,0.940328205482311,-0.0383667572304405,0.714004046438309,0.0613294578839821,0.354436781293958
"CGbb",500,-0.179919731341529,0.0833681095627146,0.139428746202985,0.472091364807603,-0.403027164594002,0.190034169398715,-1.50242617170493,0.831787809745292,0.62753178961676,0.908964208874976,-0.172000261398806,0.281133143789032
"CGcc",1,-0.593517155310744,0.145295997139488,-0.15408397129025,0.966684618024893,-0.209988648590999,0.120733594958127,-1.29040986107092,0.502648259312293,0.178957599634676,0.444638241589009,0.208644271957699,0.153032873984867
"CGcc",2,-0.898342858296997,0.200436432909162,-0.0767215584404713,-0.066430308812845,-0.250445449230299,0.116228118448015,-1.70732729365197,0.54012528642799,0.155962954998999,0.493764725347383,0.389160011207596,0.325428510301837
"CGcc",3,-0.632594914245596,0.0671702141627265,-0.346779434045091,0.415931303159001,0.200777555826239,0.0796082356069853,-1.65854774084353,0.404564544115699,0.744276880052329,1.06878625269012,-0.0107871192535124,0.16312410355826
"CGcc",4,-0.525802252674398,-0.00382022484263697,-0.391721442834203,0.469727528636911,0.249595123808615,0.14362172425441,-1.87476547255301,1.03982480339482,-0.178939621051547,0.513927060458048,0.817022434555508,0.253426274121754
"CGcc",5,-0.39210849985744,0.0328585732575851,-0.359660513574767,0.253862759707687,0.241380711609406,0.097595966578906,-0.428899150968994,0.433039848199103,0.115948678860082,1.14016637936266,0.0409182189797486,-0.133865986966158
"CGcc",6,-0.366212103355826,0.0832384257570918,-0.0924091103254565,0.757576130694998,0.207413889445404,0.0476944609721983,-2.05511145968729,0.868790517070631,0.407961920256684,1.25206726872109,-0.482890391221879,0.389763410601601
"CGcc",7,-0.176821020846202,-0.122673146908846,-0.207949773331276,0.0479617349319536,0.610469561309489,0.0395564656417468,-1.64066230522509,0.789972239202501,1.16898351436704,0.529481059703217,0.364442966033275,0.131552210304746
"CGcc",8,-0.954107253036839,0.333768829822279,-0.477582992889478,0.325724590393678,0.152213173155924,0.143100185519128,-0.94289336039261,0.77489874233119,-0.202075952168729,0.493062128071972,0.239637199954038,0.0685220722480247
"CGcc",9,-0.248774631052751,0.0228258766072689,-0.0181535258127377,0.266787672065398,0.310772209211795,-0.0731301496308364,-1.10678933360713,0.296260051560791,0.0464675262832155,0.730539240246258,0.497190401331412,0.0952103405494872
"CGcc",10,-0.513622368364888,0.190464451251715,-0.0256973205124816,0.157567215128184,0.103200964641355,-0.0235698672357956,-1.32431325559659,0.658501404721632,0.509229110297791,0.744877535892204,0.535737240447116,0.0596158124795069
"CGcc",11,-0.477898527919954,-0.00649395809143304,-0.136162542605758,-0.150776046415823,-0.119965541237036,0.182767999427886,-1.6114074537399,0.931507283384419,0.416119009498993,0.765371027590384,0.451089977793946,0.0778379805004852
"CGcc",12,-0.639732119667536,0.22296339445561,0.328550688128429,0.31111219369605,-0.0449715922655855,0.00626962050888531,-1.48383577145698,1.06312091846571,-0.504259422946011,0.771844890686458,0.724086522301129,0.144785184944494
"CGcc",13,-0.605379820979087,0.145398371941979,-0.0419682837290583,-0.0375256343673381,-0.0324008760692855,0.036546906220967,-2.26826607398395,1.49232612298764,0.273899293072854,0.8838688372875,-0.145061609831158,0.312393721699866
"CGcc",14,-0.611973525882891,0.172539819056154,0.414112458203549,0.579226172971261,-0.0290014040403465,-0.0787447629263004,-0.762960561278898,0.810594523419835,-0.357561017672387,0.427129168184843,-0.0121442646510975,0.0778116068003887
"CGcc",15,-0.736738369451066,0.210220499075287,-0.702250872440472,0.880214809542199,0.239302084482468,0.207347298633452,-0.981869326885432,0.500108916868082,0.427642353940479,0.559665993767399,0.252334242169468,0.0702068017838751
"CGcc",16,-0.286742732919971,0.0309427972591327,-0.278859809479148,0.303037064118253,-0.390136892009258,0.290189006809227,-0.81631045688327,0.185227733837383,0.0186664124046188,0.57696045420365,0.563522543630893,0.089963571905274
"CGcc",17,-1.0141145384356,0.389957501883765,0.0294474732594758,0.335391139591219,0.08450844248592,-0.0192735790169624,-1.60535569087659,0.524888611262243,0.189323481357615,0.644018315320815,0.0671650069386233,0.260731037654525
"CGcc",18,0.271545052845984,-0.237901213338047,-0.38662691860059,0.504169229094945,-0.116094892530277,0.215153474636649,-1.67578265719565,0.749560497474396,0.389932730942832,0.627711486254914,0.187908617049356,0.348603304723359
"CGcc",19,-0.272613192507942,0.0593918297635743,-0.669049208967318,0.307730745336657,-0.0384857999470866,0.232241050530033,-1.11780653763801,0.856373069117258,0.473994276508476,0.066287061245046,0.302234442033452,0.168610302905547
"CGcc",20,-0.605017994850654,0.168336479416722,-0.820449265544378,0.420189659910812,-0.439675048325933,0.40754663493744,-1.14005230151196,0.816040975354395,0.438041962748594,0.0714139700275971,0.495597117317821,0.0624117057569739
"CGcc",21,-0.00907964271073902,-0.169988516046118,-0.422895741744217,0.567832654100761,0.0371956144730765,0.0928262195271903,-1.66346027584427,0.808077933810018,0.223966828389986,0.541263845131481,0.11094881763022,0.287511449015697
"CGcc",22,-0.540460667347553,0.178055541331033,-0.296907773786568,0.844957620068348,-0.0555998778813406,0.113709404354151,-0.933218466794521,0.832877624754699,0.057916602306244,1.19265125575292,-0.0391433626528378,-0.0393137750012649
"CGcc",23,-0.118368283005451,-0.000765545585207257,-0.0536769994744073,0.573237992250403,-0.0961532846990542,0.0784880409070568,-1.76142868787585,1.33117703111366,-0.244443038410567,0.310202335725025,0.530031893423951,0.278581152395781
"CGcc",24,-0.403316776647769,0.0203555908801707,-0.451676496486267,0.191599389661526,0.260905516059993,0.156127266736028,-1.04032885257363,0.456869544626627,-0.0190594733063963,0.754622529566459,1.26588411799004,-0.0860994527683956
"CGcc",25,-0.506133806826855,0.12282355002783,0.287689556168091,0.741277891532392,0.107457934033872,-0.177263554353902,-1.99093543733291,0.728400816006417,0.446490456458172,0.642368420910737,0.176800565341652,0.312681704443001
"CGcc",26,-0.453868053520433,0.033900064053945,-0.708157368716433,0.0673584050387759,0.651614235119168,0.126237696349957,-1.96348034073483,1.36361369764507,-0.338485175535572,1.11158136062407,0.0131100392787582,0.225563063989703
"CGcc",27,-0.622236563559413,0.193411878449694,0.144071831164107,-0.00701549052658096,-0.155616189907888,0.0974655099584247,-1.38015677707515,1.2918589657023,0.302715694543123,0.757757035650343,0.219678683820623,0.0610691125304626
"CGcc",28,-0.0517340384376203,-0.0877891658669714,0.0840094330326766,0.386706519591241,0.060345334499007,-0.0495488779464722,-1.11066251932084,0.116073354388733,0.646841686606129,0.626792835744185,0.246862492958514,0.126426336649284
"CGcc",29,-0.358055168517766,0.055097492434235,-0.121158685125814,0.600621656413786,0.208121860534474,-0.0282117537991227,-1.17829712199269,0.912062155581426,0.057769942136624,0.282710568020052,0.597472526977535,0.063245984890894
"CGcc",30,-0.506619862440013,0.0341460651065745,-0.2542506654531,0.199124987747004,0.0262254786633906,0.223762710105964,-1.25221598159113,0.458898167749904,-0.0420126857759071,0.899210617684324,-0.162609959297324,0.159210091857893
"CGcc",31,-0.484151586513788,0.119017631666377,-0.529013523741857,0.318455145222432,0.26728006966293,0.14863295766222,-1.2222629156951,1.02018045875083,-0.192569912559002,0.54102848457285,0.76321360559722,-0.0221481906389443
"CGcc",32,-0.268760352656659,0.0035249652750998,-0.618060254056767,0.633900182587325,-0.251950287531726,0.188183398372975,-1.65716508613043,0.969144876403551,0.303559422270566,1.31049344937678,0.271835529532251,0.0290458706883328
"CGcc",33,-0.863449363276805,0.193481495448912,-0.287736901387342,0.349878837183691,0.429403239005912,0.0507338415359551,-2.0168863609543,1.43409689782167,0.274307032844964,0.428239676949328,0.125789004211377,0.366418129661498
"CGcc",34,-0.265320602266375,0.00183755653639524,-0.474068494337958,0.48722811488303,0.429779567753295,0.154907606560511,-1.85667467595398,0.881806346880141,0.171618379712352,0.777220429507176,-0.088351741521743,0.296323419933575
"CGcc",35,-0.477678853753494,0.112228121706211,-0.589587616878531,0.242799103903532,0.0205891287919459,0.251732545241605,-1.49452403807118,0.990239893157985,0.145954776916953,0.543801051336605,0.312917171013747,0.176363947925377
"CGcc",36,-0.470232347700407,0.0738632895438687,-0.596047088485268,0.399417767921754,-0.293441982696852,0.265481572717086,-1.53404098587833,0.546476141754656,0.24481156030833,0.762918414754533,0.266446623001013,0.184195518324257
"CGcc",37,-0.911410901090082,0.194596138670359,0.148682871910502,0.192862880761006,0.330850081096941,-0.0262534368355656,-1.31069343938318,1.14633350351232,0.0278056196283811,1.28570019555666,0.654178009748239,-0.168870998439079
"CGcc",38,-0.260026377464689,-0.0109762786870281,-0.0539858848445371,0.0572497984766366,0.209003545484322,0.0696989312764208,-1.85328863131385,1.02702824127371,0.22997806773183,1.01776295100071,0.555482239392034,0.162739412645965
"CGcc",39,-0.413001234055353,0.128147406622761,-0.605038908832533,0.626588590350747,-0.239454605633682,0.27008778704245,-0.860183946411557,0.276956896955761,0.140552017115782,1.07988143069721,0.0478147978491482,0.102670342452782
"CGcc",40,-0.757706157373726,0.0971359724958052,-0.517556123152482,0.0917542217028961,0.174165195277845,0.202047041194321,-1.08571432317409,0.490051651733346,0.783654620967156,0.788088719404463,0.0226015718912239,0.03673449442661
"CGcc",41,-0.661544620741389,0.107291335401156,0.175176223302253,0.143213335165937,0.653221143802534,-0.117537451815418,-1.84025986964197,0.637399275295734,0.224759151559789,0.989140877711267,0.264145276907181,0.229486686296764
"CGcc",42,-0.358996216338363,0.0375388996971285,-0.245320312978099,0.504449231442554,0.29033584255964,0.0418319204419202,-0.886127845592937,0.6916025488487,0.11497041961016,0.310219074434971,0.201381306488201,0.137070095794513
"CGcc",43,-0.625921817487864,0.0935798746955084,0.239706645443752,0.232379013102512,-0.234761692847785,0.0879840181996126,-1.01559034762623,0.204522014406669,0.458935717974786,0.661418094471003,0.801884327341664,0.120999117084316
"CGcc",44,-0.533382287899179,0.119507884388394,-0.803333669045106,0.63154585572785,-0.0956230879453322,0.217582427709948,-1.41450517855552,0.889457371918527,0.0242989859711405,0.786891968800956,-0.0956121105255143,0.254276820618083
"CGcc",45,-0.391522154631601,-0.030662391712715,-0.455357095990465,-0.131700725391451,0.0238969324615875,0.222055589429231,-1.64152402820812,1.34302719163685,0.0957788576865461,0.502448745756643,0.207662016670869,0.247883008398534
"CGcc",46,-0.130862417894937,0.0220383823466193,-0.202046286624682,0.0822600215291656,0.0145899715629519,0.173998695508569,-0.874567874713848,0.589517175965832,0.344167789531158,0.711018314243924,-0.10729040977029,0.100000297416329
"CGcc",47,-0.159061594185378,-0.0193264537886308,-0.151473373259075,0.287434775620436,0.28800119823512,0.0397675232878357,-2.03635700026429,1.16360457732688,0.0470475645147745,0.570412877324799,1.12208229087403,0.137958202281052
"CGcc",48,-0.994140732309098,0.253730698806715,-0.138234763047591,-0.115927069432351,0.0120317073164397,0.133219631545719,-1.78764738766593,1.13242518789559,-0.225042250079967,0.380115842117412,0.354265828093816,0.314837049365907
"CGcc",49,-0.71711160708004,0.138386809146352,-0.361413063804032,0.68223760381772,-0.314712986966618,0.141301053709846,-1.39483533646358,1.34913430337297,-0.29077572339605,0.41311575896416,0.950848653914543,0.0325841892050893
"CGcc",50,0.148150822533092,-0.144166637493621,-0.154079164505752,0.500854017228997,0.331414826207659,-0.0618244988674778,-1.08593179318404,1.33547563649084,-0.247429228454294,0.651177873876661,-0.0837699722909686,-0.0241447559065223
"CGcc",51,-0.76535758167632,0.17477069960675,0.786857599738474,0.436456965205551,0.495771853419963,-0.255278818157197,-1.93298732079292,0.578055154637735,0.693117261056167,0.534401736226775,0.511385963728821,0.245057332680181
"CGcc",52,-0.467099763870747,0.0330234937218414,-0.259760490544535,0.310517732955549,0.0940578462300379,0.153349919320029,-1.19622259659669,0.674140438167076,-0.35051133137335,0.651392117453856,-0.01540735942635,0.146007703432289
"CGcc",53,0.316515602965672,-0.14214971943149,-0.157620701011845,0.154716820398297,-0.07160602986274,0.197723691437699,-1.50510186027089,0.557005361343561,0.287961370532093,0.487692329196044,0.600304549550107,0.186202410205294
"CGcc",54,-0.459371197214601,-0.0169847275361465,-0.451589585993967,0.189615676828563,0.0397038934702437,0.26666910477676,-1.80206155104078,0.797170061770241,0.341535057138579,0.716728378773926,0.52355811811065,0.147996649744364
"CGcc",55,-0.777821647081354,0.0696661849589807,-0.470710989629508,0.523087709532493,-0.170422440032901,0.270855590972275,-1.24563808794271,0.976659210352665,0.751437952093396,1.04978288437634,0.264421968452999,-0.0668432006068358
"CGcc",56,-0.321873750786924,0.00919231066285642,-0.619008453872476,0.163532524259478,-0.0795185280214976,0.26538246106693,-1.20723709978513,0.762138734174051,0.569546232818303,0.798603505013656,0.0669469016362948,0.0559275416086265
"CGcc",57,-0.356985924795693,0.131257679146609,0.234347398399495,-0.167666199309993,0.0852212297429036,0.0485087987372806,-1.00304189093245,0.81895664832972,-0.0534802099837624,0.278904569931537,0.692831524200835,0.0739668621374871
"CGcc",58,-0.480530790048894,0.163245314399302,0.0991736433327609,-0.0845047539771758,0.457912576212485,-0.00693101187709085,-1.24918907948267,0.695038462896972,0.347613318993951,0.145319539311104,0.949457712478055,0.0660453991230343
"CGcc",59,-0.241643402338435,0.0281533035213966,-0.219588236006385,-0.00266540798038849,-0.0484810733242803,0.18854911140591,-1.85701318191505,0.545915528947609,0.336777044449911,0.923930978293187,0.279165926240197,0.260424228489419
"CGcc",60,-0.661984344252593,0.151836153667711,0.117562905555801,0.378696114803021,-0.0403226173616395,0.0799410192783013,-1.66656402139945,0.855749250101893,0.246338557213937,0.849603057495752,0.0528632332108044,0.157300538378502
"CGcc",61,-1.04684642543566,0.268100800844066,-0.133474166755752,0.15632087697155,0.19181229353874,0.0211447101622739,-1.58805126946305,1.1865004992435,0.16274798135418,1.05841654316515,0.354897771869895,0.055399578037378
"CGcc",62,-0.360810396805911,0.0563970411846771,0.147490302108883,0.0349131949217035,0.380196116804664,0.0546895758693566,-1.6533634093359,1.22733265297635,0.517900544968574,0.722027570134911,0.569743884856364,-0.00732333459570341
"CGcc",63,-0.486790776271235,0.143756968951679,-0.288255522100652,0.112955402886818,0.144063156123648,0.12045650292866,-1.57475035830154,0.545658984021835,0.119654696071992,1.07004952756285,0.0817844732057363,0.216235053937393
"CGcc",64,-1.18499697836402,0.329597271502188,-0.270735693306832,0.467518958536593,-0.352687354783479,0.114954414048433,-0.875022571161472,0.361533409071626,0.0839668457797119,0.485470487382728,0.648283372631497,-0.018885588886006
"CGcc",65,-1.09268377310701,0.24950203949848,0.378776205471444,-0.245896698398814,0.0502623057813229,0.0119961816640013,-2.519397077291,1.88666981000623,0.542295580371852,0.952775506269927,0.759107093320985,0.0123092030884217
"CGcc",66,-0.352129820488073,-0.0405006434001558,-0.711984324122061,0.262955153605206,0.321252270973782,0.284965335673549,-1.36353131161169,0.829458008851541,0.17645931502615,0.719087719337563,0.350824314933642,0.0336049212172529
"CGcc",67,-0.340660304127117,0.0196037937735109,-0.331485791769073,0.822936963602895,-0.315211965839551,0.0833255800376579,-1.21343099273594,0.935742214148617,0.461954911917158,0.236935790592436,0.0877516596333067,0.147887096232959
"CGcc",68,-0.706389672656843,0.259154730504196,-0.470415114552351,-0.24660899313789,0.108228998282163,0.243866945611437,-1.27408013759964,0.754214321357716,-0.145577880453974,0.884642791731309,0.783700732412358,0.0556864014464101
"CGcc",69,-0.663887883270073,0.175946196081054,-0.737909570672963,0.39189212062421,0.0472683651404994,0.25721831184619,-1.37263734109978,0.659578958566879,0.441703562488794,0.963382109029281,-0.0777711371717529,0.113739375492794
"CGcc",70,-0.651563940054202,0.205495309075043,-0.460490620588572,0.188041778448546,0.0310286458684888,0.191225051244798,-1.17530269366116,0.727604084726856,0.320881288522667,0.499282222072879,0.549089672344303,-0.0214200796309822
"CGcc",71,-0.165656543960612,-0.0177450339747556,-0.362256303584187,0.718181577105907,0.29461076788691,0.106044394192431,-1.56910485516347,0.613840457756572,0.99330978860994,0.409171856377844,0.873373776249464,0.0660671511620425
"CGcc",72,-1.06755777457869,0.293745440296041,-0.22727772371419,0.177139742482341,0.268579618914655,0.111366316736588,-1.03745055213663,-0.0586854234038931,0.319919993045141,0.139233928092819,0.931630540660526,0.0690333877992813
"CGcc",73,-0.341395254236461,-0.0571974241488081,-0.481316149928669,0.970335367295854,-0.291637973677373,0.168866131283767,-1.67430450781363,0.495499516328887,0.91989236079493,0.49939229317859,0.496120506628467,0.245644553288087
"CGcc",74,-0.410409552226708,0.103245319187788,-0.525215164497208,0.226063752120733,0.155331940396816,0.189336553997252,-1.49095197507527,0.448187867707519,0.411739984536043,1.04926620970314,0.293621219664408,0.00169744267053571
"CGcc",75,-0.850258141283357,0.340470013086391,-0.508633945802763,0.619371302580264,0.0748559553917884,0.115598230094022,-2.03758728113295,1.11342917099717,0.00361167467475788,0.549301120598862,0.688814933599897,0.314015093734891
"CGcc",76,-0.595401505393698,0.221176638310402,-0.226300565948436,-0.30963387418305,0.12325925875051,0.228871415727409,-1.34963005131353,0.823433764394118,0.439724514031586,0.617794267287388,0.489591949766571,0.0601842503781655
"CGcc",77,-0.0297015001990754,-0.102414067488971,-0.743681507440987,0.427137925034793,0.213701286688509,0.217140290650548,-1.37063676021378,0.44076260554061,0.848873113589543,0.669384886728832,0.584774051808255,0.0200804820283853
"CGcc",78,-0.371128489383038,0.0143465279570822,0.198795430815983,0.237244177722512,0.155257128805147,-0.0475687931546828,-1.34206825893667,0.964351197672736,0.0371886772930802,0.707824476787353,0.795632902641021,-0.00137542373192904
"CGcc",79,-0.504819227977951,0.0310886642166282,-0.200647108324318,-0.218841739384,-0.0897650015296101,0.162269869330112,-0.956601428429436,0.409035189963436,0.3887202995005,0.725401592963201,-0.0249586331768092,0.0739434298205931
"CGcc",80,-0.402253872796203,0.11386811214388,-0.501529330177369,1.17893225795887,-0.0740375439505474,0.178515256028382,-1.94561416847975,1.15921590585867,0.137616201648744,0.926267642397124,-0.0476030859919811,0.304381654353448
"CGcc",81,-0.212131261698218,0.0556878586290101,-0.236583889239996,0.0943095601373205,0.117596985349933,0.0780784295340213,-2.41221230622775,0.953803508259913,0.40139155461884,0.993175997560279,0.408960022150529,0.314185527977793
"CGcc",82,-0.445945338664268,0.0408426121410532,-0.716503834323533,-0.101831832121329,-0.197171004078608,0.265956049703053,-2.00410023147856,0.622360573885687,0.548454864513384,0.396929868858304,0.138203519863167,0.442819834647778
"CGcc",83,-0.574718126765474,0.0486879665661165,-0.189741682255152,0.647914216369066,-0.0177581909365454,0.0132814113190027,-1.45775040911361,0.751276673639048,-0.056326795237941,0.822325298807791,0.380961351956525,0.127603362029821
"CGcc",84,-0.690392187220128,0.145800707198905,0.109288506088098,0.683567655716575,-0.316357274794339,0.0356169299231827,-1.12175747235188,0.811413831611112,0.105727052045363,0.362491913058215,0.709777172854612,0.0763373216223497
"CGcc",85,-0.82067933597401,0.261530756815839,-0.0515851459655093,0.309086624027869,0.480028922493709,-0.0139998324861007,-1.31253018190903,0.9035730588622,0.983915345691486,1.01995905519157,0.610172815989939,-0.129827821454625
"CGcc",86,-0.199127454147305,0.0277573643137083,-0.713488557772906,0.210515949866985,0.0715062396214584,0.28679195947322,-1.97261201129359,0.480250093702615,0.600046957165437,0.947468163407852,0.312660616401195,0.286363369513092
"CGcc",87,-0.453763603609088,-0.0200958250289022,-0.48704994651306,0.709636875379811,0.346167789722682,0.100599839453577,-1.53854613415575,1.12346249221547,0.0257724714280914,1.31630480670779,-0.152541586765213,-0.0305702138413721
"CGcc",88,-0.299517912402989,-0.00136455378942293,-0.292180844753162,0.494755161439143,0.194291257597833,0.133706942106908,-1.26604554204171,0.203622723413558,0.915709994529036,0.205249398719095,0.592215896479233,0.142988728748269
"CGcc",89,-0.166420121743664,-0.0561266398460041,-0.720351242312709,0.475119532971971,-0.00101023632819091,0.256809187564381,-2.1575445716835,1.47197947050778,-0.114906314785818,0.901217243442442,0.198072524305366,0.272220176014684
"CGcc",90,0.164046579516023,-0.157712106618555,-0.511041773400342,0.501027956480309,0.103093939610924,0.115274842998492,-1.45757517800816,0.748333073003882,0.840739169365612,1.58333914959668,0.294111941371668,-0.0286054800831121
"CGcc",91,-0.117660078060269,-0.13003386040884,-0.195258290570061,0.484984546577669,-0.0936260217088465,0.107404369430876,-1.33110510473066,0.459142915419266,0.365633101772374,0.557361984355,0.379153524947436,0.105153501514704
"CGcc",92,-0.583738286664784,0.106059515016699,0.471936530776538,0.432502325055696,0.82719006515387,-0.0831370237908729,-1.41918987322356,0.7806296518215,0.383234982681333,0.757400380550225,0.20862733469087,0.163281162095435
"CGcc",93,-0.28686441532704,0.0823519025000075,0.330946214298077,0.534061145274254,0.10343804787445,-0.129520080532035,-1.69804342330536,0.983915587698773,0.123798590774031,1.35839803835073,-0.279642641496859,0.158681917285568
"CGcc",94,0.107376960253781,-0.215203425328396,0.339400594852528,-0.0207879313931029,0.456218380945954,-0.0159511242416508,-1.31853934460208,0.904855633815922,0.093105820634233,0.944831188780802,0.270024683894918,0.0278497823755402
"CGcc",95,-0.639338028504303,0.102160533949932,0.102346399461802,0.459909669402906,-0.00288398866030522,-0.0132369071809996,-1.83571786199885,0.410330259703358,0.46319959923972,1.00517381598966,0.824738607882801,0.331423431010166
"CGcc",96,-0.667167868972897,0.182474474285138,0.233034937043468,-0.0588175523940764,0.147207511703035,-0.00944763321669292,-1.60108659914939,1.49355629729247,0.0832318129213307,0.705975934890858,0.177040476714458,0.220090667057249
"CGcc",97,-0.643484954319648,0.120207039695392,-0.223731414886592,0.209686440085608,0.266583490732067,0.116112991900734,-1.97836180870997,0.860905290046516,0.773179172441345,0.897291188190236,-0.0891937327817633,0.228363825268916
"CGcc",98,-0.791528096249954,0.254536825561809,-0.215086935864392,-0.00833620773912069,-0.0109354352659417,0.198266349632729,-1.29721772848558,0.807136766561844,0.0979080726119961,1.15267023016202,-0.0224845577068352,0.0399832087024835
"CGcc",99,-0.16296204581577,-0.114462728004066,-0.0853690804224234,-0.057622812900648,0.411432604943821,0.0444920036869233,-1.63327212594512,0.746783129565354,8.42133273127065e-05,0.967807948347468,0.153886321752216,0.213857367126917
"CGcc",100,-0.210821959203398,-0.00480874519872368,-0.107989012959012,0.402289808614556,0.344783768957224,-0.0653507029398035,-1.94644441304975,0.519864924513625,0.52923151395837,0.372744236085235,0.585901730324736,0.34960398679404
"CGcc",101,-0.646535881793279,0.117929383155973,-0.532652141571499,0.351850286925345,-0.102488403963647,0.228582396906173,-1.21452316454881,0.383245973036534,0.447813527225841,0.699887487857713,0.353784149625973,0.0530258413769999
"CGcc",102,-0.271362208919737,0.042592875357433,-0.827475097850863,0.738211936302283,0.30419759672122,0.182866195826585,-1.26610850551359,0.592862139708597,0.0201225933977306,0.616439395824067,0.547102692667556,0.126681635555243
"CGcc",103,-0.550556101777427,0.0683866799419877,0.178781278227954,0.661640726259827,-0.0918714754721183,-0.0114994235701963,-0.92181939496101,1.12777756363496,0.211284119976196,0.81813356240703,0.295871162206338,-0.120423434079379
"CGcc",104,-0.25374724907402,0.00578436466747151,0.0886001114899347,0.0864986474708916,-0.00158059190547555,0.0512205009099827,-1.15600453406418,0.925645328634101,0.479789575953773,0.641367476008124,0.295683132986629,0.0079177189779475
"CGcc",105,-0.119682786090151,-0.181052241569618,-0.600576671499027,0.412902763235746,-0.276459489383854,0.257179521315379,-0.655370186447042,0.731273517816993,-0.119976514642115,0.631329150864753,0.358322201752302,-0.308639675807731
"CGcc",106,-0.430480434185966,0.106413983165663,-0.296505495186702,0.344397484837008,0.26582531903493,0.159428903511066,-1.34233609777623,1.29310360402293,0.080185628763838,0.961212750899097,0.153725170937047,-0.0551263520499258
"CGcc",107,-0.655100373504207,0.175962313346724,-0.105726078447718,0.248434015902238,0.166745777809709,0.161888407444607,-1.69222766527215,1.14475711140828,0.713387626111857,0.672810155608884,0.292717027754675,0.0124395016573378
"CGcc",108,-0.535564979197355,0.0478161508263484,-0.146153112457555,0.552170647112065,0.308245795078777,0.015354228291906,-1.30198600480787,0.930690441003515,0.662859061317333,0.78413906564834,-0.11614730787863,-0.0233741168481194
"CGcc",109,-0.971957063343141,0.305672445743788,-0.726066652971452,0.777919002320557,0.0200776374007577,0.236627000078693,-1.6470435097815,0.761201361964107,0.903494419371372,1.14661866488385,0.87713911059814,0.140257497648979
"CGcc",110,-0.239631011605542,0.0852843497930689,0.151715376119271,0.182270675744763,-0.0453325736755448,0.0148795298258614,-1.49374675508991,0.392532705020035,0.453886093080666,0.716074456899318,0.491951584285327,0.137471544494123
"CGcc",111,-0.330456457999353,0.0872273901461685,0.307643070733002,0.241546816082136,0.407670964315561,-0.1228770914501,-1.40036254309534,1.20883953516082,0.182285509937158,0.610711979719814,0.190450101588341,0.0331976272104292
"CGcc",112,-0.368830205137626,0.108561540160364,-0.483509227089602,0.00800397305652642,-0.0320550998486335,0.200878291443563,-1.57461217580436,0.407337295593365,0.257596743509489,0.753433298450076,0.408692413018567,0.273652501164479
"CGcc",113,-0.528285371626951,0.106146100564767,-0.266606597833381,0.387451561618455,0.0109669338487011,0.0730943976585845,-1.46715605430535,0.889689771384299,0.0177695601504996,0.662004818053631,0.757575318723692,0.150704747002324
"CGcc",114,-0.776839583057272,0.232390730084687,-0.508309737807751,0.313823607122119,0.111189438667828,0.201260943176904,-1.62903399877841,1.63842951634006,0.198696788571314,0.782272598699759,-0.31891631440123,0.0891367437020306
"CGcc",115,-0.491311946268788,0.155108859739736,-0.584685936449456,0.377818842192165,0.327783712611713,0.139261095807728,-1.18763900259497,0.488131860137019,-0.1000937302035,0.717836389449814,0.367762102742754,0.189980059269304
"CGcc",116,-0.751021993673494,0.223123707124925,0.262837713649292,0.176377695217201,0.220383563715354,-0.0860557535365392,-1.56812384100107,0.931009385398713,0.245447221960911,0.937899296464973,0.105545937363226,0.0680176011402891
"CGcc",117,-0.0968757378059966,0.0165248957916171,-0.545343384199474,0.82365711323725,-0.00812541000045375,0.145148380714562,-1.81738169630787,1.11562033279317,0.15488238867134,0.797997605708458,0.670719559261753,0.114015277428207
"CGcc",118,-0.262848031807646,-0.102461634521394,-0.00505644438883072,-0.0783001246060051,0.216769846903902,0.0327994758152057,-1.62874758591813,0.944815274191245,0.490658987843803,1.18106413052907,0.082395473647889,0.111612392948732
"CGcc",119,-0.247030281414931,0.0124387231265867,-0.232594600471665,0.750973112469631,0.336028110851044,-0.0324439211534898,-1.35729390992212,0.899129250721238,0.034451231839462,0.408646096541442,0.634646231018765,0.13434889829745
"CGcc",120,-0.546498499361616,0.105823669151043,-0.120904332849571,0.382748109499634,0.139121136882041,0.0444321073175151,-1.11017077128167,0.950122118721471,-0.322203175184576,0.549974005480572,0.0852206849840592,0.0943790401019724
"CGcc",121,-0.490332299348862,0.123801921456793,-0.631822168109813,0.894887167686673,-0.0443847983068751,0.11984628204043,-0.568052953636425,-0.0394814725837709,0.139011221337263,0.809877233199039,0.419264362938213,0.0111307479982429
"CGcc",122,-0.369987022551061,0.0142755740927393,0.446531322441758,0.326539481578367,0.351437620497868,-0.040735413241322,-0.905121098426705,0.705162170182693,0.22738155017442,0.520426524363981,0.0524537384238316,0.00714229581767814
"CGcc",123,-0.384061094405247,-0.0229652545497685,-0.214382321835029,-0.198009768130501,0.0342243570439045,0.243676897554603,-0.0644883765705835,0.567494020577067,-0.00421381825123366,0.784410457744854,0.213175792526059,-0.374756373073939
"CGcc",124,-0.350285755050657,0.0807821063195413,-0.963630669739352,0.0769880949266057,0.22744032593059,0.360585579556942,-1.5975566669891,0.779852057463437,0.417283069869548,0.382460117144065,0.517719590017348,0.218323109772456
"CGcc",125,-0.364251967269875,0.0211854287567059,-0.146946837847617,0.352823254539329,-0.00808849444621934,0.15938642054399,-1.04828026197348,0.473818314890748,0.0162851711623171,0.711546691573943,0.528588271388192,0.109090840407458
"CGcc",126,-0.064862635701358,0.0273690539021354,0.108050996390724,0.0121683458166574,0.203182181069461,0.0896779006716449,-0.860277926794935,0.314755579404934,0.371735334835261,0.804021368914817,0.289295759593127,-0.0487935013598879
"CGcc",127,0.145292275017277,-0.205595209290096,-0.249600215144733,0.0238957447823055,-0.0321814192005786,0.203661460331538,-1.06106417804901,0.677344185769914,0.130113248250348,0.681850319634909,0.286628381447023,-0.00801972212049002
"CGcc",128,-0.803751508058189,0.146520433822787,0.113711248321163,0.22423873915222,-0.00212778712999729,0.0173162312720375,-2.25760720598823,1.19560488378926,0.327093830355503,0.757849958829393,-0.255419389222089,0.460219308820804
"CGcc",129,-0.4523103829666,-0.0209117080191223,-0.545567820812194,0.645337281148622,0.0790203383058408,0.1777512321923,-1.63941900899976,0.704874641548163,0.382956060578425,0.62927691952039,0.539937483656872,0.217707379768611
"CGcc",130,-0.629603607904673,0.172092199260233,0.394799999204997,0.36075019624084,-0.145232613501898,-0.052169859745238,-1.0153698397882,0.69096453294287,0.137314673874031,0.591774265620994,-0.193278191128298,0.145939851668552
"CGcc",131,-0.255138591124492,-0.0142604154027968,0.179095696890128,-0.0183628133831392,-0.0629817025467065,0.0206927174746005,-1.33010615587044,0.645658491968882,0.153375062867826,0.909011675395164,0.650516863528228,0.111521254520515
"CGcc",132,0.0475078443935506,-0.174192137612838,0.48771056312916,0.339101580706244,0.0630436563534509,-0.0797057081563429,-1.42166305427709,0.697854884070223,-0.0562229293853074,0.632316548387488,0.186536051793924,0.15141663972454
"CGcc",133,-0.19169414413235,-0.0138817586289715,-0.0149158422967036,-0.590502351942956,0.0206352686179217,0.186952641013097,-1.48108108323445,0.860726114220691,0.557525407521611,0.410988028751485,0.515511470833106,0.112471315225311
"CGcc",134,-0.498413079619615,-0.0302388193300239,-0.271237148470268,0.370302118059528,-0.0567805802366068,0.119870185903379,-1.73428182336912,0.757204813102864,0.517613020049157,0.94983615709902,0.748666364860692,0.0805354800043557
"CGcc",135,-0.719553619344728,0.104232544853466,-0.125961015445087,0.218619387916013,-0.0952288782693412,0.142615354850618,-0.818698738879611,0.462084474975167,0.155649876536254,0.593272750113341,-0.266813776915117,0.180212197846987
"CGcc",136,-0.856559206176755,0.170200937465492,-0.490864441702933,0.385174553399126,0.346166469846344,0.196924731146391,-0.791054412542576,0.917704335028799,-0.398901939467093,0.138047916606753,0.761508409636738,0.0683504730126686
"CGcc",137,-0.572264549167343,0.154915322126577,-0.540761106241572,0.15265166845636,0.296679105848222,0.26711592662059,-1.73920298663612,1.34620378694449,0.526078576611647,0.721426183987132,0.365689457875898,0.0416716770876118
"CGcc",138,-0.425994244014408,0.157921259031046,-0.31468597130946,0.103951645286616,0.12867101811258,0.183661653735471,-1.15387567985563,0.985518286035995,-0.24652003705284,0.525872269803581,0.507406764327859,-0.0399415188659785
"CGcc",139,0.176488331423256,-0.139936494641669,0.396124716579304,0.066339463570691,0.457427090115126,-0.105696551372249,-0.742706735605826,0.633197257721719,-0.107213977324627,0.444094217219145,0.679442533991229,-0.00066515833789579
"CGcc",140,-0.786011794718411,0.219771294947368,-0.609519478430531,0.886417678342184,0.242173524408485,0.172282923364318,-1.69814718052305,0.751085737530851,0.458066615706967,0.303836501693899,0.166750939396768,0.28626796639425
"CGcc",141,-0.672581228864503,0.194900708038834,-0.253187704703861,-0.0268216238571229,0.199235123952421,0.134266021355934,-1.79941784393752,1.59137527520622,0.860182229691461,1.34373161835429,0.154631650923541,-0.126324995736469
"CGcc",142,-0.953819441807947,0.292315976269227,0.364337332187126,0.462333901599595,0.286598687894791,-0.073703763495203,-2.16733376903946,0.91940423832017,1.26366853524577,0.707160432990297,0.914674803917667,0.140908072542929
"CGcc",143,-0.369838184263137,0.069205196427453,-0.396630592662447,0.937819609596063,0.149011102065897,0.0634837048746811,-1.61091329644836,1.65907414675464,0.219205703821165,0.648334310609517,0.574583564359402,-0.0633614629886603
"CGcc",144,-0.118212757569108,0.0805870605459693,-0.273504452665814,0.219127179294046,0.102826535446061,0.199286056421951,-1.65794160579934,0.269211120739636,0.0708222035336658,0.641724250047083,0.224982307608449,0.337633845063301
"CGcc",145,-0.54055289870356,0.153248844011937,-0.0466703541706846,-0.0964850227730685,0.227309594189523,0.0308181736512725,-0.868304944623087,0.792428429177277,-0.230430021544064,0.437624626674836,0.674844566199429,-0.161791248351448
"CGcc",146,-0.553087290097974,0.104089732316336,0.283359022245983,0.736881679663353,0.145265048604994,-0.0666963451692472,-1.11595097367781,0.649086606097811,0.0336489363632286,0.854962874169659,0.24827968720196,0.00546532108273083
"CGcc",147,-0.490651171518264,0.0741143885745931,-0.0550102062662969,0.712383814487721,-0.267140198679665,0.0645768311401787,-1.34879192465606,0.674577669251369,0.51268834513149,0.60767765080855,0.125992056537091,0.157990802579887
"CGcc",148,-1.0292118036544,0.270694680335191,0.169782837992811,0.587047831072172,0.174195658275908,-0.160232447451543,-1.4429783549833,0.869783934751105,0.140601810050739,0.360387184318459,0.292868919717131,0.241463780022875
"CGcc",149,-0.647980052568654,0.135265335947612,-0.471387957042667,-0.332677350005868,0.098596171179408,0.245451113900239,-1.26881250039831,0.556813243453841,0.36804142053878,0.763687302249851,-0.0621714452927964,0.222377449260546
"CGcc",150,-0.639045084705345,0.118546448351307,-0.458524562852604,0.497893472104934,-0.528918640155859,0.115090233956177,-1.70485002118067,0.710144540586148,0.52601746887819,0.435596107526736,0.168752807000235,0.358001094522135
"CGcc",151,-0.076259471552923,-0.106239609021496,-0.367076554675347,0.460516903559055,-0.186266013063859,0.0956869128675892,-1.38703590264547,0.791048302357999,0.36020763596102,0.474213633428586,0.276466718405979,0.0625111802908101
"CGcc",152,-0.66245480011129,0.18161745493314,-0.276602207924548,0.425413884183048,-0.295488607172919,0.191020515820978,-1.5707393670839,1.60112174541949,0.193181473454414,0.603072036119431,0.452211754248563,-0.02663158145447
"CGcc",153,-0.62582939838008,0.121538453981222,0.0281311814311012,0.238136156339171,0.0287346737727875,0.0176965666486259,-0.936376683800719,0.72897210038172,0.0491032586102538,0.847520188460077,-0.0195506521584399,-0.0660603507105277
"CGcc",154,-0.584665162681993,0.0592183643741489,-0.104942993887184,-0.0722896534178531,0.29474564411627,0.0111659065709088,-1.09441103826692,0.740141979768026,0.167989799517332,0.748378110830077,0.863065463433068,-0.0490384363597714
"CGcc",155,-0.675713851312541,0.191345274005802,-0.300161911482085,0.0167516808671208,0.124445405412207,0.124840403222758,-1.23849611774332,0.475100849622926,0.303032704049413,0.466779882117542,0.456394618916762,0.0614186354009028
"CGcc",156,-0.366051913749796,0.0199183983682862,-0.435568712701627,1.0663424669235,-0.0494481314292539,0.0318910544334104,-1.59128570155422,0.464934633652658,0.865742660673983,0.953002500549829,0.313123592874986,-0.016518085430374
"CGcc",157,-0.192674943432429,-0.0239767533936516,-0.751324172825599,0.595810727791475,0.428718209145365,0.17301339494935,-0.401750266616121,0.603574415650889,-0.0314269707381715,0.546235132237405,0.487260261604825,-0.0872485545766442
"CGcc",158,-0.124880734551406,-0.117949759461485,-0.114855468204908,0.188203495144428,-0.258662699780744,0.191005688256687,-1.60820752790812,0.709765276664338,0.477959168673219,0.717635081281699,0.0774408996756311,0.206238054213927
"CGcc",159,-1.15223942565116,0.336558223402467,0.305810162216178,0.218267408745883,0.588229838250486,-0.116450074563268,-1.97062472481222,0.56755556366169,0.669801454008588,1.01977983556809,0.065272414285664,0.267763924259005
"CGcc",160,-0.453617568598299,-0.062285473217044,0.228426369978124,0.289211887839529,0.0898158961599498,-0.00876428042159757,-1.60901463680835,1.02565615045642,0.467808153493201,0.328634501166667,0.629018347572392,0.0423774919633788
"CGcc",161,-0.182738955594236,-0.0955420600277352,-0.413953146580427,0.586955232613919,0.410065904832048,0.0963203479745491,-1.20743837587419,0.752661783950096,0.599018476761197,0.940505177739046,0.246348578684234,-0.152851517981083
"CGcc",162,0.0919629269686179,-0.191738788010268,-1.45577415025099,0.897994017195488,0.273825704633904,0.45049509528244,-1.92522426651249,0.551713331316735,-0.110441436525674,0.451947599988277,0.56803567824488,0.463819718497728
"CGcc",163,-0.750166243397904,0.241064741895648,-0.00465801977298299,-0.0820984197614569,-0.188067307709827,0.145022235468992,-1.4012135889326,0.808618496667874,0.398268998622649,0.522745954960667,0.788957946315043,0.179930378244004
"CGcc",164,-0.134124208799066,-0.0613957971524585,-0.153262454717549,0.248153955761612,0.185997570531404,0.0510870288764322,-1.05759791309286,0.196656877512749,0.470923132035623,0.588263496440714,0.425203983346939,0.0566547378174625
"CGcc",165,-0.719084988269807,0.171645801231554,-0.373597934070939,-0.0487808696068664,0.169542433067059,0.164311644010931,-1.23459289567746,1.10172874127821,0.512526806599775,1.26711044021318,0.358575873835517,-0.116614257169575
"CGcc",166,-1.29153478480562,0.390421987108589,-0.125835105147625,-0.151272091323842,0.529347206420581,0.174763746345517,-1.99081398500475,1.17988010377369,0.323862224110685,0.623487718774025,0.654575975190205,0.200806222308093
"CGcc",167,-0.581059477820559,0.12273792261217,-0.134508111710552,0.00289006881735797,-0.292898056373664,0.180353577152825,-1.66151298466318,0.881040189064997,0.586244291667264,0.501707641955123,0.221061905268928,0.115114025465855
"CGcc",168,-0.568921350510925,0.1120976947591,-0.502789920286105,0.389791580991032,-0.224117343084541,0.265587106400736,-1.72210300985787,1.13021105976217,0.654240107605935,1.01611658243261,0.291234863531033,-0.11932837954058
"CGcc",169,-0.216848569941384,-0.0562931396155299,-0.298452478178316,0.464447206895561,0.0292753035436301,0.0998869939047512,-0.747025181045932,0.854492864291901,0.319999421530839,0.524391237503795,0.227659109529128,-0.138526413198642
"CGcc",170,-0.96860694121197,0.250536950448149,-0.318811140661557,-0.15450932696545,-0.160215687421574,0.216776577833924,-1.54149777649465,1.12579089439733,0.0896553661904075,1.09853885648231,-0.235409564522019,0.118042495251322
"CGcc",171,-0.528843258317147,0.171363783169381,-0.351227550946893,0.382605837843756,-0.155714217885467,0.181004495761699,-1.80220972433895,1.34959037638286,0.808569198027092,1.09705750667474,0.604340988005572,-0.00934601347448583
"CGcc",172,-0.407917420671358,-0.0777363650013344,0.15290961355314,0.373715155920348,0.226037540908338,-0.0631724888079474,-1.48227170369686,0.992372386607134,0.619506163939076,0.989912817827542,0.117160459215061,-0.0144028151270547
"CGcc",173,-1.14263714691185,0.332110664835881,0.263369986457515,0.0802137538028843,-0.0892474803720434,0.109016401842721,-1.20763376505088,0.99004098082135,0.625009086919837,0.653483707425585,0.659437075453212,-0.0902098696301716
"CGcc",174,-0.371921073892684,0.0358138692309487,0.157368975720952,0.142978085198403,-0.0515855838090868,-0.00640632185918479,-0.724996692391969,0.389302686629635,0.300319457778626,0.868840084295246,0.470521703356389,-0.0765877621572393
"CGcc",175,-0.340021480806251,0.0523381815111841,-0.496864972746822,0.741792586307077,0.205601893912324,0.113365922480923,-2.10911295315184,0.986818552454854,0.81275589070099,1.01549332831639,0.529882285966542,0.138361582777644
"CGcc",176,-0.92545137250611,0.276934682290876,-0.24295025955113,0.172722522529758,0.056170094497245,0.15902177319455,-1.93445030126186,1.21307723875214,0.754500401308262,0.740705962320993,0.106735396307196,0.125463502860352
"CGcc",177,-0.443039297667676,0.0720181636621221,-0.0234438092311742,0.389955915007838,0.263368012305955,0.00144488066490787,-1.33779049530587,0.70406969252857,0.213206727745055,0.918538279560389,0.175997375417387,0.0386883387407429
"CGcc",178,0.145593152877307,-0.149952554734241,-0.00762585408363652,0.0763633705110146,-0.33779567007777,0.00907454466958307,-1.46383154054905,0.760200769080804,-0.465268640224567,0.573141443115208,0.0824961452074562,0.391589584660384
"CGcc",179,-0.0211625843924919,-0.0253923801508179,0.435923967999616,0.303199537137158,0.180929014337905,-0.128289565017197,-2.01988188967692,1.43771045981065,0.443119715132327,0.436030744543186,0.979609460903644,0.0914720710719839
"CGcc",180,-0.693250350550092,0.174133789349661,0.286452061277406,0.818049714949069,0.487426927906289,-0.148746925675971,-2.07017064560547,1.26696773113854,0.822839671393021,0.869214554757706,0.317624757810824,0.187349501223102
"CGcc",181,-0.665829742320302,0.18228274049574,-0.582503416393453,0.149880628618315,0.136175427743646,0.250881772311412,-1.18675973485482,0.427141692402989,-0.28035620042172,0.687756211272374,0.204730262406322,0.189990408183503
"CGcc",182,-1.11500513727638,0.376561519711473,0.506797975382263,0.110517329936798,-0.185060923596896,-0.057448045177574,-1.79938989935978,1.28017046723028,-0.0156741812203253,0.413776515031979,0.602144552961355,0.212897188139854
"CGcc",183,-1.00913562768772,0.324789966587973,0.0292522508061943,0.182736387400224,-0.0347887607281787,0.142949093551519,-1.58402154781075,0.838500406256071,1.27660015240193,1.21544061347709,-0.0536556457516759,-0.0770631203661059
"CGcc",184,-0.470574747867019,-0.049270729024394,-0.0410355618845231,-0.0320394423675049,0.0987883114613355,0.08371242462738,-2.17850625487582,0.975336115919615,0.629637555208149,0.893537802734597,0.544598112933165,0.167464086159448
"CGcc",185,-1.08777456641893,0.284906957044407,-0.65101286134723,0.700576421431647,0.107726870680574,0.216022939762124,-1.83859862473321,0.347750556532986,0.570493586146705,1.1064356600413,-0.0125324438223528,0.30762588960235
"CGcc",186,-1.12552460880977,0.325867093743282,-0.468896281099398,0.147269842092344,0.408741867155462,0.232200751943587,-1.05089579390023,0.62130932438657,0.676720922186322,0.635115215190895,0.280496506516721,-0.037050839099416
"CGcc",187,-0.126585959517122,-0.0160469872665934,-0.559286084277434,0.159488449649352,0.323192521525885,0.244244647463269,-1.71357951583069,1.03847178055974,0.607189460117143,0.761351285704284,-0.115694522653827,0.149363791516509
"CGcc",188,-0.315042575038481,-0.0608946622738018,0.292427436325636,0.113925292654314,-0.0460768992250127,0.0157104563284297,-2.17824295266197,1.02815006416174,0.532758976291001,0.753933910278735,0.286855552537688,0.252814552600192
"CGcc",189,-0.301378337426339,0.00993028010135418,-0.272982347987301,0.717437220235985,0.0703263480290877,3.80811113271469e-05,-2.0175705586625,0.958478392501475,0.467755415794222,1.14173489131051,0.56463355441159,0.069390638201284
"CGcc",190,-0.747684168545141,0.188524582258753,0.395366651466191,-0.126466679052068,0.0728799024405751,-0.0726748886151411,-1.2354608871069,0.776420331381829,0.398849342825824,0.672970835073363,0.0508797639305574,0.133243640174326
"CGcc",191,-0.766527524610415,0.206945971670207,0.010109384700315,0.51380602324099,0.0571346744978138,0.00795497610606146,-1.33588213898918,0.448707999738845,0.50258633943318,1.13877444117796,0.110185462818443,0.0580574316291342
"CGcc",192,-0.824180637572529,0.217290301945745,0.221574905925374,0.0626673960970819,0.206721952687092,-0.00143418758696961,-1.78158996142691,1.52590477348155,-0.271115588490025,1.1867687859452,0.479077186413499,-0.00675871303547858
"CGcc",193,-0.451174905312841,-0.0218593225420452,0.387137287453267,-0.17283850510358,0.0786350276135314,-0.0090158554421291,-1.55976482649131,0.608226230394019,0.522315220666425,0.929574547017616,0.370649393995797,0.0728656149876709
"CGcc",194,-0.123250031036327,0.00131592926031683,0.0797248206251611,0.729232286118054,-0.0336079514415974,0.00396289211001098,-1.70763871380501,0.444312939046692,0.149138805135962,0.744528461526667,0.639533870134564,0.149996360468183
"CGcc",195,-0.797357648282045,0.167022949030856,-0.304322817723833,0.585552643157764,0.108779494012046,0.0651236522802686,-1.01612809887372,1.03484177150858,0.441705782046796,0.856739735597869,-0.107948829673107,-0.140370185332732
"CGcc",196,-0.719561765868513,0.142602265630252,-0.19540103126102,0.486189346482495,-0.446228744257972,0.222158572195481,-1.50140056805202,0.490343080047348,0.18447727926957,1.02539561012626,-0.0296405363038863,0.234347759478368
"CGcc",197,-0.435642133868703,0.0907067851561802,-0.504448504114567,0.590798017491997,0.474541449582919,0.0113075864060543,-1.37842553804971,0.270171652827845,0.219732843695672,0.749963286674119,0.421776324998281,0.231467897600977
"CGcc",198,-0.360535775618991,-0.0129576155161518,-0.920495134515356,0.37803614462994,-0.127150773815357,0.380992929140694,-1.96224634150561,0.950809864494302,0.147482207443229,0.480761685907801,0.542948903927546,0.313884978231292
"CGcc",199,-0.873361513800626,0.313723390886065,0.0985783078730908,0.638695929075634,-0.103134738889855,0.00570008629601826,-1.61267832357708,0.501430201826603,0.900119579978773,0.192887698160525,0.55606754451288,0.201960223673733
"CGcc",200,-0.99339875680531,0.289015708545702,0.0380358711280124,0.538920928960188,0.428673453558947,0.0295360941165271,-0.892969966257992,0.280899728864387,-0.069833468134184,1.39083352628797,-0.170081146656481,-0.0318473725342916
"CGcc",201,-0.236916751917198,-0.137824036140139,-0.533085741687378,0.246889019696664,0.222371245812558,0.192397074127098,-1.49826154112373,0.595526057471327,0.472933241043163,0.56538024046661,0.0362438394718849,0.253069923446751
"CGcc",202,-0.383884582176672,0.0306390198375227,-0.736796564482507,0.571756047190223,-0.151160889319132,0.257917994867223,-0.99261470293041,0.71141291723867,0.139170523894363,0.370401491486348,0.235982833031255,0.135736764623275
"CGcc",203,-0.671007871058714,0.183676822438034,0.34724735009406,0.292836014809201,-0.0903344388791778,-0.0253005727925222,-1.08500256884935,0.582582255469775,-0.294882392981052,0.606170011192548,-0.0724210269405494,0.131440252575356
"CGcc",204,-0.320583681186246,-0.0118900415959296,-0.388280347002913,0.462257027306427,0.00538578466740425,0.13270934907779,-1.17667964997316,0.808252557613863,0.390346983130012,0.323483459791987,0.415883387306654,0.0187411668562897
"CGcc",205,-1.2470224109396,0.285106690595459,-0.214388570116049,0.217479647401278,0.366666779348526,0.0472663368265607,-1.15039529404596,0.800931690337273,0.261071322330589,0.670665044624822,0.302064125714114,-0.088207134210115
"CGcc",206,-0.455931638367063,0.14945146905234,-0.170238187992582,0.0236848172636978,0.345217764361039,0.0830629099828228,-1.55626981655385,0.743242648953159,0.394557683438825,0.911938488536786,0.095927957397505,0.172686742556117
"CGcc",207,-0.956154098021064,0.259223235802102,-0.476112185263796,0.0294819737823605,0.0647842418727257,0.130744663899301,-1.7168938296522,0.435883425645696,0.228810526925406,0.396705391457753,0.439439377840072,0.281076819490054
"CGcc",208,-0.597265919585029,0.0487161894585544,-0.522468800558608,-0.333011878647762,-0.0253946310699259,0.270518632169899,-0.907789090680562,0.350441821252997,0.447375280355682,0.477253137926823,0.874784770436886,-0.0781114921027062
"CGcc",209,0.107272076254489,-0.0289253608604834,-0.586575541931691,0.611329260629085,-0.196750214914964,0.160786052385356,-1.43589873506395,0.761387457432113,-0.328050641921082,0.920324963495724,0.53192680393973,0.110965559245068
"CGcc",210,0.0167844135651872,0.0412475294891767,-0.661614575608296,0.170714997858075,0.0951673755554673,0.192555398915589,-1.11151932844658,0.92989699598193,0.0654860879885305,0.312002581048048,0.443273013417825,0.102610613276434
"CGcc",211,-0.572720302532402,0.0778941996149399,0.36860672633212,0.054101090896193,-0.042161463897595,-0.0272919458660934,-1.79942020497811,0.777874240588743,0.312417091774479,0.750530924297196,0.489753416746129,0.200416492552173
"CGcc",212,-0.707679383039807,0.235827045905087,-0.213336700171448,0.180596154080059,0.547926674099689,0.0431118044039636,-1.3234368578976,0.60080182643392,0.605525357256383,0.62384279457039,0.506683686239136,0.0709837270606026
"CGcc",213,-0.568731991415216,0.083429484623944,-0.660307557260128,0.272967531088569,-0.0211544932034623,0.319725015710983,-1.26351189790809,1.15148310770125,0.0497341618066091,1.16880324794469,0.104457404858612,-0.141267282282135
"CGcc",214,-0.42044214790644,0.0398209093062475,-0.471459382707841,0.359046703710384,0.354866853151296,0.157897061612992,-1.73508311761867,1.09137731317058,0.825637353992822,0.65367250175306,0.741086688096811,0.0871987411216766
"CGcc",215,-0.478178771646812,0.0609417832343824,-0.683518106352892,0.45147285637583,0.17998270767096,0.147950992771776,-1.74446498299586,0.228566934130737,0.330810791437625,0.304091955912747,0.832211445721403,0.328706306357657
"CGcc",216,0.0170018267335138,-0.0521128694798683,-0.201019728370914,0.149835254744858,0.330590454930283,0.155580544038351,-1.29510584553065,0.213639394572273,0.315292884394567,0.506506042362801,0.148876379238683,0.319387630429652
"CGcc",217,-0.636313706870027,0.0426822540557319,-0.156705194812621,-0.12494446574569,0.300313156866215,0.114149228927834,-1.89680080535725,1.04064271805119,0.323737417976717,0.898140614317522,0.599679661573963,0.180269307291005
"CGcc",218,-0.640229669311505,0.195022800806334,0.611882933055938,-0.00282256197029231,-0.168697562035597,-0.0302023025721827,-1.46125872965854,0.954294744651764,-0.328358406301862,0.96936599782788,0.601483864917634,0.064611533110065
"CGcc",219,-0.584050835685444,0.175719516543727,0.272875562736278,0.15335424447355,-0.0222296722831861,0.0203716314399437,-0.846622608351161,0.684059278642673,-0.603382999978363,0.744750864890158,0.0177647890764024,0.105221984371775
"CGcc",220,-0.719812664777706,0.165837175071624,-0.543783285313642,-0.190811969295993,-0.0345416267880831,0.290544609524413,-0.970760465154629,0.83977205587554,0.328718231931152,0.873935549399777,-0.26315136846687,-0.104757228535004
"CGcc",221,0.00509319876966286,-0.170739271859868,-0.332979591920103,-0.0440968776305437,0.127830394542901,0.189362262702685,-0.819423805338628,0.493523375199777,0.572864049040551,0.675735209129695,0.105201369659139,-0.0363421296783431
"CGcc",222,-0.958302657071299,0.34813663198414,-0.110605659642608,0.125901736296626,0.0184140841363905,0.0350646939595553,-1.13233508394526,0.378296985313573,0.351763400262304,0.92369884764906,0.384629539440624,0.135875213790881
"CGcc",223,-0.723132728230924,0.212528456525092,-0.396400748766836,0.371434931044832,-0.0513018983077374,0.218740095573866,-1.26658812923088,0.76267333628905,0.645540570686043,0.703380600993408,0.34988998000737,-0.0731987157097692
"CGcc",224,-0.131877796000795,-0.0342020006669971,-0.195235115223996,0.00637267146971125,0.0549666796596756,0.158354297797892,-0.782338327140153,0.577884947308671,0.458854088726454,1.20043107000686,0.467235785518395,-0.123662503898212
"CGcc",225,-0.609547569563761,0.180098474257308,-0.664349336057913,0.274420354768964,-0.241624434002703,0.443362945108422,-1.81165823053461,0.876049126553753,0.355167512130769,0.645973146695231,0.222998348456996,0.255560869311682
"CGcc",226,-0.475048241988275,0.00362309770759524,-0.0998630019464354,0.478290790224516,0.457697002924221,-0.00733217905338619,-1.60659429191954,0.569743743637817,0.318939832848169,0.560081636000328,0.491754465336582,0.285848501040245
"CGcc",227,-0.667678341374643,0.0550455952758534,-0.0337397368775008,0.397603421357328,0.242996841953518,0.00108993062259749,-1.43490000964952,0.768142060802742,0.146243356660889,0.459440360708572,-0.192150035573103,0.325098998136141
"CGcc",228,-0.787093465149282,0.187420600486225,0.467223912306821,-0.155125068140984,0.220822448980922,-0.106931045668824,-1.31008068376648,0.867563662217153,0.480322342973223,0.271677547798467,0.0779910721145005,0.0684951904179796
"CGcc",229,-0.536062953846391,0.156629446166282,-0.210979475171233,0.771769144912022,-0.0737162133259107,0.00750122088071105,-1.12566104851131,0.498433890772524,0.807433762191466,0.830094774762803,0.290852788717792,-0.0418772485252429
"CGcc",230,-0.493077173245687,0.107371802565738,-0.0961819319381754,0.31327462121401,0.377927841538322,0.0819847194905998,-1.32627237461041,1.26039237259075,-0.104916664189526,0.748215539900777,-0.0263711952269653,0.153021935979884
"CGcc",231,-0.733701976921926,0.191550027298738,0.283818142350395,0.874555733060793,0.0388888313759602,-0.122797626421336,-0.859640987687936,0.660171556900108,0.30031155652156,0.694712663381453,0.336654614629249,-0.130616362021386
"CGcc",232,-0.781456276962243,0.285735114796597,-0.479911303792294,0.221426001214017,-0.181303426480377,0.262267992811336,-1.48718746684067,0.48946054535833,0.0700288091548192,0.363211897802817,0.494528263858367,0.330644891952883
"CGcc",233,-0.422298126672031,0.00901774304212746,-0.217186136159157,0.344285068603602,0.460037643242786,0.0469379797567559,-0.983672455287029,0.796187939629163,0.600528162442104,0.472444397502068,0.723827032629182,-0.0100641442073849
"CGcc",234,-0.761792775686596,0.107437116295244,-0.240141620776139,0.0867278178793576,0.128936089398761,0.0879627262305965,-1.62356978124971,0.683337940653059,0.216284840474816,0.855148711988376,-0.170601632873947,0.243431054257065
"CGcc",235,-0.804194797352562,0.170230470511558,-0.718041370269519,0.110076655771772,0.0760686106835738,0.256621896680426,-0.816756274014463,0.795027297874263,0.386324698952879,0.745253380860596,-0.0393658339838582,-0.0128691451617711
"CGcc",236,-0.203981180510978,-0.193787305556704,0.0269189188363571,0.336492945528312,0.0676873509179096,0.0822036162948178,-0.947365970062332,0.995985905623674,0.0914661899975712,0.971696632638434,0.0811081699823536,-0.0864786289749415
"CGcc",237,-0.305585155421851,0.0117985152053262,-0.277887029659673,0.395586509698633,0.0449111650087872,0.0768116450809997,-2.08892318392175,1.12412006136471,0.529515340789053,1.38641766921478,0.0695543389865197,0.10097653709962
"CGcc",238,-0.334185409452086,-0.0616599024113219,-0.544211893611299,0.258715631566646,0.654428123070909,0.0969699701924474,-1.32130550779349,0.743271774293341,0.410579985612145,0.712225629062523,0.254923516389331,0.0858119127688482
"CGcc",239,-1.05856232195077,0.272380084676985,0.0170819824197015,-0.424947301946394,0.302757495913747,0.0511403620878932,-1.4593794949937,0.931730922778705,0.561321326104898,0.234113958221577,0.818086952856212,0.121874060414197
"CGcc",240,-0.547478379383509,0.1265041557526,-0.30730681803651,0.631190118461029,-0.110640187013826,0.185561121389864,-1.21215366014373,0.540190969516322,0.0573965805254186,0.82719170062893,0.342605872864397,0.084697263295207
"CGcc",241,-1.07647349280007,0.422941245659,-0.274727564709037,0.25352501608903,0.277272840500101,0.0824363694391937,-1.69278943101902,0.885430296735971,0.182446347483987,0.557202969843635,0.678277337776828,0.170384833277402
"CGcc",242,-0.474876477344356,0.169361619937221,0.0420867828757822,0.00648656134856634,-0.406876146065664,0.169083392746422,-1.65605216576632,0.938900466048029,-0.254752645655419,0.865814136186355,0.228690474876612,0.278894805716942
"CGcc",243,-0.699086536802816,0.162360389362171,-0.589367240004146,0.7797139333567,-0.271977756253197,0.229218254128777,-1.29020889637426,1.25836232350565,0.623018422292022,0.480259976058122,0.717635655902717,-0.134598729314891
"CGcc",244,-1.08344528918425,0.322793583355504,0.236812708413266,0.109183672567112,0.227057415716864,-0.0614959095220024,-1.77160575728779,0.880520694322744,0.413295392362788,0.394789064458007,0.170062744976272,0.155737781715686
"CGcc",245,-0.915879365195314,0.301266090324296,-0.439702886540131,0.545079225614369,0.320527149444945,0.146086546676058,-2.04440412833354,0.741516291168293,0.633498699517537,1.3315296753966,-0.30702539865276,0.307587229893241
"CGcc",246,-0.972081985792338,0.378199510262403,-0.512105292493158,0.339506657471688,-0.185940736663486,0.226008099032334,-0.602197748400031,1.01457808362638,-0.214559575577934,0.527326164547085,0.737965950371628,-0.0330921600090978
"CGcc",247,-0.773350833670552,0.223551652467352,-0.0423692703974672,0.323788750936888,0.142972680723302,0.0329306346257534,-1.8663503188514,0.507841793915482,0.374099130800362,0.534603469117843,0.727633811296162,0.262433845189951
"CGcc",248,-0.535316376294339,0.112856418660639,-0.231110226930093,0.0942002572957443,0.0532919823863776,0.123733254539698,-1.58796070663045,0.615494807248596,0.803178118789896,0.625876641477853,-0.206759474968077,0.30250475734224
"CGcc",249,-0.438105723186667,0.106719672900839,-0.371319997817932,0.393652732328692,0.0169536013232371,0.189091044202506,-1.07581110316597,0.909017277284266,0.245364952953487,0.653370430090388,0.139210647096196,0.10808101599873
"CGcc",250,-1.08142682934877,0.284104845413684,-0.128838227427145,0.347861345788804,-0.011131788673962,0.183630416609916,-1.1439121016089,0.665448649703952,0.433384356962164,0.707003159684991,0.443967768127323,-0.0661776925110939
"CGcc",251,-0.777545736178212,0.180049213048322,0.127867835044875,-0.0934841551271485,-0.0786570558240467,0.164820247770368,-1.69009975916975,1.05383004870726,0.796995766189424,1.00138705916332,1.4120491339618,-0.0230486595376597
"CGcc",252,-0.00644448349866482,-0.00572007522790194,0.281618905310383,-0.157725547634521,0.500462818748835,-0.154806630432599,-1.46493992398777,0.615874009854283,0.36931815847879,0.784094418004503,0.34600025624934,0.226597155780881
"CGcc",253,-0.331052488570715,0.0136860466701392,-0.703702220804975,0.233461522495899,-0.0214252788302439,0.271815042832844,-0.912501210834401,0.874954235305763,0.538782665470252,0.359273992084778,0.767982804672615,-0.10704435130217
"CGcc",254,-0.842666696549396,0.205455875872404,0.147632334021513,0.177164442333494,-0.285634077110132,0.0191420440637499,-1.18976074593388,0.567315654241529,0.188220918213743,0.728449478293621,0.369821075054406,0.028220493507888
"CGcc",255,0.0180656362042189,-0.173331262358526,0.154627043704804,0.329625802412119,0.153764772175105,-0.203045133033815,-1.19333452702243,1.20660511207591,-0.00674577631408075,0.701922820881089,0.882049275176341,0.0033135025670649
"CGcc",256,-0.541433577293264,0.163445036272291,-0.611780348931571,0.40602203453334,0.100609261997179,0.172056111647965,-1.02878038099289,0.868163581819144,0.251493313148419,0.834774472720618,0.372840267119532,-0.0524373848514875
"CGcc",257,-0.371337825065582,0.0906922030871015,-0.462554973588935,0.33462798954277,-0.039342974546605,0.180020190806525,-1.21533895106346,0.40155906061493,0.0650012668305019,1.58108676718473,-0.334746945522353,0.155886657780624
"CGcc",258,-0.630505209585682,0.118652098502173,-0.386106493449055,0.36278395294914,0.055554876969655,0.149648455614863,-1.23119775508246,0.137297982312729,0.432565485713485,0.55434946204107,0.378481329236907,0.169175581182019
"CGcc",259,-0.633169288957687,0.170125356234638,-0.47824215444747,0.307997867779612,0.295378327391397,0.176544288344929,-1.53474284469813,0.61638573908945,0.0686034650811094,0.917225918318402,0.671388839665215,0.19182813126058
"CGcc",260,-0.53550402479661,0.128428442644756,-0.728277606632471,0.379035624957393,0.229010586077212,0.237666298531334,-0.784687413770713,0.909014044691048,0.177176514009287,0.299362478845612,0.66731741848886,0.00513930364119559
"CGcc",261,-0.714057832172662,0.116380003487967,-0.210017121880032,0.0174348875451779,0.61729470878691,0.0689710258300879,-1.33720476672121,1.04766372469625,-0.022001221891498,0.643453325232557,0.488266219086581,0.0046662506595095
"CGcc",262,0.0721271684359729,-0.316922405849064,-0.784687525343133,0.757355383674448,0.0134224935717741,0.238340532769434,-2.19860403237562,0.641525004555659,0.56644591711922,1.08581634168715,-0.550505848322397,0.470391573742591
"CGcc",263,-0.914561059974204,0.235460158135802,0.354126317610908,0.508162625845952,-0.0138997863356255,-0.0870258556673675,-2.18990813241067,1.38159607432895,0.685298567183765,1.06803693160812,0.0376801857941735,0.172913243403167
"CGcc",264,-0.679469473698554,0.227351512874735,-0.281267382861464,0.521757903338346,0.160859648984278,0.0962579803781633,-1.87890841301925,0.753918395424121,0.276261643971528,0.962047011728385,-0.221498277057679,0.246425692993095
"CGcc",265,-0.420683454705005,0.0185856694644371,0.56512112832053,0.335651361982655,0.0933453936439899,-0.170447733106531,-1.48994983991596,0.854007959270431,0.41398793427447,0.161542522396828,0.629115884795781,0.141810213548089
"CGcc",266,-0.10249650321012,-0.00842607240606916,-0.222784811593352,0.738734973977036,-0.173821133079834,0.186674424306923,-0.859618608570616,0.327942986941622,-0.108100403683286,0.807104764781403,-0.196261223114798,0.114307859776608
"CGcc",267,-0.0632266366822698,-0.115714582862359,-0.621891669971015,0.879222737388711,0.0397537584048134,0.231728672220289,-3.19231664286302,0.809283371130621,0.496127025730718,0.917756877097074,0.595817255128375,0.621823895469972
"CGcc",268,-1.09444982228048,0.387153941166635,-0.739635884098021,0.413713671676448,-0.120585000604858,0.307214499964753,-1.59250878929491,0.553508336833139,0.318630738328765,0.687960812817899,0.574782491265275,0.169748217581111
"CGcc",269,-0.633282998870002,0.170310072226473,0.877693874677568,-0.534165345036571,-0.12617575053122,-0.21521520603702,-1.3182956565292,1.22255209050195,0.261001494484982,0.681386007723836,0.256438372887624,0.0379540845526433
"CGcc",270,-0.504488045119287,0.117531163853073,-0.251790752679596,0.0525296508584876,0.624600148558834,0.111629767212671,-1.16461763894113,1.05748974963809,0.0116526475356389,0.141339696425781,0.608558919659168,0.107205198460795
"CGcc",271,-0.543395123866573,0.144056552838103,-0.340540064137489,0.0956705536254218,0.14702954190818,0.145848776608529,-1.15754062198967,0.468985507507994,-0.00424203563357558,0.802415623896634,0.566420388867885,0.043083068634123
"CGcc",272,-0.756899664375414,0.123034226528579,-0.124421810727575,0.258562040767654,-0.349658647214133,0.182846772906673,-1.22362366328028,0.69664222383435,0.552272575127485,0.572030474693161,0.523849949093771,-0.0277110922986343
"CGcc",273,-0.404531917513896,0.159620827785787,-0.273616616029425,-0.0590728417246429,0.0669562531452499,0.152540748324746,-2.47557113302956,1.00224416153442,0.698197391964102,1.38261994335101,0.0104386655377194,0.320697165779966
"CGcc",274,-0.51143202023739,0.158322228360289,-0.572336225792474,0.576837100102956,0.00517378128594404,0.102669435035784,-1.97237698637773,1.08710283825486,0.449417252648365,0.579958654586402,0.153844959979146,0.243255199922715
"CGcc",275,-0.351610119880075,0.0412409065797994,0.186954484168131,0.115148965544326,0.116445225108369,-0.0676637263676754,-1.61491076052315,0.809747468950984,-0.0492368897139844,0.583810360505372,0.491186955195977,0.228768943086727
"CGcc",276,-0.73963936762534,0.217376415657953,-0.465795308324487,0.794917625708016,0.14175987953926,0.105249489289977,-1.46097493047362,1.26540225916652,-0.157924868529004,0.389761754113634,0.701692162009994,0.158905494768359
"CGcc",277,0.0136842887091567,-0.0234512487524817,-0.507332869032725,0.184925238948442,-0.0502706054830582,0.143290845373176,-1.73015028423015,0.923724479118765,0.559582868724691,1.11222718657258,0.390250550816629,0.107627836900568
"CGcc",278,-1.01309930398597,0.30256711294559,-0.176323088338042,0.989820292798074,-0.251110310900912,0.0371145547639556,-0.852740210820172,0.312285217195601,0.238653322641438,0.729874301148828,0.153737741286944,0.00325985563078937
"CGcc",279,0.156608928509659,-0.0660954997484139,-0.0789847181758541,0.741964593747402,0.0586881747672927,0.0686980045935853,-1.13095186758954,0.487452555652588,-0.267686819000597,0.527045861612436,0.489726416056562,0.262339957410533
"CGcc",280,-0.303570297173576,-0.0206899977011961,-0.0817760800682374,0.396101979957167,0.0460322972768182,-0.00832801618795905,-1.44232945412791,1.13130258282572,0.18653480762734,0.879884665140819,0.499943750053639,-0.000731145032821373
"CGcc",281,-0.351731189018406,0.0355687425253265,-0.515958732249729,0.540087957302272,-0.202815673566364,0.230735685203378,-1.50124225473306,0.577756765833446,0.519681236745362,0.342626144997681,0.0833901610858405,0.246582512884151
"CGcc",282,-0.168057400015131,-0.258291355386594,-0.486189507776432,0.236499561554701,-0.281664812672802,0.256388121881572,-1.87062582085024,1.00152261461274,0.709156980121346,0.346791334391685,0.261963847923294,0.200289389853377
"CGcc",283,-0.198598223834156,0.0181179628896775,-0.0782436714428372,-0.251241629506783,0.0263674933822438,0.163622331199671,-0.998517293547647,0.79609900048591,-0.146235913614444,0.484279962826314,0.277158963567505,0.0864520531227338
"CGcc",284,-0.629062355955571,0.177232556613728,0.39531603360372,-0.268414244540944,-0.0180604832609792,-0.051343097210151,-1.35752223321124,0.773694503657203,0.134965570842069,0.864653507865266,0.246893446080704,0.0417828782569079
"CGcc",285,-0.119126516869068,-0.0964037967069996,0.219992036013592,0.272662577955898,0.225516624897568,0.0075207376781854,-1.05333875867101,0.352922799921062,-0.0280745470503876,0.330549266594435,0.747915500380748,0.121640920943467
"CGcc",286,-0.0027288540835617,-0.116614249059945,-0.678902780831698,0.696828443954581,0.0663711026535728,0.198517180282495,-1.26272241987043,0.274093757829179,0.2817563087448,0.884460673382128,-0.211074277162307,0.155986073633537
"CGcc",287,-0.561960013849309,0.104454563254432,0.596157931298437,0.299074513405158,0.00616420368832477,-0.102000467559886,-1.29413445504104,0.71825307680859,0.405785647140513,0.572413394002526,0.928155709282772,-0.0640922468634111
"CGcc",288,-0.56090012176477,0.104551323266604,-0.127716680548044,0.392594713389984,-0.257036598612155,0.152970590428485,-1.2951525676905,0.465083325497042,0.810304388853056,1.26740466797162,0.694157200208362,-0.195841499489321
"CGcc",289,0.146813569060998,-0.160205028669209,0.250743688507739,-0.0635889030168855,-0.716862637818305,0.115809110765494,-1.04297387990663,0.673369118828373,0.519432864416675,1.17450928025433,0.758509224598179,-0.286232056106379
"CGcc",290,-0.981043047340183,0.302745670544914,0.506919085461667,-0.118733997410212,0.345605401734827,-0.0974187560513317,-1.7402368375759,0.930535357881747,0.0938948581707524,0.815823183803464,0.0548799695921812,0.160289521681149
"CGcc",291,-0.68773700645952,0.179113504906458,0.368659346908234,0.327280458009242,-0.119003712994485,-0.00435305235063808,-2.17842551870793,1.24858832265284,0.262745167163759,0.699088907156459,0.331690769820475,0.226027996645992
"CGcc",292,0.0452306686485086,-0.15053513160607,0.317970371572103,0.0227556482879605,-0.0439380257923698,0.0972447863100236,-2.15445056917404,0.746950783047958,0.966088309948448,0.699920892022401,0.0361958849629208,0.356051884374592
"CGcc",293,-0.197059206649232,0.0166798817559567,-1.01190726806704,0.633091749490811,-0.317474046663771,0.321300670912386,-1.49005519091971,1.01217409266699,0.538880604887866,0.871691677964136,0.0904337250662068,0.053464203706235
"CGcc",294,-0.541151014890106,0.118017794069102,-0.21459295573537,0.729492237305054,-0.383383247678327,0.0958242389699876,-1.37226548621952,1.23412173688233,0.291309834904248,1.19967787711613,0.147565608359063,-0.0761063363290623
"CGcc",295,-0.479238532520459,0.0785716126532482,-0.153907415722014,0.228812395875088,0.470547030685966,0.0148197020670658,-0.869871435649488,0.631637080294861,0.221976572506359,1.1613680352249,0.350450621498371,-0.255231830809672
"CGcc",296,-0.929920061229397,0.31415231544124,-0.00699111560410372,0.268796021823768,-0.0511737435631457,0.122457056013659,-1.62149610017146,0.901863361556538,0.874434199037957,0.878273873742321,-0.0307626469869045,0.153843661169832
"CGcc",297,-0.0768419775562841,-0.135660548165007,-0.409282951933342,0.520256641031077,-0.33401962141138,0.155702876623715,-1.0994001191591,0.536518095309917,0.858428525273693,0.654594515837548,0.0786126366110579,0.0547391296156888
"CGcc",298,-0.315509478808431,0.108142606889807,-0.689768018721544,0.594342214396637,-0.0700173631968384,0.237477034084129,-1.0076667333994,0.462866449708068,-0.314272802831815,0.800307562644384,0.581513119161379,0.121252967100399
"CGcc",299,-0.737876379223165,0.239091803686343,-0.151801793275457,0.800452616958805,0.105106127463918,-0.0146811938998957,-1.0919317280037,0.987070710519304,-0.352687319278758,0.118231058091642,0.316385165770716,0.106301641130898
"CGcc",300,-0.584428524220396,0.183854294470566,0.0872894680088187,0.298440340252954,0.14650332892542,-0.0245744796135889,-1.52297054719378,1.15800794144459,-0.112510143304443,0.112086872169831,0.855024753289128,0.197187779431304
"CGcc",301,-0.311162688438737,0.0813869537326221,0.0408616985870923,0.668651674284449,0.147428970311704,-0.00403896468601093,-1.29623035027634,0.562544312577473,-0.0612123707482245,0.672128561197944,0.0958378652807609,0.133761864637961
"CGcc",302,-0.298536475810963,0.0561052466631408,-0.311900200347248,0.567274750308376,0.337351274040992,0.139003733676541,-1.40205501882988,0.626735276005963,-0.0408305011317735,0.736205704732004,0.918806962480747,0.143196676459503
"CGcc",303,-0.250983926356593,-0.115361401262742,0.130491076989807,0.0489978098604994,0.188529978360233,0.013797999700116,-1.96053428344532,1.33113310842116,0.293632448043338,1.51133632440248,-0.0586363801216701,0.116333545244593
"CGcc",304,-0.918656902555819,0.259287417689709,0.0263378133485904,-0.254810620433035,0.382953605168463,-0.00712788806470237,-1.05835089686603,0.597923216798613,0.159236543185578,0.849624384331138,0.179897589075385,0.0882455194877386
"CGcc",305,-0.272745784053967,0.101835727223526,-0.123260619561258,0.259736463156109,0.214125129828394,0.132971800694375,-1.27767887268561,0.837526648907146,0.388537468383632,0.368850720286243,0.453005684695196,-0.0212029688843347
"CGcc",306,0.526357939951201,-0.209160125539343,-0.47818177940946,0.356450678356802,0.654676614377975,0.070190108980872,-1.83913410451679,1.07170936155659,0.579902303295628,0.578729470506374,0.0665078225193266,0.170275085398871
"CGcc",307,-0.328237391682822,0.0520997595224086,-0.213476861023581,0.426922527868152,0.394654456833234,0.053814013060979,-1.11502223729697,0.707780323711038,0.119370485912027,0.381851456303331,0.594964025096849,0.141956126758565
"CGcc",308,-0.15372931271082,-0.053789400696217,-0.202919082239806,0.295713171695958,-0.197517288797742,0.140155756946126,-1.37677359139644,0.758800780105926,0.55877975841071,1.01751380571482,0.577706732939314,-0.138154341528713
"CGcc",309,-0.0862115024232312,-0.0152234034869387,-0.196960587610105,0.235856771303643,-0.0644161034939,0.112014071932668,-2.04909672424752,0.761679638748053,0.238263297796279,1.1384583991957,0.592100123425844,0.2400677211903
"CGcc",310,-0.367436636157278,0.00180299043450267,-0.187745921222274,-0.110688357326309,0.15325380021257,0.119738013201984,-2.01136855025205,0.722179638621841,0.368073389219676,1.08652100883313,-0.176083606288635,0.382227092033542
"CGcc",311,0.329962838960201,-0.372056838164175,-0.548233097353154,1.2007689970455,-0.051794406104846,0.186996129847706,-1.24263850681955,0.87322297524426,-0.089554933718497,0.596397767001966,0.231018602657098,0.0877513610600778
"CGcc",312,-1.15356398463075,0.333263203988645,-0.417561952953448,0.800420129247252,0.531573518485472,0.0553347103710964,-1.39533883349416,1.07019880930791,0.308296222775689,0.578732099076112,-0.282799517626541,0.0978706492001233
"CGcc",313,-0.722504902117668,0.206828966356876,0.0830408250687113,0.565995078629706,0.147408329116732,-0.0150642977565927,-0.653947680346486,1.02081446324142,-0.244011223462037,0.612819669017005,-0.165230621218676,-0.166346669599771
"CGcc",314,-0.933623184703985,0.288386933619053,-0.331002869260533,0.738054626703733,0.322457077070454,-0.0092185454871608,-1.48295649179642,0.94359875567234,0.498679982048733,0.66414014020865,0.489778554024162,0.0584193050213274
"CGcc",315,-0.312682349302735,0.0155178675047657,-0.14727124274708,0.456013631024487,0.240564234597643,0.114354911992275,-1.5120994708806,0.733362437861891,0.252041378226604,0.804815168077482,-0.244133143316514,0.135243632701751
"CGcc",316,-0.986600479985316,0.280505171007557,-0.418173840096623,0.197460061353821,-0.0895932163319831,0.175670034610487,-1.20337332264447,0.769770519531305,-0.225477311614419,1.0340098364979,-0.980709383007834,0.216092423357986
"CGcc",317,-0.800314814406527,0.179556491404635,-0.473515481305073,-0.0426093712755001,0.201752668351195,0.130599447201863,-1.83498671042558,0.776208609713213,0.813692543100957,0.558665948998956,0.582394186389752,0.13417660734459
"CGcc",318,-0.295463034061452,0.0649679272103868,-0.364217568267194,0.69881803791569,0.0560901800125802,0.117076612987808,-0.845239999479921,0.804455957912357,-0.0998703400357958,0.810666693351032,0.446844147367922,-0.106713540782195
"CGcc",319,-0.0249607556905718,-0.113937078967788,-0.127557582316519,-0.398481104874717,-0.312465024029033,0.291704020768918,-2.29565933997179,1.31002116218845,0.500747498725871,1.10983361740457,0.0205197384019335,0.187560016802054
"CGcc",320,-0.0475187038395944,-0.0598135102553461,-0.283259165802373,0.426701908276949,-0.245139670377322,0.11118375924004,-1.16025336530884,1.17872417862748,0.153994757132275,0.519818779819338,0.256545109177321,0.0683320421525365
"CGcc",321,-0.253878564928097,-0.046037356949165,-0.354035018864991,0.592083374873878,-0.233117365415038,0.177895833477957,-1.15664618826797,0.614817625508919,0.508490013911733,0.344661961419106,0.158249718616034,0.0710017554919708
"CGcc",322,0.172019736218983,-0.237102027577718,-0.575270272857737,0.551212338774441,0.575006692929774,0.150237101387698,-1.38587433663756,1.05084822866076,0.00264620203477437,0.693662110894627,0.584447831511615,-0.0187203231842585
"CGcc",323,-0.578622642418801,0.0814241919858542,0.216615101710996,0.0121202351027058,0.198611011096349,0.0335403733699964,-0.931267521102277,0.585938882567518,-0.272627951405117,0.440178855736776,0.595054159036245,0.000491339081101615
"CGcc",324,-0.878233616938193,0.23021914945983,-0.30708005444004,-0.0356980662130023,-0.144334858167213,0.212670181438034,-1.36590917697262,1.12121802583648,0.754320000326255,0.626562340680013,0.78544632705069,-0.140150373137947
"CGcc",325,-0.389061297644365,0.118165522334388,0.175200560471086,0.554647398244374,0.0990141029524351,-0.0379964380297774,-1.08535261900373,0.929624849563611,-0.573737273306199,0.624825392977086,-0.270708376827933,0.248519978178884
"CGcc",326,-0.760341288899074,0.264605199177274,-0.443724309629487,0.543708408525168,0.124969005534661,0.111189901901206,-1.24131074609402,0.635191981825578,0.264389880836476,0.473047531855669,0.439449218150156,0.169217863045968
"CGcc",327,-0.313474235008252,0.0547649738874385,-0.104406866803183,0.439944803365102,0.0512571546833531,0.0188728574287379,-1.61809585830263,0.965287436161865,0.139094387827749,-0.0732169459521867,1.10322037313364,0.192829614244186
"CGcc",328,-0.432954093422218,0.144365362659868,-0.0790175690641917,0.656516100952998,0.112409181396887,0.0338222906159367,-1.73770597782262,1.3961576010872,0.397615747650478,0.84788432426274,0.715898925898049,-0.0307833642921745
"CGcc",329,-0.490194028689484,0.0541361474017728,-0.0983566595767984,-0.00789744540740269,0.158455653451773,0.14353479509802,-1.62226856975768,1.00622927001635,0.716486333931505,0.521306325352925,0.408217565490742,0.051311482876629
"CGcc",330,-0.589752560834071,0.118021946483775,-0.412982630331966,0.416241859065534,0.100291534849009,0.132040283499941,-1.49231239360072,1.12046845756918,0.838421748066419,0.336579604155176,0.655578225813642,-0.115949574470021
"CGcc",331,-0.785544265322542,0.178480765994698,-0.202452744033452,-0.0431970938668261,0.146653403337466,0.109266336174476,-2.09089616413676,0.981806440416717,0.755281870657947,0.773864803237065,0.729463810653871,0.248979980797938
"CGcc",332,-0.273881110075875,-0.0358224747766929,-0.0344749945232349,-0.391582159277624,0.245045399302725,0.17945219282035,-1.55159871697655,1.27528224202079,0.0326559306683188,0.330953624080131,0.650446771969959,0.198790942898564
"CGcc",333,-0.786498159139198,0.308215976705718,-0.551943962510761,0.382975205842484,-0.179414337769542,0.26781419603971,-1.78932015297326,0.94427302399344,0.381966380766264,0.799549882349969,0.143540191538617,0.105592617393128
"CGcc",334,-0.586937594327367,0.161438024687461,-1.04362672608016,0.460249431796239,0.0997781482271005,0.37713717473985,-1.2264874787603,0.936233857104446,-0.244174475653506,1.13577680992205,0.561046724021824,0.00134305231143953
"CGcc",335,0.0348069825901357,-0.381306898796198,0.534862874830165,-0.367018335837398,-0.10935645379193,-0.0234084492173317,-1.78236880970367,0.774488976043761,0.913385931702742,0.145216084750405,0.732928431096709,0.204775674951876
"CGcc",336,-0.28265811534751,0.0956755500452748,0.408424970547829,-0.007525633908469,-0.208746435815781,-0.0392529331088358,-1.92484718748682,0.807262485603367,0.430835220813821,0.446955910881669,1.0325215533785,0.195081327721488
"CGcc",337,-0.326907441178295,0.0122414791791928,0.438642817036126,0.127381405721578,-0.0853807561686802,0.0244352053433805,-1.59500253372157,1.03157106363472,0.774916401221968,0.711757226736406,0.65275503335864,-0.0641815713529283
"CGcc",338,-0.178441008671407,-0.151342470948858,0.25302322289551,-0.0268054474940236,0.116302948410581,-0.000375281898150061,-1.97466974911956,0.75504723280326,1.13620825466054,0.774925898957967,-0.344541180003992,0.323764308622427
"CGcc",339,-0.449481851898892,0.140217777179584,-0.394023569165127,-0.0255463007635151,-0.365064155640263,0.290455360817755,-1.69419328586167,0.96147172198024,0.25187361406244,0.67652335315871,-0.0116449828374694,0.183446928977469
"CGcc",340,-0.830596031474995,0.280438086732786,-0.817426210733963,0.251605146034043,-0.17356788683459,0.271665047549938,-1.43653896860869,0.862445361020093,0.0127745214760762,0.531248789287244,0.257275517032132,0.216707818881564
"CGcc",341,-0.777361576742525,0.250198088842533,-0.0097064038998346,0.581340191117058,0.569907991913774,-0.089897592815122,-1.89832794710228,1.48886086951942,-0.192657781396359,1.11648703588625,0.192931067206289,0.12461036165771
"CGcc",342,-0.136527665620241,-0.0743681074896895,-0.010337172336938,0.105885473324293,0.152214257721857,-0.00664780906196354,-1.15786472409,0.544113930005028,0.64454465114174,0.704094486876736,0.147335714868314,0.0297223455904684
"CGcc",343,-0.235577921211513,0.0600241779420789,-0.275016385112891,0.619703825012028,0.434333434276398,0.0455043489766902,-0.806193087790057,0.71368121040793,0.292085012073825,0.653366916234729,0.119063948360456,-0.0569541427357053
"CGcc",344,-0.457075269012944,0.151957607582249,0.243383362373347,0.0772374682475766,0.160283578498686,-0.101590939429662,-1.61497528426811,1.05172527044791,-0.332276194329724,0.27273679539646,0.466785684809448,0.338222487419479
"CGcc",345,-0.713947864386218,0.141840736081395,0.357626362812543,-0.199816351693519,0.27272397015511,-0.0592244227407924,-0.879462282861923,0.957325345877803,0.202043177490962,0.549240869232902,0.421190701977246,-0.123193065454443
"CGcc",346,-0.588989929489288,0.0816690529498324,0.274473913715143,0.269675640167766,-0.323460345030119,-0.0259037348025144,-1.54956233322609,0.514762384567942,0.532430678125762,0.704610040147692,0.390938120703942,0.0951099033538274
"CGcc",347,-0.803137802962673,0.0816070187538522,0.463566930207254,-0.0191027320780472,0.579017350607243,-0.169898603065759,-1.39920217413792,0.409597172155951,0.0712452637171654,0.625259637293008,0.75856244831781,0.122776554771474
"CGcc",348,-1.12866834705608,0.420745332254728,0.00321108762525592,-0.00415601890834023,0.0166215249227281,0.0671834660457044,-1.3168728721269,0.00745200441243451,-0.125750726410196,1.17426277643356,0.283480447385729,0.115885738410059
"CGcc",349,-0.686094100782445,0.185101996058326,0.321893506391425,-0.30345657183874,-0.0425109722984342,0.127527416801607,-1.91948808642777,1.01434197769988,0.633838343919732,0.753469933159678,0.316585310190671,0.152226479843271
"CGcc",350,-0.962338757537316,0.29549344144429,-0.319049024726887,-0.0380250806750423,0.235173229866019,0.198148393134625,-1.6131579726858,1.1823583106398,0.325837565365711,0.881847369637523,0.152043324690861,0.120055300577916
"CGcc",351,-0.25793662039394,0.0362215340330798,-0.52909527135191,0.0706560592675946,-0.575739879396728,0.330836355133242,-0.7870309827937,0.855177514771374,0.0905958673552484,0.488528057062993,0.846441476086743,-0.126357703480793
"CGcc",352,-0.55950315934761,0.0161589787359964,-0.0119317659461949,0.415249643412425,-0.476636411343718,0.0495285318110112,-1.62633198150981,0.798555171311751,0.314312022125049,0.520954657537925,0.24218711437709,0.184964413778993
"CGcc",353,-0.434830828494171,-0.052651095391718,-0.188949850266044,0.582216076232491,0.17897061538408,0.0772966768252725,-2.24961943379724,1.13508675355519,0.693650022337228,1.21554274060058,0.514799843031663,0.214339986383837
"CGcc",354,-0.513299909337063,0.054491263760743,-0.388155172220031,0.321785990636339,-0.104799912164184,0.127751847428577,-1.99665430353983,0.920841520899557,0.0807146485143738,0.721007373669205,0.846299929643697,0.205577871018113
"CGcc",355,-0.159553675719778,-0.0521689942844186,-0.499200363844511,0.265311016576056,0.338990585834099,0.211773539389771,-1.545674297255,0.495926992556764,0.243771754287035,0.488732818713041,0.844936405335274,0.169972004044749
"CGcc",356,-0.379346037920103,0.0494447687636947,-0.250242325327424,0.51663414727013,-0.0570146455318564,0.0391476136697891,-1.90302977766354,0.86031690325605,0.293078737285205,0.270429865918447,0.506177364787583,0.319815432784809
"CGcc",357,-0.671378304071745,0.229739714131369,-0.903233342655077,0.322299843611324,0.240060418424572,0.369763961532959,-1.7184677211365,0.955395956539486,0.232330998161702,0.189133862077135,0.915238274323081,0.0182027819240992
"CGcc",358,-0.544827727176839,0.0836466748851514,-0.187957978063753,-0.00744921466663631,0.0624689951033107,0.147372093289654,-1.69741828199191,0.919252378699665,0.131790608123148,0.436932266808805,0.551933130277093,0.256746702028258
"CGcc",359,-0.648473308108248,0.109266183202652,-0.165899511000304,-0.397114424719327,0.522587829550293,0.116442707678643,-1.51538520730643,0.978851411963707,0.724337409173612,0.475904018465122,0.676740905279833,0.0934832622654532
"CGcc",360,-0.536479760467554,0.0769165934334421,-0.629002148540402,0.762836855461955,-0.156444566707729,0.19436732650461,-1.32351503301256,0.596195606580198,0.279033436010685,0.771307099837564,-0.0685793185259234,0.133748820867183
"CGcc",361,-0.31220712758009,0.0151236458649367,0.177551195912975,0.445825579505244,0.484309144738781,-0.124307227538347,-0.911717497877509,0.439260164795286,0.778802227457265,0.64163512391037,0.417860159137203,-0.0624042987276292
"CGcc",362,-0.15595065468585,0.00698563281033338,0.15890552278318,0.00929030991596616,0.109261189207506,0.0549095043431166,-1.29537110305871,0.848275414358288,-0.374943198849776,0.543899803943075,0.322856224072348,0.179824031975512
"CGcc",363,-0.756970112469615,0.246335972176717,-0.156874690791671,0.922535141860995,0.193387847705525,0.0257338764155885,-1.88105190081423,0.590507569242487,0.112802241961798,1.19738607875941,0.227806595452871,0.23458532170849
"CGcc",364,-0.662786233158639,0.135003067145709,-0.243256253780586,0.399058310540672,0.0623302464116999,0.146603137383338,-1.32036879105994,0.943998083729943,0.0370257409534902,0.851613359900311,-0.0754874773756726,0.202439501220817
"CGcc",365,-0.908200722655879,0.263428461839697,-0.120043799637149,0.433654144080066,0.218797129929027,-0.00310112290419544,-0.877701874012614,0.781826422755104,0.802419345748298,0.718322456892877,0.214946244551413,-0.145952772671702
"CGcc",366,-0.674286580278749,0.0554637260657615,-0.229348397817884,0.273826055351583,0.306769149745219,0.0211205167616535,-0.439308806612196,0.260926044783485,0.336151275965408,1.03496093105226,0.494497679129985,-0.147966671259417
"CGcc",367,-0.657088752419978,0.195409682313663,-0.0880612370316999,0.153278069507404,-0.211882037197838,0.194657586792008,-0.599216768429445,0.417260609058897,0.403857050099791,0.90408780724123,0.0503012503707266,-0.200850937397509
"CGcc",368,-0.559441186242395,0.116786514842555,-0.387340986197742,0.463086394131919,0.392570100265968,0.0151976494244861,-2.14782218501107,0.910953541679454,0.664856358729803,0.807806673535689,-0.323695986402013,0.420600597167624
"CGcc",369,-0.0678615737695737,-0.00540229857040658,-0.749775862948537,0.0494995982863198,-0.136709736982957,0.301837976989547,-1.24813774257806,0.885719079982957,0.309508221106456,0.711626559723515,0.469367575832608,-0.067098920201966
"CGcc",370,-0.975708807879216,0.29745851391198,-0.183443508320767,0.548229247907485,-0.123251815885468,-0.00265689961321859,-1.62681414137675,0.565323239831489,0.484502583120428,0.670872904410944,0.430903280841229,0.177484509594492
"CGcc",371,-1.14324033693498,0.326447095561226,0.137161571832018,0.268375516737659,0.0691881402837528,0.0229770843407962,-1.66806998707828,1.15491707221921,0.0650338518527214,0.539416484811767,0.944465117687688,0.115110397684418
"CGcc",372,-0.486160523640233,0.126823498172065,-0.682958376879279,0.762314639264349,0.380177209998616,0.123076962423336,-1.77903816400121,0.541966483031088,0.402289698629526,1.22044488919629,0.329136325592025,0.0912312115991517
"CGcc",373,-0.0979863924707065,0.0334664525472537,-0.0403434966990813,0.612932646376604,0.0489069593506932,0.0645190490998082,-1.39073201833993,0.866308674276194,0.303982853270849,1.17586477307958,0.496608320057265,-0.216965929056865
"CGcc",374,-0.3173071494911,-0.0366540643657086,-1.03125778231003,0.759059202003799,-0.148968229540955,0.301257135384658,-1.60438461780213,1.30076168213897,0.522824916550112,0.525246052891798,0.72530582519508,-0.00419612052778464
"CGcc",375,-0.835762725797519,0.214571586099988,-0.454667699359397,0.434257575711652,0.0267257281454549,0.203188662106378,-1.39094547403778,0.565852367836039,0.117321748611234,0.88538993838282,0.306213847320876,0.136276872414797
"CGcc",376,-0.590016119427665,0.0762733732547516,0.0278613593849803,0.0478032420168046,0.494939641519499,0.0551447431003351,-1.46067524485045,0.848173942677125,0.61348153102561,0.515169036092325,0.246485123684006,0.109659150953471
"CGcc",377,-0.615456194421368,0.186988662824907,-0.421606271980926,0.386179064967436,0.0954953533563736,0.186045278393784,-1.81442175885944,0.839852408447239,0.412805578164789,1.11690074628147,-0.154391154763141,0.240862586944228
"CGcc",378,-0.134149938806275,0.135280331032928,-0.527785859811821,-0.0385217487201655,0.223156091510795,0.286457127350291,-0.761336177845692,0.598982592584692,-0.289085170140657,0.581118926756136,0.35229950733432,0.0550404115969516
"CGcc",379,-0.777274499417997,0.18454319222585,-0.249211775823842,0.526994678078017,-0.110726668289644,0.117466998181928,-1.13137444782226,0.468168902621148,-0.0636430734414558,1.03729878186917,-0.455947713360277,0.216294004398684
"CGcc",380,-0.505579040582831,0.199264354713559,-0.392718496747186,0.643178650586312,0.668972299971206,0.0811348487821535,-1.79986229339552,0.911985129053405,0.0676475943935529,0.939747582283077,0.189972852153565,0.249614868342752
"CGcc",381,0.0227245331076368,-0.119816243552,0.0255643098873693,0.316165709193158,0.055662829510757,-0.0272265912178734,-1.35911658113968,0.533384979135157,0.518365946726539,1.07165769881776,0.0310498763262231,0.165348138885424
"CGcc",382,-0.595932381225744,-0.0716469659841775,0.272843930581984,0.474229898211014,-0.227226583382305,0.0551329592454496,-1.84515219945403,0.89051880194973,0.0853584085200915,0.98117325825788,0.316201236206662,0.158665933177107
"CGcc",383,0.0141972899319344,-0.117319645519267,-0.242833983441444,0.278588087622078,-0.503100638960498,0.29536583121146,-2.0687861743258,0.694411893977503,0.930099023410164,0.768851458002776,-0.280889377281807,0.354161547736125
"CGcc",384,-0.949285747782262,0.292834729268053,-0.768542067361955,0.38115999455424,0.00194619194882059,0.294903581884352,-0.969271807138442,0.846786792998437,0.313088991635965,0.750950065198908,0.59112316677409,-0.214659919733877
"CGcc",385,-0.594836711745774,0.188280171930804,0.0736612232318466,0.444707582215363,-0.156100493842463,0.0494201440757727,-1.16895648460184,0.494518831092548,0.601693240127175,0.441881284697127,0.161750735276196,0.102254330735312
"CGcc",386,-0.514157124546105,0.0362990890500233,-0.289423724227408,0.257024551183173,0.437248728674862,0.080422660418727,-1.80922579598804,1.60930312763854,-0.245046564096556,0.448515938955108,0.427628365414388,0.180568349112135
"CGcc",387,-0.470926369235786,0.135929743728366,-0.268891859278134,0.475562341384584,0.106888525140568,0.0609728847189856,-1.03810784381216,0.330880125209812,-0.36276442430148,0.5452247905629,0.461188788244525,0.179129849161662
"CGcc",388,-0.364938408994358,0.0304177286540887,0.182657920972507,0.168133101549839,0.313563292798447,-0.014889574674486,-0.978876990193025,1.11310737479955,0.204555478503301,0.085458489535986,1.14758588618117,-0.0925528459238717
"CGcc",389,-0.647472471068151,0.214581299046366,-0.0919773236126943,0.241364289640267,0.317184286439842,0.0581839512503077,-1.15941923568847,0.538658669840551,-0.129071178767649,0.971132917920506,0.421686705877632,0.0526579332826928
"CGcc",390,-0.456597947526873,0.113569396874644,-0.0608178072516375,0.26142181937363,-0.26660465914134,0.192151066988297,-1.16523718828816,0.407687701558973,0.816483843200152,0.543764945120008,0.481224663806958,0.0111160413751771
"CGcc",391,-0.534901811622418,-0.0110249210581353,0.0625196166197993,-0.0122816209138264,0.0462289336549945,0.104526901954949,-1.63915426918972,0.452028723733179,0.737074738222937,0.264414012476083,0.507065792916539,0.254771247476143
"CGcc",392,-0.518639858172871,0.140271492334077,0.567305654792337,-0.0391463801412956,0.0402114261734648,-0.0588484954923823,-1.20180624138752,0.644600611990661,0.327002307911208,0.685250842934545,0.108384727719719,0.0949657918101287
"CGcc",393,-0.460664846069195,0.0776189658354223,0.14240540628569,1.26591622986394,-0.28741489523469,-0.0811355369392801,-0.976174088469428,0.389547955035708,-0.171450152588623,0.912139937787976,0.38768139217206,0.081336175371557
"CGcc",394,-0.508011744554544,0.144299271349227,0.213668230625043,0.380340714523125,0.322936964171973,-0.137282219358236,-1.25114454214307,0.530618240236687,0.342226008881804,0.714980256296322,-0.162360121032214,0.184554285238747
"CGcc",395,-0.291567517942411,0.0692804299012798,-0.270352631767737,0.109148936690354,0.268429244378071,0.0994835580917955,-1.6480939418372,0.884361200813575,0.301292615175663,0.676950452111615,0.0498961434899223,0.207459443139122
"CGcc",396,-0.39847681177636,-0.0382652665099943,0.241409551922904,0.462166212753181,0.0071102457528458,-0.0114028404536541,-1.31529821649102,1.05860048619438,0.233263831062702,0.625805879734482,0.392878638877008,0.0306971264732505
"CGcc",397,-0.370869301257593,0.0520428549941209,0.580669756456536,0.521544055313779,-0.290792226639641,-0.14378394766411,-1.36484939600752,0.568411797857029,0.680093952190045,1.13071601366875,0.192616267128395,-0.0855294665485731
"CGcc",398,-0.104040579080578,-0.00725529063194474,-0.401905899004959,0.752139386808993,0.400271112634249,-0.143962192268576,-1.60257766088577,1.21541576623918,0.123437772489745,0.911293452431098,0.00088882509307738,0.207129758344004
"CGcc",399,-0.0406029185079308,-0.240963485427433,-0.336378269043665,0.421266138890459,-0.269366153435716,0.124285073469564,-0.885685943758947,0.668989062238107,-0.318323891072368,0.269921351545509,0.318401423922502,0.172677378680259
"CGcc",400,-0.166251895680919,-0.0156919691699538,0.114197909163476,0.375324799815309,0.609006555347653,-0.25165451885418,-0.995170381156027,0.895064754915231,0.62796100236395,0.472837194334387,-0.197639901993965,0.0577149088335545
"CGcc",401,-0.807769850375263,0.0638309321987334,-0.536140731146245,0.382712748010517,0.130848369090754,0.101466428115646,-2.04164726661964,1.61227418434646,0.152638532942622,0.563234360676653,-0.119670905087493,0.282122916425443
"CGcc",402,0.0986637505632496,-0.136774027237951,0.0619021844391996,0.4838866266054,0.386562769388678,-0.0592785408149028,-1.22629196157399,0.796009808578678,0.316235462783406,0.461094235481044,0.200639433489543,0.0984907283911299
"CGcc",403,-0.895668803165819,0.257177205453186,-0.355374902249205,0.389142878322531,0.143027966569217,0.131790865735759,-1.4765422328068,0.620989138204984,0.792368608851207,0.403486780085583,0.56603879436022,0.172553574822493
"CGcc",404,-0.405335608438894,0.146852574919244,-0.475802933540016,0.691658250082148,0.109736373764436,0.173008939919907,-1.44257923422336,0.783619469658395,-0.161081472880051,0.381386903667671,0.182739183597718,0.291017731509166
"CGcc",405,-0.116807888593971,-0.142901177342911,0.213865770415924,0.344411617153853,-0.0309869905721454,-0.0447475118629888,-1.67224572364504,0.98880468854381,0.731412919908827,1.43536745929549,-0.0640488244279908,0.107523165930251
"CGcc",406,-1.05010739176662,0.307686583114141,0.445270773624922,0.0721913312296801,-0.0931611418191982,0.00276369423487931,-1.70036011019011,1.11220035018678,0.191658666361359,0.920707951208318,0.497472387740706,0.0454192576868125
"CGcc",407,-0.435525979706818,0.125242789119684,0.0938371487799591,0.413224371910348,0.417597889442315,-0.058988673890502,-1.10318188241894,0.175252681528362,0.70676528826808,0.804782897910803,-0.108234930203532,0.105138189879835
"CGcc",408,-0.177324860044281,-0.0208692604346082,-0.320786339669305,0.44915716308314,0.183278932655576,0.127925170125754,-1.78971005496707,0.604105359275915,0.505976069289451,0.626144164302164,0.55793432409643,0.248045925755599
"CGcc",409,-0.161544738010539,0.0593420197118155,-0.32123218147747,0.257256702682307,-0.285940884460957,0.151487358440697,-1.15696744316212,0.730882479924607,0.123269871489118,0.906270219469275,0.0807941892485793,0.0339551579778987
"CGcc",410,-0.721690615776537,0.244633433014024,0.103703639227384,0.00508614262594711,0.296055916528034,0.121020636302174,-2.12473397510938,0.797292806584457,0.239863322362338,0.875394538182531,0.00234197482260979,0.275631199554075
"CGcc",411,-0.812605055640317,0.283547621631137,-0.139389902536137,0.389192366510016,0.266709219707475,0.0482482730727328,-1.3757254338502,0.42747629933976,0.6243092823368,1.36540535567746,-0.482463714082997,-0.0291660221481257
"CGcc",412,-0.300303412303004,-0.0346234370658535,-0.454455983965653,0.277341515571267,0.219497070664915,0.197312960584218,-1.47908166772663,0.849010506716727,0.140501851796061,0.500447257345054,0.249501995203654,0.24875244960555
"CGcc",413,-0.513144194679097,0.101400366145634,-0.271812542054301,0.545459310210417,0.359585879224595,0.0537173781018339,-1.79427912926316,1.12593424207832,0.462530772486528,0.542688398376381,0.11389429372948,0.153844884707788
"CGcc",414,-0.699336013768195,0.138779577903732,0.0356664914304364,0.503771100563505,0.364050841281114,-0.0512009138003586,-0.971228008889115,1.17884199258092,0.331346913153444,0.277574346259316,1.03911834631201,-0.0983115995173616
"CGcc",415,-0.80951397491781,0.247006589692228,-0.0149765139247991,0.233714756214854,0.142366198243654,-0.00923560930569698,-0.745191139495358,0.832412041245676,0.167414741822421,0.474978326965074,0.427228350912694,-0.0753038850974
"CGcc",416,-0.488790274472913,0.126347011022284,-0.0494129261770886,0.446096762423581,-0.427410837047471,0.164023883148786,-1.03877334865322,0.665194006373561,0.451622513822072,0.741287218440494,0.0702889036088789,-0.00739766992691043
"CGcc",417,-0.566601187779411,0.174305157656832,-0.322014051304718,0.626967401878852,-0.163256987421869,0.152260040576231,-1.0431828112005,1.00152862616769,0.578221196971981,0.97128613670289,0.424763963148842,-0.161019186436261
"CGcc",418,-0.131326588696858,-0.0768639857452293,-0.288339645225776,-0.0319557989453115,-0.122445070439238,0.226280655627775,-1.31832826599034,0.531680268784252,-0.104153818402159,0.690837805956293,0.196356377418499,0.244862702873722
"CGcc",419,-0.56795202799304,0.200403094389215,-0.30043922088161,0.316165478871138,0.509278482147692,0.0120465493635487,-1.1942565485625,0.899464866983441,0.328161485620251,0.770292753132158,0.0786003772026221,-0.00320930960360891
"CGcc",420,-0.347151002904698,0.0127175952314295,-0.338382502603803,0.580654328044316,0.326007649014228,0.0811819232832175,-1.09485112153275,-0.00849254839373215,0.581076052602995,1.08528485094119,0.00474810916846805,0.125943453140057
"CGcc",421,-1.02208856911742,0.349078190912692,-0.12356942367278,-0.297483420253459,-0.107274956723529,0.154053656755898,-1.29873181935199,0.929969465415195,0.301349283987987,0.755802212096103,0.29173728257452,0.128676581105603
"CGcc",422,-0.454157208664827,0.081407945775286,-0.679563177205838,0.574468305733764,0.364939337710983,0.156101790701276,-1.09834979463399,1.45098330387487,0.103943269332984,1.12015288436213,0.0594526182544837,-0.0164702489312981
"CGcc",423,-0.453645783401329,0.0774359987164437,-0.795405801122876,0.336014996546144,0.100067654116553,0.326097878169558,-0.874562658272891,0.405894411880039,0.15750648311737,0.69736839849645,0.363031076243745,0.0404205519250546
"CGcc",424,-0.431891390717537,0.0136395541627841,-1.19854641964015,0.151551006559402,0.222131200708126,0.48856864938721,-1.25014592018076,0.531139487154999,0.678747646679519,0.593970454341488,-0.378609715315674,0.248762711276286
"CGcc",425,0.12055444379891,0.00759831099964325,0.080222004707092,-0.63189074470658,0.309670694184645,0.0999991741889271,-1.66522447013511,0.994135907799869,0.528159942273264,0.760684232504204,0.456986497721931,-0.0454492106606783
"CGcc",426,-0.386809087026632,0.0590516015159588,-0.109865237150223,-0.150431112560389,0.481911174354511,0.0263696995411822,-1.73063319173084,0.889519295027272,0.687812550000872,0.733772433284591,0.440016905000718,0.176831747312014
"CGcc",427,-0.060948570514488,-0.17465546533208,-0.455751527778836,0.50969334518292,-0.0415426530361382,0.153627085498896,-1.24187571541038,0.925510888650075,-0.0392524203383712,0.784363006574197,0.280251409647027,0.104928790796502
"CGcc",428,-0.527376548255853,-0.0151703566187566,0.0431697570116261,0.0592733192924898,-0.000528308513590642,0.0147635611398839,-1.48959222568891,1.49284070182491,0.174508553318661,0.302410851263557,1.02583680032084,0.00645058818838445
"CGcc",429,-0.676444041033459,0.109441248529959,-0.549513740919704,1.02726955666473,0.477494758398465,0.0891104989759578,-1.33772026567101,0.8735854631218,0.604666022093214,0.642273523685927,0.367027067140378,0.030830070893277
"CGcc",430,-0.789518388376611,0.187252845391476,0.41202650507701,-0.157294003338364,0.154157787270874,-0.143483463395153,-1.78682985328556,0.931326831526418,0.733807369679736,1.02581242977446,0.00670328166234296,0.17117458415305
"CGcc",431,-0.324387212201336,0.0107240924357499,-0.209318298197451,0.296279277120712,-0.141016519238394,0.162587816316575,-1.5915395448908,0.642316816577375,0.302107035443179,0.387781069145297,0.448599101372622,0.29390624120032
"CGcc",432,-0.524827881486432,0.112990468748677,-0.505063973029987,0.481797251936994,-0.0531198408406414,0.254039835134032,-1.61268071585923,0.720745977330622,0.307716629036508,0.375577428821676,0.47895407448259,0.16214286422992
"CGcc",433,-0.407375558942372,0.042171733007035,-0.0304181939138874,-0.143517816405933,0.418863513614965,0.139042147465604,-0.880214897671275,0.570855757403398,0.27728786698696,1.03416956655163,-0.325869516342581,0.0462076842491991
"CGcc",434,-0.0566260379713274,-0.144479204975377,-0.150507108539401,0.151319676991339,0.0853363927542819,0.0841290174584367,-0.824678526841689,0.976467136383666,-0.0941905518515456,0.651025887748287,0.0936538947126963,-0.18472741152888
"CGcc",435,-0.372000764155278,0.0929714063606921,-0.32084356536058,0.140989181980396,0.0715090990767211,0.25111119166472,-1.21316119216736,1.01239470489443,0.331668179779832,0.393908111884343,0.533689117125104,-0.004218546803826
"CGcc",436,-0.842405927816192,0.279198541040416,0.429731228074835,0.699422684236515,0.212868050762689,-0.171860022557316,-0.817441111725457,0.631166741216953,0.0282723768356225,0.307105141965074,0.363388097014174,0.0114018975695089
"CGcc",437,-0.265241250931986,-0.0488417175671713,0.0143183475186952,0.378027744852063,-0.0970297853137877,0.0113399140218058,-1.50358420254061,1.2173806178937,0.0917077554788755,0.738957266711095,0.38407371176713,0.0922934721385782
"CGcc",438,0.0290063870154101,-0.0405891304860877,-0.0539054284935554,0.303814354664647,0.323410329448547,0.00235089437758219,-1.33900914905013,0.672988496639092,0.500177471136864,0.682089216811906,0.533651658705051,-0.0286361933113985
"CGcc",439,-0.96545013528751,0.244131919576907,0.00834263257347629,0.111387625644268,-0.158297456904412,0.112306012275169,-1.2796553028779,0.802760783642068,0.113240683766738,1.16874543882559,-0.0910744166153454,0.0824421686942752
"CGcc",440,-0.932560500863559,0.280186257948967,-0.125068880559644,0.139229729296993,0.359819346339156,0.0413599984011527,-1.72062363736514,0.865431913958503,0.357398508091283,0.701446533310628,0.821721647734849,0.014748388150764
"CGcc",441,-0.593455223446982,0.125945365050586,-0.0318589703385217,-0.0687553279399701,0.12475248981951,0.141104336418912,-2.0029378708723,1.30499562103534,0.644936485404715,1.12952035246156,0.0476203069771758,0.139551676889155
"CGcc",442,-1.12240605379671,0.340257350252922,-0.42024149095013,0.232159735679021,-0.229590267711257,0.288725185793998,-1.66309416782032,1.24323526248215,0.445144347373503,0.788428545763957,0.0552517413844002,0.0694662507604222
"CGcc",443,-0.783875458084624,0.230927456709962,-0.438478818215339,0.556474105661993,0.762663619689774,0.0595179898321388,-0.859325725803203,0.675736130921941,0.337346846389752,0.750166790233804,0.290100655481066,-0.0713486045130157
"CGcc",444,-0.425926696536531,0.0839712180241258,-0.134704172883019,0.148924350055877,0.0551274417294866,0.101427040620833,-1.65453550311372,1.45983167424758,0.400612038968318,1.54278611159081,0.602794443632785,-0.184407207297036
"CGcc",445,-0.672312560270746,0.151303184873831,-0.0338361265266318,0.436094225313956,-0.306129118252095,0.00703411794351457,-1.2150948255465,0.496274020647855,-0.0573601707360194,0.665712986365506,0.629717841032071,0.0789938861966991
"CGcc",446,-0.0574223659208334,-0.00113348831982346,-0.389327576409109,0.724799997064556,-0.0298774811232408,0.238938476058972,-2.45673636011804,1.16559781480925,0.796536022404397,0.872709225534297,0.177992174507083,0.352264201863937
"CGcc",447,-0.387326738362299,0.0943490680740837,0.154405720635308,0.331818477838971,0.199535338884427,-0.0542859743239153,-1.60442661515414,0.382977830244933,0.146070803471257,0.655212464604807,0.483760486002626,0.242475596873612
"CGcc",448,-0.640403358324924,0.201734847250545,0.00725749196778309,0.430212803414256,-0.104603650309248,0.122833617248297,-1.7376921285115,0.758853535817661,0.427907136989721,0.337605142509507,0.605756413588385,0.13808409395781
"CGcc",449,-0.223146826530322,-0.0289718839444525,0.130852444559175,0.0187740186116394,0.0308227704300183,-0.028863740468167,-1.14340728192046,0.60038432006162,0.355359766795615,1.26178701006326,-0.069402510266686,0.0616612851306473
"CGcc",450,-0.0679576671847639,-0.0633584614301322,0.0538889610161982,0.27823826247467,-0.130496731781296,0.025818966066814,-1.266922772813,0.675049049875358,0.246124588015409,0.500980819789718,0.224706097125856,0.149713955239261
"CGcc",451,-0.664464838895122,0.0720906410717624,-0.61190246517207,0.307776224129061,-0.0512642565410766,0.268604750349372,-1.80555104627155,1.22219075518341,0.381040361442944,0.329447504044126,0.678947715588263,0.274176599912782
"CGcc",452,-0.594733860173471,0.205308246583176,-0.662403237666345,0.250671698349166,0.254669789856899,0.224783154091022,-1.40675709773145,1.21761804600277,0.431352947342968,1.06670183420466,-0.00694417200995613,-0.0780457165903787
"CGcc",453,-0.966115574177822,0.290592389497287,0.0297870982217933,0.673543864716132,-0.265574332636665,-0.0328314118152181,-1.03212222476268,0.34892743174816,0.151457559505795,0.973217455764432,-0.0306378335938061,0.203132800014027
"CGcc",454,-0.559997681415369,0.0401782016513099,-0.00612982711459439,0.5938492700053,0.78883958867793,-0.186628312957119,-1.65261343752925,1.0573407475867,0.382889547438984,1.01749600001971,0.0485789029804432,-0.00807617044623034
"CGcc",455,-0.101273013463405,-0.0260491958831022,0.0296623644043438,0.107083349788997,0.0392427487248812,0.0702948065646379,-2.01848908127976,1.00628911046993,0.820468031635641,0.363670166189551,0.220743391697745,0.288120366359912
"CGcc",456,-0.760740256861699,0.256311235185988,-0.31864053479328,0.150994207746213,0.35492729779615,0.121830972190784,-1.38257341000254,1.20258369553707,0.466651049189778,0.487340153940996,0.756629498467894,-0.0157389086266522
"CGcc",457,-0.379715707268969,0.162499113379709,-0.0347680902337466,-0.0152192995180566,0.103512898430946,0.141909096957637,-1.08809344744317,0.612119973300378,-0.114155981178484,0.52384301065233,0.310800329543682,0.185541150275306
"CGcc",458,-0.795114321648944,0.189472621408349,-0.223574377826843,0.401131160591874,0.47270957520507,0.0543136231322078,-2.07187333126234,1.19161633684167,0.0633421696006201,0.891464232881184,0.322482226992793,0.298956453194413
"CGcc",459,-0.675306693769022,0.172964871687986,-0.143820239376787,0.362681000809477,0.0267943410655897,0.0397030412315498,-1.47814513151865,0.35226817073866,0.384653743832241,0.819813212733732,0.335317204920624,0.19964341534723
"CGcc",460,-0.8043541239012,0.245009694239235,0.0230285602083632,-0.178255518917397,0.508126628388074,0.116434439091524,-1.50258140570989,0.624523695949158,0.242084385316203,0.841054265735045,0.311784579704745,0.190264272635612
"CGcc",461,-0.369880334216144,0.0684355748798941,0.707583766769727,0.767083209542695,0.0398262703917038,-0.154537559587732,-0.515022100167216,0.500936833337508,0.733290222575041,0.663703877493173,0.205183570146028,-0.083403238926276
"CGcc",462,-0.229680261055528,0.0721462802000198,-0.318314705429282,0.221889292413915,0.263492187873767,0.106417480518659,-1.07406973268585,0.319567729885514,0.232371099764198,0.704306184880225,0.14932988818687,0.166267612585197
"CGcc",463,-0.231365490150441,0.0929942309193155,-0.116282377490233,0.299389931753389,0.036229366683728,0.100996885203265,-1.25896533075476,1.10708195596111,0.405695949130084,0.175831371794049,0.914766948852479,-0.228390474441012
"CGcc",464,-0.282345906300717,-0.0311250139143125,0.223800585893161,0.264415957536972,0.117191849748677,0.0336899095465481,-1.4085838703884,0.793871458874063,0.472780884482437,0.858757577833864,0.0734642962006581,0.0224293397138015
"CGcc",465,-0.570635616427587,0.215385021800832,-0.483230735325453,0.10894990549366,0.131388241490709,0.182868059147527,-1.5337001607204,0.888264834835438,0.179123798332265,0.272554048545952,0.193453321919415,0.181498964501815
"CGcc",466,-0.0450176748109648,-0.166875134690497,-0.040124416637457,0.807782015288935,-0.0522884350234094,0.0092775573303377,-2.465354080831,0.752971001819139,0.792116980072929,0.834636923598965,0.428325562591616,0.374530311541305
"CGcc",467,-0.623355207469214,0.106073163673625,0.190318571444965,0.64243275025302,0.193909322117782,-0.0932848078054419,-1.26828742780727,-0.264656567142255,1.04411062490622,1.12161870906739,-0.0395624891414399,0.133114595510716
"CGcc",468,-0.785521511015729,0.235393231136142,-0.177923894373883,0.624322957098203,-0.125476532732132,0.0112859961623455,-1.18213995291066,0.385300466875235,0.600786751458976,0.540404453343177,0.846915133856292,-0.0603036181071367
"CGcc",469,-0.238820806901115,-0.146323532296007,-0.369186919203944,0.645194750115706,0.400219713681334,0.110662540141784,-2.11822656894846,1.02667671916254,0.871499161191131,1.08110785399202,0.458921730113061,0.16582977156187
"CGcc",470,-0.26147969686805,2.01045614197521e-16,0.506772892445616,0.0292145688273399,0.220459454737159,-0.100252914341957,-0.913224613837457,0.632705689856542,0.617894852174001,0.692208783973803,0.516248780637943,-0.0860753173226002
"CGcc",471,-0.357879077692985,0.0661355901393084,-0.310166956671844,0.220365957513727,0.662764883803962,0.0917489129046848,-2.21592534012006,0.946865915295281,1.35154167406828,0.365675678118286,0.810406526849947,0.150842533552572
"CGcc",472,-0.341940693955333,0.039075655617523,0.262585437121311,-0.274735686248586,0.0461608215363783,0.0724874949148553,-1.82380333612309,0.606658734493897,0.755323031756615,0.138346792408243,1.46392261653207,0.100088414752483
"CGcc",473,-0.441443729555455,0.15484959591443,-0.601149992052461,0.605780217941754,-0.10041613763035,0.245078159809474,-0.383106760686131,0.718063077401261,0.677279821737704,0.828617399281376,0.246118014214499,-0.308295605410481
"CGcc",474,-0.0831879128202175,-0.0782717156916981,-0.89947796685029,0.64266091799389,0.401317012734295,0.247457001703091,-1.4867745564151,1.06356993940222,0.0758466744159479,0.823958864371385,0.1386309846454,0.101741339929339
"CGcc",475,-0.370404629073248,-0.151887547723781,-0.750268346804623,0.0336912999482497,0.0909125822936315,0.375523124300058,-1.13413136363742,0.63501760150899,-0.605893184299397,1.55119559684325,-0.934086830431717,0.132100564345765
"CGcc",476,-0.734958251740209,0.118362865725104,-0.42898546222745,0.169004321229658,0.000564988750330543,0.248930450554937,-1.78922748555846,0.983101293546897,0.440986890318214,1.61208266846729,0.56730623878535,0.101516700680973
"CGcc",477,-0.480758592848935,0.145047956327625,-0.055802471949965,0.548416346718653,-0.0871260446127507,0.00816767264105498,-1.5594477448937,0.695997574823191,0.396648990008669,0.517895839171462,0.0403851918481421,0.208582982893335
"CGcc",478,-0.172202249879151,-0.0533183437914628,-0.249709202326952,-0.146984513574836,0.503371124206001,0.179276496770359,-2.0493234216577,1.30862082989027,0.611786639761278,0.569732428969696,-0.37695158742505,0.217521381266209
"CGcc",479,-0.564764364357034,0.153814456986542,-0.615495488085547,0.433248334524152,0.0732986423411557,0.290160762381644,-1.65798938401632,1.13805722881104,0.299372192416697,1.04725387220784,-0.184891699051233,0.0906747781949393
"CGcc",480,-0.276513717951648,0.0608685603993582,0.0196072894608283,0.12971220039851,0.021868616038675,0.0934224157638079,-0.735821347358362,0.92340234118908,-0.359238094616961,0.616457858389088,0.36240511840392,-0.0549931516894825
"CGcc",481,-0.255875385010526,0.0259461659927073,-0.67507210537023,0.644258647851975,0.0608916546834296,0.161689821930796,-1.40286136266376,1.17298141647754,-0.0360825324434134,0.817703618381859,0.197784742973795,0.0604805477974435
"CGcc",482,-0.37344618210778,0.124569554451033,0.276937318591186,0.129516159794947,-0.126161830794997,-0.103865914351106,-1.55366921205937,1.19616793949441,-0.0838940250550711,0.928383946153162,0.398507350237033,0.0916038029457096
"CGcc",483,-0.312205949547764,0.0598617233197515,-0.515891881860735,0.852535277456323,0.0505457897865759,0.175436146243176,-1.74495940123361,1.31419281404937,0.447959339996585,0.659499518285549,0.45337145119708,0.0746253774790969
"CGcc",484,-0.837278698299111,0.304511815951096,-0.241708325977136,0.902380645646313,0.148445517635461,0.0312195131160416,-1.64377840032853,0.760599977444932,0.0695154577143895,1.12705578361339,0.0623483748308938,0.109427031651889
"CGcc",485,-0.0282446256640386,0.0350471707073127,-0.4721050902727,0.463153260913398,-0.0290810293398224,0.1566221165159,-1.7560780633086,0.819698443633564,0.0471968767066899,0.883146753110719,0.105988177502953,0.270820191700339
"CGcc",486,-0.763288918632382,0.1989179478787,0.0862363927473991,0.144723448904463,0.351147170128696,0.0324683826041438,-2.02205413285526,0.845629120511216,0.106188720452855,0.12087276405594,0.853113300675179,0.328568239497036
"CGcc",487,-0.0305086878399003,-0.0230504478083401,-0.497180493564999,0.736400528224868,-0.295707398557499,0.127240891205799,-1.36186242913353,1.00698629341968,0.745798744730698,0.708257589104039,0.372175228716257,0.0479537353623779
"CGcc",488,-0.457092579847954,0.0767938918658816,0.672354217506886,-0.313635589135127,0.0613668824003579,-0.0104314697189904,-1.97795170864318,1.09504331323787,0.73538021748406,1.38108205161014,0.135423058773176,0.0642996065820496
"CGcc",489,0.0335090753753097,-0.0514538561171012,-0.212397922697353,0.461542862761006,0.0496267500429645,0.147331087253965,-1.1041704001879,0.790276049310773,0.12727170617123,0.731090444116288,0.787918137866729,-0.0648941641381306
"CGcc",490,-0.40449522733954,-0.0350477828658939,0.238071396161829,0.313831344680986,0.109056391576586,-0.0364447952652787,-1.87602091786275,1.20029874541907,0.195081387205904,0.330564239746165,0.134516856280689,0.136900233082989
"CGcc",491,-0.543171020532887,0.0851338343148679,-0.160797264723285,0.433805858008438,0.04576881834941,0.0706343435702621,-1.00213654970749,0.765313249957243,0.071506222406958,0.597138106929717,0.353143838513555,-0.118418570069685
"CGcc",492,-0.452085903383319,0.136738042358746,-0.0399432866081151,0.310743817853304,0.110083068373627,-0.0653372691323974,-1.24345365707851,1.05039945826281,0.140048909638321,0.990373845994986,0.605471624460739,-0.0661185730043919
"CGcc",493,-0.667788410753354,0.121549099908006,0.0108664453382194,-0.272414781001495,-0.625425931054345,0.182728962034776,-1.25531985313363,0.616354574829314,0.162401541278813,0.0655771301992903,0.025786166710493,0.285263899930686
"CGcc",494,-0.127114139028428,-0.141797589744436,-0.0250470004693067,0.852712742094199,0.681965922466602,-0.0964373216662103,-1.19334165102405,0.979107357769204,-0.198117400387325,0.568909541839851,0.555242099231651,0.0850056133521085
"CGcc",495,-0.430189981264787,0.0447524711482624,0.823089167638176,0.172499461647373,-0.145492870890463,-0.0485257848764202,-1.18073577746615,0.80041354285089,0.212333754646808,0.316403394512811,0.548592451765005,0.0232604029676402
"CGcc",496,-0.0930262971180877,-0.0320970357684681,0.242964505416767,0.466658723821959,-0.139588110975022,-0.113029680308158,-1.60979463185928,1.06315225990636,0.319821186779577,0.654860079472868,-0.00700056761515188,0.237368964071679
"CGcc",497,-0.30869106672335,0.0767462520315261,-0.671368488709796,0.456660377628798,-0.0310522015000849,0.236907059509584,-1.34737726430932,0.858044717072309,0.117479637193773,1.31092260385326,-0.517881363251485,0.0828044951223376
"CGcc",498,-0.850781159952801,0.203566585516916,-0.311865871099172,0.108901105217945,0.154101146425114,0.145590337309844,-1.52804999793945,0.734746157345822,-0.153492873814025,0.598521346003629,0.393411795869039,0.158548360849082
"CGcc",499,-0.120081106074149,0.0433224809784186,0.328772816019012,0.277484941233873,0.236705651007999,-0.0841071476579028,-1.25715857644827,0.0350751158040374,0.5177736398426,0.636850820903627,0.377211778580123,0.114413693725994
"CGcc",500,-0.980208857647681,0.213512132547742,0.0544522046038683,0.640697889680501,-0.122352129064828,-0.0137045469892024,-1.29685502977353,0.957559378515479,0.230525065474505,0.731851038482358,0.505091173526065,0.0522521183774011
"CGca",1,-0.593517155310744,0.145295997139488,-0.164536522314635,0.959094711847235,-0.084900790861511,0.151595919864615,-1.2371587944599,0.47966709345124,0.208170817451576,0.0447697143535106,0.0493328227974586,0.177512865795512
"CGca",2,-0.898342858296997,0.200436432909162,-0.0162853570144942,0.00735654659159199,-0.178887936538963,0.177089600891818,-1.26884899877717,0.579429513807655,0.0571304179232393,-0.130529944843472,-0.0438915380010131,0.484137765467929
"CGca",3,-0.632594914245596,0.0671702141627265,-0.453359013048431,0.40984425944218,0.168057608125826,0.031571252554187,-1.30372894071115,0.544126563121692,0.709737287787302,-0.123185904419485,0.0376683379273282,0.326128036449122
"CGca",4,-0.525802252674398,-0.00382022484263697,-0.450240055124719,0.495368957229524,0.216037791721883,0.0586277340685817,-1.63293077285106,0.952677859673435,-0.177480610551254,-0.124202943790678,0.174734692041324,0.409977361045425
"CGca",5,-0.39210849985744,0.0328585732575851,-0.340173513385029,0.290997761610847,0.0137929932698533,0.11325369282519,-0.562788175253105,0.490368459949839,0.265174214354304,0.0992931885785966,0.180200411608847,-0.139843717275273
"CGca",6,-0.366212103355826,0.0832384257570918,-0.140090714081847,0.77254971674331,0.115918201221222,0.00718676687667125,-1.89952144030025,0.718309489983276,0.432510717365157,0.140814084610982,0.0614354647276512,0.343281086334633
"CGca",7,-0.176821020846202,-0.122673146908846,-0.450813100650513,0.202112674048648,0.35364737478163,-0.0549456740091361,-1.52837519210811,0.817094587560345,1.19534531919125,0.0572993911634,-0.0313785669401562,0.20103303388301
"CGca",8,-0.954107253036839,0.333768829822279,-0.558339198346701,0.260905483729726,0.143747374104952,0.087706204916351,-0.845298260018453,0.780238210014851,-0.165704953330973,0.0295003596322962,-0.0544884439372746,0.198032869549813
"CGca",9,-0.248774631052751,0.0228258766072689,0.0558474514203785,0.293618986872522,0.00888698607238952,-0.0609338762221179,-0.96196848629578,0.407978981430489,0.0903937130013575,-0.0552560163027605,0.14157363731636,0.176715311573027
"CGca",10,-0.513622368364888,0.190464451251715,-0.0409663650997439,0.146078985467267,0.0468079572618771,-0.0393890950340239,-1.08237506307149,0.589882975621398,0.511933959977271,0.022897546062881,-0.026197524696129,0.213055533961183
"CGca",11,-0.477898527919954,-0.00649395809143304,-0.0896480537889894,-0.15012985157021,-0.0697557977180229,0.196450834635416,-1.24853426317032,0.910981837889037,0.293294413162821,-0.0605610149287042,0.0435774833373203,0.238290178290753
"CGca",12,-0.639732119667536,0.22296339445561,0.171269450151868,0.288363267649837,0.200618616874267,-0.108805406514921,-1.26392357097327,0.880255595190489,-0.25620060134469,-0.141236080473358,0.0979042138904959,0.414296769063256
"CGca",13,-0.605379820979087,0.145398371941979,-0.124262135593647,-0.0647266272955553,0.102901872377437,-0.0108752164991033,-2.18517486061504,1.50154393792146,0.142681524190355,0.227060703991285,-0.0827755189654326,0.287167823645855
"CGca",14,-0.611973525882891,0.172539819056154,0.298306797198669,0.561435354875386,0.133213802293597,-0.144347112781276,-0.786686233478018,0.757657264652895,-0.356012938120138,0.11093570863782,0.0225022796812094,0.04079074575954
"CGca",15,-0.736738369451066,0.210220499075287,-0.723726445784147,0.85833093154622,0.10481752179622,0.178476605970187,-0.90622836556289,0.494971768147783,0.381061932256488,-0.0323118380912719,0.202129138792004,0.0908238169489049
"CGca",16,-0.286742732919971,0.0309427972591327,-0.320386143808085,0.275265806370569,-0.0391860511017353,0.281093069527488,-0.596489204445935,0.159749196672833,-0.0278908658635694,-0.00340575396137915,0.0598980713978614,0.179086681201941
"CGca",17,-1.0141145384356,0.389957501883765,-0.057193068871928,0.27551331896539,0.13758356581024,-0.0829018710713798,-1.5159639904519,0.459332447114158,0.278641864466566,0.0979801884957341,-0.0248574400051283,0.29685185514654
"CGca",18,0.271545052845984,-0.237901213338047,-0.631990055157325,0.650694475206375,0.218382067876388,0.110283326367718,-1.44304479004028,0.7396587342952,0.201041585000071,0.0831214389424561,-0.0437127178723725,0.38488333243552
"CGca",19,-0.272613192507942,0.0593918297635743,-0.7823941922595,0.315882036870899,0.11040545418095,0.17229283585627,-1.09511959743346,0.82619446525954,0.426323198358177,0.0864628600651701,0.0177863149416074,0.137894827561268
"CGca",20,-0.605017994850654,0.168336479416722,-0.766958039678325,0.507438122791715,-0.244823137151393,0.491197269805516,-0.853243835222411,0.828542556005362,0.400657230280471,-0.122764982580976,0.0243534234728403,0.171280782682546
"CGca",21,-0.00907964271073902,-0.169988516046118,-0.55212979717126,0.617509651164503,0.160651066232519,0.0218206270693782,-1.82674174702006,0.744346613971477,0.333695384114552,0.120969913118985,0.111516440933118,0.256294899816389
"CGca",22,-0.540460667347553,0.178055541331033,-0.242519967143684,0.944155054796354,-0.221988180186164,0.240541917402902,-1.11435873724159,0.709723388807922,0.0688396515787384,0.325856957796445,0.0396073596103549,-0.0921377627415782
"CGca",23,-0.118368283005451,-0.000765545585207257,-0.0176335153305558,0.575251346037601,-0.0684716350590079,0.106209301495943,-1.51421097868151,1.26393829377303,-0.297945719995378,-0.0248464525934085,-0.0110227042611766,0.399521173515819
"CGca",24,-0.403316776647769,0.0203555908801707,-0.339330461858244,0.225962964807384,-0.0993986729734862,0.219787364341833,-1.04574190352615,0.543246187619015,0.128107309564005,0.033687677463987,0.288628366148643,-0.0565993016187676
"CGca",25,-0.506133806826855,0.12282355002783,0.18017894985801,0.784763328518193,0.130160019805406,-0.241544297690964,-1.75403037556559,0.736653178270097,0.491968916048355,0.0470265033139509,-0.0814387148282172,0.414351611958172
"CGca",26,-0.453868053520433,0.033900064053945,-0.658344476310449,0.140137952677584,0.0678414206262202,0.158415509985548,-1.66185074111882,1.43299371143246,0.0600002276359479,-0.112722883437174,-0.000120120915281637,0.399295340255862
"CGca",27,-0.622236563559413,0.193411878449694,0.114589400760078,-0.0195969995228067,0.0200680047940831,0.0749832486519546,-1.29961863065675,1.15972759031587,0.112723923701138,0.124484580471071,0.100604732397936,0.0527333717987237
"CGca",28,-0.0517340384376203,-0.0877891658669714,0.156889335137508,0.370324301980174,-0.041757363896319,-0.0279814611942286,-1.11517578360258,0.12673949334162,0.694030379132274,0.0739946013918489,0.164324159967017,0.0729647021769199
"CGca",29,-0.358055168517766,0.055097492434235,-0.214448105006893,0.602944790752126,0.230600143714976,-0.153304110230409,-1.10476930258804,0.841160173116473,-0.0154823827706266,-0.0769529081689132,0.262450609667403,0.0577112045147938
"CGca",30,-0.506619862440013,0.0341460651065745,-0.250727417231936,0.199675324113565,-0.00167530520351857,0.226390433165284,-1.00103560459777,0.209979452159627,-0.0192609191295355,0.151923592938377,-0.159422628902495,0.237159599630131
"CGca",31,-0.484151586513788,0.119017631666377,-0.553483402854895,0.282792972613841,0.116285958524694,0.115181824045914,-1.0019703673102,0.894363526293103,-0.218924962745733,-0.0682897931504121,0.0783053248389924,0.191948539819978
"CGca",32,-0.268760352656659,0.0035249652750998,-0.528228465087798,0.644036129360778,-0.155246064973033,0.241108365379262,-1.44827127240743,0.84975352440901,0.155227726333026,0.232995287030581,-0.036106306527347,0.0915818247741709
"CGca",33,-0.863449363276805,0.193481495448912,-0.145670006707676,0.437285336393874,-0.156542112211507,0.152420030542867,-1.98851907362725,1.49698574523417,0.255708096341132,-0.0973839817074309,0.0575147516331295,0.504002373863368
"CGca",34,-0.265320602266375,0.00183755653639524,-0.328554768515069,0.419986227696202,-0.0534149896141101,0.21893043782539,-1.95950353216881,0.796832495411219,0.277984027977995,0.00425976200418892,0.194953992072749,0.336106319580621
"CGca",35,-0.477678853753494,0.112228121706211,-0.45543575728714,0.314717529243147,-0.170514555233582,0.324538116145328,-1.31576750889071,0.976606472402568,0.304084014292298,0.209597178671973,-0.122144260569297,0.12626050304882
"CGca",36,-0.470232347700407,0.0738632895438687,-0.591698287588189,0.379683704145621,-0.0921637775666156,0.289246896945998,-1.06930096139057,0.563132397960456,0.304891489133301,-0.0659575852890228,-0.237111252981611,0.48100983065153
"CGca",37,-0.911410901090082,0.194596138670359,0.0705231639167052,0.11715331067875,0.253456433219602,-0.111782977176954,-1.06022214353864,1.08370789808098,0.04983107930943,-0.0273235305983507,0.0691650383157347,0.0900529217695109
"CGca",38,-0.260026377464689,-0.0109762786870281,-0.200191250926931,0.0757861854973407,0.207213648272058,0.00102773650208609,-1.9939339909459,1.10152552439027,0.175943090423656,0.35701465047007,-0.131498316019932,0.216915703208595
"CGca",39,-0.413001234055353,0.128147406622761,-0.534593377050423,0.623552579062782,-0.147922126101518,0.327597115734895,-0.613199859690973,0.237735397657692,0.0721541440160136,0.0499563124945231,0.0247239390037827,0.157589028990407
"CGca",40,-0.757706157373726,0.0971359724958052,-0.563273002132045,0.0542231499488089,0.104344698215565,0.181927078663172,-0.85828621811951,0.578542047524394,0.852655809484846,0.124504562221234,-0.321574396108729,0.169836170047566
"CGca",41,-0.661544620741389,0.107291335401156,0.0827389427925463,0.183104759209979,0.295509295982447,-0.191467902596405,-1.61906413890703,0.784860241771702,0.267018815896276,0.0691972777124235,0.0535428126122427,0.268655711970738
"CGca",42,-0.358996216338363,0.0375388996971285,-0.343605361565596,0.480553132286272,0.234719237885583,-0.0514816464906823,-1.00021589780546,0.673551536212244,0.100107014275733,0.165377270572358,0.110330892509911,0.0284654877244095
"CGca",43,-0.625921817487864,0.0935798746955084,0.237663824369501,0.290716241883282,-0.0623825712190755,0.096254891735319,-0.655773857073236,0.075915092031143,0.160889394268254,0.0225667407329291,0.0698906480338689,0.194790722131327
"CGca",44,-0.533382287899179,0.119507884388394,-0.683294873786321,0.678443720310451,-0.226849142573402,0.340220175434042,-1.41605560335615,0.855250251078433,0.0547871332921132,0.164750808515315,0.0163275910433717,0.22096143524484
"CGca",45,-0.391522154631601,-0.030662391712715,-0.531097817117132,-0.12398596632052,0.0915470560310509,0.188222464571274,-1.57091313748187,1.43678275157515,0.0602034469814823,-0.131058996545837,0.0400332994356952,0.431838663792161
"CGca",46,-0.130862417894937,0.0220383823466193,-0.16738287269756,0.0799115978124357,-0.0366988454820264,0.194499646921296,-0.808652993673981,0.606088683934324,0.33458874585414,0.0737602821632862,-0.106247204248759,0.201746719625538
"CGca",47,-0.159061594185378,-0.0193264537886308,-0.233078656276143,0.29907355183892,0.16520958146676,-0.0197585512622841,-1.78123707674085,0.964408342047409,0.0156378371211802,-0.0555367212107431,0.221343837264852,0.27111598747641
"CGca",48,-0.994140732309098,0.253730698806715,-0.105976420996419,-0.0788799629350905,-0.067708101398911,0.162026367682106,-1.61783311707612,1.12625191978338,-0.168370711516837,-0.122029649633281,0.03876981577631,0.483154251930254
"CGca",49,-0.71711160708004,0.138386809146352,-0.479827395274989,0.695716581184485,0.20303488444232,0.00361325917714759,-1.04348181875413,1.1346786310609,-0.38595956531036,-0.00840691618557666,-0.0519640777942241,0.223635744130104
"CGca",50,0.148150822533092,-0.144166637493621,-0.248352559206527,0.563402527297646,0.159299079752829,-0.110399564472888,-1.03362945856055,1.2542828286033,-0.150845904729797,0.0224177113076096,0.0459968871604546,0.024194297357438
"CGca",51,-0.76535758167632,0.17477069960675,0.841303113239577,0.308804755668348,0.143047113430529,-0.292929126761401,-1.62390709175833,0.654591716347956,0.607099619707647,0.0710904032244704,-0.166318569206482,0.378709399376135
"CGca",52,-0.467099763870747,0.0330234937218414,-0.277404841888542,0.303132962962932,0.0540852210966702,0.13759830605635,-1.12014484329722,0.743006731065952,-0.352311103217192,0.020011828997405,0.0426037857286424,0.197439589151155
"CGca",53,0.316515602965672,-0.14214971943149,-0.311377130791606,0.208956037198406,0.139606544962411,0.124224533805754,-1.18831026445698,0.516891437009912,0.262185717506969,-0.0597868574104591,-0.00110270428820277,0.3497904695541
"CGca",54,-0.459371197214601,-0.0169847275361465,-0.322570317972135,0.206632973348816,-0.200672330306518,0.347482358670447,-1.50333970625651,0.665673463007039,0.334908356907901,0.16805793493881,-0.0469860246525155,0.137733353324909
"CGca",55,-0.777821647081354,0.0696661849589807,-0.543582552099554,0.50720154281461,0.155123206346313,0.193459292251632,-0.974235642114537,0.9365966718878,0.704409527411327,0.0480275785677914,-0.0929682958860481,0.105046953033482
"CGca",56,-0.321873750786924,0.00919231066285642,-0.608142589416413,0.158394775174426,-0.0215070383540567,0.265343887132751,-1.14650908773376,0.696973508276487,0.62948599882299,0.102500187015101,-0.0240695354468213,0.108465513210012
"CGca",57,-0.356985924795693,0.131257679146609,0.2978631419385,-0.160497377896781,-0.0509810623684416,0.0838569194651684,-1.26534165869746,0.864009699351081,-0.0773377098458702,-0.0402811945732542,0.375111756719985,0.0390159349193856
"CGca",58,-0.480530790048894,0.163245314399302,0.29350084445515,0.16318942826793,-0.253056135462825,0.1834393449676,-1.21273809065144,0.982777278927946,0.327037931317029,-0.222345629821116,0.231305312595852,0.224311981200473
"CGca",59,-0.241643402338435,0.0281533035213966,-0.297273011436361,-0.0041875148073352,0.0540366554891386,0.167135040099334,-1.85549747258518,0.455872011943249,0.430289412154333,0.0402536426306953,0.210109674273407,0.263944936636508
"CGca",60,-0.661984344252593,0.151836153667711,0.113722954742924,0.377910141232297,-0.00281818914218615,0.0778570641505723,-1.8445512322377,0.822116949796206,0.0795146291626156,0.232841099558758,0.0914997099966867,0.126763515262062
"CGca",61,-1.04684642543566,0.268100800844066,-0.204897120226093,0.138583175357157,0.137684871602934,-0.0255478324111457,-1.64024403808984,1.21843346801892,0.042202200403946,0.259533467407545,0.0178745363977355,0.0739944344828712
"CGca",62,-0.360810396805911,0.0563970411846771,0.286988691263485,0.0977272940381886,-0.174891517083291,0.17718970158364,-1.29020842571573,1.28456011928207,0.559745174456937,-0.158377976651028,-0.056588187210623,0.339368188505294
"CGca",63,-0.486790776271235,0.143756968951679,-0.350772220400845,0.0827442917251919,0.112467573043061,0.081192841214369,-1.73251075961226,0.538902870780966,0.0764313542129729,0.305768833871628,0.0234429580426055,0.173498726139759
"CGca",64,-1.18499697836402,0.329597271502188,-0.354701766855979,0.365932325364111,0.0888214380367531,0.0497690911307263,-1.1550425355642,0.171545258022135,0.0516818774748128,0.30614233725828,0.186979491756433,-0.140201661549588
"CGca",65,-1.09268377310701,0.24950203949848,0.468794080005909,-0.170369294527613,-0.170481948193828,0.0783960341587513,-2.07782839955219,1.63907999823882,0.301672071358039,0.0756979819054147,0.0553688823672923,0.158294637042023
"CGca",66,-0.352129820488073,-0.0405006434001558,-0.583040463788222,0.271640085788672,-0.134503781700607,0.369941763650883,-0.993856961786906,1.0460438556959,0.218999238093761,-0.141094636556165,-0.106188313602771,0.326129236809155
"CGca",67,-0.340660304127117,0.0196037937735109,-0.434592224685316,0.783313455539951,0.0792560762379945,0.0205691946071129,-1.12983831273735,0.958301669971134,0.47807011583181,0.105977972764407,-0.209543505991924,0.224854308703407
"CGca",68,-0.706389672656843,0.259154730504196,-0.600826029777563,-0.269721560184171,0.163513494380567,0.177727747303359,-1.23248926049283,0.730985292270075,0.18006327037881,-0.178788813574811,0.219218636586281,0.282764777645721
"CGca",69,-0.663887883270073,0.175946196081054,-0.755155300054822,0.381111150716084,0.0366484330515691,0.24436202023067,-1.23376450631206,0.729567610294378,0.323631489314776,0.226913735465309,-0.163107642379919,0.146024162914641
"CGca",70,-0.651563940054202,0.205495309075043,-0.469723915098087,0.188598632236369,0.0167493335197336,0.186215203154093,-1.38643596398784,0.711776216437469,0.369933917125777,0.219702626108467,0.12021674482268,-0.0749721679645914
"CGca",71,-0.165656543960612,-0.0177450339747556,-0.408399059418905,0.697296699479062,0.152710121181578,0.0624439307935297,-1.64719100345221,0.574845173093659,0.903247442670644,0.15743644718476,0.20157651556767,0.00967851888581357
"CGca",72,-1.06755777457869,0.293745440296041,-0.213603908333735,0.159300102768568,0.046568589186442,0.1120568110472,-0.960804442444831,0.0516108849936991,0.229410678644159,-0.0815446590984515,0.222301357185015,0.117336973167932
"CGca",73,-0.341395254236461,-0.0571974241488081,-0.444703380453378,0.970039221265268,-0.166817489418579,0.227539772136826,-1.46370935077523,0.439311708036129,0.83784557187549,-0.00335648540743663,-0.033963864743734,0.384634984146262
"CGca",74,-0.410409552226708,0.103245319187788,-0.365176749513809,0.286254416753473,-0.157153646936433,0.282093368619496,-1.41058737100515,0.597722617009313,0.427540699226748,-0.0400048903997354,0.147869515130165,0.164993345628921
"CGca",75,-0.850258141283357,0.340470013086391,-0.440869189008255,0.680463749103513,-0.089384186607368,0.174852308720236,-1.9675523796997,1.16004271865606,-0.0242227019669056,0.168461602362233,0.109854485081897,0.24792862805424
"CGca",76,-0.595401505393698,0.221176638310402,-0.183167711104845,-0.248929843524842,-0.102677704007226,0.303673297242513,-1.31860782483406,0.960030365408327,0.353542203705642,0.0572039565036342,0.0802890223681971,0.113494931078694
"CGca",77,-0.0297015001990754,-0.102414067488971,-0.722002465874748,0.433494673812026,0.030974175086023,0.216557944343486,-1.19114176408964,0.490025292547497,0.747288031344014,0.139468227238054,-0.0950899002514066,0.140871151931007
"CGca",78,-0.371128489383038,0.0143465279570822,0.16974706283291,0.23221082391911,0.0862465171174493,-0.077077823296154,-1.34338229963032,0.804672224164713,-0.00221972621633248,0.0742807134767897,0.290283115369605,-0.0084153182221124
"CGca",79,-0.504819227977951,0.0310886642166282,-0.0712982617787088,-0.20244689554004,-0.144632980454942,0.20329519770501,-0.997195574874172,0.404382337216954,0.336476515622018,0.0941756825761027,0.10813695529867,0.0577675523077435
"CGca",80,-0.402253872796203,0.11386811214388,-0.469857236492243,1.17411296420343,-0.0916304912064736,0.226076639388484,-1.63923743609119,1.00631484483494,0.225697658849317,0.0913544646006127,-0.134349904936957,0.407411481109401
"CGca",81,-0.212131261698218,0.0556878586290101,-0.237915233625174,0.103969709218552,0.033502730210702,0.0679348721868788,-1.99720148294461,0.738950281704464,0.403361770987375,0.189450058460806,-0.0978083845018407,0.370972339732829
"CGca",82,-0.445945338664268,0.0408426121410532,-0.985841679990049,-0.122678568751207,0.207417079475033,0.169918855179593,-1.82660254962476,0.679793665372131,0.578657822114258,-0.0483002344405853,-0.115738450572899,0.589122555792407
"CGca",83,-0.574718126765474,0.0486879665661165,-0.155681176439663,0.656858852096065,-0.0569029915504671,0.0356557650878059,-1.53405916516139,0.674096831800903,-0.0444472638632053,0.15677671897705,0.134201383191083,0.141927278135428
"CGca",84,-0.690392187220128,0.145800707198905,0.223738687039315,0.735184078232097,-0.28656500514454,0.146893125289929,-0.986829359108442,0.696904134171213,0.142627534036731,0.00237945525234335,0.0144338315033365,0.213363235717028
"CGca",85,-0.82067933597401,0.261530756815839,-0.0776896336207819,0.257768570059098,0.141200057941135,-0.0407792115307908,-1.24083653137561,0.859162561450783,0.836258858822431,0.049777406509898,0.0996857476078967,0.0315854464623325
"CGca",86,-0.199127454147305,0.0277573643137083,-0.698783893596397,0.21720524483858,-0.0176973927257193,0.306626345152077,-1.69908052900695,0.24318627132472,0.646066416474314,0.113587601880165,0.0451668828213783,0.303448662091089
"CGca",87,-0.453763603609088,-0.0200958250289022,-0.511864485353937,0.698063792843754,0.139835794682618,0.0626635667551906,-1.40414438260355,1.00405994345779,0.0736652575848369,0.296628413554925,-0.323719519595609,0.134621299281844
"CGca",88,-0.299517912402989,-0.00136455378942293,-0.288399755568836,0.487673363917752,0.0344223098490435,0.136488564291386,-1.24858360929551,0.2510840828034,0.864661295478925,0.0073987464139313,0.141549427321348,0.152704256829192
"CGca",89,-0.166420121743664,-0.0561266398460041,-0.647570677316414,0.466986370962104,-0.102516791994021,0.310293556293221,-2.09885003115287,1.26792710830458,-0.0152697315085279,0.0623419495148415,0.13264876805496,0.30074880302181
"CGca",90,0.164046579516023,-0.157712106618555,-0.570211798216063,0.519849504887354,0.069890750934327,0.0949674165139134,-1.34367245482337,0.780765798530235,0.73107967537223,0.15075277075181,0.104666382073409,0.0320008489539746
"CGca",91,-0.117660078060269,-0.13003386040884,-0.192625080258185,0.48534574815217,-0.0542743810092468,0.130441473384056,-1.13926212225144,0.385955175882784,0.286988857530385,0.0664255254707033,-0.0775870263934769,0.231484679160724
"CGca",92,-0.583738286664784,0.106059515016699,0.416363925385793,0.410590778218814,0.130004103397511,-0.048919079002027,-1.42248603005974,0.809751956523734,0.465962062703011,0.047748531602218,0.115803833423674,0.20771244464085
"CGca",93,-0.28686441532704,0.0823519025000075,0.412394936777057,0.571239722040044,-0.0868187933730488,-0.0736221871154858,-1.43086517781475,0.812652329664019,0.23458334075898,0.163629661327868,-0.0593063123517417,0.186851688556699
"CGca",94,0.107376960253781,-0.215203425328396,0.343221543702545,-0.0314094877951662,0.111723727611375,-0.0336256280062843,-1.47150370550015,0.927115459077335,0.138416676602344,0.195961749713567,0.104241568471284,0.024726956955619
"CGca",95,-0.639338028504303,0.102160533949932,0.0328013334215768,0.44378232370564,0.101777447387657,-0.0548337063750815,-1.54213685799567,0.197452067347618,0.378043500828294,0.0724180926516226,0.0919540674673744,0.38234699515259
"CGca",96,-0.667167868972897,0.182474474285138,0.0438095330042821,-0.133475393393223,0.309216677924947,-0.127788622693109,-1.47066594079992,1.45871029353054,0.104990917123108,-0.121884035991882,0.0149246942301082,0.434953376802675
"CGca",97,-0.643484954319648,0.120207039695392,-0.214250106211377,0.205007953759184,0.0365195457965503,0.122228596455618,-1.64649573257594,0.717465048522752,0.681686756961922,-0.0460826066951298,0.0778556717526772,0.323264849223882
"CGca",98,-0.791528096249954,0.254536825561809,-0.289805135686537,-0.0504840038145713,0.125020378106377,0.134255406825422,-1.03914626724696,0.716826641670884,0.0251276533906575,0.152248692743694,-0.0839941587164944,0.115691802398322
"CGca",99,-0.16296204581577,-0.114462728004066,0.000391830010365996,-0.113717030492687,-0.100687337306833,0.142279513539226,-1.09392180885714,0.710308950739139,-0.108517783265749,-0.274287361739759,0.122990752705226,0.475708025646307
"CGca",100,-0.210821959203398,-0.00480874519872368,-0.0564241132857458,0.422084604848346,0.0467167012322631,-0.0694164074530766,-2.03511539264199,0.551059898137069,0.621970262832679,0.142490616643138,0.107118867188865,0.301515633270458
"CGca",101,-0.646535881793279,0.117929383155973,-0.491233838435608,0.355002659061169,-0.0771188875400881,0.2550476582325,-1.01928459440116,0.226524592634266,0.489871623781459,0.182257379864812,-0.157805073685264,0.138231936119324
"CGca",102,-0.271362208919737,0.042592875357433,-0.823069787834834,0.689054553111608,0.105696376574982,0.147602634417418,-1.38866744395515,0.579449663253027,-0.102197989907208,0.260375315140916,-0.00141453430570837,0.136936596702356
"CGca",103,-0.550556101777427,0.0683866799419877,0.23706782263138,0.672337475937523,-0.101097507391228,0.0201689075803238,-0.833481119105905,1.14434121606725,0.179770239532579,0.0593895978921075,0.016633255378371,-0.0100270758993313
"CGca",104,-0.25374724907402,0.00578436466747151,0.0285929740204527,0.0946380746406157,0.0544357669851031,0.0277663655566867,-1.4451879763439,0.924637589000293,0.48355643791373,0.265603138288987,0.102649879673655,-0.0744957246487005
"CGca",105,-0.119682786090151,-0.181052241569618,-0.509773097210498,0.381427281392955,-0.171552157898645,0.301452806569284,-0.803354835049283,0.659042097432546,-0.0412105002828418,0.209535886711073,0.0591251162125603,-0.303810353089152
"CGca",106,-0.430480434185966,0.106413983165663,-0.27358884691529,0.363969436802157,-0.0154288774710565,0.199880999434857,-1.2073731763928,1.29806271644241,0.11530543738053,0.0961069942612724,0.0410077844229082,-0.00380954052941755
"CGca",107,-0.655100373504207,0.175962313346724,-0.0872591786649794,0.255151666253253,0.0222235564434182,0.161023102965373,-1.65008919935368,1.04089919153835,0.604872729321516,0.0743075871090869,0.380825144372314,-0.144879775832574
"CGca",108,-0.535564979197355,0.0478161508263484,-0.0604205000035166,0.623114738880234,-0.164963386689075,0.133422353984873,-1.28990372535063,0.885075891694993,0.78284791780061,0.282778946843498,-0.0992574440255507,-0.117299488176671
"CGca",109,-0.971957063343141,0.305672445743788,-0.703872718935408,0.807531536825753,-0.0609739613526945,0.275227074788355,-1.49951607959016,0.562633009176023,0.937824211397845,-0.0249138009705795,0.328289271171431,0.167516716874893
"CGca",110,-0.239631011605542,0.0852843497930689,0.0891347014770704,0.140135838149711,0.112526729191371,-0.0475994991681547,-1.94055246330737,0.480795339046686,0.396522447951423,0.466659552410614,0.0485828449153267,-0.0211876432862659
"CGca",111,-0.330456457999353,0.0872273901461685,0.192571394773875,0.146972109731458,0.23550536821674,-0.195822383368715,-1.20605670065126,1.00301010465304,0.112109739387121,-0.059718671953757,0.0945572648135687,0.167018672336771
"CGca",112,-0.368830205137626,0.108561540160364,-0.405952386984564,0.0261740699224488,-0.121637457142256,0.276207509602383,-1.59012289203396,0.422417541370609,0.166897769287848,0.147775736048191,0.161913850809286,0.217718835194374
"CGca",113,-0.528285371626951,0.106146100564767,-0.142121590195126,0.412731809524736,-0.173113248421759,0.16931856607701,-1.20617595043179,0.838168790935276,-0.119898404287834,0.171101867753979,-0.100384613277497,0.235295059783975
"CGca",114,-0.776839583057272,0.232390730084687,-0.501832404185752,0.31376292110021,0.00724183622913197,0.210667009959699,-1.59453606158324,1.69203520980388,0.196720991819958,-0.055613057680855,-0.0168783249671992,0.266398283206523
"CGca",115,-0.491311946268788,0.155108859739736,-0.412880549677002,0.395089729558391,-0.0789332437345695,0.19428155032903,-0.91585978982549,0.502654179560056,-0.0954094530377403,0.227590578842005,-0.178687250831623,0.225148609527408
"CGca",116,-0.751021993673494,0.223123707124925,0.293122551983498,0.162618070525501,0.025959843298472,-0.079189117651892,-1.6253675865128,0.826311795714434,0.26233807173419,0.263708872720676,-0.0268597676477949,0.0883051206112174
"CGca",117,-0.0968757378059966,0.0165248957916171,-0.607504262324601,0.816713609918604,0.0952010388387177,0.0913987567181478,-1.81040574934043,0.891011991746776,0.247776041740598,0.223991884844901,0.0377337870651889,0.1455243997019
"CGca",118,-0.262848031807646,-0.102461634521394,-0.0412495428896984,-0.0955760073474181,0.108152680068786,0.00106163371153742,-1.44445175482141,0.786405720547278,0.483384508324661,0.137026068338727,0.127180405425768,0.081600037958708
"CGca",119,-0.247030281414931,0.0124387231265867,-0.196441614128837,0.68904750076148,0.0766559181620887,-0.0484677158448096,-1.82271697780797,1.04972017734288,-0.0428547055817769,0.219631735062888,0.382912046241661,-0.0748132739425564
"CGca",120,-0.546498499361616,0.105823669151043,-0.0472108547388709,0.382425643934477,-0.0531115549352304,0.0796867163883094,-0.95724754810392,0.946320941191513,-0.346980252005041,0.0218585298420824,-0.00125955995909164,0.155236130893877
"CGca",121,-0.490332299348862,0.123801921456793,-0.582732711044614,0.904522881890378,-0.0675651761862409,0.145362315907905,-0.406188888736765,0.0426419856755407,0.266333632776915,-0.0898361797101351,0.0716847084771574,0.162021829962902
"CGca",122,-0.369987022551061,0.0142755740927393,0.415146370623092,0.339684839358651,0.0823214709264031,-0.0421106067598285,-0.779639859452222,0.685205027698586,0.261165031073989,-0.0159783633145093,0.00993815077926384,0.107421510770328
"CGca",123,-0.384061094405247,-0.0229652545497685,-0.378675851221389,-0.18717838949142,0.170091063908016,0.197849788455356,0.0219042540927553,0.453226081128668,-0.0309826582068329,0.157790383120586,-0.0519745365808707,-0.305935535968473
"CGca",124,-0.350285755050657,0.0807821063195413,-0.975224906409876,0.036293023185835,0.0872257527397778,0.339194178100927,-1.33979261855787,0.808081839524146,0.369761344250912,-0.0118071827312435,-0.107848013899572,0.389687652900781
"CGca",125,-0.364251967269875,0.0211854287567059,-0.0260940911632645,0.37121299015145,-0.160314174701355,0.223743530637838,-1.22072215089983,0.4598354793626,0.0220918268305084,0.206636246660117,0.129415234797324,0.0806506415733977
"CGca",126,-0.064862635701358,0.0273690539021354,-0.0228423750950896,0.0279881596705898,0.178644422901989,0.0216585427934745,-0.951169384899418,0.288436455541007,0.329624065991066,-0.0652945814758006,0.315170004340628,0.0225157997362326
"CGca",127,0.145292275017277,-0.205595209290096,-0.14140241876408,-0.0117009654323247,-0.125190279072345,0.257466665257602,-0.79257685891124,0.939421840833137,0.0193717362719553,-0.00616429761491958,-0.140435753218554,0.177076710211053
"CGca",128,-0.803751508058189,0.146520433822787,0.234948278363833,0.265380089033857,-0.161732891629093,0.0773261480812228,-1.90842223182908,1.03751250832806,0.431230230947168,0.0304446009740714,-0.287370470228214,0.632956863625515
"CGca",129,-0.4523103829666,-0.0209117080191223,-0.530721897690538,0.64624753584504,-0.00235876794744909,0.18568356005149,-1.59417117974307,0.682518326182445,0.42979023840294,0.0864998864452653,0.1361156761588,0.224071317492406
"CGca",130,-0.629603607904673,0.172092199260233,0.48888630871814,0.437661265539152,-0.200060501725461,0.0355798637727374,-0.722133905655248,0.692247779568263,0.256230697650194,-0.0157801749921257,-0.277890632458101,0.360554761419091
"CGca",131,-0.255138591124492,-0.0142604154027968,0.317325864073165,0.016777712927984,-0.198035206058723,0.0995253727488105,-1.12740007344627,0.589694243938052,0.152837839036756,0.0922097454462873,0.0171350464484177,0.180034694558101
"CGca",132,0.0475078443935506,-0.174192137612838,0.422247701178122,0.35512614098076,0.0769388871858092,-0.106774613693031,-1.01749862712842,0.72096313765202,-0.253914317026382,0.0400559965411125,-0.155274970719532,0.290190883602804
"CGca",133,-0.19169414413235,-0.0138817586289715,-0.0862588265857417,-0.586777284756393,0.0859580651511886,0.150337255443068,-1.46938561858809,0.816191848970425,0.489087543359932,0.153904340360605,0.0262804544314968,0.106896439230929
"CGca",134,-0.498413079619615,-0.0302388193300239,-0.315495189220727,0.384310418333106,0.0320179974859388,0.105100391060953,-1.49043581396977,0.596811790303582,0.340329670064207,0.183720452066574,0.0170248229757546,0.117154103340636
"CGca",135,-0.719553619344728,0.104232544853466,-0.0295452772918679,0.266832723423456,-0.176041802928775,0.203366609943432,-0.727608101775396,0.413099785904648,0.22944233830205,0.017246426776229,-0.0420190354594303,0.22979902277201
"CGca",136,-0.856559206176755,0.170200937465492,-0.505312663754728,0.401589223578868,0.116246505285329,0.168119474622292,-0.726026753561912,0.953810275258704,-0.382302562926894,0.280392453061732,-0.131232139886272,-0.0469177787611094
"CGca",137,-0.572264549167343,0.154915322126577,-0.591753740703119,0.117818383103963,0.179331553624773,0.204007208693387,-1.58701295422324,1.29051189152609,0.425364911653528,-0.0106212779201748,0.237284023586308,0.0479043172210333
"CGca",138,-0.425994244014408,0.157921259031046,-0.457248650516768,0.0803624598284519,0.197279635507561,0.0993823908488135,-0.938638509934223,0.983509485975257,-0.220485637922684,-0.17955552838162,0.153574333901986,0.17325112292384
"CGca",139,0.176488331423256,-0.139936494641669,0.211141487597753,0.110521013465256,0.281273833539063,-0.197477195572856,-1.20769882881583,0.885745555052319,-0.252981296380106,0.407583311961168,0.0916853161877704,-0.162460665849375
"CGca",140,-0.786011794718411,0.219771294947368,-0.632688118620425,0.872334658508227,0.11884300368253,0.129878334860988,-1.50577081899294,0.826463631491297,0.489142282622852,-0.155387455189818,0.0319577096331814,0.443147832267329
"CGca",141,-0.672581228864503,0.194900708038834,-0.395742400206188,-0.0534725657672572,0.243228568031735,0.0367960806733349,-1.83978435862763,1.27905261430351,0.761941168064729,0.402872362411947,0.0876563179384277,-0.225632185764536
"CGca",142,-0.953819441807947,0.292315976269227,0.405124640648,0.481254505322386,-0.00418299592261604,-0.0483400602759164,-2.15612169961643,0.968016340009381,1.08287423102378,0.283373540737119,0.150155986342777,0.0148429682098812
"CGca",143,-0.369838184263137,0.069205196427453,-0.432605649222661,0.928765151915857,0.121100152150431,0.00641715639970363,-1.54753805260732,1.54184450766725,0.20897944879159,-0.14276100597789,0.41597575208042,-0.0264854142634083
"CGca",144,-0.118212757569108,0.0805870605459693,-0.281850387290225,0.200050554693528,0.0633412040781661,0.171512898438833,-1.46224430135999,0.162134197452742,0.116391246565923,0.0843477109654403,-0.0873084989239445,0.452953825946621
"CGca",145,-0.54055289870356,0.153248844011937,-0.142379951060325,-0.118150195145166,0.192787118616237,-0.0388470361850938,-1.01548530282916,0.796206305091334,-0.131745876644224,0.149695629198947,0.2017504118382,-0.245701226337457
"CGca",146,-0.553087290097974,0.104089732316336,0.237768097231935,0.749363681452154,0.12342643712372,-0.114520406880102,-1.23769145853804,0.72386633444728,0.164279729189029,0.299715551740983,-0.058634786334936,-0.0338062849355936
"CGca",147,-0.490651171518264,0.0741143885745931,-0.11720468110218,0.701059437166317,0.0051406959014274,0.0485965313914611,-1.20043852696505,0.616967873490547,0.46700147426254,0.0455947479333778,0.0162751171508194,0.188213252975567
"CGca",148,-1.0292118036544,0.270694680335191,0.0588463864839564,0.518641480628356,0.213036846964813,-0.236766918561969,-1.23418069452081,0.878199000452135,0.176965293045709,0.0344505666797496,-0.137940925084237,0.32877198645155
"CGca",149,-0.647980052568654,0.135265335947612,-0.488074265127613,-0.327456448875816,0.0408866092456304,0.233932303054812,-1.06923314888637,0.456964571872187,0.348793887270913,0.122755669588659,-0.18474077729074,0.320997656974697
"CGca",150,-0.639045084705345,0.118546448351307,-0.436265667156154,0.534507399831618,-0.183437741589513,0.16761758298733,-1.74065415557955,0.716674085433517,0.471374656431738,0.0250301249988868,0.120367190570221,0.358352009840035
"CGca",151,-0.076259471552923,-0.106239609021496,-0.413525136331659,0.470156934736034,0.00592813323012471,0.0757546209191327,-1.32762748137245,0.692388999617075,0.200599064726316,0.365987746638407,-0.205478312291046,0.0451179426659061
"CGca",152,-0.66245480011129,0.18161745493314,-0.437510981723376,0.400221608526797,0.129358562634632,0.110719087323762,-1.5177436713799,1.32390305853324,0.124066696119231,0.256349155351762,0.214953854149935,-0.234014723696428
"CGca",153,-0.62582939838008,0.121538453981222,0.0418122405532359,0.24070054182668,-0.0154004499385037,0.0277639177033803,-0.771781900520753,0.597645787716707,0.0896255040436333,0.264453784895022,-0.178088061061248,-0.0837657928320342
"CGca",154,-0.584665162681993,0.0592183643741489,-0.107242189049021,-0.0515277117424893,0.0534969315752581,0.00934294187739289,-1.38935589031914,0.862217271803806,0.19206435235083,0.486709235091713,0.0272816512917205,-0.200161107671771
"CGca",155,-0.675713851312541,0.191345274005802,-0.315717894280256,0.0323785895252071,0.0452657751906863,0.110698323494917,-1.30645484347817,0.410216740017694,0.361336616937857,0.127335396283801,0.180999660340075,-0.0310694209325807
"CGca",156,-0.366051913749796,0.0199183983682862,-0.603471586333509,1.10587422029788,0.161550530398633,-0.0566689633993373,-1.47407480829059,0.304742219993462,0.977845627876274,-0.0481584134516569,0.155309824160898,0.125665872358662
"CGca",157,-0.192674943432429,-0.0239767533936516,-0.593204801759186,0.543171293823532,-0.0591896973198979,0.235968758610287,-0.214910772674513,0.775470823460807,-0.00119433989519551,0.0132236595875433,-0.148364735002637,0.0839146042474094
"CGca",158,-0.124880734551406,-0.117949759461485,0.0379909328960606,0.169219230242542,-0.21705284135778,0.255034245767215,-1.42301394418423,0.616728326583073,0.44351169323687,0.229246652367022,-0.273753889769443,0.275989345870009
"CGca",159,-1.15223942565116,0.336558223402467,0.292706734488865,0.2298815472027,0.144765879309563,-0.13044554083369,-2.07547790827814,0.675944782698985,0.687837046142528,0.210461228487051,-0.0384233620677388,0.320808623798529
"CGca",160,-0.453617568598299,-0.062285473217044,0.149816339095211,0.311538090459531,0.17562892568086,-0.072918988385508,-1.90384916727787,1.01732584040161,0.627054553249351,0.184032874717997,0.317907480228242,-0.117205700399988
"CGca",161,-0.182738955594236,-0.0955420600277352,-0.350378556529976,0.6258160439118,-0.103672296891924,0.198217064815256,-1.4720957216651,0.968319845738439,0.646859892577236,0.219905410622041,0.159887016895359,-0.193641519197349
"CGca",162,0.0919629269686179,-0.191738788010268,-1.55684732592747,0.947190822351248,0.148270759271776,0.417665312499804,-1.81382462253837,0.661863657332318,-0.0315731863819159,-0.176124530103597,0.202154035346688,0.623710540388047
"CGca",163,-0.750166243397904,0.241064741895648,-0.0476824217373176,-0.0584525343412326,-0.0286410431363274,0.152565364380739,-1.07928734616225,0.781765701870411,0.246852994407719,-0.230666906294105,0.129861277160699,0.394790067809843
"CGca",164,-0.134124208799066,-0.0613957971524585,-0.201947982526335,0.262111478044615,0.103411087700728,0.013356633708677,-0.946968749745839,0.164317255408497,0.439326451079169,0.0808345985779795,0.0738437501126413,0.0670028275488915
"CGca",165,-0.719084988269807,0.171645801231554,-0.308836838213225,-0.0067040125030333,-0.0385598516400195,0.187600612644544,-1.08404829930338,1.10143725404135,0.443658031247587,0.0230414038046865,0.0479476539032089,0.0805037015322603
"CGca",166,-1.29153478480562,0.390421987108589,-0.0823211361067721,-0.208816451234645,0.043237882630448,0.195440477511683,-1.94085949890416,1.1841994755333,0.168271015701327,0.21070279223536,0.0384202243522658,0.162358850370325
"CGca",167,-0.581059477820559,0.12273792261217,-0.279043874818759,0.0186567918393516,0.10113454867277,0.118480339100467,-1.66101004701137,0.733351490973175,0.496230664878611,0.199534746855132,0.0320316215831668,0.0510917404477523
"CGca",168,-0.568921350510925,0.1120976947591,-0.652295941443343,0.368036739624071,0.132122541638247,0.196199348136108,-1.76648397268574,0.693422357097621,0.68926406173891,0.0936273037581972,0.335851133894226,-0.121408649406383
"CGca",169,-0.216848569941384,-0.0562931396155299,-0.440507315712864,0.490858646431277,0.164110444171,0.0352880846417277,-0.946453578064512,0.726265787948851,0.442124285672217,0.0704181227338662,0.302106803862427,-0.224215266368916
"CGca",170,-0.96860694121197,0.250536950448149,-0.482812241605948,-0.215488305547442,0.230181701091354,0.106462073613564,-1.23963916277641,0.805027808461684,0.0536048411488585,0.168840185845664,-0.0800425283846605,0.131933237634387
"CGca",171,-0.528843258317147,0.171363783169381,-0.411952349571692,0.346341980126151,0.0511841816367678,0.141144244698597,-1.53573197275491,1.1409102778479,0.670319887917067,0.107965970696447,0.0973806879471709,0.0629295714669511
"CGca",172,-0.407917420671358,-0.0777363650013344,0.224109414830786,0.362453096344164,-0.0509357098037015,-0.0291912741367418,-1.03344140667367,0.851389846935333,0.508424982898981,0.0505766881175347,-0.100412713539877,0.108547306649397
"CGca",173,-1.14263714691185,0.332110664835881,0.238471257408137,0.0609601862247107,0.034888329435247,0.0866200446988537,-1.109618771235,0.832324269896457,0.39239000568689,0.0195335598535883,0.276391631968733,-0.0475458089055017
"CGca",174,-0.371921073892684,0.0358138692309487,0.188130835426225,0.141997974440631,-0.045423980264472,0.00822272901156705,-0.708754581329598,0.243289854872461,0.421289585334046,0.21468316208298,-0.0552979380216702,-0.0204851785851318
"CGca",175,-0.340021480806251,0.0523381815111841,-0.608085822417632,0.773799173968236,0.177216459243464,0.0367942052026379,-1.69748131057337,0.93412142229621,0.785573231849012,-0.110380291734099,0.229512251765014,0.206637036912623
"CGca",176,-0.92545137250611,0.276934682290876,-0.210149286309027,0.200067419754829,-0.0490786139343906,0.188659810256262,-1.69478225659463,1.1136170870282,0.775411020230519,-0.0686701227553503,0.0127032651032823,0.30347929987226
"CGca",177,-0.443039297667676,0.0720181636621221,-0.110744995367149,0.347623107764522,0.272004724472057,-0.115913027178183,-1.40579396247441,0.508318399195362,0.198954397473574,0.295388168936998,0.0382671068369654,-0.032574852500432
"CGca",178,0.145593152877307,-0.149952554734241,-0.0191791011640673,0.129632301121021,-0.099399883739705,0.0377060397296485,-1.25950604544569,0.643514220571487,-0.548344370965586,-0.0968939512595769,0.0354081399376776,0.509197701246075
"CGca",179,-0.0211625843924919,-0.0253923801508179,0.403296113566263,0.305182335006794,0.0725502426917877,-0.145035740440273,-1.90590953485777,1.29024441070862,0.442946336786492,0.00524522830301469,0.260065052459011,0.108713519444809
"CGca",180,-0.693250350550092,0.174133789349661,0.278574038531393,0.722226196928107,0.166348788216919,-0.187592545767848,-1.97934537412281,1.41862995276996,0.742698660430678,0.189439336293163,-0.211409877869884,0.323380860246905
"CGca",181,-0.665829742320302,0.18228274049574,-0.419840644505742,0.230747073574804,-0.179154072730491,0.329027817076436,-1.14025493981479,0.328994394971519,-0.197449540084479,0.10398252091432,-0.000543305911169205,0.248113732115115
"CGca",182,-1.11500513727638,0.376561519711473,0.456185680110717,0.0731636912246262,0.034302769876018,-0.0934694131541786,-1.59444410606172,1.12855487526238,-0.053924661075997,-0.201352924305365,0.26285232341489,0.326247884305628
"CGca",183,-1.00913562768772,0.324789966587973,0.0527169312375047,0.211938962070733,-0.0682840357007679,0.174052435354068,-1.59607073382951,0.939679633098898,1.00921634753455,0.113386995698972,0.198140404588588,-0.0864131600888372
"CGca",184,-0.470574747867019,-0.049270729024394,-0.23434972177269,-0.00178563745982066,0.220078236889623,0.0256153499782087,-2.29788144931533,0.888942328759812,0.428476234301886,0.355036899380109,0.176624330229684,0.0227255515754718
"CGca",185,-1.08777456641893,0.284906957044407,-0.676247118999738,0.685026957185808,0.0592938996249102,0.201013754819054,-1.3864830860976,0.393206613463624,0.586333715491039,0.106164593889067,-0.302078172314102,0.465503603192834
"CGca",186,-1.12552460880977,0.325867093743282,-0.354950680674772,0.138298026097024,-0.0279349505119142,0.267115583737098,-0.958576593169651,0.709333149203432,0.83311780702108,0.151704387625668,-0.246414364417817,0.106289607171393
"CGca",187,-0.126585959517122,-0.0160469872665934,-0.562413911919306,0.210723892048582,0.0734983235647828,0.22797205739285,-1.6183491327832,1.19399210792448,0.54723865764425,0.147441162892366,-0.244414014504708,0.289388857175232
"CGca",188,-0.315042575038481,-0.0608946622738018,0.204942056143381,0.142259037310036,0.141569794388375,-0.0553461517762327,-1.8841069766929,0.882891532164284,0.452249665507874,0.0226738622516679,0.0335536552688094,0.352876007638963
"CGca",189,-0.301378337426339,0.00993028010135418,-0.242202378228222,0.722912179587391,-0.0344914313607848,0.0262837438707537,-1.87651378815664,0.813038405155968,0.452214278123215,0.00438053183349382,0.290089560920169,0.129696101122674
"CGca",190,-0.747684168545141,0.188524582258753,0.360865951164193,-0.160678127294364,0.0802574079404084,-0.104722460333954,-1.02770303125322,0.682226836362366,0.317117404675269,0.0218111761205802,0.0314955287953355,0.180998211875943
"CGca",191,-0.766527524610415,0.206945971670207,-0.114782439520897,0.477301776121564,0.184491513088773,-0.0692840738158201,-1.11225486960988,0.427186829189915,0.360188122431051,0.193818373587771,0.00496913552714948,0.0303572994307558
"CGca",192,-0.824180637572529,0.217290301945745,0.242841149415448,0.0795790810299077,0.0140504128083102,0.00722938217546887,-1.42765433261807,1.05412934949,-0.0997518809433309,0.142722036361729,-0.080445954596432,0.181701995417477
"CGca",193,-0.451174905312841,-0.0218593225420452,0.456147125631146,-0.184613797602953,-0.0783105417972135,0.0291082526518856,-1.18744494724975,0.666430022310961,0.390505113739197,-0.0247196487193782,0.0383226830882709,0.196254434963716
"CGca",194,-0.123250031036327,0.00131592926031683,0.113918778802349,0.724575402969053,-0.0481611055978872,0.0278818883549507,-1.38782467051243,0.405715701871506,0.0269119344295639,-0.0512994180324201,0.146749063896473,0.262962017694538
"CGca",195,-0.797357648282045,0.167022949030856,-0.317061442193965,0.563851948365226,0.0503253637187235,0.05203158262545,-1.18996419261204,0.985129728040142,0.329153538228491,0.300462082192617,0.114188320561677,-0.282368813579677
"CGca",196,-0.719561765868513,0.142602265630252,-0.170201960546829,0.542343910372845,-0.237494388120862,0.288404585181016,-1.32886794428349,0.397673146478686,0.145743372443317,0.0575519281253315,0.0987721630977546,0.263152630780723
"CGca",197,-0.435642133868703,0.0907067851561802,-0.557957741816516,0.592862832324126,0.154168679562989,-0.0210527171333686,-1.09202984976892,0.460957131103646,0.265894734964085,-0.00911656788776402,-0.134973256121006,0.416301875672235
"CGca",198,-0.360535775618991,-0.0129576155161518,-0.873543346768105,0.36298752826349,-0.113093752611629,0.424804614571094,-1.91621122409232,0.851888667013124,0.222436536551341,0.0202925987916561,0.191068288348942,0.329053381444832
"CGca",199,-0.873361513800626,0.313723390886065,0.0459901125157494,0.567338939470273,0.0936776830094524,-0.0601979769193905,-1.47437961285366,0.437268832093661,1.05096977646184,-0.0203388904548244,0.00239804310699704,0.315362878632244
"CGca",200,-0.99339875680531,0.289015708545702,0.15544858992621,0.639662628450067,-0.145268678566192,0.116585162615775,-0.702035069935388,0.397538084521308,0.165676789779432,0.0571349026384018,-0.181174730140925,0.199066179102896
"CGca",201,-0.236916751917198,-0.137824036140139,-0.406287463276041,0.218390890220236,-0.153147741110198,0.283260790469073,-1.40833893924053,0.481182879356553,0.565798044989239,0.284265418602052,-0.426519452712903,0.356252482404244
"CGca",202,-0.383884582176672,0.0306390198375227,-0.729755516988673,0.570533872391622,-0.0399370441130256,0.262973622921502,-0.892300895387216,0.754907439968118,0.113973313821515,-0.14065009378497,0.175773611786447,0.202395557284625
"CGca",203,-0.671007871058714,0.183676822438034,0.276709495987366,0.276259244381859,0.102430995399111,-0.0892855908205069,-1.12792151913734,0.513391949326864,-0.347408128386045,0.0400089843319433,0.188196335881524,0.0891710861714052
"CGca",204,-0.320583681186246,-0.0118900415959296,-0.453833282261865,0.467181715860862,0.0770656826658921,0.100852168090567,-0.960105373234094,0.792334577352794,0.396437109500303,-0.135153473834686,0.108469787067829,0.139482455401321
"CGca",205,-1.2470224109396,0.285106690595459,-0.235588721174204,0.154790022436993,0.0911439347671858,0.0501323980500743,-1.13652378243405,0.939629773629214,0.153067968757505,0.135896893567419,0.0460624683927871,-0.0758076782194118
"CGca",206,-0.455931638367063,0.14945146905234,-0.116308165140454,-0.010116263187696,0.0418529958916577,0.0889818667208903,-1.07387351309293,0.739880299295351,0.568227184021122,-0.135511866107897,-0.230730220651292,0.516429087578177
"CGca",207,-0.956154098021064,0.259223235802102,-0.393401468255497,0.0581395435947593,-0.0698349489568308,0.158220193158582,-1.54498877732937,0.455306939727672,0.234752721736722,-0.0450249059617786,0.0691563300862625,0.347398509732811
"CGca",208,-0.597265919585029,0.0487161894585544,-0.516094378278703,-0.332932929505156,-0.0126343220683713,0.273231927916604,-1.089362205129,0.275565855709161,0.432888118336202,0.121662788049443,0.302358177255434,-0.11850933079197
"CGca",209,0.107272076254489,-0.0289253608604834,-0.612018742412264,0.568689061056284,-0.0128460815132159,0.150769848128407,-1.68582725927985,0.616028541974525,-0.162746319488153,0.317054331754955,0.0575350259590915,0.125989343363824
"CGca",210,0.0167844135651872,0.0412475294891767,-0.521966989820878,0.199441966154335,-0.121628475264334,0.278718665069888,-1.21978181333907,0.988832229326621,0.104550784659525,0.0652629295281768,0.226408648789321,-0.00916757290590711
"CGca",211,-0.572720302532402,0.0778941996149399,0.375608970740884,0.0533317308177667,-0.0160371151927178,-0.0243348217213247,-1.50487135315291,0.656169811672028,0.34971153311982,0.0335254462311329,-0.0298341693521962,0.322082894049623
"CGca",212,-0.707679383039807,0.235827045905087,-0.349239253511277,0.0483885442082954,0.250430388688093,-0.00733074873619151,-1.43776992875649,0.757606037207338,0.438076680910037,0.147224643410975,0.179213675033694,0.0176653381857799
"CGca",213,-0.568731991415216,0.083429484623944,-0.616424885658515,0.309311584170731,-0.213913737278572,0.441376839754475,-1.15383833279441,1.05300764094451,0.0520193020010546,0.094905287012286,-0.0778868476940229,0.0902360975691273
"CGca",214,-0.42044214790644,0.0398209093062475,-0.436241010311694,0.35728468509801,0.0587099228415384,0.15773232536827,-1.75898620090038,1.06363589437253,0.879583252424477,0.011810564216531,0.324984973009211,0.0890756284612166
"CGca",215,-0.478178771646812,0.0609417832343824,-0.545131814248975,0.464871387469257,-0.133931493496004,0.226136091036262,-1.56245043033352,0.2940146966299,0.287934496051531,0.0467835511193204,-0.00645546839943879,0.405910928996357
"CGca",216,0.0170018267335138,-0.0521128694798683,-0.173932109759265,0.132816007132521,0.0203322574223419,0.181833066327777,-1.14140168215375,0.346786004838745,0.318896406222307,-0.0147234190149266,-0.0508886801554909,0.418376868646313
"CGca",217,-0.636313706870027,0.0426822540557319,-0.17372935004125,-0.15921129898458,0.0829437378742075,0.101407945584244,-1.53010425009529,1.10509791030022,0.189264840550661,-0.0647303986283341,-0.0329758792401818,0.406934585912634
"CGca",218,-0.640229669311505,0.195022800806334,0.510311071462626,-0.0533847111844725,0.10775418518638,-0.0921279307591779,-1.12186894214709,0.709198313552072,-0.277139543857625,0.0594262443823911,0.0043711255484993,0.227555046914577
"CGca",219,-0.584050835685444,0.175719516543727,0.374523646365612,0.165262024590626,-0.106749053595241,0.067584264068382,-0.962068198602331,0.649439703362015,-0.494692691721114,0.169384704424774,0.177659343281198,-0.0310207374951504
"CGca",220,-0.719812664777706,0.165837175071624,-0.461089854627203,-0.167707591325694,-0.110588754014467,0.334421130600412,-1.2408488874426,0.749192174669131,0.217910225997153,0.142029614438892,0.22519206512167,-0.14587874249021
"CGca",221,0.00509319876966286,-0.170739271859868,-0.303758914100036,-0.0668511127684288,0.0104016215013277,0.191729483831443,-0.897448351795158,0.448704361912662,0.545200297695958,0.12412274638097,0.151535520769029,-0.0772107932875954
"CGca",222,-0.958302657071299,0.34813663198414,-0.0758647968941678,0.154885229278902,-0.0393414946135215,0.0546705491615883,-0.816688000432666,0.187598542895707,0.349994786601785,0.0298646711090559,-0.0551187395183402,0.286335128705419
"CGca",223,-0.723132728230924,0.212528456525092,-0.364026424041006,0.426158667190344,-0.102049508485568,0.261454295386438,-1.00841804908122,0.65290487342915,0.653063926054104,-0.0108845939854,-0.0715246835360373,0.159759312890731
"CGca",224,-0.131877796000795,-0.0342020006669971,-0.314527886362822,0.0177561429049348,0.20410399311132,0.0604534663455315,-0.876337261127804,0.482008803446557,0.385014143045993,0.191819635476759,0.25959067412318,-0.162556677393656
"CGca",225,-0.609547569563761,0.180098474257308,-0.686096217048322,0.253818879035428,0.0299854459553614,0.395553394349759,-1.64737321385513,0.972047681131349,0.38112125248505,-0.162595767445742,0.137613120180945,0.439409777171913
"CGca",226,-0.475048241988275,0.00362309770759524,-0.073471412101553,0.459303086885683,0.0982936946640223,-0.0223804933098238,-1.68214567700369,0.582612075151425,0.329627934179579,0.0717187472970241,0.160108377022074,0.296351757649327
"CGca",227,-0.667678341374643,0.0550455952758534,0.0957932943838014,0.438344650328744,-0.112084465282864,0.0464117195996625,-1.20352592775582,0.802626196876272,0.094504119077928,-0.0557307782151369,-0.079460563180166,0.416685607671702
"CGca",228,-0.787093465149282,0.187420600486225,0.53274818242282,-0.145019559951395,-0.0444576875049434,-0.0653507957125198,-1.03353045098826,0.885129687412212,0.588000735707972,-0.0863359215941024,-0.158066321795563,0.251417319822485
"CGca",229,-0.536062953846391,0.156629446166282,-0.472864938764595,0.733193478888562,0.291005177895577,-0.13400955156943,-0.927660311332992,0.286343613488115,0.761894285224597,0.0251117003700985,0.0789645429584499,0.0415087378602579
"CGca",230,-0.493077173245687,0.107371802565738,-0.258626732160568,0.35915534690849,0.342968985119959,-0.0303850108034174,-1.60916361830023,1.27725828365123,0.100398874789621,0.262349717119095,0.10970691048939,0.00415815104642545
"CGca",231,-0.733701976921926,0.191550027298738,0.204779487613905,0.811255765110636,0.207389930600067,-0.222721980743727,-1.03437372181145,0.676168170113313,0.172464025718811,0.27149079619273,0.00855329265223505,-0.165762623770016
"CGca",232,-0.781456276962243,0.285735114796597,-0.474590019245374,0.276881692305295,-0.0636911807479811,0.275742011041422,-1.51258955909078,0.408339407065585,-0.0100361113798859,0.234195761354748,-0.0649768528911367,0.324487821510551
"CGca",233,-0.422298126672031,0.00901774304212746,-0.0869588518055465,0.352795887351598,-0.106952982774187,0.135397958964563,-1.01752069839039,0.876164155618796,0.587779318097484,0.165082681564301,0.0421762354681007,-0.0192869612539812
"CGca",234,-0.761792775686596,0.107437116295244,-0.244564128684081,0.070282479832936,0.0540615717810131,0.0728411530594048,-1.46206672817553,0.637282195616257,0.187205590649251,0.110386308397703,-0.100299190912212,0.31781011198701
"CGca",235,-0.804194797352562,0.170230470511558,-0.813278591223093,0.0828323653309815,0.14388293094753,0.206978296693004,-0.774263575260599,0.817955361368185,0.516617653446229,0.139438069903153,-0.211638821163106,0.0918193014659574
"CGca",236,-0.203981180510978,-0.193787305556704,0.0888045548616392,0.309483953162249,-0.0773379870717074,0.120314483984411,-0.946519084267183,0.835720603209343,0.219485709487994,0.224082070209588,-0.0240693588851177,-0.0966387696114278
"CGca",237,-0.305585155421851,0.0117985152053262,-0.307376268301257,0.394015716880215,0.0440845614189385,0.0606203729279476,-1.8424023950048,0.879695326799161,0.510567878366284,0.408956514087156,-0.309258040659185,0.176714546559845
"CGca",238,-0.334185409452086,-0.0616599024113219,-0.520526289668328,0.180780921115466,0.106587541302077,0.117275058956685,-1.33731469678077,0.800940266193017,0.439863784805923,0.15983541365454,0.066759482445865,0.0617705825169402
"CGca",239,-1.05856232195077,0.272380084676985,-0.00306982656173079,-0.440661638799947,0.0670060705568535,0.0495526265471158,-1.67379026290429,1.03464145508939,0.491859044900424,0.233832586066246,0.199791099954978,-0.0457728475866599
"CGca",240,-0.547478379383509,0.1265041557526,-0.341716714442795,0.636132492329181,0.0145868821928198,0.170195747036614,-1.03296144124766,0.451543089844989,-0.0854605013568272,-0.199885869577758,0.428268274002598,0.189831849003909
"CGca",241,-1.07647349280007,0.422941245659,-0.228022932861685,0.25723770230008,0.0145611016431052,0.0967718112480391,-1.59890555111593,0.871212357154918,0.121147366193411,0.0570508950158476,0.147039737530856,0.183399257297937
"CGca",242,-0.474876477344356,0.169361619937221,0.0423394676331417,0.0570365115538481,-0.127242749705076,0.207102283278035,-1.39724404460028,0.746066664242809,-0.352134508485973,-0.0394191573129725,0.117289235172984,0.365549580922515
"CGca",243,-0.699086536802816,0.162360389362171,-0.502997697338975,0.89852528377202,-0.308863936206231,0.357235085209912,-1.33730657842419,1.16981669865087,0.570608699929607,0.109860283613869,0.207799969411848,-0.151370462368344
"CGca",244,-1.08344528918425,0.322793583355504,0.274148129788735,0.150547795638681,0.0164174499233007,-0.0557764902778952,-2.10727367870549,1.00741384975669,0.524558685579319,0.338870933714995,-0.0921019580048121,0.0575016315084922
"CGca",245,-0.915879365195314,0.301266090324296,-0.351785797786694,0.505777572847296,-0.00250478542004845,0.166244161774211,-1.63477047509256,0.693530045215119,0.60029726599623,0.000859593889388216,-0.11903168967267,0.495208667145053
"CGca",246,-0.972081985792338,0.378199510262403,-0.543132526255794,0.309672072312631,0.0214328880125217,0.195029067927474,-0.540563758151688,0.851632734262011,-0.219117078589611,0.194781953161633,0.0286414187842148,-0.0409022334841007
"CGca",247,-0.773350833670552,0.223551652467352,-0.0740510867343465,0.295419910361692,0.0873994551829572,0.00730664696186493,-1.89196042266784,0.411235214291922,0.335897137672504,0.0558395026279142,0.178381541065439,0.327579573406669
"CGca",248,-0.535316376294339,0.112856418660639,-0.167249791007825,0.125645772289456,-0.0836790686125343,0.168470622840811,-1.48686631618596,0.571873097698788,0.963882553031544,0.101771972776844,-0.362169659686817,0.522160141394277
"CGca",249,-0.438105723186667,0.106719672900839,-0.371727850397008,0.390653416861066,0.00709780022138438,0.186684362563823,-0.886067078310589,0.807133403916217,0.170851362980765,0.101421717124052,-0.131996074048428,0.218409540771737
"CGca",250,-1.08142682934877,0.284104845413684,-0.0718279991272668,0.430594848141389,-0.217218305466246,0.285748652203637,-1.00253689088626,0.664917708136704,0.393177049773107,0.109532043670868,-0.0421759411812462,0.0161645831303061
"CGca",251,-0.777545736178212,0.180049213048322,0.217857362037435,-0.0295638718875904,-0.241518164142613,0.277949148918065,-1.56930079351771,0.789136019729027,0.788093393550024,0.178204738652736,0.392716347580433,-0.135988983810941
"CGca",252,-0.00644448349866482,-0.00572007522790194,0.218894082529507,-0.145765098934944,0.158265834321658,-0.183237125688014,-1.24679018531197,0.748693799505469,0.427599653952193,0.0489607121816906,-0.0499631744291435,0.312817757816963
"CGca",253,-0.331052488570715,0.0136860466701392,-0.598852829205249,0.23290128597204,-0.144152074341715,0.348453442637052,-1.07298001410806,0.90676851639243,0.447165426261795,0.0445765579276193,0.332792267032451,-0.166239254947318
"CGca",254,-0.842666696549396,0.205455875872404,0.014940645858459,0.188851112689273,0.0947892012245351,-0.0336478969683649,-0.962551305981978,0.417745447787089,-0.008784489757537,0.0430244923231407,0.00310433922752511,0.156199672836295
"CGca",255,0.0180656362042189,-0.173331262358526,0.333505699243902,0.339275277972403,-0.132925220889308,-0.143979544712548,-1.2541253289587,1.15403845761724,0.165120500123994,0.123567470775787,0.148335624035895,0.0409531736760323
"CGca",256,-0.541433577293264,0.163445036272291,-0.535879806699898,0.441768265882422,-0.0791830756935596,0.227438052712135,-1.38509082921027,1.04643764827768,0.241302411577935,0.164275442932459,0.178503417406799,-0.0378813969875855
"CGca",257,-0.371337825065582,0.0906922030871015,-0.441318026077301,0.335279187730739,-0.0409169748136852,0.20029047725298,-1.35424082626927,0.552321999154252,0.0733308386347709,0.199567618569602,-0.0629304181403923,0.2653564718404
"CGca",258,-0.630505209585682,0.118652098502173,-0.556280101282306,0.407731507239435,0.32792871208562,-0.0235286544669096,-1.09143457556296,0.138678322451434,0.548763940042953,-0.0245517164201891,0.0234896244210017,0.292433691358983
"CGca",259,-0.633169288957687,0.170125356234638,-0.504713403846575,0.252435188861394,0.127699946393549,0.14018167891004,-1.78720682051132,0.697548155968426,-0.059803897228097,0.233991762319458,0.205602651674048,0.139437183943744
"CGca",260,-0.53550402479661,0.128428442644756,-0.881071069504612,0.36173671083846,0.176928271857591,0.198729111701725,-1.03693338493819,0.921006296778041,0.176003365498008,0.166524459247048,0.342280790542542,-0.166692333461444
"CGca",261,-0.714057832172662,0.116380003487967,-0.252067428270747,0.0228307998072037,0.279961794503206,-0.0115150349736545,-1.36490610212283,1.05177251274507,0.109082086834526,0.0108523988374508,0.11546780859701,0.122210442522609
"CGca",262,0.0721271684359729,-0.316922405849064,-0.797233712387999,0.766660849863018,0.0175286002839305,0.23151558175039,-1.75896424506304,0.577980989178665,0.503651271216409,-0.0424962910305884,-0.28019887502063,0.720236216128904
"CGca",263,-0.914561059974204,0.235460158135802,0.351457702616382,0.506780272719252,0.00217117011342701,-0.0892061068765041,-1.91911364942773,1.27236153980065,0.535484208136021,0.219423195997539,-0.0164699607889944,0.123990059697827
"CGca",264,-0.679469473698554,0.227351512874735,-0.296910589256036,0.498055120799858,0.0846922049233112,0.069504234004462,-1.56597615190018,0.791328629666458,0.266986189146529,0.00901006739739131,-0.0530136276922111,0.343924595758126
"CGca",265,-0.420683454705005,0.0185856694644371,0.00584870255673984,0.468083110546057,0.592670242212121,-0.385558802340634,-1.12224744448941,0.965378281660636,0.465599740123515,0.0434976054947272,-0.330574089680486,0.331339524825069
"CGca",266,-0.10249650321012,-0.00842607240606916,-0.229109378612899,0.747385766599539,-0.107521772480814,0.236193056666555,-0.501557198940938,0.357380100333067,-0.101022144919905,-0.0700244778521529,-0.14844955548294,0.341243719101193
"CGca",267,-0.0632266366822698,-0.115714582862359,-0.62569664314485,0.874477881670864,0.0294471131924704,0.219883189002885,-2.80548637414035,0.876385510321641,0.244332025610055,0.202374977591166,-0.132318447423959,0.661714159469388
"CGca",268,-1.09444982228048,0.387153941166635,-0.584264603603422,0.509631860058564,-0.225535577409388,0.39920358430741,-1.47372746945354,0.569062876364315,0.409678228074777,0.159362635253655,0.019199743825395,0.170376328022817
"CGca",269,-0.633282998870002,0.170310072226473,0.738352330002455,-0.603737572979564,0.139409574544575,-0.284112056668792,-1.16197915709596,1.08455507865498,0.177000814992558,0.0258681488602835,0.103262174416819,0.0858420228563103
"CGca",270,-0.504488045119287,0.117531163853073,-0.190852302974931,0.103474831211747,0.0474902192693784,0.134404916413805,-0.894398392739899,1.32119545721699,0.0693345323606495,-0.319993447098171,0.0773702585386224,0.361024585381964
"CGca",271,-0.543395123866573,0.144056552838103,-0.397768318400194,0.111863838075534,0.0953658982392852,0.113314338715587,-1.35549122251662,0.334589027481617,0.127190692135559,-0.0208343843001408,0.341130109544269,0.119148583150062
"CGca",272,-0.756899664375414,0.123034226528579,-0.168890621650006,0.196540081638594,0.0115554471357302,0.151725642795848,-1.28978878304565,0.555672706195665,0.565402318684529,0.22987217489164,0.0956084467013271,-0.105605862113793
"CGca",273,-0.404531917513896,0.159620827785787,-0.234862982945917,-0.0294531615376523,-0.057485933282757,0.194254569181996,-2.33031807355049,0.895565047331934,0.700409700546467,0.364456941319389,-0.176668221596633,0.351267340706652
"CGca",274,-0.51143202023739,0.158322228360289,-0.574759935837253,0.576087341202198,0.00438617266850888,0.101021381280525,-2.06576976011236,1.03182854875745,0.433872142139382,0.0886761301151276,0.143880453981613,0.236129365244481
"CGca",275,-0.351610119880075,0.0412409065797994,0.0598120898637692,0.122073349262297,0.131288551074092,-0.113668635315491,-1.30595254309178,0.779343273428878,-0.167581684258256,0.135448596983377,-0.185725511235882,0.371488665804036
"CGca",276,-0.73963936762534,0.217376415657953,-0.322505991119693,0.845860240133719,-0.16562855786093,0.196771044346054,-1.22155312111462,1.30233497173079,-0.115746916430335,-0.0596824525633668,0.0215088704710348,0.282822845106681
"CGca",277,0.0136842887091567,-0.0234512487524817,-0.318890419284583,0.188667682397463,-0.161482870486779,0.214413134565827,-1.66264299364959,0.773038916997846,0.472180622502585,0.457937102905998,-0.0734411495982026,0.0478603035032045
"CGca",278,-1.01309930398597,0.30256711294559,-0.162015856089587,1.0221911407982,-0.0919897100506545,0.0586692745971338,-0.577244262735923,0.266262489063769,0.223251099171445,-0.111566976847088,0.0787239964611585,0.134303527242606
"CGca",279,0.156608928509659,-0.0660954997484139,-0.0227608634542483,0.746071618229972,-0.0741137822043497,0.117020996082405,-0.996717887929019,0.513236277176768,-0.211153297043378,-0.00917601294383866,0.0599154796458374,0.339243101285391
"CGca",280,-0.303570297173576,-0.0206899977011961,0.00875049297791833,0.402048167716251,-0.0840971791675015,0.0281873192966656,-1.35108409765628,1.06184106750633,0.200775149581496,0.0739536038056576,0.135875336164921,0.0556996178511471
"CGca",281,-0.351731189018406,0.0355687425253265,-0.582644799001834,0.54080130909424,0.068612018630483,0.178602061815775,-1.43902284599054,0.530274018041121,0.499110411347359,0.0215196354626231,0.0292015388454102,0.272948730629979
"CGca",282,-0.168057400015131,-0.258291355386594,-0.550171046343095,0.271940822380378,0.0254367353109961,0.224055124233828,-1.67703275422296,1.02341731903744,0.641411913340363,-0.0542750101177452,-0.0629350214578147,0.366318225338264
"CGca",283,-0.198598223834156,0.0181179628896775,-0.136988426865842,-0.257267731054934,0.100321608231724,0.113191102302369,-1.2655699283971,0.853284997457035,-0.275625563120015,0.341725006040075,0.0615785143821663,-0.0727829501887956
"CGca",284,-0.629062355955571,0.177232556613728,0.170148669369047,-0.341327297874073,0.398783998737398,-0.272030130415996,-1.29438705801463,0.664061552246271,0.0592832612980164,0.235862135048165,-0.0819860516470878,0.0989239034804332
"CGca",285,-0.119126516869068,-0.0964037967069996,0.173570985625077,0.294713049788031,0.130910962073593,-0.0336939946351183,-1.42247545497743,0.344975150106855,0.11865740436947,0.0782607108439471,0.454043698470384,0.00543263336970252
"CGca",286,-0.0027288540835617,-0.116614249059945,-0.730321076661926,0.708234520229849,0.0774914099848154,0.16589444774118,-1.43146587837097,0.355098906703547,0.23731378366947,0.362918439499379,-0.0955890331011224,0.0567136171034368
"CGca",287,-0.561960013849309,0.104454563254432,0.492305641316144,0.270346434101944,0.172914620004319,-0.173333701169014,-1.01544054246396,0.481914982068977,0.346079426839588,-0.0107080615621077,0.0681813250664718,0.134052065166641
"CGca",288,-0.56090012176477,0.104551323266604,-0.337825765131933,0.428638755360371,0.250558153851845,0.00187182878826354,-0.887542381946191,0.225422235153542,0.693643821602801,0.0829983787138068,0.188564523782856,-0.165740109031418
"CGca",289,0.146813569060998,-0.160205028669209,0.364315269821114,-0.070192218254827,-0.310191273054164,0.19915019974525,-0.782716971626874,0.43175514033496,0.388520348661702,0.201313398155529,0.0225677717324538,-0.182429208826416
"CGca",290,-0.981043047340183,0.302745670544914,0.433760832567249,-0.074955025370462,0.137222561713177,-0.134088199797492,-1.64879453307264,1.09732195344638,0.137913792892754,0.252691577689866,-0.187949068775726,0.161884267924092
"CGca",291,-0.68773700645952,0.179113504906458,0.346004075713761,0.331005197408411,-0.00968107648441554,-0.00528667605294823,-1.97857054190074,1.00686621690894,0.17376944684849,0.15105270597395,0.0902976821650237,0.171102978180638
"CGca",292,0.0452306686485086,-0.15053513160607,0.247646656681157,0.052624721104517,0.095368295891701,0.0498219393981094,-1.77964163068098,0.960668357266451,0.971529975878148,-0.217947051308472,-0.213099617685307,0.731437107434481
"CGca",293,-0.197059206649232,0.0166798817559567,-0.995197983695573,0.60669921545022,-0.116340203034955,0.365860604085337,-1.72814808979828,0.862163471857152,0.574689428038036,0.146605421392592,0.278558335799909,-0.0578173013948998
"CGca",294,-0.541151014890106,0.118017794069102,-0.0125591640084163,0.824380384994795,-0.403009399744419,0.264861058486377,-1.27020320604451,1.07304172280932,0.217406424527495,0.172481609672998,0.0745053998514302,-0.0539400053032567
"CGca",295,-0.479238532520459,0.0785716126532482,-0.262942522493246,0.282451653613603,0.184664396867109,-0.0217061297772733,-0.826326526030601,0.666609669521953,0.279018174233704,0.110711929694447,0.0432175037602048,-0.107103037607977
"CGca",296,-0.929920061229397,0.31415231544124,-0.0354370659982698,0.250918876702556,0.0418741256290369,0.0963165450202365,-1.37711254735588,0.784697828551712,0.736694307780748,0.0605527720296021,-0.0619894890772267,0.260726041783725
"CGca",297,-0.0768419775562841,-0.135660548165007,-0.398706566178357,0.503684141623669,-0.0688404110952409,0.156039539356664,-0.943299461737132,0.609364924141995,0.743890770282363,0.0181083301725757,-0.0978373574460536,0.190252566597915
"CGca",298,-0.315509478808431,0.108142606889807,-0.455156957731185,0.672674912206898,-0.231048164905517,0.3289143132965,-0.985314972208706,0.437867962320243,-0.31328804226764,0.235200241023981,-0.0247432398862385,0.137889795346397
"CGca",299,-0.737876379223165,0.239091803686343,-0.207864693553129,0.765663836107597,0.104211260487828,-0.060521098202709,-0.985998345524694,0.975839057637223,-0.381318054839941,0.00306717523542084,-0.00602681048417949,0.155524259891988
"CGca",300,-0.584428524220396,0.183854294470566,0.151286851965187,0.30303413745407,-0.0459786025154691,0.0129696436027248,-1.46227651445558,1.134593497115,-0.160705517316911,0.168331710379544,-0.0568542216092811,0.224414986624201
"CGca",301,-0.311162688438737,0.0813869537326221,0.0714788544269407,0.664744213775033,-0.0399663913410285,0.0350144236602717,-1.12445646568506,0.704289106176099,-0.08900705522768,0.046147984772703,-0.179946134561641,0.33136771813417
"CGca",302,-0.298536475810963,0.0561052466631408,-0.288019460201564,0.582433699481578,0.078944056550747,0.120050856185526,-1.2678732233114,0.714384678246399,-0.118342807161777,-0.300787037833352,0.449776321678229,0.368327571052546
"CGca",303,-0.250983926356593,-0.115361401262742,0.0563463504049438,0.0951958662399703,0.153398572369766,-0.0444570128462416,-1.64611525042093,1.15436646083063,0.103817175887746,0.183592861376474,-0.109730763434885,0.252632087241348
"CGca",304,-0.918656902555819,0.259287417689709,0.0283100561793287,-0.165492723154137,0.0729223408652472,-0.00967080384671885,-1.13948361795388,0.643809874921609,0.370383178199059,0.0936293849273351,0.0345106534643683,0.150001245905766
"CGca",305,-0.272745784053967,0.101835727223526,-0.091987896565083,0.199851565842255,0.00840871054542581,0.157204590791591,-1.17260422966658,0.841390474216157,0.204245430000674,-0.0115263320506745,0.144518433297801,0.0301358424829218
"CGca",306,0.526357939951201,-0.209160125539343,-0.253224433015826,0.253959914948946,-0.0473824945684097,0.151345128913437,-1.8486686300917,1.20990098381067,0.584065104595485,-0.0208739447688903,0.0413297347921096,0.283845966705363
"CGca",307,-0.328237391682822,0.0520997595224086,-0.208416610058838,0.390939819861561,0.069472464539808,0.0569938623651784,-0.859550492550496,0.753452034686666,0.085400743548767,-0.0143198476113727,-0.100393484955523,0.289977159242789
"CGca",308,-0.15372931271082,-0.053789400696217,-0.189239909313542,0.32981716106006,-0.0723631909895831,0.155430052663765,-1.15913283728321,0.600536174884124,0.266714220036246,0.0952609038978238,0.143611506958475,-0.0289081111193707
"CGca",309,-0.0862115024232312,-0.0152234034869387,-0.214814851394438,0.230436726170879,0.00237126594959268,0.106281338511538,-1.7286729895841,0.514621326272405,0.240822538865473,0.126141321742126,0.0100340136999104,0.352021629711472
"CGca",310,-0.367436636157278,0.00180299043450267,-0.179533472049408,-0.0790368976108121,0.0178766022709759,0.123856507802344,-1.72770850501453,0.578654681419928,0.470593720780021,0.213799564069115,-0.239672601597179,0.438953871483771
"CGca",311,0.329962838960201,-0.372056838164175,-0.463456321004633,1.14231462128879,-0.220700855201775,0.301964165109293,-0.921108195068377,0.73023602046078,-0.0699419996957885,0.0404638893160014,-0.0756352998263084,0.167886238515055
"CGca",312,-1.15356398463075,0.333263203988645,-0.37285596470972,0.849216802096086,-0.0410881747244044,0.120078061955081,-1.2809539051585,1.05147142813387,0.372674778647408,0.0704256642899524,-0.108091545905545,0.14384538623604
"CGca",313,-0.722504902117668,0.206828966356876,-0.0769153984455132,0.533971124116413,0.263856677891007,-0.125176543720047,-0.63807481586733,0.932797793567392,-0.173546738280066,0.124341815054711,-0.0743280277737375,-0.12549114777635
"CGca",314,-0.933623184703985,0.288386933619053,-0.259278659575362,0.725784833980659,-0.000239969429846349,0.00748019636731206,-1.48787171902846,0.92122097506552,0.368652684936439,0.174682655355353,0.169178446037472,-0.0397293177582792
"CGca",315,-0.312682349302735,0.0155178675047657,-0.0707355889499776,0.462735918156014,-0.0471094017534214,0.151777323185184,-1.17270534806291,0.702637025999665,0.367757743922145,0.0577024792267158,-0.271386497013129,0.309939442252158
"CGca",316,-0.986600479985316,0.280505171007557,-0.552791555042445,0.15606935983453,0.17912222178505,0.0814900835585801,-1.19208086905951,0.770648350898416,-0.226784775506851,0.190054804949424,-0.187853920910273,0.215313798093649
"CGca",317,-0.800314814406527,0.179556491404635,-0.427044762565204,-0.0109673992651576,0.00932237070269738,0.130575913940767,-1.73213326137489,0.770468866096732,0.866754483848063,0.000620509449670034,0.126077069294631,0.175519097222277
"CGca",318,-0.295463034061452,0.0649679272103868,-0.372164021644653,0.703858076067459,0.0266958800854987,0.108920026099204,-0.981025373796585,0.802254637299298,0.0303952162390434,0.0741520660220751,0.335863081854196,-0.179405241660463
"CGca",319,-0.0249607556905718,-0.113937078967788,-0.200555499581428,-0.382837394576749,-0.0131189958706562,0.275328986078643,-1.83557099715009,1.07475418933201,0.359831355762335,0.0866326455023339,-0.0497584722143193,0.281324135436724
"CGca",320,-0.0475187038395944,-0.0598135102553461,-0.309554535948936,0.431758362078672,-0.0460910259911425,0.121767554582799,-1.05723214634497,1.09469423093556,0.116889115908537,0.0105503489680317,0.0854878193566641,0.0975202917052718
"CGca",321,-0.253878564928097,-0.046037356949165,-0.291047490440961,0.593164904389466,-0.137153413562817,0.221839654954069,-1.03825588603187,0.613060976224965,0.468124560684988,-0.0868303201256334,0.149182705738483,0.10750497569237
"CGca",322,0.172019736218983,-0.237102027577718,-0.501593786013259,0.50261833644984,0.0472330590220751,0.168719965703576,-1.41294146644673,1.16359814205819,-0.0678000591639507,0.211569161500802,0.0433119528704691,-0.0492098946879884
"CGca",323,-0.578622642418801,0.0814241919858542,0.276126687259621,0.0170940515120855,-0.100924525243718,0.105036728112909,-0.953584313264056,0.618795563716061,-0.30630234565954,0.231619893624485,-0.0609461211216548,-0.0140895165350326
"CGca",324,-0.878233616938193,0.23021914945983,-0.278241612573062,0.00240839438243564,-0.076399973258321,0.231775424016514,-1.31439693951376,0.966591082058894,0.562945998138357,0.154025941592728,0.116323419119172,-0.103917346702766
"CGca",325,-0.389061297644365,0.118165522334388,0.247555904099789,0.574742616725749,-0.09019102625363,0.0217834919217113,-0.966421360560285,0.898838455919497,-0.606684170043495,0.0546002588411831,-0.0413181777444431,0.283879309510312
"CGca",326,-0.760341288899074,0.264605199177274,-0.33876412422863,0.743049329538007,-0.246353986306655,0.25959161374438,-1.1830285380059,0.824505528555023,0.211889254906985,-0.220341175414368,0.277277009900469,0.278310606863833
"CGca",327,-0.313474235008252,0.0547649738874385,-0.453225178666443,0.467615168430559,0.433793811904788,-0.181134543242953,-1.61676460499417,0.810121393485098,0.0789230919491487,0.034798124631587,0.311773183024998,0.0831815785172308
"CGca",328,-0.432954093422218,0.144365362659868,-0.0381708146796471,0.678964798776985,-0.0686968390927587,0.0895291872326894,-1.4804967686035,1.20688775560769,0.258205920427095,-0.0873188130787481,0.202827472902475,0.156452495221521
"CGca",329,-0.490194028689484,0.0541361474017728,-0.0975024011661114,-0.00355865747370283,0.0526464429351361,0.127182939933147,-1.33641090307102,0.993551504651456,0.660432518525888,-0.0626701523744426,0.0239222430908874,0.197757650496775
"CGca",330,-0.589752560834071,0.118021946483775,-0.316010264324022,0.442114127005436,-0.150609810907284,0.217904887371038,-1.93870387191978,1.20265592439023,0.737144908397499,0.326816231872615,0.262998317857783,-0.347892736699153
"CGca",331,-0.785544265322542,0.178480765994698,-0.18224591822863,-0.0399722074745091,0.0212088669131011,0.107978223288737,-1.89128398336408,0.933569812738368,0.705170203372317,0.00269441440933604,0.333840997967597,0.195759766870263
"CGca",332,-0.273881110075875,-0.0358224747766929,-0.0300812160212548,-0.384331968473318,0.0551789583886702,0.177213197422784,-1.38410971745937,1.28064396544464,0.13180076787953,-0.0612097652854223,0.103134264510825,0.279493092017032
"CGca",333,-0.786498159139198,0.308215976705718,-0.424999475524412,0.551572633692521,-0.265955663330531,0.390095269941173,-1.730624995697,0.701355905218639,0.564390584335564,0.293667829974773,-0.152582914975993,0.129010206642511
"CGca",334,-0.586937594327367,0.161438024687461,-1.03039095086506,0.463619014027237,-0.0127708651122677,0.395905505990511,-0.917046267507146,0.816787467808014,-0.203233133472856,0.00556322050497723,0.000510580518490603,0.209652449485084
"CGca",335,0.0348069825901357,-0.381306898796198,0.429941242603489,-0.320204173819491,0.0702995011496419,-0.0455366960132089,-2.03765971765205,0.786457184112152,0.915422197132543,0.193701067414379,0.209332811248747,0.0661503350007824
"CGca",336,-0.28265811534751,0.0956755500452748,0.373128823909651,-0.0357437492367526,0.00480419716124617,-0.0625907328913176,-1.39388344855813,0.548559503555303,0.359693126865172,-0.102490388978119,0.090834430236764,0.361577103407241
"CGca",337,-0.326907441178295,0.0122414791791928,0.368316395374607,0.127373700586418,0.0933942836696247,-0.025123860618868,-1.53823670105958,0.941954841111553,0.598858804702457,0.170832408032617,0.121949199321819,-0.0648438202685364
"CGca",338,-0.178441008671407,-0.151342470948858,0.325728157450653,-0.0526390364409724,-0.0577507746248313,0.0306479921509621,-1.99140041699792,0.714261436249609,1.08823473059632,0.215711796885951,-0.144635446101467,0.342761435553874
"CGca",339,-0.449481851898892,0.140217777179584,-0.423974028007988,0.0276983367836003,-0.061574012061395,0.28835536420327,-1.39394625899267,0.935897651446641,0.315815268925805,-0.0841182309552461,-0.184652987098999,0.480308339282015
"CGca",340,-0.830596031474995,0.280438086732786,-0.67052005261234,0.327723353580223,-0.199384477387579,0.353855605114676,-1.50267385750421,0.800870923015364,0.0247245588512621,0.251277921963716,0.0596316678506693,0.116535350448984
"CGca",341,-0.777361576742525,0.250198088842533,0.0108673685480846,0.517160198074788,0.136462260510338,-0.110371323633819,-2.08810216223731,1.62138553766221,-0.108004128049157,0.343278707367167,-0.00325411427690429,0.0679466102586923
"CGca",342,-0.136527665620241,-0.0743681074896895,0.0444766369747706,0.104327215400529,-0.0180419801310714,0.010574308258191,-1.31288321729626,0.535727056997614,0.656329041199675,0.161036871856616,0.0593814877454713,0.0545044483642999
"CGca",343,-0.235577921211513,0.0600241779420789,-0.324513884664251,0.651820534587479,0.203068993169999,-0.0369785977385336,-0.870803582809832,0.759570144725165,0.351973482784805,0.271109359661946,-0.103859168675523,-0.101352804554145
"CGca",344,-0.457075269012944,0.151957607582249,0.275285331139641,0.0883794259533627,-0.0164194333800955,-0.0680740304014898,-1.62077612628271,1.08670079884083,-0.300346166262436,0.144339988711897,-0.0423751584079296,0.372357484737582
"CGca",345,-0.713947864386218,0.141840736081395,0.411965137391749,-0.140275257390978,-0.00914369155220076,-0.0377116705128531,-1.48537106863856,1.10189418993064,0.384090216989329,0.279994741965202,0.363038042972021,-0.318084692200247
"CGca",346,-0.588989929489288,0.0816690529498324,0.0557196256847093,0.230988848167842,0.132331737307272,-0.0996937143993818,-1.25485426207571,0.431478282915669,0.574643816296651,0.0577672964723929,-0.133587897535713,0.282156859734755
"CGca",347,-0.803137802962673,0.0816070187538522,0.291338172093889,0.128656359179532,0.502581045535119,-0.356539896112976,-1.14800413710141,0.391041226794479,0.318863475128535,-0.0970029086397061,0.221421771300964,0.20574981769261
"CGca",348,-1.12866834705608,0.420745332254728,-0.0375137761900353,-0.0298615239162215,0.0438471768349623,0.0507625181134776,-1.24932991366671,-0.0175428851252148,-0.304141721218678,0.0993405970575336,0.15956989426085,0.181001817771136
"CGca",349,-0.686094100782445,0.185101996058326,0.20893510535458,-0.334574299876536,0.143878154326277,0.0671793900404437,-1.74961479184048,0.90094558174807,0.667985610902737,0.129192844966688,-0.0987583062433899,0.254232260543098
"CGca",350,-0.962338757537316,0.29549344144429,-0.254124726293547,0.0530578193504891,-0.0500232831351638,0.241353983712963,-1.48915238470341,1.02435958736748,0.46741486938684,0.146484515472657,0.0288340593566042,0.11381058261159
"CGca",351,-0.25793662039394,0.0362215340330798,-0.539523095373082,0.115719317564897,-0.047856370779799,0.278383577075293,-0.867553891998344,0.592409113442074,-0.0168034778015512,0.273689833671943,0.15842704447482,-0.23241030225922
"CGca",352,-0.55950315934761,0.0161589787359964,0.0253067526334059,0.431618493267827,-0.208730065966449,0.104934113895201,-1.55408329535103,0.705772477784634,0.319895942635996,0.100814831482316,-0.00344639155338136,0.219902031668108
"CGca",353,-0.434830828494171,-0.052651095391718,0.0261792304737316,0.567309249140306,-0.211564073235364,0.172481050953231,-1.82914305523438,1.04647058882981,0.574494223299791,0.0904738736979463,-0.0416820134768971,0.321348266884411
"CGca",354,-0.513299909337063,0.054491263760743,-0.212324775626665,0.351494690454416,-0.22688761022063,0.223197992735765,-1.93610970870902,0.705871264302484,0.00745529320046358,0.215834084629426,0.0767279660102099,0.221351666207482
"CGca",355,-0.159553675719778,-0.0521689942844186,-0.399478828268263,0.27186928377624,-0.0636303881243647,0.263827212573985,-1.46562374558276,0.735781662155184,0.221185702244428,-0.160712877526919,0.21449199604682,0.338086986382398
"CGca",356,-0.379346037920103,0.0494447687636947,-0.300231142662613,0.500148078409489,0.0544858982555544,0.00789430114331161,-2.01845242904604,0.802911792016437,0.412865558502657,0.0137409061699673,0.324949725211752,0.220511866146383
"CGca",357,-0.671378304071745,0.229739714131369,-0.87750569879291,0.36452420405194,0.00709516369553621,0.388445002351231,-1.61577725777349,1.16137713570008,0.473701265293108,-0.136685684721695,0.0585314810864486,0.263573165991013
"CGca",358,-0.544827727176839,0.0836466748851514,-0.181641327188755,-0.00375171692937875,0.0035778807993192,0.149585053896407,-1.44155011948848,0.892630940161272,0.103966114931827,-0.0419205827811975,0.051150349455448,0.339396686774142
"CGca",359,-0.648473308108248,0.109266183202652,-0.147016736712689,-0.42585025997656,0.115906612081842,0.108535878377122,-1.55924918382215,1.01886105950021,0.720209108379935,0.258559284282884,-0.0359381524506488,0.0503356356855346
"CGca",360,-0.536479760467554,0.0769165934334421,-0.691408128357449,0.762228832256296,0.0612434996609973,0.146609458545168,-1.09245783946478,0.55091969151615,0.24629373472253,0.216577679388935,-0.321648319987375,0.249563482478233
"CGca",361,-0.31220712758009,0.0151236458649367,0.289369001081063,0.353843849346733,-0.0131670533142371,-0.0752494664836639,-0.937744751400234,0.562458436638755,0.594974284564439,0.109355194781085,0.0614491624931199,-0.0042307389710583
"CGca",362,-0.15595065468585,0.00698563281033338,0.365197013584586,-0.000585240651789411,-0.155880248438554,0.130634884921073,-1.48057169479352,0.926759650574864,-0.324760433073992,0.241765270348805,0.0543836479070601,0.0973526141850058
"CGca",363,-0.756970112469615,0.246335972176717,-0.136872904828552,0.969069028531137,-0.0425113254082939,0.0724748198977823,-1.51923649854153,0.479691818067966,0.413173049078961,0.243642134088224,-0.377028552113814,0.435571788643729
"CGca",364,-0.662786233158639,0.135003067145709,-0.387357830712594,0.390278567407827,0.19475518337891,0.0792211355552457,-1.01442316124302,0.912962104220866,0.106324861842105,-0.0593025762612198,-0.203669640379989,0.446766302553317
"CGca",365,-0.908200722655879,0.263428461839697,-0.0610438786510768,0.49444312666227,-0.0499912336411576,0.0403966951376484,-1.09240452210696,0.833555009338756,0.865169275796764,0.213771473667895,0.223854764691496,-0.298262650001916
"CGca",366,-0.674286580278749,0.0554637260657615,-0.248401106784472,0.223749374013994,0.118288846008135,-0.00907796883383244,-0.461820324685852,0.517856638849112,0.24997155418486,0.0844534267788174,-0.0497723871809104,0.0332153957911426
"CGca",367,-0.657088752419978,0.195409682313663,0.118821862707071,0.213497445073358,-0.220233921054996,0.264185891253467,-0.375430997720972,0.32462642474872,0.365719584306354,0.0336753775990591,0.00677858965521421,-0.0933269529559892
"CGca",368,-0.559441186242395,0.116786514842555,-0.473395850563508,0.51770435058527,0.189974293570197,-0.0419434711449336,-1.98518910235627,0.892562397036918,0.76184651583673,0.0274457056896098,-0.0993900683140321,0.503362395605354
"CGca",369,-0.0678615737695737,-0.00540229857040658,-0.777218621487301,0.0513263894970076,-0.00985338392324786,0.295291904281635,-1.14596025688233,0.668318698296858,0.243596542550281,0.239271975331126,0.0468084072611608,-0.108419979422689
"CGca",370,-0.975708807879216,0.29745851391198,-0.304436788015673,0.469991402636874,0.194359042162226,-0.11341504053039,-1.33482443372701,0.419014576631136,0.435166992264973,-0.0811120509713597,0.0848822783731644,0.32616928187054
"CGca",371,-1.14324033693498,0.326447095561226,-0.0683490271464598,0.155557990844099,0.349757602293,-0.0834965010344393,-1.34722079543675,1.00903833748327,0.206703701283025,-0.211742080968136,0.167975487165124,0.391732709550703
"CGca",372,-0.486160523640233,0.126823498172065,-0.863613340618666,0.812540575695985,0.279120653797456,0.0185841864635115,-2.03114277753603,0.569768392483591,0.472281130834529,0.310494757955994,0.161056076198585,0.00900453556874306
"CGca",373,-0.0979863924707065,0.0334664525472537,-0.0530494050495326,0.612056340956132,0.0232303667193973,0.0589367967428732,-1.1723522339896,0.751924028442297,0.305712820065627,0.257511458503293,-0.0985923642968413,-0.0920177999626507
"CGca",374,-0.3173071494911,-0.0366540643657086,-1.01124383379573,0.762660612939817,-0.081685762532501,0.33135507890749,-1.34598557763702,1.16067226933057,0.433138924098803,0.0305330973623735,0.0285611850805318,0.105613480167751
"CGca",375,-0.835762725797519,0.214571586099988,-0.408268771238999,0.46332654361963,-0.0815749929654073,0.240739393996699,-1.43795036266808,0.55149850339533,0.0649757494419232,0.461519362994878,-0.188725360658997,0.0412167990385561
"CGca",376,-0.590016119427665,0.0762733732547516,0.081640473996795,0.136836399873418,-0.0768317411814146,0.140759574044852,-1.56711574670552,1.02095327245699,0.688230344451229,-0.0305878944446527,0.316261687721598,0.0713582070054386
"CGca",377,-0.615456194421368,0.186988662824907,-0.471733246635194,0.35989996919672,0.106028207474247,0.142392255877275,-1.51082382536142,0.645218268016621,0.362200079039543,0.116331084718236,-0.126710915962736,0.350953460437395
"CGca",378,-0.134149938806275,0.135280331032928,-0.408024641631713,0.0194122299581011,-0.113222387468076,0.376109071319771,-0.563262147149922,0.843883813297857,-0.204527820091236,0.00625546243396,-0.125189535238295,0.23998056851416
"CGca",379,-0.777274499417997,0.18454319222585,-0.229569982196969,0.549366193428669,-0.0637624754547963,0.138817919305767,-1.12831369734149,0.422729928351647,-0.106480723014481,0.271095153038472,-0.0740406038044668,0.142391667930949
"CGca",380,-0.505579040582831,0.199264354713559,-0.507489530565835,0.655426185126215,0.296140787267466,-0.0180308620498371,-2.00112077784822,0.990185175247321,0.085084483431123,0.309272301067118,0.174088746133679,0.0571273431308973
"CGca",381,0.0227245331076368,-0.119816243552,0.119609028875408,0.2945454869276,-0.0999322439203096,0.0308248753893636,-1.35459187916349,0.563099890589958,0.415422837577364,0.119108050927238,0.0266679255924269,0.232679161246339
"CGca",382,-0.595932381225744,-0.0716469659841775,0.234878056697411,0.467938477124669,-0.0399631614224313,0.0640918740358784,-1.20650122358761,0.658119179888472,0.0659442321050527,-0.124892543401149,0.126754264501615,0.313321750106702
"CGca",383,0.0141972899319344,-0.117319645519267,-0.27958340982811,0.289379635241312,-0.0623134859682984,0.274468635695017,-2.11328861479558,0.407394058627141,0.942320389075573,0.243122822824042,0.0701940258671624,0.223235361129058
"CGca",384,-0.949285747782262,0.292834729268053,-0.883469678500067,0.333453303841201,0.13912087113149,0.242749000737956,-0.823097756877194,0.588146863814993,0.236740231706125,0.137264007322484,0.0641060805574438,-0.155369974761074
"CGca",385,-0.594836711745774,0.188280171930804,0.168941773473398,0.509162366582353,-0.187201168171917,0.136284143530736,-1.04363786135096,0.514293504981387,0.560074341077605,0.0176327063624423,0.0278257401808921,0.134121931337997
"CGca",386,-0.514157124546105,0.0362990890500233,-0.297050090811153,0.287627918751167,0.0274381334606236,0.12199538623254,-1.9592942651747,1.68222002295956,-0.204673485980622,0.378828184132631,-0.115307266488798,0.0708772559063053
"CGca",387,-0.470926369235786,0.135929743728366,-0.356765276093967,0.481610611069337,0.106554689241081,0.0216548762092276,-0.70112532636048,0.355634802893839,-0.185043825282494,-0.121390562550941,-0.00633217829191072,0.35576700938409
"CGca",388,-0.364938408994358,0.0304177286540887,0.0585013534280551,0.223002060173387,0.273123044013641,-0.126345230151819,-0.838166006806998,1.08891211042729,0.276263772636124,-0.0965847872396375,0.068152889437465,0.104648038017922
"CGca",389,-0.647472471068151,0.214581299046366,-0.0730856853079169,0.284601134296152,0.0214327415109056,0.0764388207917258,-0.921464019089649,0.511106193883433,-0.0619230102566647,-0.0402236333171417,0.0384020741201296,0.268142249181913
"CGca",390,-0.456597947526873,0.113569396874644,-0.134944953663215,0.267785328812373,0.0769476893073196,0.126037332349274,-1.05721192014122,0.231396072044342,0.695671585845065,0.0570583647146805,0.140333205485366,0.0477034294183525
"CGca",391,-0.534901811622418,-0.0110249210581353,0.108304834931305,-0.00570404356840172,-0.0595242720975497,0.130055295784347,-1.57851300060163,0.431798249125637,0.806677626874309,0.0450253387668905,-0.0528794152375056,0.349076887194193
"CGca",392,-0.518639858172871,0.140271492334077,0.58039165172542,-0.0242524312027771,-0.0242449827701287,-0.0407169915355223,-1.31646296097446,0.617500378795444,0.369885195439831,0.119426509661591,0.147190049966707,0.0489516453479161
"CGca",393,-0.460664846069195,0.0776189658354223,0.178502824330502,1.28130586552279,-0.144626522070907,-0.0333980222685386,-0.856465279884347,0.24681367435433,-0.0764550371477628,0.164914255653419,-0.0455377298850316,0.141267813742068
"CGca",394,-0.508011744554544,0.144299271349227,0.0416499611850715,0.382845341027237,0.269628025524953,-0.2300174118561,-1.23616924467509,0.555179872205362,0.389333557375851,-0.0167432271180434,0.128028640536696,0.200331463078609
"CGca",395,-0.291567517942411,0.0692804299012798,-0.264327999827726,0.123857086630574,0.0720155344094591,0.0817715218795012,-1.53259538630008,0.936489556902109,0.419978526132741,0.00356600022122143,-0.0282556470556921,0.30529267374984
"CGca",396,-0.39847681177636,-0.0382652665099943,0.203119971546385,0.469044800791501,0.0562001272582863,-0.0342868617650287,-1.31790676628946,1.01075106319741,0.263162949650112,0.228225527770497,0.00262622782052896,-0.0301728652256521
"CGca",397,-0.370869301257593,0.0520428549941209,0.655320327019077,0.532144756690602,-0.188725906494034,-0.0704986044184354,-1.67305032601714,0.673834545538336,0.684798602844195,0.0559410427197157,0.423833472297659,-0.17395771667921
"CGca",398,-0.104040579080578,-0.00725529063194474,-0.323067029158437,0.751477683010421,-0.0162375312048574,-0.0854656046462181,-1.10540371380896,1.33939535909089,0.0966213481126227,-0.318093284991846,-0.209664977978865,0.653413983842707
"CGca",399,-0.0406029185079308,-0.240963485427433,-0.348807733094667,0.421059039866007,-0.031522582798825,0.112329895943824,-0.644720597957893,0.672406150734002,-0.382117232167024,-0.00646355371623443,-0.106061591879569,0.26647819091198
"CGca",400,-0.166251895680919,-0.0156919691699538,0.101856372100301,0.437502947137663,0.0744949894570396,-0.197315427999494,-1.41111258456329,1.00835143889356,0.772659327350551,0.209517640871388,0.203939857778072,-0.143438690551181
"CGca",401,-0.807769850375263,0.0638309321987334,-0.548930226025489,0.382041006641079,0.0594580030126799,0.0846199498759389,-1.98585801850498,1.61472199468704,0.127076308255402,-0.246737107609301,0.230720846435748,0.456589626486103
"CGca",402,0.0986637505632496,-0.136774027237951,-0.107015602559252,0.526127488908305,0.302601663151567,-0.173943369582615,-1.04679773133391,0.806873443069681,0.263712545599938,0.0556732607758628,-0.113280259184982,0.203885873655315
"CGca",403,-0.895668803165819,0.257177205453186,-0.364742388502189,0.393043538540964,0.0602606759433138,0.114357026836803,-1.27970331212178,0.657530819095494,0.892709273626965,-0.114199289149957,0.0117111569358567,0.350395304851224
"CGca",404,-0.405335608438894,0.146852574919244,-0.345698716592823,0.74152496273802,-0.151012080043645,0.260392841674893,-1.23819656905309,0.874232455369774,-0.247291898712895,-0.165980764125182,0.0680179311164605,0.456739683951235
"CGca",405,-0.116807888593971,-0.142901177342911,-0.0127070614650741,0.407746202650831,0.24309804204324,-0.145171155050676,-1.22573029389931,0.981870404754639,0.429577477120554,0.171425920168741,-0.285551113120738,0.28460061495905
"CGca",406,-1.05010739176662,0.307686583114141,0.331234676233045,0.00685665848349122,0.164311309358399,-0.0715348074898634,-1.59333464809104,0.923348445082787,-0.0269061111237859,0.199577960371831,0.0586946353499311,0.0913953173133108
"CGca",407,-0.435525979706818,0.125242789119684,-0.00124180007780264,0.381478743001469,0.20559028836099,-0.124331015407182,-1.22806238702757,0.291305679544979,0.669857253650108,0.192250685289356,-0.0695765888366123,0.149803427683898
"CGca",408,-0.177324860044281,-0.0208692604346082,-0.242175876663948,0.496924850100084,-0.0918048826099746,0.190973501011034,-1.59814167769875,0.757522783976271,0.610051902013369,-0.19519860571729,0.164038126944903,0.418480322622489
"CGca",409,-0.161544738010539,0.0593420197118155,-0.28267158708188,0.235496893877443,-0.0966086227644827,0.174506480563584,-1.06692412661846,0.764504340254678,0.138449362766415,0.0471537429086997,0.0589334770784512,0.0662995551275866
"CGca",410,-0.721690615776537,0.244633433014024,0.0709491256774558,-0.00965494064075078,0.16056197546115,0.0634850738929017,-1.89770731654977,0.558862268124109,0.373109416250516,0.162594241548122,-0.168501297621463,0.404923090216302
"CGca",411,-0.812605055640317,0.283547621631137,-0.129356582091683,0.376648655542785,0.0713142002980096,0.0311015744686318,-1.17375199128784,0.505818959168239,0.550487958971325,0.0930115415382923,-0.0949053298846916,0.137627705298049
"CGca",412,-0.300303412303004,-0.0346234370658535,-0.39566611712689,0.331105404660539,-0.0636217696661078,0.241130384285812,-1.38018341141648,0.811430449158328,0.256024631114304,0.135460371349654,-0.157756447466876,0.308960241515619
"CGca",413,-0.513144194679097,0.101400366145634,-0.319048020770107,0.50810875598463,0.128011805405603,0.0319836676543476,-1.85547823031393,1.08201797208603,0.476790932833138,0.145892374507343,0.0694985759631411,0.0982488739449492
"CGca",414,-0.699336013768195,0.138779577903732,-0.00514019417970533,0.458748991813951,0.227065038120744,-0.13349012753719,-0.884537921859284,1.1630650717355,0.297308013660328,0.108578185796499,0.0772403568517754,-0.102912907578464
"CGca",415,-0.80951397491781,0.247006589692228,-0.142901845442126,0.199123886256094,0.152237672039435,-0.0616166420108807,-0.598464644480684,0.729886164872128,0.135807941988247,0.0846634281360692,-0.00807019302976504,-0.0189344764623708
"CGca",416,-0.488790274472913,0.126347011022284,0.0350083974307,0.489693515342161,-0.184768213810534,0.206414880528218,-1.4620606089099,0.619169268405224,0.343046426845544,0.278421830631315,0.240478706132102,-0.160592220291364
"CGca",417,-0.566601187779411,0.174305157656832,-0.258806778438386,0.678853191852589,-0.134069604764851,0.200028252060642,-0.892289589363282,0.803962369875822,0.348776315009964,0.0673278669741263,0.205592511881208,-0.116881079745705
"CGca",418,-0.131326588696858,-0.0768639857452293,-0.270605285964988,-0.0310678330673267,-0.0426480563147018,0.234625023479948,-1.1941436710751,0.393196929542274,-0.16794272738214,0.146633887705711,0.0587429622956552,0.197603253956937
"CGca",419,-0.56795202799304,0.200403094389215,-0.388746788611699,0.317521264075714,0.168570618166039,-0.0124256611203063,-1.26855671947831,0.962542610782123,0.365576247477148,0.21643697991541,0.0274810264233388,-0.0497380092954469
"CGca",420,-0.347151002904698,0.0127175952314295,-0.552308023076015,0.607370657672426,0.340085935533299,-0.0339052192896872,-0.874753231271988,0.0495292993930681,0.565610971595174,0.0696241383398662,-0.0487526352111298,0.214714833574873
"CGca",421,-1.02208856911742,0.349078190912692,-0.00758078803239459,-0.24444675179254,-0.125558263340963,0.191722742581985,-1.12082067236075,0.828891211150026,0.316315718017003,0.164214011300192,-0.0326478974231001,0.134602034179628
"CGca",422,-0.454157208664827,0.081407945775286,-0.599037310339872,0.589122221591398,-0.0658415151703459,0.237410442564576,-1.04639616426208,1.26774489293818,0.249623932531507,0.20085746259702,0.0326111722098539,-0.0246767003129406
"CGca",423,-0.453645783401329,0.0774359987164437,-0.787102209127615,0.336404876768407,0.0148428152007987,0.326174016577164,-0.766669162551584,0.318042733715914,0.170117540027119,0.0822996762287113,0.0537180094872177,0.0749057062582075
"CGca",424,-0.431891390717537,0.0136395541627841,-1.15970431868889,0.177180395127366,-0.0254833784134539,0.521175584307041,-1.09332925939975,0.539747820657799,0.695792939096857,0.0900239623325546,-0.255881596174483,0.335140376096045
"CGca",425,0.12055444379891,0.00759831099964325,0.0384118876481219,-0.544224941916587,0.0786475241896925,0.0886977430029328,-1.99889460113839,1.11467526355936,0.796105353600205,0.0476593467190221,0.280318936494404,-0.0697355504527996
"CGca",426,-0.386809087026632,0.0590516015159588,0.0212191182629962,-0.057860620790994,-0.0263447548818153,0.063990180695542,-1.6203642859859,0.9638260062827,0.799447362867978,0.0503112092070737,0.0436853453858637,0.234383646374854
"CGca",427,-0.060948570514488,-0.17465546533208,-0.467576091379982,0.509319868114366,0.00862988516959269,0.145839376300971,-1.0542301403814,0.963338843389769,0.0111660931917597,-0.0365825586781985,0.0407176232629612,0.216039298323773
"CGca",428,-0.527376548255853,-0.0151703566187566,0.190224315787076,0.0600956628847763,-0.180665155296664,0.084458209316162,-1.4591683496645,1.41111501135652,0.204602843082237,0.0336234145618288,0.147139116031858,0.0805601683667446
"CGca",429,-0.676444041033459,0.109441248529959,-0.508891998269098,1.03070354815026,0.0696644409199418,0.0919124738294664,-1.10509770260021,0.930598004948358,0.656226954085812,-0.0415522046318868,0.00350827037711636,0.16721020594947
"CGca",430,-0.789518388376611,0.187252845391476,0.399836038712145,-0.153448008521079,0.0391663092123187,-0.145427784093393,-1.4199447629814,0.728513489724822,0.710818602571362,0.0160546869573655,-0.114993338206816,0.351593441405911
"CGca",431,-0.324387212201336,0.0107240924357499,-0.00723163156469525,0.30665308156506,-0.295595865058882,0.291760912884146,-1.29785835707464,0.495143500096897,0.327243989690588,0.164265929397824,-0.253901297155784,0.38109430341393
"CGca",432,-0.524827881486432,0.112990468748677,-0.373889090052486,0.526845089583207,-0.222678070316092,0.360312411875861,-1.41855459852712,0.659643057471593,0.299312770850115,0.00806979053880468,0.0598556295142028,0.21785958961494
"CGca",433,-0.407375558942372,0.042171733007035,0.166435292069613,-0.116574359667134,-0.120975843016395,0.203652399580464,-0.970474830701067,0.634064265979355,0.313544807634787,0.145239354925813,0.0299492083338871,0.0544009613571842
"CGca",434,-0.0566260379713274,-0.144479204975377,-0.182586655140949,0.161650531396659,0.046948339272511,0.0727264959772183,-0.732805314097054,0.941042715280017,-0.108604907162738,0.0771561901148379,0.00818893280777431,-0.132572914380113
"CGca",435,-0.372000764155278,0.0929714063606921,-0.258819849004051,0.148229742936093,-0.0595671202391822,0.284070257133308,-1.38472930538716,1.03528050337967,0.290537199360686,0.220451415985008,0.0772527084691557,-0.0879378238176758
"CGca",436,-0.842405927816192,0.279198541040416,0.423400556454824,0.692189615555018,0.052951748920768,-0.179064132547199,-0.959444781103703,0.709030655768633,0.016590518570699,0.130127964160364,0.0421456495530593,0.00168790426406811
"CGca",437,-0.265241250931986,-0.0488417175671713,0.0947149560262522,0.374565401427148,-0.132654864045911,0.073801784363259,-1.00956383906356,1.13273790421718,-0.112057592074966,0.101544636273992,-0.267282697508121,0.28032962714298
"CGca",438,0.0290063870154101,-0.0405891304860877,-0.0379415824750817,0.307353921556372,0.0827121360586596,-0.0186429823575485,-1.47486789874934,0.691986481877458,0.512143946844091,0.281913013249474,0.0492363346295369,-0.0809328180261872
"CGca",439,-0.96545013528751,0.244131919576907,-0.0284243297421921,0.0926416823702731,-0.00107428686691181,0.106183965423943,-1.22333463255748,0.680714655615241,0.0370679261441925,0.21078769245137,-0.0546418163169202,0.14458377355646
"CGca",440,-0.932560500863559,0.280186257948967,-0.0264843858022775,0.218644672696724,-0.0478671250985941,0.0933204172000241,-1.76249466367347,0.912827713329199,0.49314106063734,0.2462103728239,0.0321341374987459,0.0282206335439944
"CGca",441,-0.593455223446982,0.125945365050586,-0.0860049426184868,-0.0676652176580106,0.0693377735113102,0.128327209588802,-1.98469557367466,1.24799013805103,0.561644798980779,0.13373081589109,0.0323526819720815,0.220071108821575
"CGca",442,-1.12240605379671,0.340257350252922,-0.375876705177049,0.300914211430892,-0.125677152182292,0.320679758826581,-1.54970442719256,1.0284526233027,0.383830244506739,0.140535903829129,-0.039775904531448,0.133842689666641
"CGca",443,-0.783875458084624,0.230927456709962,-0.506410846665604,0.587258374291816,0.279747044513899,-0.0109208656884227,-1.25661665045808,0.915949721604145,0.333532752752491,0.506137829132498,-0.0397496032290057,-0.260452982787805
"CGca",444,-0.425926696536531,0.0839712180241258,-0.135471949812284,0.145788412345605,0.0150177496257695,0.0977561450569338,-1.71550420669339,1.163357447597,0.183746805044575,0.359055959834937,0.193188851489164,-0.230281489908714
"CGca",445,-0.672312560270746,0.151303184873831,-0.0497048811936697,0.406573948542353,-0.0556467791667252,0.0126082886695379,-1.00472048197192,0.213694959603078,0.0401387102176513,0.119008002372735,0.0810624622839879,0.0793922505184799
"CGca",446,-0.0574223659208334,-0.00113348831982346,-0.381623834170517,0.721632360246973,-0.0184581771978326,0.245768279443688,-2.20377463446333,1.09757233794249,0.764238256085268,0.184853562813137,-0.113540038626444,0.38301811384387
"CGca",447,-0.387326738362299,0.0943490680740837,0.22083144363116,0.341912761608224,-0.0514009527622322,-0.00785934816706327,-1.42012766543853,0.262169201721021,0.166640184828985,0.132045383534977,-0.0532050488395317,0.326900785444881
"CGca",448,-0.640403358324924,0.201734847250545,0.0470831164120227,0.443314326897807,-0.0717735506142229,0.145894948501625,-1.51023096764559,0.740359311960843,0.406837986965317,-0.0132862310103543,0.0262607790570166,0.253096220023354
"CGca",449,-0.223146826530322,-0.0289718839444525,0.120843850099342,0.0236034768953312,0.0149931193455344,-0.0331337878982916,-1.01645518639422,0.744347961664756,0.374271755049533,0.245630861631662,-0.229461433388108,0.1340632931873
"CGca",450,-0.0679576671847639,-0.0633584614301322,0.0879410747032441,0.286369539545131,-0.0589891541192491,0.041847291195521,-0.803450385489485,0.642526568323277,0.176490205136474,-0.0982362652476997,-0.143505132663497,0.345736005410187
"CGca",451,-0.664464838895122,0.0720906410717624,-0.500906120715153,0.311554735791831,-0.160755754150309,0.33002699155277,-1.6496677976523,1.30384303815392,0.358509744461439,-0.203117839585667,0.117001821877071,0.466320458660944
"CGca",452,-0.594733860173471,0.205308246583176,-0.408002976955094,0.277352877640833,-0.220698843737458,0.368291071814366,-1.50851059654214,1.2194970154311,0.332298219236996,0.411125394639953,0.00329629892918076,-0.228762449007709
"CGca",453,-0.966115574177822,0.290592389497287,-0.0139814705383346,0.655931351998029,-0.00895582954998653,-0.0440147314984401,-0.846476219630184,0.339855003421491,-0.0432606268292285,0.116057699819374,0.0661998690219889,0.177220794520705
"CGca",454,-0.559997681415369,0.0401782016513099,-0.0627277036073691,0.57414100177973,0.299319729827881,-0.269151443552978,-1.82375652745408,1.14903782083051,0.332957830580971,0.378244862844184,0.050050450252312,-0.132869188682162
"CGca",455,-0.101273013463405,-0.0260491958831022,0.103392341909913,0.0958614366425878,-0.0555114294585436,0.099260231831162,-1.9970449507622,1.05781545541221,0.881084118704947,-0.154047682748302,0.167659308269896,0.38457030976581
"CGca",456,-0.760740256861699,0.256311235185988,-0.325943797582319,0.213215005255496,0.037979303867114,0.140948100096592,-1.29453788884614,1.32710494773495,0.61172062361513,-0.0891635196697536,-0.00556196381110828,0.222820241890145
"CGca",457,-0.379715707268969,0.162499113379709,-0.019789502967948,-0.0171959724384279,0.0171707368316607,0.139427076545129,-0.82578681094378,0.658975158303132,-0.102096892845869,0.00388432623880519,-0.0306903149327932,0.259921379316533
"CGca",458,-0.795114321648944,0.189472621408349,-0.191966056376155,0.37422472011097,0.00644001200937553,0.106084466014406,-1.87720382612306,1.26947203150091,0.0829272802605044,-0.000708451929704375,-0.106087495699714,0.508410925333025
"CGca",459,-0.675306693769022,0.172964871687986,-0.241976171298746,0.331730930065011,0.135038317819978,-0.0181143059157001,-1.40156867849337,0.316366975867066,0.311791221393967,0.177173774222319,-0.017190023058245,0.22785477178582
"CGca",460,-0.8043541239012,0.245009694239235,-0.205376168231919,-0.260350941508911,0.36195350386528,0.0170724149100952,-1.14425276350115,0.749038981261998,0.507936096308459,0.00180494098084908,-0.273928476389202,0.427955412116277
"CGca",461,-0.369880334216144,0.0684355748798941,0.623375656613606,0.770544741472257,0.131017490188425,-0.214785321697202,-0.637435003533499,0.489340247466144,0.690140844100356,0.0878660055877081,0.156107485632197,-0.0790627094574074
"CGca",462,-0.229680261055528,0.0721462802000198,-0.253990991952837,0.228338818250678,0.00124513953042852,0.123979878573519,-1.24459773879361,0.283535910277121,0.236533555482684,0.324089488301692,0.0226143436632583,0.0575515059872846
"CGca",463,-0.231365490150441,0.0929942309193155,0.0215366051704901,0.318127000974692,-0.182053090248983,0.221824775733179,-1.22454387485185,1.03770656113143,0.450048757595218,0.0628850787461789,0.109454814791686,-0.172616891297056
"CGca",464,-0.282345906300717,-0.0311250139143125,0.305040859968139,0.272727830200873,-0.135918094481647,0.109391658513026,-1.35878343611526,0.864883958074784,0.321585881637593,0.133297988564778,0.0352045059229498,0.0430266881479327
"CGca",465,-0.570635616427587,0.215385021800832,-0.471907614304023,0.104463579342179,0.0311609344438767,0.174110768985499,-1.38650189113953,0.903037397636598,0.267232971324307,0.0815388962448568,-0.181704796896133,0.298235642673261
"CGca",466,-0.0450176748109648,-0.166875134690497,-0.0889965782983631,0.831867058203734,0.097313401404355,-0.0530277332240205,-2.14556903662683,0.584878590079924,0.795560135947057,0.0873692111438029,-0.0446318652330049,0.455467642979767
"CGca",467,-0.623355207469214,0.106073163673625,0.23181604708429,0.639601313728301,-0.0288726231051738,-0.0611534814630172,-1.02541265008548,-0.0687260394882641,0.834430763605444,-0.13612131535391,0.178964855620219,0.282014196509609
"CGca",468,-0.785521511015729,0.235393231136142,-0.0631298175223274,0.663988872736108,-0.181288182242504,0.0995875476964258,-1.14414726039829,0.405366924383408,0.691372405634987,0.0425451663592605,0.146121656756799,-0.0192009318172451
"CGca",469,-0.238820806901115,-0.146323532296007,-0.380484270562725,0.614795281201964,0.188948214119277,0.0474683949126442,-1.72694830584707,0.955824475462221,0.595124719172222,-0.0285326045124773,0.00716083186268695,0.388643083539661
"CGca",470,-0.26147969686805,2.01045614197521e-16,0.485149868884634,0.0240438965152886,0.132267771360514,-0.15621759464118,-0.677961385858404,0.533603141984442,0.605238088737073,0.0542864427006867,-0.00587479279626847,0.0115970448077807
"CGca",471,-0.357879077692985,0.0661355901393084,-0.540746295207358,0.164425899039441,0.388059393254044,-0.00934538312313263,-1.85356582675122,1.10942933722178,1.19099346553519,-0.12325955561406,-0.015152179275548,0.382626508526707
"CGca",472,-0.341940693955333,0.039075655617523,0.315901127098889,-0.275844863003349,-0.0434357754810829,0.0928883699040752,-1.50105460756066,0.469737202081149,0.586716887365231,0.141061900109669,0.0485055352542832,0.120117252272847
"CGca",473,-0.441443729555455,0.15484959591443,-0.55692039703298,0.607972659084654,-0.0798781917295536,0.278811482664644,-0.544778667062377,0.667247752452703,0.610837262282515,0.230900818177585,0.102753892868431,-0.346841659174562
"CGca",474,-0.0831879128202175,-0.0782717156916981,-1.08773473260903,0.770465616699753,0.383070688136699,0.0820428074625184,-1.45169062421499,1.01345621949142,0.172334447631421,0.13709360198881,-0.106626846978682,0.212923316388246
"CGca",475,-0.370404629073248,-0.151887547723781,-0.614890889634562,0.0183547254404208,-0.252682319690182,0.479035788599321,-1.19256493695393,0.562450837669056,-0.307276511718625,0.216861670944525,-0.0544780712836119,0.138375677391112
"CGca",476,-0.734958251740209,0.118362865725104,-0.453345665006315,0.158702252490424,0.0481113336018457,0.230910653389498,-1.24602724626582,0.813790474182046,0.433122777834571,-0.0683682146072134,-0.104137836628771,0.426177565941943
"CGca",477,-0.480758592848935,0.145047956327625,-0.113000163124122,0.549914493497956,0.0597268945730719,-0.0337061165297101,-1.28569893900889,0.703052891581121,0.28755205372642,0.0177258630307559,-0.0875034084989657,0.307713110936038
"CGca",478,-0.172202249879151,-0.0533183437914628,-0.299236506743858,-0.095308551955043,0.0847856099376677,0.200285889705522,-1.87796981294643,1.19900102010184,0.704617451159986,0.00184951456556624,-0.0639744145657979,0.293297656198659
"CGca",479,-0.564764364357034,0.153814456986542,-0.569139449132082,0.428070762293674,-0.043822054391203,0.321692442603893,-1.7600156799755,0.968530230704947,0.208444132698878,0.500549790407875,-0.185565211954477,-0.0349694278646677
"CGca",480,-0.276513717951648,0.0608685603993582,0.157941785817534,0.152122302410029,-0.189813859810929,0.199071619530428,-0.769418194878498,0.849446486303471,-0.283663235087544,0.213562762335585,0.0196865454032236,-0.103278399281454
"CGca",481,-0.255875385010526,0.0259461659927073,-0.707084141006191,0.649618799212212,0.0604035351175765,0.132711361602228,-1.36287102500121,0.980155171807664,-0.024038159808784,0.258465081954576,0.00710541133169018,0.00877416774879086
"CGca",482,-0.37344618210778,0.124569554451033,0.0582971818117777,0.0924017427857554,0.183829627675938,-0.192950536598482,-1.48309053580052,0.964288624548359,-0.278440379820289,-0.0811094460320101,0.305810595422792,0.181168277448201
"CGca",483,-0.312205949547764,0.0598617233197515,-0.443496651700564,0.873045064519769,-0.147649448220994,0.271943395966711,-1.44416105648278,1.36254256843181,0.690630660836137,-0.198593582187432,-0.0557358077509714,0.414316428024784
"CGca",484,-0.837278698299111,0.304511815951096,-0.227652843244977,0.881381956775729,0.0344498018505362,0.0264199313480367,-1.29737858624239,0.580900462550603,0.168634554048155,0.112530785701236,-0.0864512215457738,0.228068771464774
"CGca",485,-0.0282446256640386,0.0350471707073127,-0.530520849855671,0.476829096622217,0.056409906654625,0.117399374964475,-1.83394386067102,0.717566521202687,-0.142664452444712,0.290482139331914,0.090758120311765,0.167037906648068
"CGca",486,-0.763288918632382,0.1989179478787,0.0216755102226743,0.131499846084324,0.180661618307094,-0.029985521894564,-1.67532721695432,0.939242443194406,0.134998817079112,-0.157979571216853,-0.0242773916381526,0.547960272002469
"CGca",487,-0.0305086878399003,-0.0230504478083401,-0.536675651590634,0.764192998059651,-0.0667552201431032,0.147493521371931,-0.926510999111162,0.856514055462313,0.64824573050813,-0.048830348460074,-0.16981163658498,0.296932149573688
"CGca",488,-0.457092579847954,0.0767938918658816,0.566134489354683,-0.322421936928985,0.145392123219236,-0.0610655953420115,-2.02205571063565,0.978971759184026,0.76047981139258,0.433504759723386,-0.0440312033838382,-0.0524751608033207
"CGca",489,0.0335090753753097,-0.0514538561171012,-0.201232214942792,0.459333860048667,0.000517788801656158,0.150834992536347,-1.1106929858291,0.686234465268209,0.0976883553538133,0.145862536107587,0.0760056251289804,0.0191194271199712
"CGca",490,-0.40449522733954,-0.0350477828658939,0.128076148752551,0.362333454205139,0.189370824352886,-0.112325955473289,-1.82326936280363,1.20025467641825,0.279375697322862,-0.0391734389820706,0.127433904912993,0.154350409893106
"CGca",491,-0.543171020532887,0.0851338343148679,-0.232386484000348,0.421260116825898,0.10301500578541,0.0354309848634495,-0.913677011596986,0.721259565170738,0.0272132435927242,-0.0712992283107005,0.223243856860529,-0.0165543801085664
"CGca",492,-0.452085903383319,0.136738042358746,0.0233843005545172,0.342049449785086,-0.0639049617056929,-0.0199929487764658,-1.40848440084916,1.00575084927382,0.172050975116583,0.267406004321931,0.12276386582025,-0.0801284903620944
"CGca",493,-0.667788410753354,0.121549099908006,-0.0978426322485551,-0.218018827344685,-0.0518965947770448,0.166792161916781,-1.04300393666905,0.667101953243646,0.174287907719616,-0.157991287604879,-0.0646267431057457,0.433423048457444
"CGca",494,-0.127114139028428,-0.141797589744436,-0.186592437596218,0.959769082016911,0.485636765424223,-0.281368967533863,-1.1921143108985,0.964704096924139,-0.126909367774121,-0.110790837246823,0.238978962727805,0.229206540435015
"CGca",495,-0.430189981264787,0.0447524711482624,0.727745819061321,0.173020180072137,0.0931444061823929,-0.09475407549432,-0.845747305554773,0.735960236696161,0.202820013459813,-0.0457023175715834,-0.0578762639425342,0.185977551525467
"CGca",496,-0.0930262971180877,-0.0320970357684681,0.250101282196054,0.479537652443596,-0.0496833347713543,-0.0983516251173897,-1.41500223107624,1.01235503035901,0.271406737541119,0.142934481537734,-0.124999569190159,0.269159407960759
"CGca",497,-0.30869106672335,0.0767462520315261,-0.7443465706819,0.45842548576763,0.0894450339623723,0.184819595272216,-1.36831203426977,0.859607660320176,0.000340640058397592,0.426238869907052,-0.189991234557995,0.0132951206222675
"CGca",498,-0.850781159952801,0.203566585516916,-0.258151527565235,0.10254733219914,-0.0280230190701221,0.168280620252612,-1.46352392619505,0.716132877674823,-0.166685678901203,0.0378623466060274,0.0518193531408273,0.275736985913082
"CGca",499,-0.120081106074149,0.0433224809784186,0.258540131327211,0.262917787323265,0.197332815618938,-0.17815789799286,-1.14404367849721,0.0387029153119965,0.504007827442247,0.0238517436964936,0.135426315143873,0.137949547122395
"CGca",500,-0.980208857647681,0.213512132547742,0.105193919488698,0.659666692586462,-0.102377268449519,0.0184666772522408,-1.35942400319791,1.02235995848039,0.155257686621253,0.0126753273857594,0.295408928783228,0.0511426146190443
"CGcb",1,-0.417588456202253,0.270598209730505,0.0672857014460314,0.980641094247673,-0.396121747964541,0.368420758654554,-1.0495343188245,0.513514048294385,0.163995489138475,0.226524510499728,0.0422331673676343,0.589340811585124
"CGcb",2,-0.522958254193451,-0.028157893624778,0.0798504233978842,-0.0358323006243635,-0.389857800965694,0.329200606486849,-1.0588319933366,0.442453512437107,0.161427865950905,0.327550910034882,0.329700269831175,0.427085339409032
"CGcb",3,-0.497263412403636,-0.0383879827448764,-0.257167654682672,0.404377029329116,-0.119670620573188,0.468136786061716,-1.50636621040698,0.399183309625856,0.794583400142461,0.876788758333513,-0.175140210651956,0.586722893722786
"CGcb",4,-0.531219178411722,-0.00307096715713751,0.0698933044136322,0.513990574030021,0.540718739364031,-0.355574674654721,-1.4179145087898,1.01645430290505,-0.180668583322482,0.423123969613661,0.774062131747439,0.344623495464881
"CGcb",5,-0.486250225745621,0.364514410513656,-0.156873013051101,0.267770565694165,0.246874003896867,0.0717422702493476,-0.678117151330737,0.535025387042993,0.0893393885057788,1.33641815630493,0.239635874400685,-0.516352686725176
"CGcb",6,-0.264461847533517,0.173915489625171,0.0700049125824675,0.795177432515254,0.418430884039721,-0.221455947858416,-1.15292063084898,0.824740268023213,0.45073271265257,1.09776713444213,-0.550640827965121,0.493595898806682
"CGcb",7,-0.475694577924759,0.179711247078787,-0.0640750321390856,0.0932690225648237,0.754119728819935,-0.20736215933976,-1.32053010623666,0.823818862132366,1.13413556990477,0.69321123906872,0.528110753683367,-0.247100279076073
"CGcb",8,-0.207050201063887,0.0563916538412279,-0.205466711825685,0.371763103502724,0.111265542439444,0.193606584106149,-0.835180044632155,0.792295530111772,-0.190623686534603,0.49034106668979,0.234932386329084,0.0750431941113302
"CGcb",9,-0.321406947881237,0.275548250855246,-0.225427963638526,0.272493772499022,0.181910689499967,0.162840080636309,-0.90997063932139,0.261826298664016,0.0491327479983763,0.745854564270833,0.522537649678243,0.0518611978409842
"CGcb",10,-0.137483453963619,0.124857808471977,-0.0463325215397746,0.158777671721076,0.141267681718595,-0.110151296508622,-1.26028053565928,0.630632581444663,0.482573553384599,0.52321675479477,0.452727169977121,0.437830483093763
"CGcb",11,-0.493000448189536,0.0101415321442642,0.208684177761384,-0.130490643182482,-0.22258882210806,0.325811012509322,-1.52272442032985,0.945183084649837,0.435414455383572,0.582507651195153,0.335475642516998,0.358160284949504
"CGcb",12,-0.395376697746526,0.571275626845046,0.33706509917364,0.311721544736349,-0.0735835174880495,0.0446875450825471,-1.2292892337225,1.05741158381348,-0.452793421882243,0.792225155584504,0.810687184087237,0.0522029667638459
"CGcb",13,-0.250601125646165,-0.22393071044291,-0.0605386999766835,0.00113336789312423,-0.174127241505487,0.279338979882675,-1.67610981376105,1.44645379357937,0.280207014909609,0.597416862464998,-0.212600081875223,0.565789298740795
"CGcb",14,-0.368809640240416,0.332975524585315,0.31439782540849,0.556325302718682,0.130924151077921,-0.343153737874065,-0.65620476936147,0.801799397096993,-0.311561090831001,0.279443042685845,-0.0501796359424444,0.311017974168465
"CGcb",15,-0.404220281438267,0.208833142041547,-0.202412347179245,0.877114998783169,0.372297856211365,0.0673786605354048,-0.964122863599111,0.551453964709107,0.486319858230375,0.304936013330705,0.00969715782566043,0.595327355476098
"CGcb",16,-0.276536836029378,0.138335460843608,0.362520542175436,0.375739605355775,-0.563018172840678,0.465713593626157,-0.599024176619895,0.20002057051649,0.0432365817224236,0.780197258142126,0.679822983745496,-0.266490879077872
"CGcb",17,-0.278847700960317,0.355700344018548,0.0577127342479939,0.361784675651145,0.328644055350473,-0.413953252429443,-1.19620239136656,0.551915672845393,0.246727215177817,0.619161978966014,0.0334128784421919,0.270772049934815
"CGcb",18,0.0415754011974721,-0.720290444118692,0.0372023822791934,0.559792573299685,-0.258474251981979,0.344883689528035,-0.825515386213996,0.76949269454901,0.303788453357256,0.492627854784431,0.0583415857775997,0.487993543212385
"CGcb",19,-0.0607660232868221,-0.186535277688276,-0.216489234082315,0.358408238511325,-0.103261849466894,0.285207736012847,-0.737875354666041,0.897638569479765,0.481923737919253,0.119126588966862,0.333876540569716,0.0170477665399243
"CGcb",20,-0.184646542130092,-0.128370796509278,0.0656331085033321,0.477108733817232,-0.511240758455925,0.382775585699993,-0.983254614600749,0.811546839974548,0.467939000202654,0.177237799106025,0.53166568903133,-0.162505242035938
"CGcb",21,-0.249552914681206,-0.175359095763689,-0.203595881987448,0.575694444416918,0.11615941443031,-0.0566381611622383,-1.13550701908899,0.887087575305767,0.168841748010069,0.557218476660348,-0.0104708630368242,0.357874350056441
"CGcb",22,-0.225931470265579,0.14844059903888,-0.00477772866792977,0.824922914937543,0.0256813731114988,-0.00990275539594526,-0.993435429740906,0.840970947965657,0.0421647390286172,1.23225380031593,0.0172449972182178,-0.130942697284283
"CGcb",23,-0.0292076171911424,-0.203754769349974,0.0753019211489829,0.589109830160917,-0.231950771602538,0.256989714586265,-1.23529914225579,1.31138769914186,-0.211089407386274,0.245262596642168,0.49487100338893,0.379214552670305
"CGcb",24,-0.473479257971465,0.286404790483272,-0.158509484189842,0.186312404368707,0.15058697207568,0.277849070949756,-1.17802706175489,0.44989343198102,-0.0373484819888318,0.730878024999751,1.27832890950488,-0.0629921437627519
"CGcb",25,-0.474225185537313,0.517674735236258,-0.074112607726357,0.630350589024306,-0.0484240767371254,0.0825235846889113,-1.43768429361985,0.616284287736901,0.528654787864268,0.398485637938191,-0.011910516872691,0.698473640119639
"CGcb",26,-0.540553741286356,0.334894641129059,-0.495342985221668,0.0742226386058105,0.612649387745698,0.173377919670726,-1.61077090584174,1.30828343103609,-0.291146908556215,1.00225115845165,0.0113177361121818,0.329227606456885
"CGcb",27,-0.23488520992477,0.0946754139561501,0.379799736721189,0.00529958454365673,-0.121646174769233,0.0450479712873255,-1.33751836826924,1.25385628422834,0.352678233207235,0.398295383410894,0.101573254272139,0.587508809832032
"CGcb",28,-0.217720190646327,-0.0528585078822838,-0.0221229809566949,0.368708217852626,0.0463925801621847,0.00212013684385435,-0.831776545371306,0.0376156796710309,0.661233267298872,0.5361128510467,0.204245989299443,0.253337171005113
"CGcb",29,-0.13924516327256,-0.298224222347775,-0.122547871698934,0.589013032229203,0.327982501188494,-0.216372129051658,-1.14467449860173,0.912639678367973,0.0852165350296174,0.0985760674876662,0.473112433858299,0.431861763568825
"CGcb",30,-0.444641361339349,-0.00797992042205791,0.526722690770895,0.131285863345026,0.332290462813307,-0.324389151374297,-1.08069454125944,0.446452099927931,0.0285427727341667,0.637412443067285,-0.327729471972313,0.681930551007583
"CGcb",31,-0.195836475486499,-0.111327312190169,-0.0906811436274945,0.376938425114218,0.582809032434998,-0.41046045900157,-1.2478498081937,1.03012665471695,-0.175719968551484,0.652896184458231,0.851304405078552,-0.225778103497449
"CGcb",32,-0.212480183089943,-0.117759891570586,-0.304188109995223,0.649587155573802,-0.336623786836914,0.318338809679816,-1.63408749851059,1.06520171224975,0.335964760375474,1.48172630114144,0.414404994635497,-0.307673164733757
"CGcb",33,-0.576724816655522,0.179545066283384,-0.194234021093227,0.340698422803963,0.411752598120504,0.0796984900497014,-1.20465075971824,1.36219787136202,0.305572206652832,0.734549996496586,0.336541718359577,-0.0784761125622768
"CGcb",34,-0.177230229107812,-0.194623248850637,-0.0707970760626483,0.583825474282408,0.689942012900157,-0.235217468167977,-1.32770539890129,0.822381991522649,0.247222383201628,0.62811795708091,-0.242190753320781,0.635598902416049
"CGcb",35,-0.451985123743054,0.451985123743055,-0.0727106938754937,0.181879215183781,-0.154428094408143,0.513703709983279,-1.06181749495599,1.08648577194559,0.103036105631866,0.742203088475188,0.335814010188,-0.21263915062243
"CGcb",36,-0.438023253768402,0.273319763632291,-0.079528203211829,0.419330718338133,-0.467614669613167,0.468505358253919,-1.23374765432857,0.550719822039638,0.180979977877679,0.574177944475411,0.176150720990667,0.474881431733762
"CGcb",37,-0.466369591542051,-0.258217517341308,0.0600146096879023,0.157809448835693,0.240803383202299,0.120772782975982,-1.59523263356172,1.14350182585942,-0.0131067371663315,1.08787576692851,0.499669394501808,0.128815405762305
"CGcb",38,-0.292685922058503,0.0277358192771565,0.0267003026314741,0.0681571790679929,0.0871018647864753,0.280191504653653,-1.53580547720184,1.10111890420376,0.216144495929041,1.11891482035942,0.682807670826165,-0.0481619847192608
"CGcb",39,-0.236870014784511,0.265008872658879,0.0161022251993669,0.654132505639162,-0.194409757966309,0.173918063289507,-0.661945245632118,0.287166016776993,0.165219449913962,1.05007842764868,0.0197186513309146,0.138342574834932
"CGcb",40,-0.47270588629647,-0.398127142748593,-0.139482440276675,0.0678304002606711,0.0953484402312395,0.342038601975122,-1.1413761645016,0.448692461060926,0.810258384278525,0.464827576793949,-0.194402927627355,0.699104452726687
"CGcb",41,-0.607421375442248,0.338449172985325,-0.177519041732133,0.0997154557609556,0.468965121054647,0.234410857421877,-1.37833044387588,0.571613104630691,0.248395166542968,0.959868114949933,0.235704595325439,0.209305193848371
"CGcb",42,-0.141194699301648,-0.338724858758635,-0.0887416069622184,0.622111377038352,0.569370980578502,-0.40185198721018,-0.66145749392868,0.703674528369521,0.090817654164911,0.142521727681268,-0.0204069181106237,0.584068732160733
"CGcb",43,-0.240129386924179,-0.76868072038114,0.507968535497728,0.255600257536117,-0.073214391241854,-0.124579363156313,-0.826373122618486,0.222554449065068,0.499842282555424,0.563442993343682,0.689976750550343,0.287438491091647
"CGcb",44,-0.496937329233344,0.461288934805291,-0.403668915321049,0.638905669134538,-0.269965471681483,0.384842600453292,-0.909774352806883,0.878354834626976,0.0316090075886255,0.698859021366796,-0.230654023448622,0.480965246800074
"CGcb",45,-0.403281046622138,-0.122786940997235,-0.157421633428088,-0.0630711233872503,-0.28343917484148,0.643383925011094,-1.23650352636745,1.37794869034134,0.0854910680343994,0.170450859831375,-0.00602173263769248,0.763120147593431
"CGcb",46,0.0261231566610434,-0.25930735826383,0.134020255591797,0.106812451035245,-0.0979413263051689,0.344142740409305,-0.668477123647766,0.612378565510782,0.343518347653751,0.777991528934275,-0.0576403450562778,-0.0067505979198569
"CGcb",47,-0.16947056203223,-0.0754531920313836,0.00619781765681979,0.327300140063055,0.541893067102078,-0.324182100844373,-1.85417508753773,1.17751680584833,0.0617251953202389,0.455655069615775,1.08879800181196,0.298152572555115
"CGcb",48,-0.670910544720891,0.287400935953905,0.172835386020489,-0.133619238531252,0.0711513895204038,0.0165081057510936,-1.40831282859324,1.31028932608814,-0.2308395057299,-0.249879557737112,0.221967111381151,1.09733696329503
"CGcb",49,-0.365557709640814,-0.258577116807412,-0.0324185924641693,0.724941465355593,-0.227249883033252,0.0228058364134414,-1.39247133382771,1.31828466813616,-0.33103067397955,0.053577634780589,0.889909296896695,0.564599078122902
"CGcb",50,-0.204883655680069,0.0925457958248316,-0.25389413257525,0.52633438509031,0.521386264913807,-0.288048862061735,-1.12730419763091,1.33615903533847,-0.247877415824123,0.64719396347724,-0.0846781629587721,-0.0149413056093098
"CGcb",51,-0.236212694295617,-0.574854504399637,0.122436346944548,0.369998992476196,0.313412051469621,0.0564095197000083,-1.51163667041197,0.545831489035989,0.662646006463356,0.378355007903593,0.334069881913596,0.546068143116949
"CGcb",52,-0.359642806325716,-0.122385110939395,-0.0126431042235794,0.311455002553293,-0.111765263072028,0.460440246335233,-0.99184258839422,0.692659504254182,-0.338076798050811,0.51583066311673,-0.0613843574342705,0.363697147778854
"CGcb",53,0.0919960309173205,-0.207398012699014,0.391781616942872,0.187466666443928,0.144924003324839,-0.187498694615821,-1.26009939097912,0.624458670254535,0.210282923688329,0.235941996365594,0.308336576859507,0.82780460845473
"CGcb",54,-0.521449457910851,0.0842626555601828,0.253069809361084,0.119405550005445,0.162094796198442,0.0788697581516749,-1.52658676444698,0.850846467278271,0.32124474081463,0.74733364878805,0.531675734378921,0.0377762574993156
"CGcb",55,-0.757683773004491,0.266060247208726,0.0562737541898029,0.620210435176104,-0.385629282812876,0.523515081857745,-1.36472403907627,0.953730938463337,0.761166712152288,1.06601121703814,0.265340962152292,-0.0801029104491565
"CGcb",56,-0.351173225503704,0.105443298539116,-0.10466240176248,0.230248623333517,-0.0410532582910793,0.188077466915715,-1.18737215952563,0.772720770016851,0.572604291345416,0.627414448702735,-0.147545680790747,0.506348238801313
"CGcb",57,-0.0781232578678555,0.081090668430716,0.356412047786878,-0.153969285030192,0.135110025488059,-0.0379061470123393,-0.879961405772158,0.814818860056323,-0.0321839374986975,0.199224582099049,0.65031289692644,0.205331107932888
"CGcb",58,-0.380105750853892,0.56329247983794,0.0154046396838814,-0.0647299991729186,0.2709984957435,0.240098408312087,-1.15534424896511,0.648827868990343,0.319143210989839,-0.0835622227170863,0.871262859065064,0.463044529786132
"CGcb",59,-0.148884939581005,-0.0696745351615537,0.235847953640848,-0.0112991391314218,-0.0784359240159824,0.172445261098779,-1.53795292915853,0.653083865176975,0.450426478175282,0.641208988579743,-0.024183506931404,0.777684062906002
"CGcb",60,-0.405883332885359,0.154696704382081,0.256891655878569,0.423577543952007,-0.165394021150279,0.204332492238944,-1.43766380132382,0.902447534820052,0.326794546784779,0.928068201625633,0.0541981330018252,0.0702518782147637
"CGcb",61,-0.68125176261145,0.426272431294553,-0.19330384377438,0.194023758429915,0.00555285113547322,0.316493806305843,-1.47349875179753,1.22626157191986,0.16797808893247,1.19558438220888,0.458247892680197,-0.181143830296044
"CGcb",62,-0.348452000914011,0.255767964837486,0.256268353492741,0.0342631223119646,0.343566091897693,0.101983081604666,-1.67413097761065,1.24475349265112,0.524329765558921,0.78468685703845,0.594284040506038,-0.100763733486526
"CGcb",63,-0.181533884408627,0.00264652569560276,-0.00817979720560706,0.112586641284318,0.130627928717471,0.085222392779223,-1.26868361151305,0.588887387531045,0.135474138641383,0.899961999802734,0.048173433845633,0.497084124055088
"CGcb",64,-0.742687330008809,0.437147149764207,0.0737292683516524,0.452759978373181,-0.102350465431307,-0.300886870127794,-0.896317912447968,0.416104860494578,0.145812861173475,0.643165094834431,0.780785243403407,-0.385732813272309
"CGcb",65,-0.533477310359338,-0.445143666628756,0.388423226032597,-0.247045452011193,0.0319766116840876,0.0503047186097062,-2.50894573609102,1.82552827386491,0.512880878267469,0.258486736996415,0.505149119779328,1.01075685758817
"CGcb",66,-0.495738871413477,0.177277558800806,-0.157632543919464,0.213097476185973,0.0206945229791043,0.618057518790505,-1.33244170477061,0.833552373786944,0.158322995839315,0.534182253144091,0.290187864094149,0.321700015936529
"CGcb",67,-0.408506393794557,0.265387552614687,-0.268323397308614,0.89837246340147,-0.534628148776621,0.403287748402738,-0.950358838789553,0.931737696021107,0.406561659314376,-0.0535474252946341,-0.107831605619159,0.69962131502806
"CGcb",68,-0.463887993231781,0.657946939074968,0.0599742552851735,-0.217033345160594,0.0464958384790863,0.274789749667651,-1.17209914651916,0.790568720352789,-0.120188700717375,1.04716868649866,0.95420873821205,-0.253801242773918
"CGcb",69,-0.244924507203445,-0.150948781502587,-0.332323947061658,0.481229856728102,-0.27832695155145,0.655634340806682,-1.17254336729048,0.681868281854989,0.436341899103866,0.894590528850391,-0.158372291483812,0.235171775367401
"CGcb",70,-0.377504227516691,0.38302263355761,-0.150042837916086,0.225928261940959,-0.0690865613019884,0.398865357165337,-1.20276828698554,0.737519296992721,0.341856261140524,0.622394724080614,0.636035736645591,-0.24840431502389
"CGcb",71,-0.126225089291405,-0.179342345822782,-0.0311449832151432,0.743424757289296,0.52771426004167,-0.24989753787571,-1.4445709601772,0.64196458965009,1.00572092853522,0.484485424478322,0.957691105961766,-0.106349839409773
"CGcb",72,-0.511224666551837,0.109828083941692,0.0186667258190958,0.224502407065891,0.28519712590246,0.060428820100465,-0.976935979620685,-0.0346785839013445,0.311682487698687,0.00336629655834597,0.867095538100737,0.33386088134916
"CGcb",73,-0.422715120608261,-0.061941265485444,-0.144849043521711,0.946945981196172,-0.387120444614136,0.315502924858757,-1.21549216570683,0.525940857043955,0.84000721639111,0.209690615511416,0.354553881930166,0.648812060857378
"CGcb",74,-0.354623325060453,0.347517091061962,-0.178976732225824,0.225263189893098,-0.010548267390611,0.390440067621573,-1.45292236622599,0.355122394619687,0.346779186765465,0.827700445812667,0.138927102237024,0.456021797173317
"CGcb",75,-0.215817272933432,0.375817991873953,-0.458025722206752,0.721927709469287,-0.254326200348052,0.644301956016779,-1.38959024297804,1.13931779405444,0.0440923848042574,0.513554386371978,0.679725362825585,0.265443514739979
"CGcb",76,-0.131980089713272,0.0749422813992044,0.068171192729774,-0.282113219209846,-0.222193645677547,0.830196212287093,-1.26362559034436,0.838153777252038,0.444406050894325,0.509331129873741,0.444910288767983,0.22092915660283
"CGcb",77,-0.239419269017108,-0.00425171250793638,-0.396060082488041,0.452090717052927,0.0892906670928021,0.439387825093038,-1.34067395260825,0.446084525706556,0.847373829386302,0.658920892119172,0.574901964590437,0.038553604719064
"CGcb",78,-0.35339116256012,0.0282595308328478,0.236371538810604,0.21504901529247,0.361293923445161,-0.416608485053272,-1.40494659259261,0.934276774065467,0.0448204307522625,0.406728988604487,0.659333502648189,0.48280289828895
"CGcb",79,-0.340778048736479,-0.321789552779042,0.120563395055515,-0.221323548709022,-0.147105860263721,0.202778278268056,-0.760661520207101,0.42913646479034,0.372642556032123,0.901467880698448,0.0797958931096853,-0.246538631025845
"CGcb",80,-0.337046663349081,0.381526438162577,-0.0315179638646838,1.18575772815699,0.00332961422737163,0.0214463007713538,-1.30340272897967,1.21340310614241,0.113685577634226,0.775628003021653,-0.0271579527323416,0.369271973576639
"CGcb",81,-0.179848215709941,0.203514945751249,-0.0233630017548762,0.124152147430294,0.237694343400395,-0.184261154762736,-1.87563416257794,0.933357092421712,0.395852903561024,0.712268329414676,0.202638038766367,0.700312132572563
"CGcb",82,-0.498238337289688,0.312804452103791,-0.289467365272624,-0.00492273532310596,-0.306886598682942,0.473794636825901,-1.22723090192615,0.754717001951649,0.538625780386505,0.399275214950898,0.153792580444707,0.397436857525641
"CGcb",83,-0.528390398368029,0.111230427645159,-0.1575428811501,0.644693521735404,-0.00846649090773217,-0.00248088025466257,-1.25388653815615,0.756392220573317,-0.0512775338638695,0.755273283814171,0.322893239609781,0.243751370036895
"CGcb",84,-0.566667260417546,0.402596631792396,0.156942952559014,0.695812775567638,-0.366777029264659,0.112708957330549,-0.957122924231654,0.859348459982463,0.148009194265944,0.604238574981692,0.873137673004486,-0.364372026484986
"CGcb",85,-0.27097170862989,0.0246132302930899,-0.00460172965605882,0.328556737093225,0.683756094054989,-0.303509717787257,-1.55853831211384,0.876899347864474,0.950680033269641,0.842847872267893,0.500284104154487,0.132946160264516
"CGcb",86,-0.206867117351598,0.139829851000693,0.0376414696046153,0.197479516096072,0.498041571638443,-0.323686648401946,-1.46363210417871,0.522871356771035,0.533978086490891,0.811898168402777,0.232099732213025,0.458957251401469
"CGcb",87,-0.440945882442774,-0.14183375905206,-0.242788902278669,0.723291766248601,0.417733467295608,-0.0146029419715377,-1.59433705762165,1.07716864420114,0.0364698368798403,1.21253910319286,-0.187477842312471,0.149317395614487
"CGcb",88,-0.281931784553165,-0.0492858543279174,-0.0694260914032721,0.488777596902213,-0.0630004269572612,0.431955134091527,-1.05670283336087,0.215313587277493,0.874376236332334,-0.00986927234969986,0.463262467075908,0.5792387584781
"CGcb",89,-0.249479107981771,-0.0785135426675147,-0.046529833592679,0.471781140625685,0.108495540337408,-0.0802884517079023,-1.70123123270786,1.56111947868665,-0.101921600320904,0.760580936365673,0.0592078841225409,0.474308581823083
"CGcb",90,-0.108283540064723,-0.117797607096526,-0.342235773429427,0.490814530744091,-0.0989049290716517,0.38456751298987,-1.51037223116809,0.75104338298889,0.843104414137827,1.59170861475332,0.301730674103678,-0.0438368857708012
"CGcb",91,-0.322895072730313,-0.0632389876447444,0.0613311072534321,0.447898449353703,-0.101917736599226,0.093371480519086,-1.17987344735392,0.462876612061477,0.329645207115519,0.363353704291073,0.362715928981075,0.368359874658118
"CGcb",92,-0.392808560821982,0.0208146646903409,0.304871095412165,0.465926453343403,0.908387546906141,-0.20040509564086,-1.12272573420294,0.755764631535365,0.415536442218912,0.504291145319811,0.241536835282626,0.451533328651688
"CGcb",93,-0.264999252037274,0.326806929359605,0.0482115336865172,0.55937568175001,0.13135588458899,-0.160292438066867,-1.32283643655662,0.851877833892694,0.0982792567578976,1.22785608657914,-0.475237482890614,0.496009223127694
"CGcb",94,-0.1739286736103,-0.350172021508347,0.309321457700431,-0.0160914986616208,0.479920903320551,-0.0433135035691889,-1.26264960901882,0.905179641974144,0.0941074139477076,0.954342595720311,0.265808827800065,0.0112843428665593
"CGcb",95,-0.553205168925665,0.307518540982895,0.13644385652149,0.429170322088184,0.131749359074212,-0.191939710471276,-1.16921450446499,0.372251820311897,0.520662249045314,0.763642992784862,0.502573023215967,0.73933720266795
"CGcb",96,-0.380339803090677,0.190746893545584,0.108770814482741,-0.0413250307888029,-0.053637944585448,0.304788780374387,-1.25142666588237,1.48540682855189,0.159585442920713,0.390200477190331,-0.187560354569405,0.8748920473987
"CGcb",97,-0.440275428399056,0.040201029134551,0.193059485515988,0.205023205412038,0.604726327005063,-0.382620596238249,-1.69220068108055,0.846117164898161,0.918702409594991,0.471033416101031,-0.519654581812815,0.982807685979634
"CGcb",98,-0.368248878585851,0.343287511360967,0.225278562408672,0.0860498363464091,-0.0972033498517426,0.219528375699992,-1.23651013937578,0.854799382240159,0.102648535548271,1.22066557295493,0.0369738579072404,-0.112378959076556
"CGcb",99,-0.163797618606299,-0.643953050910019,0.0726411502138015,-0.0429270638762038,0.581126345357754,-0.199002931169219,-1.36112622217828,0.625919222790449,0.0201600206248347,0.581685433008125,-0.0763743388885255,0.915193808041808
"CGcb",100,-0.287444098289768,0.151989299326495,-0.158351556561203,0.508270963239578,0.693540665205872,-0.641081903118966,-1.23908608654278,0.567263254308814,0.483054712082064,0.377478402480023,0.535903368587992,0.308387450340533
"CGcb",101,-0.452881205200989,0.111689977943572,0.0205177565435262,0.411559249310469,-0.00189844919464019,-0.0456027300537943,-1.24155394289489,0.422812524097058,0.418637823215289,0.494928520618083,-0.0697899502853509,0.717516619511411
"CGcb",102,-0.0298774180353476,-0.398561582706574,-0.435814116192063,0.756888911338967,0.281485554460457,0.133923554131473,-1.03739901111728,0.633511227229368,0.00395795647924945,0.74323325982901,0.550530526342299,0.00550418721514443
"CGcb",103,-0.549479803884324,0.325073569744713,0.00388237709313345,0.731986935359713,-0.443999420126993,0.448556760325679,-1.18587616655199,1.08861975282136,0.216563456215527,0.554436409678653,0.204349289773423,0.303084648084638
"CGcb",104,-0.289725681859321,0.102738696138382,0.165587113025385,0.0603806374110065,-0.138490605974458,0.274134327848108,-1.18244016607058,0.938345864173356,0.469507925637436,0.524578825872648,0.232767216939684,0.220363852742999
"CGcb",105,-0.402568882575684,-0.0606134755091556,-0.137479036605669,0.336509562425236,-0.408983126103691,0.495852688370434,-1.16077256590145,0.623678613550372,-0.114158732787525,0.282317307228857,0.216791164073225,0.440573047277065
"CGcb",106,-0.307224766826823,0.232407117951027,0.0304979721085025,0.352275713869704,0.207161061455567,0.249271646363827,-1.4409958136699,1.26592738726404,0.0707391249699345,0.919940340300398,0.110792477228247,0.0500774765925083
"CGcb",107,-0.359446971220342,0.192007938295475,0.358885843872007,0.281438175223765,0.264194835582269,-0.0389097110468248,-1.6625025455863,1.09631634018451,0.714513055153942,0.503779323385594,0.186023371531167,0.31548998518401
"CGcb",108,-0.563234522834013,0.289603013881314,-0.0925479620123155,0.554128557211691,0.360662960316784,-0.0634235784628158,-1.34520864403443,1.01427236602066,0.66533197087569,0.912284335587855,0.0313935359535473,-0.376642997789478
"CGcb",109,-0.759215023490727,0.994557770727106,-0.208961686931476,0.813801371191792,0.0755910612135168,0.156009794349656,-1.40160639635952,0.791601637141566,0.945376956781736,1.0432778137127,0.933643373911664,0.198929500108956
"CGcb",110,-0.0176743608553934,-0.102296595449504,0.108558985122768,0.204700546105836,-0.152717305867772,0.216540105779862,-1.27339037849482,0.520811381412108,0.476580348608797,0.944599223188138,0.695414461894477,-0.293313064100563
"CGcb",111,0.0148429373851822,-0.414970877377211,0.145771265998882,0.271534365478164,0.75254786805202,-0.588072181067897,-1.35199634297022,1.21071521926863,0.190448957996455,0.615149680981476,0.183620051223482,0.039619754859601
"CGcb",112,-0.180249052110291,0.139386388281926,-0.20296209657546,0.0785344017956166,-0.161546815473962,0.428840133708396,-1.09237447542347,0.438745641425242,0.363978206232469,0.661446567459945,0.373102611412953,0.325093315723798
"CGcb",113,-0.217581128729615,-0.227822330046467,-0.250402960234885,0.428153301092429,-0.251679026703619,0.470302216566333,-1.19354342510499,0.902040928710474,0.0598555702222892,0.740198246174584,0.746561327726575,0.0614941204005428
"CGcb",114,-0.352537018171234,0.164767002888701,-0.16151005418806,0.376964858505507,-0.0721611311877483,0.42076647076792,-1.47041291048529,1.63000445611026,0.227423833249979,0.762843664505213,-0.344399058792053,0.121586895269149
"CGcb",115,-0.169339462660422,0.0700044844946215,-0.303961035827407,0.410165898570537,0.328348722382911,0.0726615980137109,-0.857682434473441,0.458403738031228,-0.0643804796866244,0.549737476705191,0.226279895365359,0.471584831952322
"CGcb",116,-0.277775430613249,0.0361273568204667,0.161215479065122,0.193759770770609,0.352193414497918,-0.339145257440568,-1.49728766770162,1.02905341377603,0.281405756310864,1.15181627354752,0.296762904168277,-0.359772453022763
"CGcb",117,-0.127718067376463,0.145477833260028,-0.1439496678474,0.794422688306997,0.15324997428924,-0.113222744989591,-1.60908745223858,1.16620737957272,0.137211265263825,0.825638138907537,0.71525248461401,0.0172522753327498
"CGcb",118,-0.274518596658734,-0.549637533784325,0.127957065697605,-0.0475071670539726,0.322895770807262,-0.196301581693485,-1.38985552356902,0.970508163292522,0.504280069005081,1.26759513322607,0.177768444255426,-0.0937007295169963
"CGcb",119,-0.0593142299965864,-0.437708406521218,-0.337000949144454,0.737406495116729,0.250573419192753,0.11846926507678,-1.06974825853449,0.907535198520907,0.0609790042212497,0.495700052404235,0.61927384601123,0.0019864868007154
"CGcb",120,-0.339283166988765,0.0444502440383709,-0.0431800378055291,0.401032892237584,0.119327311026866,0.0639617263749717,-0.962857672339215,0.936706956772714,-0.285049273747387,0.546667746331967,0.0775721947946461,0.101906966578539
"CGcb",121,-0.453201596974794,0.427675457014357,-0.406345024442708,0.871354075637883,-0.137767382617163,0.224356219119664,-0.574285538855395,-0.0493819042779121,0.123195200073752,0.759423069813742,0.348547151146375,0.162339972348064
"CGcb",122,-0.387353449413898,0.116111088663547,0.419333087015832,0.338959421800928,0.501216853150735,-0.246022511085451,-0.919249446891988,0.701159100438026,0.242320760137071,0.385821991401982,-0.00202026142329067,0.224016115296177
"CGcb",123,-0.579769162756039,0.407960144758323,0.442490131581928,-0.161404060022857,0.0458284821788418,0.0535022728849161,-0.598042456367938,0.394458694861454,0.0141017566343449,0.782573828213554,0.0774831091215507,-0.272736648754865
"CGcb",124,-0.0423300487908525,-0.335722664350675,-0.121742389901787,0.166802414879154,0.519188924466732,-0.121639215994104,-1.20771644659176,0.862149261327933,0.418336600432782,0.532999016933403,0.658806595926855,-0.0968243716487839
"CGcb",125,-0.331650860673149,0.0221579946450489,0.17930628858009,0.330112576301612,-0.0990821517555479,0.299707173397771,-0.863193134909471,0.504980548875326,0.014039020977218,0.583193629864316,0.45405741543941,0.307843276182792
"CGcb",126,-0.0101202305531233,0.0213064593937537,0.316753844633143,0.0386686504127301,0.223053582652895,0.0489958740085639,-0.980297848626696,0.233367084277525,0.344882486190096,0.48411912622685,0.0343162112408532,0.631366275267027
"CGcb",127,-0.276116385906634,0.0405604220134173,-0.135135447883258,0.187749666459439,-0.575386888862981,1.01824696374087,-1.07032430645547,0.683701451503947,0.133219997754757,0.736063318252415,0.303107327912862,-0.0908673404890171
"CGcb",128,-0.512037356020734,-0.0557318290469547,0.231759058534901,0.235222182038038,0.140399932793792,-0.237744468341222,-1.20343507560913,1.13524771821852,0.25592603080644,0.695619074574152,-0.109838640925991,0.308598360178066
"CGcb",129,-0.524377687939357,0.0862500897627914,-0.204950785672047,0.633784986001201,0.0231724224024757,0.262737970100562,-1.15910608247403,0.687795744043221,0.342758346657027,0.664220636021559,0.486893441591448,0.193140007290101
"CGcb",130,-0.390872389130097,0.294263328704674,0.102450440465614,0.414937520056741,-0.374394315239171,0.402574804728576,-0.765920355340831,0.617578920751248,0.120313168152004,0.201600228291656,-0.319004490690043,0.794753177976426
"CGcb",131,-0.233464030403586,-0.13794084877335,0.17625090433383,-0.0205742773051926,-0.165713871113799,0.193633509063691,-1.14712159445573,0.653243719913966,0.13147671206197,0.814896246922313,0.573851281910731,0.262428217467495
"CGcb",132,-0.0614831358332743,-0.774873657785749,0.211132709427107,0.323589978929737,-0.0473005917698998,0.173428010408394,-1.35687921002283,0.769139856065829,0.0117573188428817,0.257838630510488,-0.00793907381563103,0.83243720706857
"CGcb",133,-0.160475149227222,-0.148513146064774,0.385632153337334,-0.561476868541725,0.0439666095250825,0.166526098599094,-1.29005748660982,0.909060385496514,0.56729411231017,0.355891172906707,0.533923065706901,0.141782239053834
"CGcb",134,-0.371864485631916,-0.565463407401246,0.00385540695877667,0.392672087196163,-0.0328283051433747,0.0564618827678436,-1.61853524315277,0.791272915436348,0.519858598396067,0.90286022663285,0.71022701467868,0.139599138523936
"CGcb",135,-0.439483654295285,-0.252972802297761,0.262566153381337,0.234104244756104,0.0631835251968241,-0.132563027721425,-0.470657645612749,0.479346480919442,0.172097148318433,0.474785138125567,-0.282683040257203,0.296300449786655
"CGcb",136,-0.672042400447428,0.33173486591879,-0.201869687868486,0.441226082514802,0.0835235862914984,0.549046654790193,-0.722171484295633,0.978308263693531,-0.411025091580735,-0.0400936319433824,0.71643157675785,0.32722905201598
"CGcb",137,-0.247580306123813,0.0158308327341207,0.103562639854357,0.22703435334288,0.212473386077707,0.24119771920411,-1.70225781859146,1.34261748220075,0.533564458151053,0.508381399379817,0.311235975603041,0.355439544310898
"CGcb",138,-0.101707929331924,0.0877019146016893,0.095344186149623,0.169542535035949,0.138976516076736,0.108756277641317,-1.20987846583146,0.983608126474973,-0.255628237880908,0.54646133627439,0.513265056789864,-0.0667296687095038
"CGcb",139,0.000111362658649053,-0.314826785979492,0.10691543528027,0.0473867790171669,0.381669141135696,0.0537225566640061,-0.762542199947254,0.632488683647235,-0.111870547105527,0.339336513795457,0.635076119463681,0.157977822314806
"CGcb",140,-0.395491767493218,0.209223016522836,-0.195628494090703,0.958888531212266,0.282524012025973,0.0632883340326427,-1.2942726104369,0.820011854237404,0.552409087440921,0.153135125048823,-0.237027759591088,0.847353375267308
"CGcb",141,-0.421963539245109,0.360165062943274,0.105205873971755,0.00203433851753453,0.405559340302513,-0.178659839393158,-1.97889407002967,1.49855888622884,0.839213315112737,1.24712617481166,0.0642247306410429,0.047861998875992
"CGcb",142,-0.44503206059428,0.244499200721033,0.127970951223672,0.466842501538523,0.0997342998393628,0.143766648210918,-1.85149837776607,0.846804835953801,1.2596215725375,0.552803892506886,0.84131201044665,0.372348475532726
"CGcb",143,-0.185529912617591,-0.0836630199935437,-0.232433506906324,0.9547542449147,0.223485051936632,-0.0548310413804557,-1.87530315751086,1.70898699380549,0.127137269902874,-0.0245448008434071,0.373866731937896,1.00152167791832
"CGcb",144,0.1635692439068,-0.165308223570319,0.310956229506928,0.262110157472637,0.307310619009588,-0.180663874811369,-1.13946502042137,0.395886402030823,0.0100674137172707,0.453645870143541,0.0723428489592748,0.754761496178443
"CGcb",145,-0.440771207961559,0.486787716065644,0.0067639065590919,-0.0966604497144087,0.186098106218278,0.0824935623740813,-1.09809389555587,0.771643818879109,-0.220215110490254,0.502219806791423,0.76552090714021,-0.320369899937112
"CGcb",146,-0.524030382940757,0.376633149597215,0.113853189021841,0.727869898456002,0.0927950180977673,0.00719700081327791,-1.12451021222159,0.615211351203971,0.0028046432712561,0.723606527973664,0.19111880576564,0.266510284641952
"CGcb",147,-0.377844278998872,0.0938511495317865,0.100301376845006,0.725423240888597,-0.24315488325272,0.00370888475430109,-1.23772148137001,0.72644130438871,0.613990358151637,0.306594534183241,-0.243015537723798,0.853130013394094
"CGcb",148,-0.461275343677726,-0.214863186455895,-0.126183257095855,0.538496835748567,0.242826495241487,-0.199499243703402,-0.92715568488813,0.844203010688102,0.1647082176438,0.448476240783031,0.374385125706562,-0.0192198382541821
"CGcb",149,-0.536938562133677,0.412387378319162,0.111411097502252,-0.301877330608931,0.178273830738064,-0.0261649945180463,-0.879833220771446,0.634307562871035,0.409557663487939,0.684715156854355,-0.163063265478508,0.321038778992401
"CGcb",150,-0.46448182186873,0.112781895233425,-0.27502738213903,0.489714787052437,-0.656695754133883,0.310133888961779,-0.992626226430388,0.733130555499945,0.523256476500244,0.519335690155452,0.0684596979109649,0.329794261453548
"CGcb",151,-0.276058400228774,-0.0635050140913487,-0.106217107020449,0.477180589470294,-0.0417901880347539,-0.207606162466742,-1.31047512130181,0.79780884458381,0.355358280992875,0.384277700433956,0.223730414706825,0.230538348970074
"CGcb",152,-0.276919103073333,-0.0110930114501184,0.215325617741113,0.468573345539205,-0.17160597116544,-0.0599130658657431,-1.68197819904592,1.55889211863038,0.122218335639878,0.381458934172482,0.302310927069874,0.496367598614997
"CGcb",153,-0.385345619916181,0.00181398474602419,0.165872627985461,0.250035780331212,0.186406702470423,-0.314000725629643,-1.11359696047526,0.697380604092461,0.0939446469072588,0.69352603403604,-0.144291789211797,0.293337040955339
"CGcb",154,-0.564668135950186,0.261068415778587,-0.101091169181651,-0.0700955183553279,0.264935783065599,0.0665981170010786,-1.21993216501369,0.705264862591273,0.166918528344791,0.597353435935155,0.743244724905196,0.233855935805133
"CGcb",155,-0.466120296089434,0.483467354920999,0.046025416072332,0.0630870907913174,0.321549670142078,-0.273382295574435,-1.14863761656037,0.482953465883508,0.322330578285937,0.434147072565121,0.428593939162035,0.121812150561623
"CGcb",156,-0.391996957921167,0.141396136026492,-0.349710872073384,1.13488179988636,0.113890055704018,-0.247793254677036,-1.61354760427583,0.502332924270006,0.907756365087502,1.03347755833045,0.46950758402504,-0.324719369056422
"CGcb",157,-0.140924496269984,-0.243302893678576,-0.395229803104262,0.533016285161658,0.270817143378265,0.32876759545151,-0.806987019518007,0.693431509803533,0.0217802380792435,0.0637089503470456,0.239317765446427,0.715808245134373
"CGcb",158,-0.338584597375054,-0.013982891447437,0.192940366822103,0.21411338237565,-0.554940449421475,0.571222860903311,-1.29867416363568,0.768223035765752,0.411191355673766,0.344535547425097,-0.184798423191647,0.851001466892214
"CGcb",159,-0.707645681702508,0.483739392752508,-0.00213291197810548,0.195723089246075,0.498850897760264,0.0467254289010103,-1.4687592846558,0.553731893799257,0.700262974077633,1.05844442983995,-0.0196293133858529,0.265854879782113
"CGcb",160,-0.62527322959552,0.177348237423355,0.186465383978038,0.281213930821169,0.0400561475517316,0.0733723395569943,-1.63740368221314,1.05919492865152,0.432350296159101,0.0691268989340581,0.558577027231493,0.522464317058842
"CGcb",161,-0.487507461677018,0.295760334192771,-0.400650861567389,0.620100146996083,-0.107166467365116,0.712594423916269,-1.460234768549,0.796802975166508,0.62009189309127,1.13142759464441,0.439615198303416,-0.546610069917115
"CGcb",162,-0.279023578475406,-0.00673508297655053,-0.368227107606207,0.818380753335103,0.373522068850813,0.314961590607844,-1.09706363908165,0.719991104005673,-0.0502898313148974,0.0330400857260571,0.509468653917912,0.843664295580204
"CGcb",163,-0.146477820691945,-0.190423555246785,0.392691083783188,-0.0341144487552363,-0.0772088762040651,-0.17229258927883,-1.03968728470968,0.759214883672676,0.460313970423329,0.357091550787165,0.669206815119244,0.424922773952691
"CGcb",164,-0.201471633223463,-0.15166095096972,0.0282407507628398,0.283045335695361,0.369545280552647,-0.26554625840336,-0.964787200611338,0.204292107692472,0.479659750539909,0.554418223300568,0.398872889050905,0.101274150169542
"CGcb",165,-0.563184819250986,0.445369937204042,-0.100776596000838,-0.0184215723791211,0.0389733066713291,0.319687766946458,-1.62023330652338,1.05904971519812,0.582609885116377,0.602462172587899,0.0888133926224981,0.865179812391313
"CGcb",166,-0.513483617399799,-0.0563005282241801,0.26518674384615,-0.0732308342959361,0.572982240797322,0.122900813009052,-1.72832115756796,1.22165249662966,0.404990033503788,0.172360653470246,0.635575816394473,0.784401988707289
"CGcb",167,-0.220187350642122,-0.335249884465238,0.331483842608931,0.0223721518339911,-0.154516108167335,-0.0811255539378904,-1.46992148372295,0.903753674630988,0.572259946997419,0.449297514778081,0.194938836863083,0.19294387637562
"CGcb",168,-0.357106019786594,0.0305308845969814,0.262187653890596,0.45384549049943,0.0430403465538136,-0.269365171138439,-1.83967876930909,1.02265146764533,0.611524826293421,0.856857822518083,0.188544398081655,0.150138020029085
"CGcb",169,-0.353900953306989,0.0754889463583838,-0.0400021750256709,0.487607217729296,0.189716073982908,-0.168627473376789,-1.02331353795915,0.848315134912841,0.335199027726481,0.315344071349991,0.0354083575840984,0.257097860577447
"CGcb",170,-0.486879964683268,-0.00721750087916814,0.30227182993214,-0.0419673121507594,0.275328955343275,-0.501399011305833,-1.4265418754952,1.08127430071107,0.139181733719636,0.731049657032404,-0.416384931414481,0.739690611288436
"CGcb",171,-0.316042564034894,0.393053996598155,-0.0118970759241051,0.463484430079881,-0.245553100954804,0.282660634734462,-1.86324378530312,1.34272689174564,0.789004902291719,0.808043399392093,0.34344119033902,0.486874833339025
"CGcb",172,-0.452465609647511,-0.264978989501721,0.0950481567365418,0.38086628768972,0.436629520175143,-0.309470687674541,-1.50466477584209,1.008229736211,0.621107483680125,1.03131381909905,0.125255675697549,-0.0767611507698633
"CGcb",173,-0.5267751245247,0.153032786930931,0.539081944269833,0.127990326865088,-0.0555242115354886,0.0481382240005025,-1.37881085941062,0.914670947720658,0.489070619094744,0.23083913667904,0.38085571941917,0.672345936444752
"CGcb",174,-0.379272934273508,0.183240301607855,0.260063792582674,0.184518028572509,0.180391330113396,-0.514174837861352,-0.883974236507037,0.380838679063753,0.324403182911866,0.840816387037464,0.445302538546253,-0.0180377557948117
"CGcb",175,-0.186647488900854,-0.073223992586716,-0.251416318351598,0.821237743036943,0.271477136037351,-0.01530919730766,-1.86906385085563,1.01988918360333,0.927126205615841,1.09350489413584,0.654831218464569,-0.11097707399576
"CGcb",176,-0.491033599412938,0.34081463807169,0.206102433955666,0.21987551105458,0.234448834894924,-0.210118499238946,-1.75286142285976,1.23305099453155,0.780077787570478,0.771976847455367,0.111725768270014,0.111518766352345
"CGcb",177,-0.215718269435387,-0.23539757094509,0.127308335509828,0.435665264477191,0.579840351768285,-0.531771306929564,-1.3346018449461,0.651983546168489,0.26525747508964,0.652559955839283,0.0250744145567851,0.507533352806111
"CGcb",178,0.0576972360111048,-0.599060783624572,0.100607395327572,0.0466727009182805,-0.195226947459988,-0.298534341608562,-0.767313852543469,0.549102460623106,-0.484646901556315,0.35214408853598,-0.164313689782708,1.05485892814235
"CGcb",179,-0.0625225542047471,-0.034383355422791,0.210534802234236,0.364968258012989,0.43366033553583,-0.486725854305994,-1.82958914419353,1.40048003808829,0.37650907131725,0.177794129173998,0.803464777596039,0.523129225556054
"CGcb",180,-0.273154612331662,-0.121164854339182,-0.122255536873174,0.699307128336246,0.204110734380338,0.248308965361301,-1.63959388450128,1.24150081511418,0.856249002232833,1.08731938313398,0.434283944663414,-0.146665429181328
"CGcb",181,-0.367869476973846,0.166558234708619,0.0762923940217848,0.0851079220851348,0.364919973916988,-0.0940180356483613,-0.993129488249399,0.431853337785693,-0.267217758308789,0.358191133117858,-0.00138254310405284,0.884581851751816
"CGcb",182,-0.411850156907362,0.434916465410725,0.452588792772357,0.0690757284739277,-0.114872160746483,-0.225263660286059,-1.45570046779788,1.24196741795656,0.154085650446153,0.436608541302183,0.688693193310994,0.0878447386339379
"CGcb",183,-0.455458754882945,0.325972800705287,0.176161385590131,0.268378481305351,-0.457050013135776,0.718910659712406,-1.6752984471143,0.864985027017053,1.23738623660193,1.65416573326305,0.16537456067663,-0.732865064354089
"CGcb",184,-0.513403689219376,-0.124728306108615,0.117266280000315,-0.00181216562778644,0.0941611972318138,0.0918558987810909,-2.09640203641016,1.30218877349247,0.799909488705194,1.5177526593322,0.813252234457416,-0.747540738024413
"CGcb",185,-0.572363677124391,0.111657655977196,-0.224356210558694,0.787681010292468,-0.068431617216434,0.355080527367597,-1.29022427535648,0.378709935180307,0.563981089273631,0.95683795913148,-0.162705315041818,0.552500898252474
"CGcb",186,-0.469002226463374,-0.0504932524526375,-0.0265408014745458,0.171076348618839,0.276875701632488,0.394163073156964,-1.14106669662017,0.594910006610893,0.667033167463773,0.449020825090797,0.127188847023142,0.333329821583693
"CGcb",187,-0.32876876333593,0.409565876325303,-0.167037083228959,0.268252157651625,-0.088124972232804,0.695987115682573,-1.42265004407467,1.07940973264483,0.584439914999496,0.76308180863992,-0.136316082350044,0.119844420684802
"CGcb",188,-0.304844437260845,-0.341136956816427,0.343524497452611,0.12030754120665,0.00614317112107392,-0.0520869347347628,-1.75255940571697,0.951975162838998,0.528545884966449,0.52920013233711,0.197504050650908,0.619690206396914
"CGcb",189,-0.329884756724113,0.122239698043759,-0.220134753030185,0.714189832317321,0.204890079501958,-0.213952579042028,-1.97137374105249,0.93734573704082,0.479845647900367,0.945417495620183,0.433010864279859,0.439075495865604
"CGcb",190,-0.293927789463527,-0.18569717474574,0.258572478804557,-0.133879300057678,0.131208882748388,-0.136854201280674,-0.974071304784561,0.83762182294408,0.464056727070388,0.781483867397147,0.180238565334483,-0.18016500333
"CGcb",191,-0.353750381947649,0.027356774772791,0.0372253460439752,0.517274206918193,0.0821432051012983,-0.0317034053950872,-1.33755726502801,0.386690391791455,0.533456587306209,0.961197187725148,-0.0973187550773708,0.573616805050366
"CGcb",192,-0.503067164875758,0.29341838751597,0.395518760981328,0.0833217675533631,0.561559483693065,-0.573413830505529,-1.79178984138842,1.53355686377906,-0.271867890848978,1.20783953449659,0.487611246674387,-0.0395158277111834
"CGcb",193,-0.385457953113448,-0.335988596191918,0.305893401744105,-0.172333071664881,-0.020206793119776,0.163114815477735,-1.40463844544629,0.575136117845201,0.514750113066422,0.929571920218346,0.384751257186564,0.0436594878942365
"CGcb",194,-0.0842611023789883,-0.0847356991832554,0.0359295824169617,0.739187205369099,-0.172054297750245,0.195674044649278,-1.48533107944843,0.480622747878042,0.254145774074767,0.882644156133335,0.743232283217295,-0.18659386815051
"CGcb",195,-0.427823910080945,-0.192298567604331,-0.144809455159716,0.589466213263147,0.14902389129977,-0.0087318438441975,-1.22853010270212,1.04692191461238,0.412262835182626,0.933946823110691,-0.106619961297588,-0.265991475228056
"CGcb",196,-0.497849547976698,0.0739308337306161,0.347659441809962,0.415054594978984,-0.405193211553398,0.163909123966381,-1.09612378398819,0.490858269672063,0.11802234988475,0.884661023636103,-0.218855685547411,0.626915013786097
"CGcb",197,-0.307164357122124,0.156021771290264,-0.561871182705001,0.571566173143222,0.233236055641288,0.380972170483236,-1.03426360284234,0.268582647582257,0.215454448152074,0.363381918714158,0.229455141379248,0.832706547918268
"CGcb",198,-0.508114495281833,0.301976061518812,-0.0500491993670703,0.356047232930811,-0.19324621091641,0.30102021324586,-1.42958005508978,1.04407640329322,0.171441035425114,0.374672028124455,0.400066795032681,0.499095944164226
"CGcb",199,-0.547825172302526,0.713027593978167,0.102633449454027,0.63922867555984,-0.136822894928465,0.0539256979887612,-1.26661290061122,0.522784483684952,0.892495275750357,-0.0198393352030977,0.35667349635553,0.622093184637442
"CGcb",200,-0.494108895902248,0.130056081254886,0.022763146405082,0.522039630128526,0.175584781563986,0.341904440406156,-0.950802906167045,0.279907627556609,-0.0622651038089028,1.38381844378445,-0.167401887497781,-0.0228053867353026
"CGcb",201,-0.423180498618429,-0.124451081406056,-0.0927858470815953,0.195538154177282,0.30642660508244,0.0530720368191421,-1.06665307580868,0.674357263899026,0.338123539117139,0.412144251067685,-0.02274191771049,0.484033825667378
"CGcb",202,-0.337577112474597,0.0373568497793712,-0.244392147164415,0.593499853426742,-0.341669701986445,0.476021936738411,-0.729393428650815,0.727185039708445,0.165239522421251,0.366689605063735,0.233057588137771,0.0997030430158045
"CGcb",203,-0.371251492652781,0.210624696751454,0.326385505993027,0.280233910010219,-0.034602243143641,-0.118764214455374,-0.875540229044073,0.554003886466401,-0.234960178859152,0.530342303821763,-0.117073521616759,0.257169405368992
"CGcb",204,-0.264606739677009,-0.188127666260183,-0.0600001682541446,0.487077819224614,0.100865857072935,-0.0902630414534569,-1.15737919650336,0.812985322846842,0.372169422036762,0.245544202895334,0.328584154605061,0.194092768902238
"CGcb",205,-0.696506020785766,-0.27722120234616,-0.296438010001457,0.215152319975505,0.0834207525403093,0.507805962448283,-1.29364316822382,0.745324586442852,0.218367256169889,0.37059255072163,0.218023181549093,0.415362471537978
"CGcb",206,-0.0562694108436311,-0.147640589720531,0.0812955519052536,0.0859032203065816,0.559000055652215,-0.296000979376064,-1.34573653339153,0.722135799580749,0.433934629434814,0.735794259164303,-0.094406077592874,0.600227287392964
"CGcb",207,-0.53666408123864,0.180939237732117,-0.206296822089568,0.0428772978656519,0.105747674978119,-0.0228509276225995,-1.27321452051569,0.398053034650969,0.235158984941308,0.29836956440627,0.265583337319328,0.480715386730276
"CGcb",208,-0.537620110540573,0.0747454402215149,0.148362493284483,-0.333793110676625,0.105908750755069,-0.0841387490170415,-0.989794946444729,0.337998977384788,0.473416825505204,0.568461223824368,0.990138454722522,-0.318015369440869
"CGcb",209,-0.170689164184955,0.419461032568731,-0.28565236032376,0.60966283570447,-0.288155721564149,0.270015826787796,-1.27219026904674,0.782670807747463,-0.327685859822765,0.836580060683966,0.480942341188464,0.229951255264621
"CGcb",210,0.0074839339772451,0.230059448245444,-0.360754634808181,0.175176023248927,-0.0640430642106617,0.453435127262443,-0.825251573683626,0.924823335511661,0.091902405981024,0.588385027494051,0.59890376739452,-0.401748579314389
"CGcb",211,-0.493375821112368,0.180671327944121,0.323829707839724,0.0549216850206505,-0.0277054209241465,-0.0677829199353193,-1.47028973524433,0.763320625707,0.299556684556068,0.681344870732364,0.500966390572334,0.285157555761841
"CGcb",212,-0.107519209256022,-0.177775470300863,-0.238311127578501,0.162469036001334,0.241056372349351,0.467545037837849,-1.25193097214934,0.591929162860809,0.618039921101697,0.379443293982189,0.412015755960677,0.484355530086305
"CGcb",213,-0.316729055895709,-0.240610579489178,0.0523121976530469,0.279979183838297,-0.070572395386514,0.350457985356528,-1.5127701249508,1.09847120559464,0.0612369022418393,0.93217839766559,0.0574925004119452,0.171112711180273
"CGcb",214,-0.359033043850937,0.0368338751218799,-0.0948823488797851,0.379762653648864,0.440155070431688,0.000620693682892388,-1.60093542376074,1.06823732156882,0.826541240425491,0.402225910551172,0.583756279245457,0.489463772786257
"CGcb",215,-0.301887681879791,-0.168169000048063,-0.408307500785608,0.431447791496394,0.20746834369226,0.110012853630516,-1.17590444737341,0.253563271970121,0.273819847397454,0.364250957401388,0.855561490971752,0.252013918435078
"CGcb",216,-0.0574450467505281,-0.0961604090822125,0.112215674155781,0.14711573008275,0.130643066774405,0.369332220001562,-0.68512640403479,0.229164598849285,0.358165336612715,0.338637377320274,0.0283906236393648,0.586900211266646
"CGcb",217,-0.446709653558741,-0.352059068152643,-0.0208200809333886,-0.0783656873748821,0.149375518903749,0.355014082214276,-1.61080950651387,0.974559260204578,0.243015722026233,0.229118464305739,0.406863707683713,1.12388532943608
"CGcb",218,-0.324981034340445,0.234454306452895,0.555213908420318,-0.0131627880487294,-0.143429241471683,-0.0638862336041917,-1.35834058133426,1.04019215472994,-0.303699408802796,1.19275712256038,0.7493139227977,-0.306001084536014
"CGcb",219,-0.506358741304424,0.609811007200356,0.328588374970096,0.160770427079253,0.0168841135060959,-0.0442663576890479,-0.579531451936508,0.721130601732518,-0.554598662598421,1.02720758235717,0.123285441676183,-0.466948258835158
"CGcb",220,-0.545623863596987,0.3876694172883,0.126449385703876,-0.16172957980085,0.00121267173305098,0.10944547083029,-1.12584163910945,0.936875148111345,0.2830945659615,1.19930787403827,-0.154124621059891,-0.667567598190988
"CGcb",221,-0.120727470086129,-0.55380868994637,0.171310164668448,-0.108834544505024,0.163665514518831,0.0338682108714007,-1.03669893009757,0.451785903680265,0.642168932694213,0.315253980585451,-0.182405441956328,0.700105265017604
"CGcb",222,-0.130295424104331,-0.113500113644989,0.0560343620768657,0.160527587651656,0.26926844710155,-0.432386023239712,-0.932327636490967,0.302316938117618,0.336906215766182,0.72986060175398,0.120746102016434,0.650059908773549
"CGcb",223,-0.302280871872936,2.5761731293264e-16,0.184357134760256,0.327880367583209,0.0924624280281842,0.0107608815615873,-1.41210689819828,0.673625522109156,0.636765611767478,0.28236246709032,0.111484149771962,0.702064992548801
"CGcb",224,-0.149370340083004,-0.127592863185883,0.113076504847171,0.0203662586582054,-0.124186226946393,0.348487557672133,-1.02435798441409,0.614421936305456,0.488202644961367,1.4330786245301,0.624470749122306,-0.492510746954742
"CGcb",225,-0.315146750289738,0.234711745993452,0.36155259590399,0.360637709002463,-0.595776586303246,0.837989446852446,-1.44966732867961,1.00659819331818,0.356198155176871,0.201638208637162,0.198733790628317,0.851213857470466
"CGcb",226,-0.429958440979025,-0.108065604303828,-0.060067817581173,0.52220199113252,0.661935660035091,-0.277632206556366,-1.11909009291476,0.636614435946685,0.385937161524282,0.5442573485851,0.441896751727333,0.322775380293954
"CGcb",227,-0.682236366055553,0.348265908431558,-0.153448249860595,0.451370426570437,0.0634962149968293,0.27836250622147,-0.789957072348876,0.649533083740121,0.245228032240655,0.154147194247401,-0.343744092855624,0.757156012009711
"CGcb",228,-0.396824535172116,-0.070057915014315,0.196478001632046,-0.167932787069824,0.118336819555662,0.078820505583836,-1.21831552352031,0.84746395408343,0.446850659478903,0.134285860373201,-0.037113646493042,0.415127277812167
"CGcb",229,-0.303870233579651,0.249929462490534,-0.0912367092729589,0.769583142801906,0.243848522877464,-0.492714466256714,-1.21442339339248,0.470304843046702,0.806434332216864,0.734632544661042,0.208331177152821,0.143862011972423
"CGcb",230,-0.505462386613029,0.448922062170981,0.114276564708863,0.317776092398427,0.426434594162556,0.005491474766268,-1.04004280445792,1.32734735731708,-0.117382366910706,0.726304602141754,-0.00921428280455895,0.163264169246761
"CGcb",231,-0.27724985126887,-0.261676871626739,0.0372705893409612,0.855720883504384,0.145969967913645,-0.232183327346551,-1.07486391314952,0.59695011167331,0.29660794970691,0.496001587276947,0.261692930199128,0.164040948810903
"CGcb",232,-0.00427422753521807,-0.279867356279757,0.0172766367280649,0.293838765539187,-0.285697046801698,0.454990066233679,-0.894865803966655,0.69113632765416,0.158212568165675,0.56411940228294,0.632657464636007,-0.0605883330113548
"CGcb",233,-0.423271874330196,0.0485718006536394,-0.114302046790874,0.337608957925498,0.474378601120329,0.0276959724093579,-1.07832727472932,0.821295435184164,0.598385444594678,0.27589608554395,0.549209443355671,0.351961293068768
"CGcb",234,-0.524421614828666,-0.155291943692719,-0.0609621688515498,0.0894829593245628,0.101907636251008,0.100909804144466,-1.40289546096369,0.577658822933067,0.364099394071914,0.22961123813935,-0.512154954424891,1.40896526788346
"CGcb",235,-0.534107228880903,0.11270292270628,-0.178995144756722,0.134431017084672,0.0349382515367783,0.242607068373821,-0.829475393862819,0.791817434419996,0.389944583939493,0.783272030780534,-0.0129628475592681,-0.0807048099463812
"CGcb",236,-0.462127817888129,-0.195004983256126,0.293557072986482,0.371569415532016,0.221503938564959,-0.194447948829715,-1.13004317125405,0.96051145494687,0.092954369975089,0.855597471365238,0.0181677370280614,0.136426215188936
"CGcb",237,-0.238304090856947,-0.109942902584869,-0.0946990083175635,0.414184069295184,0.16768632665313,-0.103293807356432,-1.94192978145944,1.13533644285466,0.509212521084673,1.30088165220498,0.0443795380390965,0.220437814984167
"CGcb",238,-0.323235373323531,-0.33769470581643,-0.350399845132039,0.274262476070225,0.6919126660488,0.0508529280390755,-1.18241588621003,0.760158601828875,0.413442708794174,0.6802559115542,0.217623630889,0.14652646351394
"CGcb",239,-0.582516516844874,0.154338483199671,-0.0423166169669993,-0.38781755363427,0.05283747593453,0.481184339283121,-1.25590033851356,0.965416371914469,0.633358290153973,0.219188756406226,0.802038016287888,0.0961905584889063
"CGcb",240,-0.225835770640849,-0.133077038764388,0.240433556531013,0.672644224670352,0.143309035335598,-0.218095994940861,-1.06582716617375,0.576635751807764,0.122761133383428,0.953072461401488,0.437761129403269,-0.163872396761892
"CGcb",241,-0.19108703727799,0.11522848347027,-0.0356731882628124,0.254897370478267,0.381898163976081,-0.117182930341965,-1.42769383826685,0.889696602643551,0.14174814657323,0.240383850776951,0.470467465607796,0.710845467025092
"CGcb",242,-0.0260236771220065,-0.0756605020261676,0.440110500832211,0.0974806277269763,-0.189596834779149,-0.2108728851901,-1.26602448339089,0.970292591635646,-0.0939565676932205,0.783937918813009,0.216137287597361,0.382732600313939
"CGcb",243,-0.436046727590522,0.123887890603456,-0.164433459367388,0.762994787401486,-0.549170396521238,0.588506901650024,-1.52702185616965,1.271161910918,0.693112366369745,0.626694510714498,0.902989238037047,-0.479760338832361
"CGcb",244,-0.696046038659565,0.53863604533804,0.0867817474473019,0.0960477477717344,0.193906990044566,0.0217246731089009,-1.55365356004008,0.906654317660717,0.416057854960332,0.257246668030141,0.113750695903932,0.383277151733029
"CGcb",245,-0.170876876544863,-0.233789102730343,-0.109129441778718,0.58590443733205,0.305970067482381,0.119238446411246,-1.41926770497447,0.908592463117726,0.661716982299637,1.77475705598375,-0.190890379962124,-0.410979499818683
"CGcb",246,-0.240611547160596,0.338476876478285,-0.106701491672822,0.43591987301807,-0.209216064588334,0.287381128965154,-0.658577672332352,1.00913155144676,-0.210383764686505,0.630020455883247,0.785871605331237,-0.169943195046473
"CGcb",247,-0.372372959231466,0.117009005590783,0.175339458339574,0.38052152411909,0.581165361971039,-0.611227890505285,-1.41215005622681,0.577206330278899,0.379768051198054,0.607539823331728,0.733598428957797,0.142457030543172
"CGcb",248,-0.440777428122201,0.299789956407179,-0.0130267058325573,0.0554597405442031,-0.0532696349050541,0.331624220668181,-1.04920893698539,0.725053916534602,0.777490529952539,0.510331900511375,-0.28323007116715,0.445128457514653
"CGcb",249,-0.117468470835761,-0.210855875459363,0.0948739656609656,0.427299693871875,0.0333736094139532,0.113924583989429,-0.920698349030173,0.930673767333764,0.267947603475235,0.350491634193113,-0.0313941715035203,0.570655413434904
"CGcb",250,-0.630941505389552,0.224579512573374,0.223703993265083,0.410269884785554,-0.216095705560993,0.389530187951634,-1.31809630284341,0.67133954993272,0.412919106444671,0.447678714150582,0.345245030872635,0.367340192594612
"CGcb",251,-0.450951545893175,0.0669753193909386,0.654188624466241,-0.0600182489401996,0.27036603528029,-0.34545928463642,-1.762908926941,0.991215782768574,0.719306530387772,0.698426656095829,1.1097996427515,0.539759699147369
"CGcb",252,-0.0200997010803354,0.000196107477031885,-0.0386942524698926,-0.206924655053001,0.405511973813882,0.0378595845493033,-0.898919982346499,0.585237920646286,0.38154969179562,0.855313934231235,0.450661119799939,-0.0576998859177151
"CGcb",253,-0.12511394870122,-0.435176419490541,-0.204461318089549,0.208459386605157,-0.0892262056873052,0.453010258267491,-1.04980131003416,0.831540754052448,0.521621486958037,0.482205612991083,0.841954862159939,-0.321019007670272
"CGcb",254,-0.339244783125096,-0.385383997908559,0.251161195117532,0.161742372261325,-0.158575286981405,-0.18076099707575,-1.17160116375463,0.542953004230756,0.187869590767802,0.559967070265837,0.356568842157148,0.266767764282581
"CGcb",255,-0.400588657910512,0.236443310916764,-0.23097530516227,0.417317118833638,0.171811252778614,-0.210624974295033,-1.27240087473429,1.19612776763009,-0.0430261493542397,0.2761965845394,0.716199510872869,0.584431252195046
"CGcb",256,-0.342473126549606,0.370123765973329,-0.514527568144085,0.496379952061756,-0.572367565780688,1.16686547273727,-1.11308450701047,0.876140963363802,0.26855219239544,1.09484349054254,0.458728064517014,-0.404678618228996
"CGcb",257,-0.182529664249879,0.0434355490796483,-0.183055857675273,0.317044270530353,-0.431044026236267,0.743955379841405,-0.949270642177536,0.436499722546879,0.118532875697007,1.61028511359885,-0.295059638379142,0.0853960601718203
"CGcb",258,-0.640061533002651,0.528209951765984,-0.0642047920230902,0.418687563213041,0.00546329905268808,0.178009780524022,-1.0274126638653,0.172016742260839,0.408570709250193,0.357712158247296,0.138553433474757,0.701513906595138
"CGcb",259,-0.197050282027938,-0.230858406044914,-0.190347916084691,0.31768632282716,0.0551100412213852,0.523583899458886,-1.16330402676401,0.69927805922058,0.185573739979163,1.35434166604746,0.982348463758831,-0.499208573899631
"CGcb",260,-0.311457335176561,0.109172369454489,-0.309982412569754,0.412718269952817,0.0900779888492233,0.475394928068748,-0.777035371942913,0.899225998202949,0.163649513896376,0.200568899451998,0.642705595998756,0.140416946627078
"CGcb",261,-0.584715168442627,0.190328100356738,-0.0196240281877315,0.0423812891158722,0.674152370371522,-0.0690261170774075,-1.31061539327419,1.06536739497092,-0.0352508487351221,0.852876230761977,0.571038440588425,-0.299543555833382
"CGcb",262,-0.452049749947572,-0.043801508982402,-0.240167836523317,0.749308367173957,0.219204938695668,-0.0487567528073982,-1.50540082854826,0.72811787690949,0.510455527585595,0.881480289810876,-0.471550703049723,0.671164363575588
"CGcb",263,-0.505713046559293,0.101104834536662,0.114705767474726,0.511396291462402,-0.111863899268052,0.0639073478726533,-1.96071906330883,1.32189790275066,0.715035180705194,0.728630967488981,-0.158040023338093,0.827166409300275
"CGcb",264,-0.352051341158905,0.309671678887026,-0.129492606229994,0.520529275748848,0.0415573357317114,0.294118594571426,-1.47986176697702,0.744472399700508,0.296221033521084,0.638396544227004,-0.425186177136222,0.8060896783593
"CGcb",265,-0.456519429627057,0.164963866929382,0.249901753213065,0.308135683323393,0.305569053418719,-0.433105527801838,-1.24199102131826,0.867356030945491,0.359054080697089,0.0859903525360978,0.565828801756486,0.285601514875338
"CGcb",266,-0.184050317212098,0.146500072730389,0.288547405998675,0.691955303209162,-0.285153071895423,0.207879984889387,-0.690419964542743,0.276302198188791,-0.0974165837471732,0.49590612574167,-0.354706655424746,0.691940352054916
"CGcb",267,-0.0241246501603983,-0.67655543602052,-0.26435427179874,0.845880719568114,-0.565753294227191,1.00140529997158,-1.92769611725495,0.957028944613535,0.211828255087473,0.477921889115779,0.586525685364064,0.849593893771323
"CGcb",268,-0.534335384697081,0.607101513921113,-0.384796807724568,0.600022867453909,-0.558134293080833,0.996328582982854,-1.3354398556924,0.589053690704274,0.344146539821383,0.610239544108374,0.493897597672733,0.325253300840558
"CGcb",269,-0.424936317345296,0.328129681919588,0.41631102783971,-0.511072525805099,-0.135647963363978,-0.15934136890075,-1.2376997131222,1.24758166026734,0.275807598198942,0.817967786587989,0.32644676992141,-0.172620917290798
"CGcb",270,-0.375067425798784,0.267334604461477,0.0093903791798741,0.0503228796254062,0.616222858794118,0.0894355573441811,-1.04874401789119,1.07506556746493,-0.0185912405920674,-0.258740786390314,0.549273598230396,0.709439487574231
"CGcb",271,-0.481978674220588,0.544483446246678,0.0412867102910937,0.107269086653754,0.343330669137381,-0.191298995020629,-1.12082679338331,0.456107356170796,0.0251942498965628,0.689517761237242,0.496653303525032,0.239382921328843
"CGcb",272,-0.720241284563758,0.468747781534586,0.315431254822736,0.274470189322178,-0.361097313692654,0.151581701584201,-1.26639660349925,0.68580094488564,0.549356666064432,0.576263715510321,0.524442449861057,-0.0291074803921482
"CGcb",273,-0.0866354242427684,0.104787213165509,0.0338705375056921,-0.0700101831698341,0.0878563868625054,0.14886833450602,-1.84118340486332,0.97069761602032,0.671665784854701,1.16163033674084,-0.105337068668239,0.627348598700043
"CGcb",274,-0.386519134874037,0.440593375927324,-0.330963351166505,0.539934019223101,0.0986107687274655,-0.0419788049415078,-1.54683504564199,1.13800395420844,0.430135973355899,0.707027816060674,0.262178550820741,0.00668834253969676
"CGcb",275,-0.213568030710124,-0.115144222668393,0.0784974182325815,0.0821315321773277,0.134824474557027,-0.0980605492885187,-1.36467880264553,0.827191924266038,-0.0531426123646472,0.229349715538001,0.442031155759308,0.745908568719947
"CGcb",276,-0.349004043696025,0.110428112973143,-0.310997625637566,0.79027391397598,-0.0242530031382586,0.340920854509835,-1.25900276487706,1.33512920429357,-0.227161483328941,0.0220980022080186,0.596315395277584,0.693089066768907
"CGcb",277,-0.0992469557695959,0.141069685656522,-0.231736955497656,0.168394314044914,-0.0256624807920487,0.0833801200473404,-1.55242103539961,0.895753208065116,0.567931209318663,0.972042362518576,0.249902127790212,0.350676869054434
"CGcb",278,-0.401404364404823,0.0406554099478879,-0.0710463132959426,1.00417425926725,-0.1704200925016,-0.0994828451190186,-1.0063223981013,0.338794407960657,0.244270975862918,0.488477414208291,-0.226784449933597,0.716027020190084
"CGcb",279,-0.118990780242511,0.239360266758048,0.0716319755243169,0.732274563429964,-0.0251562675542456,0.164682581111084,-0.62618197270531,0.496649664688575,-0.328241290876397,0.166851879518354,0.399056418233568,0.851040581959676
"CGcb",280,-0.433576030760484,0.222148931811819,-0.129887767578373,0.402326747471039,-0.0105313357387714,0.093758284510911,-1.53071234574669,1.08360695909654,0.178087878355644,0.550896852436992,0.395324660837171,0.550672167675753
"CGcb",281,-0.277236062789732,-0.0123188092488194,0.0606868378828536,0.538122495555143,-0.0663120242095355,-0.00109536059342339,-1.09007066658754,0.635773759976948,0.515352852944674,0.0752243533642723,-0.10244857805451,0.678568343089886
"CGcb",282,-0.475514564711429,-0.308334749647824,-0.00738005228078069,0.246159572278723,-0.412159613978323,0.448466036699177,-1.74638595584925,1.14321546274069,0.680637990972286,-0.0976866020615368,0.196353967279776,0.924988924029594
"CGcb",283,-0.0746704641978208,-0.234589096116856,0.135974251620572,-0.172442819233845,-0.193907739847058,0.481273607548444,-0.828306259960198,0.839954877184154,-0.126037112621684,0.577763509849579,0.33182609731875,-0.10508020095759
"CGcb",284,-0.359934289613644,0.240470217688151,0.410047300457672,-0.326134572876681,0.178883929845576,-0.393935299369832,-1.26506599649654,0.793055105661191,0.121389968877773,0.956424240735497,0.311329921127448,-0.117785484900651
"CGcb",285,-0.307964715225426,0.0135183707824202,0.252616243787498,0.276394297520128,0.256230264944815,-0.0422696202045709,-0.790036396485829,0.362097331601757,0.0145531312230702,0.483449781033161,0.769299665307701,-0.129601118946581
"CGcb",286,-0.0699954852482409,-0.422142899880513,-0.308939041572804,0.672578902985405,-0.150627761116825,0.463528089401933,-0.978729118374025,0.289190333237925,0.251317610895155,0.854597144555829,-0.274053992295091,0.23302520705782
"CGcb",287,-0.398011892785763,0.0913218705397718,0.529342115435946,0.277087292335265,0.251212647839162,-0.537776566196153,-1.41111914515075,0.656189614857028,0.374658013232858,0.309843704544795,0.750946604037947,0.404271996526673
"CGcb",288,-0.41451640120122,0.17133059512032,0.160483366289768,0.488027748244389,-0.228357818710801,0.150964323190264,-1.71898733823452,0.372615929446042,0.739285754684066,0.997978375924833,0.28334111547362,0.592925045489183
"CGcb",289,-0.13594550424679,-0.101726898598286,0.400946115053771,-0.0566201043525599,-1.0202966496188,0.613103877109053,-1.53696882302882,0.691256456327388,0.609660123281965,1.14010449246167,0.806989926072072,-0.324648341462083
"CGcb",290,-0.642073697468659,0.772318407104221,0.159498502272335,-0.115030598795208,0.163498434376436,0.253037760696653,-1.42513571261211,0.945226359938461,0.0946461711805166,0.968419707547652,0.093451002863516,-0.12077162921564
"CGcb",291,-0.317406200787793,-0.0149254242265197,0.537524768743252,0.30579779939755,0.153964588101213,-0.49157805068781,-1.74041155936269,1.31309085477663,0.271093456804127,0.896025326847745,0.457243256915939,-0.213791250795412
"CGcb",292,-0.164490970149684,-0.20234524441896,0.547573439078565,0.0243896815529876,-0.0381252856364302,0.0893641592118404,-1.52839985945035,0.749696347278157,0.911180692431468,0.183829316287612,-0.293890081974214,1.14038869907391
"CGcb",293,-0.244053143191312,0.181143606440619,-0.315501380482085,0.620385650743733,-0.296366190877708,0.143750186432397,-1.39884498680167,1.0632417338659,0.550888977744778,0.944817520151094,0.158296294683629,-0.112020460830715
"CGcb",294,-0.423981475366514,0.308383995044226,-0.0642484059240796,0.739677025756076,-0.465303077160973,0.241325958139357,-1.59120180595982,1.18550271963028,0.306160697813506,0.943282319914941,0.0155731945721631,0.397725086204267
"CGcb",295,-0.489528134001214,0.408790092039165,-0.116409603719475,0.230365355434059,0.483916483479173,-0.00859286223333778,-1.27378226511443,0.621490846093694,0.221819508945179,1.10382654624485,0.324182376094046,-0.173383359894683
"CGcb",296,-0.278027979131888,0.143741705461484,0.3044294416906,0.313592541002111,0.0529339794170315,-0.0255541267072376,-1.35495199568811,0.909246539151798,0.951530079986865,0.774446189267217,-0.0504975544360455,0.281359135772414
"CGcb",297,-0.309470714203636,-0.0365585689730901,-0.283924445131922,0.593441178453712,-0.695216951434691,0.740865015478935,-1.00585661734916,0.536659055821113,0.846023491436942,0.604740161797517,0.036964867064292,0.14371462397225
"CGcb",298,-0.0380353941201093,-0.0517852753340661,-0.229648367702378,0.596220171874616,-0.189505846838242,0.41148223982474,-0.875156662441572,0.446923386041809,-0.363081128508369,0.384613140210543,0.518007055990463,0.749008664073477
"CGcb",299,-0.155642504114419,-0.119332019978415,-0.137854117110986,0.789918508785338,0.202306939696862,-0.16369928777519,-0.964105983961272,0.99245912333208,-0.322542840859498,-0.0810880790306822,0.310812350197346,0.382035532885605
"CGcb",300,-0.11180407969996,-0.161028651511108,-0.0314685583930634,0.289099705359484,-0.0789981745643351,0.282209645755511,-1.12473298002045,1.17508796301375,-0.0626904657168288,0.391720310232956,1.00067141660877,-0.257851909570735
"CGcb",301,0.00270617046349228,-0.390068040395276,-0.22212434007883,0.759553218827377,-0.279310777130965,0.655362641363343,-1.01272915384739,0.540430782982403,-0.0907513560021272,0.91895191085464,0.186774224244931,-0.247222605396369
"CGcb",302,-0.278037930040546,0.225531628729998,0.0622322088545741,0.547243092533576,0.28953427022193,0.117924248697217,-1.12562160097215,0.639689476687661,-0.00619917537058032,0.709958866112924,0.954426555148107,0.116971498523992
"CGcb",303,-0.409249164200658,-0.150641740821821,0.166947129560332,0.0565269937332363,0.214564355198633,-0.0198105739181948,-1.7522719413562,1.35919159696823,0.31517998177457,1.54988645398064,-0.027491518753583,0.0370683557926778
"CGcb",304,-0.710708434240873,0.643408651609572,-0.00659850235810818,-0.270326899067158,0.338301636061451,0.0843256380315982,-0.925701768681206,0.569439106079881,0.186675422091972,0.683616390103406,0.0263584567912133,0.405467134711155
"CGcb",305,0.231193001575598,-0.643456527932795,0.185819797472963,0.323787493357879,0.382626853630169,-0.0569750298188481,-1.31812945555522,0.823059658512479,0.363447158657968,0.215466222967006,0.350087601455777,0.286033100547779
"CGcb",306,0.182343400886047,-0.321711859921577,-0.39133640450167,0.293164962148457,0.427634768295705,0.392991617123503,-1.48829970173845,1.08941354461666,0.544698753721766,0.8131569531251,0.10607607882581,-0.203001910005499
"CGcb",307,-0.163299623013587,-0.157443738833471,-0.0567940255811783,0.426267509932773,0.476536265765748,-0.0687072757367927,-0.856422633672614,0.700527617886989,0.0861898152081805,0.184582377043316,0.50023718440656,0.480137884228169
"CGcb",308,-0.0493287034384501,-0.581752416543805,0.111076531270381,0.288945025328498,-0.208093797023604,0.118113559554181,-1.59965976535009,0.712506873063685,0.524469580496951,0.882205589586983,0.516325232433795,0.101816323341911
"CGcb",309,-0.200626658009189,0.170748259651609,0.109284052171956,0.220426770952924,0.0397581503165233,-0.0916052184360309,-1.57938602085228,0.7357026828769,0.193287006100481,1.04228280669996,0.571785880458226,0.372216146298105
"CGcb",310,-0.563150969364362,0.446632168142599,0.143356038131219,-0.115094666683068,0.31019770181616,-0.165829829066252,-1.22219735797675,0.876998307375511,0.287919637711361,1.16144251745968,-0.0718415802923511,0.0180543826782792
"CGcb",311,-0.197014389524927,-0.337015713422664,0.047514116668932,1.13630063580922,0.195386629132926,-0.252912223807005,-1.06918589446505,1.01027057788745,-0.0816891204949953,0.87421555623674,0.34922866624762,-0.522936546404489
"CGcb",312,-0.64089665787313,0.25661562120818,-0.291249950758719,0.794981081982891,0.551107459239777,0.0333001115722936,-1.18244027050508,1.10749781312391,0.273036790585194,0.694431415771294,-0.250770791470217,-0.14929576782548
"CGcb",313,-0.376841412694167,0.206448183444501,0.132849946228336,0.630055412168222,0.494950929900401,-0.491031265019802,-0.911395019643525,0.952137563260166,-0.234478211387709,0.433072955048493,-0.267323002050181,0.214278733230098
"CGcb",314,-0.320119871384222,-0.00792644456149852,-0.254742655176149,0.730319068683454,0.491694133526006,-0.306769622146376,-1.35457361942538,0.971386102480332,0.50847107397186,0.79525899806099,0.538462871917832,-0.156261547505139
"CGcb",315,-0.297646989022964,0.038431645648512,0.159377948315492,0.445075481187004,0.315062974663461,-0.000915619598738465,-1.26806524233421,0.742937909080244,0.200782471869566,0.850624120703057,-0.207204889199705,0.0382715831850228
"CGcb",316,-0.436860616288183,0.0810487402100907,-0.086208172985337,0.277650538057494,-0.0819160722742027,0.182566069551198,-0.931192982826494,0.788313968701948,-0.146044052431199,0.846299378874559,-1.01327509863399,0.578951458335833
"CGcb",317,-0.614691463678802,0.426521769540201,-0.202933256137468,-0.0102679337987971,0.201071992190237,0.0242881787046636,-1.82104964299253,0.87127108791638,0.912711437564014,0.189200931943134,0.21063335430767,0.920695306381022
"CGcb",318,-0.355085515054348,0.40526928074045,-0.114923560502999,0.658403892566289,-0.0584806454277689,0.266528709347847,-1.02661331147863,0.909338468613736,-0.055041692415528,1.13987218143079,0.722701164965084,-0.798205467202837
"CGcb",319,-0.221244893328068,-0.0930669660980708,0.573165674117529,-0.326483059203201,-0.270201018312719,0.13357379110832,-2.00199197608263,1.31976896496621,0.521029423057762,0.868802117561259,-0.0752173464802438,0.529233916917609
"CGcb",320,-0.113910407920365,-0.163943101783961,-0.055711463656587,0.451982903041668,-0.258235735783782,0.082154821757051,-1.0060194957967,1.18811885217957,0.180354782261606,0.615617691935013,0.280422230899393,-0.0952398783252361
"CGcb",321,-0.30460233604836,-0.108689355031155,0.11944279971773,0.564293643083492,-0.144727660760475,-0.0263294039960014,-1.07492360925103,0.635057632016511,0.532622607181597,0.310659399096914,0.117383743272036,0.157979588096599
"CGcb",322,-0.178972883739686,-0.290114411594668,-0.303569463589504,0.526472481790251,0.412224298917383,0.349710389494206,-1.46414866643931,1.02468654162226,-0.0429140965278318,0.314240903830387,0.571017291411779,0.531262479734095
"CGcb",323,-0.362777895504048,-0.177591876996642,0.224541352198702,0.0112648325100039,0.0699007963964696,0.2185732609587,-0.94359686492309,0.56868103865271,-0.29896950763153,0.240169992526447,0.586061649210025,0.287798004844259
"CGcb",324,-0.361173035619524,-0.181996906552794,0.128528841804233,0.000938502147471245,-0.288804228719399,0.294430201941573,-1.62633076770135,1.19708421997182,0.829912798007529,1.02190766354787,1.05660181299809,-0.760445882067739
"CGcb",325,-0.0997237012927478,-0.0518025626415856,0.0781143215002198,0.551571468952932,0.0603124773774117,0.0174499348092453,-0.55538277690795,0.865645610069122,-0.503960569802587,0.520137880266661,-0.304706405893802,0.329735693463371
"CGcb",326,-0.563022162646459,0.79022480473103,-0.322357441147271,0.606942269790705,-0.23635942859057,0.557148785765987,-1.10349796136751,0.633994374363674,0.383027314751991,-0.0413807570056762,0.0913614555107073,1.12038956519313
"CGcb",327,-0.15893211861414,-0.110629714531482,-0.0268518482924639,0.446733993015948,0.144566341866582,-0.139985214060431,-1.29682933458274,1.0199960384061,0.141777578093862,-0.105300884879604,1.08932426583234,0.239715079774012
"CGcb",328,-0.164084283004242,0.148510393213385,0.0847259882562592,0.648805777397588,0.341557477244623,-0.28225548358976,-1.78314303859497,1.32254942021844,0.377524525600697,0.437870155402214,0.632136285789749,0.482200544002082
"CGcb",329,-0.440394607503569,0.150897017240061,0.22221523624493,0.0174376215515526,0.0626116955224866,0.200213966438111,-1.54257193100004,1.02173515115958,0.726092518144689,0.560467504585569,0.427971937789367,-0.0165860512295403
"CGcb",330,-0.17817962178541,-0.564827150556382,-0.154140936405608,0.393386930251029,0.045687709804975,0.198111718949015,-1.72456284253076,1.21675943881634,1.02494940464422,0.810890802645359,1.14550543661729,-1.22007383180828
"CGcb",331,-0.521385758819584,0.184479878077459,0.0701939471923559,-0.039587243141597,0.187047118030657,-0.0155531527431424,-1.54455132741048,1.04059614224009,0.838273621123916,0.976912250003741,0.94982036847003,-0.26010325748669
"CGcb",332,-0.357430507985239,0.0312500386280146,0.375252467413912,-0.424742253744526,0.215885640156359,0.237257193085423,-1.11572038030348,1.31647536561496,0.0358357032262069,0.444614761378644,0.634578402590053,0.0111825309099064
"CGcb",333,-0.191535608077832,0.258094671887498,0.0803839470582291,0.349003061862085,-0.135488015412662,0.15348347881856,-1.65232107927141,0.960351174375593,0.373329701671131,0.626043991623606,0.0855230886710095,0.39173829852538
"CGcb",334,-0.266083264800732,0.0628724144107096,-0.167587099988014,0.508400748285036,0.299909760005096,0.0932463265246323,-1.20005840266306,1.02588721051958,-0.244442893452161,1.35878919707102,0.603259469115555,-0.339859252792624
"CGcb",335,-0.405559998182619,-0.526292583478145,0.408991407855902,-0.359780423468083,-0.224338703258595,0.177013677484805,-1.58024294191073,0.937238373845759,0.851274741209952,-0.436863462768416,0.179794212922257,1.28906013174025
"CGcb",336,-0.183410650566553,0.260022466159546,0.321250562929179,-0.00336901425897518,-0.210234564949037,-0.0376469259754323,-1.82481117200589,0.957021002536686,0.378801067516242,0.0854546202627204,0.761072943204169,1.02715936405989
"CGcb",337,-0.319329936775666,0.0435769894230719,0.383241051617248,0.172795136219389,-0.275785075940053,0.292726400760338,-1.70242456711683,1.00147804156553,0.747820426664459,0.577200539517458,0.577569206596477,0.161026933182866
"CGcb",338,-0.339673617930156,-0.321954447412229,0.244020646255355,-0.0270802917311623,0.104968208159231,0.0214077173533589,-1.32400148971974,0.750289325498327,1.07615253931244,0.773929964273942,-0.43201165961554,0.408248650723775
"CGcb",339,-0.0618499445686243,-0.203299937079548,0.31352284543054,0.00781031677444749,-0.168060189062233,-0.0600220886846149,-1.48538019577138,0.957298591194228,0.264794276038021,0.227145180222364,-0.172007938697541,0.891598951539713
"CGcb",340,-0.363783459958686,0.317927093197438,-0.386106666790662,0.278874789132756,-0.123066663480523,0.229768432056951,-1.10845989510812,0.924690416926526,0.0467452619876603,0.470315386246045,0.176338417789453,0.357995269701433
"CGcb",341,-0.21185931884505,0.0242924278512532,-0.21984547443433,0.482390901686617,0.451603226852443,0.129884395236808,-1.66629146850458,1.57294418116137,-0.152699756627399,1.54151686280719,0.371876528467731,-0.546459427927953
"CGcb",342,-0.264309435074547,-0.0434463087536738,-0.0139046650752603,0.107179592289877,0.178010883729363,-0.0450783069160687,-1.10327247889501,0.510846082584424,0.638081724159361,0.60549641338149,0.0352549631054918,0.241087982507592
"CGcb",343,-0.194024384366673,0.208633467285463,-0.131787289998125,0.630966036605918,0.518361291887009,-0.098210339673779,-0.904377826349443,0.704657176250325,0.29372466323766,0.686176434047164,0.168951325250459,-0.135166846215522
"CGcb",344,-0.227027533963315,0.264268915741387,0.0101469458939753,0.032399246731263,-0.0143454766739744,0.204924901860471,-1.0404280650866,1.0029412028604,-0.271587624460185,0.00263237247028485,0.354792299089421,0.719271783773325
"CGcb",345,-0.685919070730289,0.528046257366407,0.210776698567479,-0.195932622815442,0.246141865993163,0.00296403006896792,-1.11779069894901,0.967736995146913,0.191300566001398,0.616447931410456,0.442995117324866,-0.201498087287096
"CGcb",346,-0.609664570296817,0.371519796901089,0.173467204322084,0.254547802300014,-0.459968205683466,0.21765608108602,-1.40188353315712,0.479701871597938,0.490691746900214,0.596904463919339,0.303875496451679,0.33158386806402
"CGcb",347,-0.777724323168951,0.281900081211324,0.0950407703282955,-0.113157406472455,0.570794593513581,-0.0819508748925451,-1.25984160407367,0.359773883469886,0.0425220182199046,0.235166443656056,0.486858018352628,0.846851190919408
"CGcb",348,-0.102812579492861,-0.0834372500639834,0.145542509264638,0.0266321634882897,0.0370229807631222,0.0113372718933363,-1.25357397120518,-0.0697499940957372,-0.0710423860809511,1.00756006131044,0.0606027109185195,0.683662300254581
"CGcb",349,-0.290898229686306,-0.0265247746023259,0.637741031819204,-0.271983617248067,-0.0433063434404833,0.0904428232850994,-1.74788759412221,1.10551414509984,0.685915341060104,0.454261522561383,0.11620913905623,0.610547506412967
"CGcb",350,-0.673130224339395,0.754463775355924,0.173284228756892,0.0729467328501581,0.454680946941012,-0.200440065962181,-1.42182824644399,1.08753536942711,0.370645444975359,0.488505467029442,-0.284784128535013,1.02955066262894
"CGcb",351,-0.103190033004125,-0.198252912739065,0.143744259576521,0.114104407635846,-0.571405965747053,0.366007698910969,-1.00173245723305,0.780798172253997,0.0626225279656753,0.437097909843847,0.780592539678702,0.0198021013401619
"CGcb",352,-0.537735554659315,0.0146895901771088,0.0733180465590626,0.404142761172895,-0.502000139884121,0.102865953223717,-1.45988274151351,0.841859209899124,0.302618875329021,0.284426572236317,0.0489168278613178,0.701743141241228
"CGcb",353,-0.618891088712008,0.240848738205824,-0.0875180473226623,0.600171395906343,0.0104979093320632,0.276959364647606,-1.79766410569624,1.01734780874253,0.693199449035179,0.90478914694732,0.38014474681906,0.55257413341819
"CGcb",354,-0.316690041878728,-0.258268990838854,-0.00789265045898164,0.347843267880064,0.0714293080265725,-0.374922132884786,-1.78777943975851,1.0267793865739,-0.0188722697906743,0.353193102553419,0.446789022918183,0.963135958423205
"CGcb",355,-0.24022893806356,-0.0561442945488781,-0.0579158378337539,0.197225662893395,0.246945604558855,0.386025945683223,-1.25839608550996,0.499291525683739,0.245802652828177,0.406386613693758,0.82393771793471,0.257837724924035
"CGcb",356,-0.436405559670738,0.330849190460931,-0.213902534234815,0.504976934906472,-0.207960594070736,0.284951423521652,-1.20542673092752,0.840877323103617,0.346786488186481,0.441586834889427,0.594613780376918,-0.108861450235931
"CGcb",357,-0.447775514204753,0.598467460630422,-0.0775688431749349,0.30728928946368,-0.0187442154993742,0.672491475692552,-1.7566188747044,1.01177804438765,0.214300736995986,0.0588522970245643,0.845791067740638,0.280686785337688
"CGcb",358,-0.442014222469611,0.171100410049777,0.124838088795895,0.0159997866229738,0.0609281861685358,0.125576716414561,-1.2487245883504,0.934202376589439,0.161311869265628,0.200102259813141,0.388731636820387,0.578000811621986
"CGcb",359,-0.43843853565298,-0.0228107277901134,0.130510694963677,-0.366979635950197,0.614840704716222,-0.0652832504013401,-1.32993359483848,0.990896230965132,0.679816781432852,0.37101136093482,0.577376500070887,0.287491698817297
"CGcb",360,-0.41711366052314,0.0805020953650195,-0.262185391689445,0.814813701913198,-0.1577962443917,0.192207431475263,-1.11573001822535,0.551044315047031,0.235156109052997,0.525180675698295,-0.160035532572968,0.578015114740849
"CGcb",361,-0.098557885391876,-0.537888536210994,-0.130190475175706,0.429444983060696,0.347055085646015,0.0797702881632501,-1.07346529172307,0.43083815478439,0.774319461003638,0.479550349687235,0.294662041302699,0.239302544339339
"CGcb",362,-0.111047031295803,-0.0597092191328948,0.205369776203951,-0.0434058375574859,-0.0925500412477852,0.401338022950378,-1.03236726991061,0.95125544408346,-0.399632750109278,0.00430838641166792,0.116257152283212,0.907386671866944
"CGcb",363,-0.403715009448402,0.417124098150186,-0.0786063320996271,0.91819534932835,0.254489348669655,-0.0467063837698583,-1.46020931229973,0.53951202240581,0.0836608621370733,1.07629049086286,0.101754413330094,0.486234070137943
"CGcb",364,-0.598513445670907,0.480206941915648,0.123914685822719,0.427348547473292,0.142847649977645,-0.00329160352571051,-0.911463613773336,1.0171911582688,0.00873033737528221,1.01708057530993,-0.0797496796095563,-0.000282857985822799
"CGcb",365,-0.592974910838514,0.461613068651453,-0.139758412186516,0.426413685133123,0.16968416533121,0.0716554333087657,-1.15385569580184,0.783758282224837,0.777318271494223,0.750380159101904,0.154160949611183,-0.0983460955994696
"CGcb",366,-0.411691876723499,-0.543870907979596,-0.368049804373528,0.227207298555176,0.141194305543163,0.524819971673083,-0.792327433589722,0.333336980861139,0.315472478231603,0.700813839140991,0.294148433879769,0.272351593218562
"CGcb",367,-0.160284755385209,-0.0912494479857418,0.369292288236196,0.258022531028883,-0.00579456851006577,-0.135952841553588,-0.986985508560046,0.465675972263771,0.343835952834336,0.860765431302867,-0.0778755595317538,0.0108913717645199
"CGcb",368,-0.544415597741062,0.473441370675906,-0.354350117672187,0.464731275770757,0.397662420026187,0.00316191991157756,-1.46368034693703,0.995219515805171,0.810811257004098,0.410172509921865,-0.544889986763918,0.92894513829527
"CGcb",369,-0.0664554756947854,-0.029237687511724,-0.104567581022099,0.0734135757442932,-0.0375833137738403,0.0146218383393334,-1.39098197421588,0.789552524307448,0.241638024648184,0.379319905597594,0.347858951236872,0.562802830838322
"CGcb",370,-0.501283227714468,0.23539092884255,-0.174085702262694,0.544998997098591,-0.0819301157035679,-0.0657473513041356,-1.4724575398034,0.500121228735656,0.520195896956683,0.509843087176965,0.106382222282222,0.799912521661894
"CGcb",371,-0.836083617047734,0.663820462320194,0.111983529159762,0.295817171038211,-0.0610560539092981,0.221582054254799,-1.47464015902836,1.1578671066267,0.0806648420232157,0.460022638946947,0.864420909224041,0.237413838634224
"CGcb",372,-0.351603578004633,0.302849244419416,-0.433912296821558,0.792743945667046,0.338614439440261,0.154615337503827,-1.64431738741844,0.548560496757118,0.404228861571772,1.1432005423675,0.295965521876633,0.228112949788783
"CGcb",373,-0.0418987460347086,0.0442354116265437,0.0600501730526038,0.608246022147711,-0.0865273154956729,0.261463592908666,-1.68418984767291,0.821247567370112,0.312028815979056,1.28979605223679,0.547582805311675,-0.409626630345278
"CGcb",374,-0.351937494440137,-0.0905071865443827,-0.428426090380799,0.719037231193316,-0.17204154218872,0.335705301586167,-1.62238402800706,1.29584266907928,0.515173340539751,0.494570459120365,0.698909382157374,0.0732763966823132
"CGcb",375,-0.433316568063944,0.0198824300874785,-0.111515141230848,0.484106918977152,-0.139967426010079,0.433552168876769,-1.11552699530928,0.644605661256548,0.0969122172818464,0.975341380502395,0.315799449455927,-0.0341681760911114
"CGcb",376,-0.57965925912113,0.299804008010922,0.113694653365946,0.00965118375387407,0.349265236578228,0.239194593749154,-1.31347535892011,1.00205423511856,0.699643601343432,0.878971895839864,0.436817177536722,-0.551026242073219
"CGcb",377,-0.220011500060898,-0.00245122217910106,0.129327799755315,0.394349985906741,0.46545148498046,-0.308063979208536,-1.42581602443727,0.904586106225321,0.454184380942878,1.0370178494499,-0.182813552956957,0.341446341906417
"CGcb",378,0.144905970540601,0.142255200170893,-0.246475479532997,0.108552505814827,-0.483861342953345,1.35640128432085,-0.625522823815769,0.564226071508012,-0.344714619823218,0.278443971662726,0.204417142599116,0.559268983795444
"CGcb",379,-0.358559095354063,-0.125268618559352,-0.00414078212968782,0.560728669792886,-0.0915373426197191,0.0788836612671234,-0.646977444338201,0.597879184931885,-0.0476679947859724,1.32782107429203,-0.316687905672873,-0.397273912764129
"CGcb",380,-0.182164692254053,0.326808605191583,-0.128916762075919,0.686731788661901,0.895178269515406,-0.222888238081047,-1.31306605946625,1.03084729191241,0.147141461333518,0.97071023260702,0.256706353073066,0.0408394672996264
"CGcb",381,-0.067309914032085,-0.415951938704211,-0.077489397223782,0.319603664889733,-0.0433698547107896,0.14234672495258,-1.04308355873159,0.626802428225606,0.582270841333448,1.32810776229127,0.254465901926395,-0.309964313695762
"CGcb",382,-0.713298422918587,0.0154557194245502,0.533846374056718,0.479939478909989,-0.0565406266103267,-0.26492663805836,-1.57673518488302,0.852861416749891,0.115748052063038,0.816674509175269,0.23006664104007,0.375913798995098
"CGcb",383,-0.15285088188887,-0.165515714065823,0.700700124008023,0.234569156388221,0.0905323826133006,-0.523073219420843,-1.42569554850185,0.817623081825058,0.931086787826146,0.615656317930419,-0.318374625686688,0.532582512263465
"CGcb",384,-0.370142117681386,0.0675273286352453,0.0446358518336943,0.453037775916093,0.262721742920671,-0.25083733312208,-1.31855317364422,0.676924521649906,0.268272297454076,0.345415298188499,0.471471213729687,0.461040977435885
"CGcb",385,-0.255627980623551,0.220457319386689,0.117810208158497,0.473560182830582,-0.279066638875047,0.244771429439263,-1.1113467603206,0.510815556882635,0.683669240101048,0.12466907455221,-0.142851649196732,0.793097021008303
"CGcb",386,-0.535365207931775,0.224158597495157,-0.121161834812391,0.255766728936425,0.476000501271008,0.0455096081491346,-1.51043525788117,1.61347050017296,-0.291606399149209,0.221455367076187,0.406416948915861,0.499819628514461
"CGcb",387,-0.399091972343654,0.48514811215198,-0.126045440625042,0.48966738311052,0.115845705193797,0.0139093598697292,-0.742597254834654,0.32388968452521,-0.363420316689234,0.452516837981092,0.398251231922032,0.374293473539547
"CGcb",388,-0.410537794804509,0.245501243940614,0.216690236998455,0.19355992379731,0.49895515370035,-0.290247055237022,-1.18733455403257,1.1189351103825,0.163237734190644,-0.0791495157490403,1.01366558361193,0.240384647114278
"CGcb",389,-0.337162952993026,0.384616934808638,0.0573020635615937,0.243137475729269,0.33980925133819,0.00990129683057386,-1.09784987913202,0.682231370649089,-0.131259157960759,1.3364678192665,0.62285680422069,-0.525651229346728
"CGcb",390,-0.162480754235672,-0.142110910547958,0.476796656081035,0.285064305053083,-0.0265769044585881,-0.133824893689354,-1.18410487611001,0.382350142631407,0.795191157897432,0.372808868894775,0.302200804055696,0.399106450350264
"CGcb",391,-0.741928867285896,0.486756953726767,0.341577274639036,-0.0203865533102214,0.103991470094291,-0.0151119324097786,-1.28486799546167,0.472313001609206,0.694710427032356,0.00416667532619707,0.208767456306156,0.897357478721694
"CGcb",392,-0.479655707694832,0.556696673384319,0.436070084517682,-0.0349542843081666,0.0287485988975183,-0.0502419996768384,-1.00535392049351,0.656275521158997,0.330882117274593,0.760848005186627,0.224673702833607,-0.109741883375977
"CGcb",393,-0.321059296585677,0.0430222395936653,-0.0577237109374276,1.26811963734457,-0.357717899911315,0.0301284797352751,-0.931985232548369,0.395737149079295,-0.254458856022073,0.801813725164559,0.250900039831846,0.490231695229924
"CGcb",394,-0.369042954709911,0.340705370639684,-0.148711359825056,0.355682980806342,0.133724526711682,0.190513281348074,-0.86626693247566,0.506950850051814,0.353350908947077,0.690477492345113,-0.179730607111681,0.1654210070774
"CGcb",395,-0.223438167149131,0.176463121511696,-0.0800024824335212,0.0884778099266595,0.183485037678249,0.222793398034625,-1.25661122737879,0.869894951109342,0.289634042377206,0.578537845448476,-0.00391912478336854,0.339179150929863
"CGcb",396,-0.526712623509711,0.152917408357906,0.264032601756165,0.466129567228415,0.115710315456317,-0.176230910586018,-1.29868352950013,1.06538747865489,0.217768140921093,0.510315247311807,0.303083517006503,0.263004565544294
"CGcb",397,-0.325318622146064,0.142313840350404,0.203882935670864,0.537247869502913,-0.521005986644635,0.226141526566051,-1.51462548540887,0.563296210163409,0.616558387656016,0.99639570143139,0.0984264763144926,0.205006668720177
"CGcb",398,-0.13796645456865,0.0428924637133771,-0.752928538713569,0.779495067042777,0.113208082956158,0.304497497193851,-1.20207093749888,1.04122101903023,0.125456264929946,0.578554358810789,-0.132605587220161,0.660605798159625
"CGcb",399,-0.42351679912502,-0.124806687931945,-0.257413418509817,0.481706968174516,-0.682794880778511,0.748243866118456,-0.541189280178036,0.663732690505321,-0.327590972969597,0.302174473106427,0.311637228101686,0.118706359433555
"CGcb",400,-0.347229045238893,0.28787230759019,-0.372727378386273,0.368097771717948,0.50563315219522,-0.0869169523764386,-0.873713462240812,0.893936240420866,0.635922810868246,0.519845521589569,-0.119801936259558,-0.0841298083587523
"CGcb",401,-0.732401968755747,0.0758095212924012,-0.302656455462408,0.389265385105531,0.175918480563884,-0.0480397196160771,-1.54169665442398,1.56113886082443,0.221434961082691,0.69840133904271,-0.126635112000743,0.114633352531295
"CGcb",402,-0.101285651961354,-0.205316489688158,-0.0467314173648488,0.487897470955361,0.417004440229068,-0.121759563074769,-1.05410761658366,0.773306727256148,0.293139498850231,0.317872980902048,0.158027523262009,0.340021487072907
"CGcb",403,-0.561035898217846,0.395269528827651,-0.0509760520531842,0.384992441310868,0.0741497594203517,0.163016253021387,-1.20165584673627,0.662041241187323,0.792675535198866,0.259659210166926,0.266614094923441,0.592979469636624
"CGcb",404,-0.128475814119346,0.157417910916382,-0.0948640321398985,0.710377749467205,0.0467563115550565,0.212359844258218,-0.971025862361758,0.754454813539566,-0.0934434004661267,0.142524262118442,0.111510074337207,0.706905970676049
"CGcb",405,-0.345014700857344,-0.108464712421598,0.0628240479525299,0.348489434262928,-0.118472734428682,0.114180925426811,-1.4498189798177,0.999288623242512,0.72088860334936,1.43692870255483,-0.0405439741690444,0.0793820675924017
"CGcb",406,-0.451651874454883,0.0688812961833128,0.467154973985868,0.0699853327341796,-0.0657911200034499,-0.0389168587916623,-1.63410048220706,1.06034823908067,0.18319504479046,0.750288521640911,0.432737899127127,0.332226213077503
"CGcb",407,-0.124496196231842,-0.0342466086919838,-0.0676092873295989,0.367628828646201,0.278392591185222,0.134541879348243,-0.925448920800716,0.347703398142835,0.750835242664516,1.34012417572469,0.219548929165324,-0.859331425042263
"CGcb",408,-0.483809064312582,0.58109952655015,-0.0452857454107848,0.427896802440655,0.140677887157367,0.177430229042823,-1.30843173567609,0.572373572871494,0.468227724519769,0.358688946845604,0.379768156818809,0.65701168275535
"CGcb",409,-0.123783539394112,0.201910627192691,-0.11800697699666,0.267363227411338,-0.485149525379143,0.572349650895746,-1.07946259142035,0.745094893213952,0.130504537892526,1.00643860553956,0.136626379563397,-0.167178476870369
"CGcb",410,-0.336673406117245,0.363207979567314,0.565316178596471,0.0976995808730859,0.64576859648052,-0.441779854272059,-1.77443944073344,0.974139847348216,0.252820460299369,0.98307450970693,0.035492387961239,0.0629618558719074
"CGcb",411,-0.292236147063973,0.252482213557592,-0.108249025004577,0.413460676942118,0.0459524857792675,0.31964011536484,-1.45091345014434,0.34987359785022,0.653417697258888,1.16524983785473,-0.574059083320321,0.378580112616871
"CGcb",412,-0.653454231493964,0.710457601039379,0.0454914006834961,0.208180050124526,0.269051144679898,0.0857254382875003,-1.02782198669602,0.931274092199388,0.0978494897228783,0.305523748067773,0.102613162822805,0.567040794182153
"CGcb",413,-0.262357369274506,-0.100662130560024,-0.103111906947421,0.59437365533197,0.526008960019116,-0.201992212488852,-1.58864153775566,1.12197630354224,0.50384922981331,0.3168920068586,0.0267124695678683,0.561135020064426
"CGcb",414,-0.445720983622789,-0.00442237588416645,-0.0336159494046645,0.516078704152706,0.475498772567241,-0.205065496902068,-1.29059553076159,1.22891843772359,0.303631539641828,-0.152722525092992,0.874724725927865,0.567530359735296
"CGcb",415,-0.31438814797428,0.129748655350007,0.109728073261445,0.224735924238961,0.458103451884346,-0.521604877132482,-0.856601994041453,0.81361265659661,0.139417851433835,0.467143928193948,0.426524627492831,-0.0674193376512933
"CGcb",416,-0.165660777799324,-0.0798958890545059,0.293163646542745,0.493339006538325,-0.475044029943661,0.225649736219805,-1.07433954527588,0.729135523891955,0.475175321090801,0.928060424400342,0.171099845642707,-0.315297793840779
"CGcb",417,-0.187921750641434,-0.0331746491948124,0.0701765921512619,0.602854676268201,-0.04368944966103,-0.026661510378583,-1.40245044622948,0.905909980161519,0.562929191132236,0.581741946502606,0.27016307707873,0.439535348203607
"CGcb",418,-0.239880629727788,-0.121100496178658,0.342980982530236,-0.0622151202361536,0.0261344059030463,-0.122071175212178,-0.852474974331578,0.619804136851195,-0.0757608861163398,0.684594478220791,0.20788505079757,0.13754594250195
"CGcb",419,-0.227027730564475,0.256319428816935,-0.263257979295701,0.328611389841674,0.551966906167346,-0.0577212554470583,-1.17612899131186,0.945874564664935,0.321243440300136,0.923429534976479,0.219675580272267,-0.339874326528937
"CGcb",420,-0.316167469249003,-0.0171836620579823,-0.144292118824697,0.596741265976008,0.36327098529845,0.00986712389654177,-0.879547653732491,0.00269677606505507,0.576082661059295,1.01711377034734,-0.101427499977305,0.277804442249143
"CGcb",421,-0.476231180784686,0.548362366087712,0.171143580368071,-0.266607554700412,-0.123039889695961,0.155466969886671,-1.07991346448107,0.901291739794254,0.35437164791755,0.556270658430758,0.079838061373722,0.494524942756935
"CGcb",422,-0.351550219091621,0.155153108397123,-0.262345630324254,0.655300165727464,0.756381312975538,-0.399895702176018,-1.15669986696931,1.60400321656954,0.144558193113432,1.43163954445133,0.34762464246746,-0.601149985429339
"CGcb",423,-0.313437575654686,0.0300873628186729,0.0426786791168042,0.332831030452503,0.248551707926905,-0.020542862289353,-0.872200137773474,0.415048771494035,0.182186100341529,0.533676145555567,0.240300766515973,0.35006872139867
"CGcb",424,-0.630075289982885,0.512787441933856,-0.124663661055165,0.1643021194125,0.272376355772343,0.413401504082832,-0.783902592850392,0.664851292074111,0.644053574584963,0.423126771105932,-0.428413208361823,0.445841215155607
"CGcb",425,-0.118059972985005,0.456588046297103,0.221180207636426,-0.665597608246305,0.0706311291906399,0.511809196236075,-1.74002141559585,1.01512886138148,0.543946895239036,0.912834641725885,0.623109781269521,-0.378591261851633
"CGcb",426,-0.471558294651512,0.464620683269693,-0.0355098012330748,-0.148925290720693,0.51623065679816,-0.0428410702132072,-1.3204201409398,0.879384756828424,0.701526922327255,0.859089035469958,0.574643473313562,-0.125885990027302
"CGcb",427,-0.395328321771296,0.078856880949155,-0.193753337252764,0.472973817386599,-0.247614613989223,0.433297358311745,-0.976365423550814,0.946970973599698,-0.0780983493560067,0.939506163478281,0.357330948706371,-0.187839889695679
"CGcb",428,-0.62803646693536,0.196602946046749,0.0355406595533145,0.0576103060601412,-0.092778377567198,0.154854860824575,-1.51697419685689,1.50519854050149,0.143267112694333,0.130206289472154,0.976767194139669,0.259628423460246
"CGcb",429,-0.545592666392408,0.191777797857783,-0.352755826988431,1.04167481976864,0.492749949847006,0.0521238547643765,-1.28242419106077,0.917025669497041,0.618477262011854,0.790983862666643,0.407718721595652,-0.209147254419054
"CGcb",430,-0.543600443743303,0.297315263437141,0.225170048109781,-0.174601630223749,0.354660591828717,-0.463192392657829,-1.52189048221669,0.809054392512752,0.759493897800377,0.8046087027067,-0.170735397588701,0.620965535439509
"CGcb",431,-0.395352985503579,0.235466734298577,0.1463063122209,0.298776177794262,-0.166005260569622,0.164509619809415,-0.88111778483045,0.636130707409676,0.220898873055988,0.40298638755805,0.468162758429718,0.157594654818147
"CGcb",432,-0.282027216996069,0.000378622475532878,0.15897707450682,0.510033137165452,0.112373334571227,-0.0678714026503595,-1.32682230204689,0.76119103835472,0.361829122158848,0.51199449405534,0.546733395570005,-0.135238267530673
"CGcb",433,-0.351328586941217,0.0728615512824352,0.24652036360777,-0.165918605827284,0.282683355277529,0.314325228432057,-0.873139432097313,0.538794219001154,0.385422517977186,0.731151277173157,-0.569923210253452,0.615937511757003
"CGcb",434,-0.325980378862669,0.00902633191701627,0.043079418494743,0.13885011136694,0.0971442178359911,0.0472816539972086,-1.16705263563451,0.923266021552516,-0.0593457774206498,0.412735260834864,0.117328749820092,0.218701504025853
"CGcb",435,-0.171490397960478,0.0247478936879644,0.12584205085383,0.209553516453228,-0.372992963281681,0.786029780299425,-1.22183460741494,1.01681820392529,0.342351049319464,0.441037862380198,0.560621410667296,-0.0878450974834118
"CGcb",436,-0.329274859697093,0.255868247206535,-0.0220688540773969,0.664765891233379,0.0574788444833848,0.096657299274692,-0.756508477129127,0.635524998386061,0.0318850769106996,0.539357707361778,0.448631295700888,-0.3615214215333
"CGcb",437,-0.197379356996575,-0.485682346922793,-0.0510595068049301,0.399300362405078,-0.252589334613774,0.259311302668448,-1.35167195930372,1.17135729606466,0.0194042175864875,0.13446067644261,0.290464053019007,0.820167551976391
"CGcb",438,-0.0573904163771069,-0.00577546692282366,-0.0116255137351281,0.313323228773499,0.430534486493429,-0.155085846976829,-1.36310303687455,0.706695637933123,0.511712895943499,0.860732847987038,0.620337054878009,-0.33328313824559
"CGcb",439,-0.61320219125966,0.303818194286608,0.245513803133811,0.144135989006946,-0.210017731645877,0.148817577579522,-1.15804559045937,0.904045684338388,0.137354410126253,1.38258661369978,-2.34912400835086e-05,-0.224766810520347
"CGcb",440,-0.550624821641904,0.479637267173816,-0.0388616424862195,0.150750543941699,0.367561645865138,0.0193461688611534,-1.69409716800801,0.844276882493365,0.327183354084593,0.632643559903231,0.756679911634338,0.177584449702098
"CGcb",441,-0.45844426229189,0.305489254313255,0.232512020127168,-0.0395876496094755,0.0459218209891684,0.27313254266123,-1.70739701016474,1.37375714139795,0.640431242929436,1.46430001179273,0.17895178041033,-0.333783710632712
"CGcb",442,-0.483652802551117,0.154560328269417,0.32407576245484,0.284028834122353,-0.0166751055526153,-0.00306020480465181,-1.61610632876669,1.26563330638932,0.493135472439493,0.391594110909797,-0.0356708859330114,0.606695038795501
"CGcb",443,-0.57139336981667,0.591862518391684,-0.381005499549518,0.577479453297337,0.567318543714365,0.287203249423018,-0.981294312463543,0.66054750101623,0.338038776490604,0.797013100297219,0.322789288775807,-0.152595095365353
"CGcb",444,-0.211610274979982,-0.0781615625993273,0.0981808863425037,0.180949467456847,0.092161173688112,0.0171754454378341,-1.92555058964132,1.46127206503682,0.32577363674895,1.68088209641728,0.682525968591957,-0.435522142151049
"CGcb",445,-0.527365977107849,0.357669173393001,0.222202762591118,0.384981211757615,0.122896211459072,-0.900829361596471,-1.23290341867745,0.520999462639978,-0.0402991109624064,0.446619195580833,0.446352693754801,0.562145983803181
"CGcb",446,-0.145185939112269,0.179199007797577,0.155239241572882,0.732337936132786,-0.147754138609189,0.383635858116298,-1.66128001338696,1.25276046048782,0.678277180766247,0.834353484192065,0.0169226042312302,0.442119740501255
"CGcb",447,-0.184929525555707,0.0106961893817865,0.19782502120272,0.353701626881362,0.641183747519249,-0.698031108983043,-1.19341111945211,0.42025318336291,0.174858280658779,0.660853031600676,0.584237000354507,0.11619654129558
"CGcb",448,-0.295517762034172,0.248550992346836,0.17200708657661,0.50229359227149,-0.45559095433277,0.558015328782427,-1.50496655744354,0.758637427028315,0.430801706296081,0.271892057620228,0.556953917527001,0.238462037828929
"CGcb",449,-0.426978653895753,0.366273172190886,-0.110576663083002,0.052201174975319,-0.238092230898039,0.557534233933811,-1.01994927867456,0.607918139382214,0.339779063406341,1.27019861958044,-0.0497617065536355,0.0333278473149316
"CGcb",450,-0.111111868933155,-0.268738259762223,0.140075822307713,0.268772484443554,-0.0885459188032112,-0.0603261898448341,-0.992832926804248,0.656452251418469,0.231661502797443,0.433500769300874,0.203964685615331,0.238664992734157
"CGcb",451,-0.644218494944657,0.297453882176965,-0.0679336304676421,0.330952474717662,-0.167613179744364,0.3494872547805,-1.26280139097803,1.19997184719906,0.402664523986668,0.0602457927039301,0.548083126201167,0.640591639333945
"CGcb",452,0.0858882256370345,-0.442738289228838,-0.249314845538995,0.28088355696299,0.0868137939311589,0.405716643513022,-1.53573095363018,1.26109725187459,0.396799227764768,1.3561702613702,0.119733821719128,-0.496967461270786
"CGcb",453,-0.474078278176854,0.190067166462899,-0.100088970031577,0.701580811637251,-0.38605644504337,0.164198515734809,-0.654948111913684,0.308481910749929,0.209211394941347,0.873239000366785,-0.169088636379822,0.426478477413304
"CGcb",454,-0.484607835581053,-0.0143434535278516,-0.304910387934487,0.579706965989094,0.855939091127608,-0.299205004560235,-1.69432015369817,0.996189029280923,0.414212992379172,0.71422605540571,-0.0150631738896879,0.41562188649075
"CGcb",455,-0.165209219632189,0.0102403566238729,0.190633649135533,0.125872751842443,0.0554534856259978,0.0140550501267109,-1.39849686691687,0.900563852728595,0.867089612373459,0.260632295497091,0.13088808321106,0.423219242989456
"CGcb",456,-0.442802493296109,0.62991677831943,-0.166332254226935,0.203355421265889,0.113152001641343,0.486102088590207,-1.4063119879526,1.2055023598701,0.463730392950338,0.52784802704512,0.80398297941397,-0.0981187395811032
"CGcb",457,-0.00864541183440179,0.0597169105986956,0.227391302391346,0.0279668230372744,-0.135416474481881,0.402766459430547,-0.730886478411171,0.630333709171038,-0.0669215829250417,0.548481126612502,0.232196894903766,0.163935525905399
"CGcb",458,-0.433998585570106,0.0203716548654408,-0.136082105528304,0.407968484570792,0.452064067193566,0.107330476248233,-1.64459960903328,1.17785167633765,0.151672707640665,0.512213333413509,0.286150033199006,0.788820804432471
"CGcb",459,-0.340323218055914,0.0442851163500207,-0.0731123246446987,0.37075535805354,0.0151646492683391,0.0643638646469385,-1.14614607982289,0.338594073970307,0.378474482448294,0.66983670639222,0.299968898032016,0.427099190504787
"CGcb",460,-0.272821275324029,0.0263297045530157,0.383459788475408,-0.0250556098076526,0.730672613603486,-0.287637853570035,-1.17981834901613,0.627025847760479,0.257930051844736,0.472723811827026,0.00530172743016035,0.798773768263251
"CGcb",461,-0.302495044907788,0.181920081349787,0.297977653326684,0.732307914768918,-0.0882512718888424,0.0164220228666109,-0.688535798086483,0.464426099420466,0.690770194323722,0.543669500402197,0.036940616768204,0.203977663660882
"CGcb",462,-0.104430952267583,0.0986600108134827,-0.0257232312702216,0.25549821855933,0.383718647802267,-0.162606566846751,-0.682584499040154,0.393341574025974,0.239350740576259,1.00810567421647,0.437786227886605,-0.47899954710872
"CGcb",463,-0.150048707449882,0.287668974678521,0.154275367643478,0.328770091630939,0.226230794803353,-0.198092144840551,-1.60313404722209,1.092058808653,0.346967767891467,0.0283902467777263,0.81441631920811,0.0903744038233792
"CGcb",464,-0.353928010842164,0.0320062463946247,0.179507735221054,0.309981816496512,-0.0297908988573639,0.287791725323921,-1.37877072525234,0.780068258762673,0.482432212870438,0.79768078116428,0.043280139048691,0.130930343079847
"CGcb",465,-0.14417387782853,0.143966000754107,-0.103495628695141,0.155141363122197,0.15440932824754,0.080276288045275,-1.25940037823148,0.895577627576809,0.156156879861888,0.0831175511451329,0.114106733247289,0.518030176397677
"CGcb",466,-0.471077164392357,0.250306237183506,5.31180987437067e-05,0.809932465305363,0.0314021191700741,-0.0980552739611545,-1.73361599618163,0.72558723006093,0.627862607017645,0.624346646795368,0.264774643026909,0.758539703998648
"CGcb",467,-0.393107488149332,-0.0886137008334263,-0.137153856615176,0.638349708893013,-0.069993431442392,0.324283547665851,-1.00614135813502,-0.287362731975143,1.08092784414804,1.19431423759437,0.0352143577020359,-0.0271485444694828
"CGcb",468,-0.530058774697468,0.575055869804267,-0.22146416875828,0.621150645505782,-0.328823846243407,0.379188103638567,-1.24059054144455,0.379922252135459,0.6175709943209,0.754098815035971,1.07220812605444,-0.48441546639882
"CGcb",469,-0.240060352905538,-0.876882885018928,-0.0939912440684958,0.657526252411808,0.42014803915644,0.0359838133755962,-1.84437228660815,0.993046960211574,0.890829396012405,0.90738474142177,0.361284795885329,0.458656290418615
"CGcb",470,-0.271707927479126,0.0265222902504268,0.382117712472106,0.0470336451666058,0.432135277089988,-0.440969174927629,-1.07401491857935,0.639931913680909,0.625319298625753,0.721142663523712,0.52670089956594,-0.131060798018529
"CGcb",471,-0.129289234561629,-0.239305141600312,-0.105987523663686,0.246815424011028,0.669300290131142,0.0663884399430905,-1.98489157159353,1.01033392515984,1.38435571050899,0.61610935956436,0.884106461042312,-0.217713242007669
"CGcb",472,-0.141905649530275,-0.271097159667508,0.493517111688513,-0.23187690115596,0.242313961070826,-0.233005956118718,-1.62072240394257,0.617387062338611,0.773908292407938,0.237924261964502,1.53339771711666,-0.10611867998381
"CGcb",473,-0.225911543857797,0.310870418606836,-0.147522421538598,0.679572411105003,-0.292043244229523,0.489156355008461,-0.934537541623076,0.603786719900704,0.577146174570247,0.664638839251177,0.156587507825805,0.0254992069455058
"CGcb",474,-0.204265782906129,-0.0863032037708752,-0.310508804844068,0.780761282285841,0.739191624748933,-0.199386319139523,-1.28215354718863,1.16703796812991,0.0597285861248584,1.0886208250904,0.370013932449041,-0.436972897129136
"CGcb",475,-0.6121965659505,0.0421440095754534,0.176038355813463,-0.172140888291535,0.0208240422603916,0.384145339083446,-0.876881725026536,0.722353094123485,-0.656432251932567,1.65647350620394,-0.945079591348254,-0.0489020044727698
"CGcb",476,-0.614085034547821,0.241803014105221,0.153388792868562,0.160413563296282,0.0280289080189073,0.212484900005389,-1.58587569407067,1.04134649312751,0.446539335743274,1.82182932024584,0.788846347610786,-0.218999039512674
"CGcb",477,-0.0140094276058615,-0.394820974484067,-0.132192256425625,0.584167935362688,-0.307079701751881,0.312662211924688,-1.23074175929153,0.691999612976791,0.437417094037752,0.484969840649384,-0.023089154529399,0.280787025618606
"CGcb",478,-0.374699977438718,0.204213251473929,0.258247889707677,-0.0239346813156852,0.923146361098135,-0.366695929411966,-1.79872523374253,1.29144866512026,0.730329906815114,0.0129409008867331,-0.6508649594507,1.33563262440609
"CGcb",479,-0.265518646951197,0.134448916724383,0.0770905299402894,0.598280025692692,0.187260157214924,0.0406644534569595,-1.52581221507056,1.18266581561402,0.345273679221973,0.972201669616177,-0.187354170648786,0.146649990313768
"CGcb",480,-0.180151646390537,0.0884843649879262,0.263155152594733,0.131354209848621,0.065018196478901,-0.0183763827832909,-0.857391600822002,0.907777877097285,-0.369690634597735,0.481717094821844,0.305725511969831,0.176957028340226
"CGcb",481,-0.271269222221053,0.161426694545957,-0.268840420793264,0.660090937431288,0.264555945620178,-0.204700155468266,-1.33385152855827,1.12834991998533,-0.0163985965622306,0.622213365831334,0.132164798923522,0.378390797864393
"CGcb",482,-0.0888958942932782,-0.0290825593702939,0.078320591722488,0.113488307760317,-0.114617023749976,-0.113238838362027,-1.51458874317804,1.1851508866279,-0.0197991488115767,0.701774449692268,0.303704860024963,0.511937029266071
"CGcb",483,-0.514653124321374,0.624902557236138,-0.120895895155799,0.819751180420199,-0.0300535225517796,0.255009678694572,-1.61703278063081,1.30202824139803,0.4003287154886,0.446292106859453,0.373309868035753,0.406833672409058
"CGcb",484,-0.172057141012871,-0.0189667490350246,-0.0929946012601848,0.936521034052679,0.367365696347036,-0.305458858379491,-1.46800000083349,0.790919948741333,0.0729871169887328,1.17796513420108,0.101492853182855,-0.00480777548386785
"CGcb",485,0.212867294093282,-0.348686367334746,-0.125518636833489,0.5258569539658,0.104263579296833,-0.0535851103267094,-1.41907068963128,0.842177604278857,0.198396717669675,0.465174623678098,0.10408657335741,0.819392889606442
"CGcb",486,-0.378084378323107,0.0895235621179674,0.235466652450381,0.173266047485071,0.461491277582529,-0.189040372229582,-1.49217079906988,0.823678394623256,0.0973821831656839,-0.147168160426992,0.697045727350194,0.795436668274935
"CGcb",487,0.0299920193389836,-0.271214279850927,-0.195076809830661,0.710064150300222,-0.247981012978366,-0.00623207602166442,-1.24635367431723,1.02504662816386,0.740945344429342,0.766883603005748,0.442057161239139,-0.102221360619497
"CGcb",488,-0.382250405942387,0.177736875506967,0.699254920546161,-0.297726117730946,0.170892351933405,-0.190408382380214,-1.96345893597956,1.27876140777874,0.76725014631378,1.69271839368148,0.462727837138679,-0.509101698225833
"CGcb",489,-0.0268480215452494,-0.12000084318555,0.157660468550681,0.42897807579208,0.0411887779391813,0.156532031611148,-1.21630903559714,0.764226921474109,0.133488593354277,0.738540897777303,0.783625841026052,-0.0710142072613864
"CGcb",490,-0.651105976012057,0.425806205751527,0.0911865732231689,0.308228609937753,-0.124729622290543,0.268170251057925,-1.63165387440264,1.19542235732622,0.208311270945752,0.412131174663937,0.185135017722629,-0.137982172629771
"CGcb",491,-0.449049323116102,0.167012176422967,-0.0045030152939387,0.427459479101147,0.0328247822529897,0.0771586025838825,-1.18591251477192,0.797063921143286,0.0666331365050325,0.742587319240638,0.421699401586998,-0.349219320354508
"CGcb",492,-0.25828281073708,0.243730124466721,-0.163298073773058,0.312374023029487,0.0991662030420703,-0.0434257174089672,-1.35157782112235,1.14920097313823,0.153579186098836,1.27308179730115,0.777616711626435,-0.531908661665346
"CGcb",493,-0.36459735380615,-0.17250836723612,0.45714708129186,-0.234891180183093,-0.473868888282107,-0.111436307739483,-0.845526455508591,0.670220126104139,0.235353813388665,-0.0396026648120943,-0.00818109083357401,0.475475872388312
"CGcb",494,-0.291117890266973,-0.239997149878169,-0.228145840345938,0.856785961527787,0.750148878965858,-0.148270065598538,-1.09494609355029,0.951788024415855,-0.246236959789935,0.147650554109024,0.316969330507101,0.834965459330179
"CGcb",495,-0.334793367388453,-0.0219343329099474,0.6652985656118,0.16870147825491,-0.265847625305348,0.0942112791366146,-1.13221312465044,0.86152069367,0.285410698357329,0.623158432051577,0.720408371471242,-0.579730657289586
"CGcb",496,-0.0757631958240893,-0.216866331892,-0.0208068324412525,0.489474702451745,-0.137431197558574,-0.0570359853367109,-1.10314623905094,1.0020431291014,0.252099544793123,0.392803828906422,-0.1886902561609,0.644866558678017
"CGcb",497,-0.122000422348591,-0.0414965491132902,-0.244082058596685,0.525323128541306,-0.217903695061671,0.443362405024871,-1.18915486240386,0.980094887272838,0.0921948807993581,1.52159094696376,-0.400887882568038,-0.33112170433578
"CGcb",498,-0.369013460003989,-0.257316761195039,0.00149848214380793,0.0807805017981897,0.107929363486216,0.191499162433426,-1.29656460799181,0.776736381954172,-0.1394258250566,0.626445587868435,0.396968815992833,0.10347568058494
"CGcb",499,0.0225411721201686,-0.0877970746210191,0.148992036643198,0.278597191629807,0.288174972074822,-0.13838674596814,-1.08946777305361,0.00750543060601972,0.511674494248321,0.492002350487824,0.219751121367954,0.496207454180059
"CGcb",500,-0.700475713549276,0.302073761239586,-0.105670309634501,0.66553936548178,-0.396603575352517,0.435372802623863,-1.26337981508085,0.950134535106047,0.209418585106315,0.446553180056077,0.264587396384121,0.563549438576646
