"setting","spec","params_type","rep","DE","IE","ATE"
1,"CGa","est",1,0.0433,-0.0273,0.016
1,"CGa","est",2,0.0234,0.0251,0.0485
1,"CGa","est",3,0.0153,0.1119,0.1272
1,"CGa","est",4,0.0555,0.0034,0.0589
1,"CGa","est",5,-0.0177,0.011,-0.0067
1,"CGa","est",6,0.052,-0.9385,-0.8865
1,"CGa","est",7,0.0794,-0.0467,0.0327
1,"CGa","est",8,0.0794,-0.0069,0.0725
1,"CGa","est",9,0.1795,0.3987,0.5782
1,"CGa","est",10,0.0386,0.2692,0.3078
1,"CGa","est",11,0.041,-0.046,-0.005
1,"CGa","est",12,0.1282,0.0672,0.1954
1,"CGa","est",13,0.0406,0.023,0.0636
1,"CGa","est",14,0.1022,0.2702,0.3724
1,"CGa","est",15,0.0285,-0.0243,0.0042
1,"CGa","est",16,0.0522,0.3825,0.4347
1,"CGa","est",17,0.1131,0.4125,0.5256
1,"CGa","est",18,-0.0319,0.2233,0.1914
1,"CGa","est",19,0.0151,0.0601,0.0752
1,"CGa","est",20,-0.0037,0.5623,0.5586
1,"CGa","est",21,0.1428,0.6018,0.7446
1,"CGa","est",22,0.1459,0.3598,0.5057
1,"CGa","est",23,0.1275,0.3217,0.4492
1,"CGa","est",24,0.095,0.34,0.435
1,"CGa","est",25,0.0176,-0.0169,0.000699999999999999
1,"CGa","est",26,0.1023,0.0788,0.1811
1,"CGa","est",27,0.0545,0.1981,0.2526
1,"CGa","est",28,0.1192,0.2129,0.3321
1,"CGa","est",29,0.0428,0.0012,0.044
1,"CGa","est",30,0.0912,0.3434,0.4346
1,"CGa","est",31,0.0141,0.1499,0.164
1,"CGa","est",32,0.0904,-0.0291,0.0613
1,"CGa","est",33,0.0166,-0.016,6e-04
1,"CGa","est",34,0.1026,0.7422,0.8448
1,"CGa","est",35,0.1925,0.1063,0.2988
1,"CGa","est",36,0.1206,0.479,0.5996
1,"CGa","est",37,0.0345,0.5291,0.5636
1,"CGa","est",38,0.0346,-0.0368,-0.0022
1,"CGa","est",39,0.0869,0.0892,0.1761
1,"CGa","est",40,0.037,-0.0062,0.0308
1,"CGa","est",41,0.1682,0.2672,0.4354
1,"CGa","est",42,-0.0105,-0.0086,-0.0191
1,"CGa","est",43,0.1438,0.6163,0.7601
1,"CGa","est",44,-0.0216,-0.926,-0.9476
1,"CGa","est",45,0.0566,-0.0361,0.0205
1,"CGa","est",46,0.0588,0.5236,0.5824
1,"CGa","est",47,0.0084,-0.0282,-0.0198
1,"CGa","est",48,-0.004,0.0017,-0.0023
1,"CGa","est",49,0.0147,0.0487,0.0634
1,"CGa","est",50,0.1251,0.3628,0.4879
1,"CGa","est",51,0.011,0.007,0.018
1,"CGa","est",52,0.1508,0.3708,0.5216
1,"CGa","est",53,0.0282,-0.0283,-0.000100000000000002
1,"CGa","est",54,0.0653,-0.0486,0.0167
1,"CGa","est",55,0.0858,0.7109,0.7967
1,"CGa","est",56,0.1305,0.0025,0.133
1,"CGa","est",57,0.0793,-0.0417,0.0376
1,"CGa","est",58,0.0775,0.0562,0.1337
1,"CGa","est",59,0.0471,0.4382,0.4853
1,"CGa","est",60,0.2228,0.1212,0.344
1,"CGa","est",61,-0.0105,0.0083,-0.0022
1,"CGa","est",62,0.014,-0.0205,-0.0065
1,"CGa","est",63,0.1216,0.4005,0.5221
1,"CGa","est",64,0.0874,-0.0326,0.0548
1,"CGa","est",65,0.000999999999999997,-0.0073,-0.0063
1,"CGa","est",66,0.109,0.1488,0.2578
1,"CGa","est",67,-0.0112,0.0899,0.0787
1,"CGa","est",68,0.0551,0.1013,0.1564
1,"CGa","est",69,0.1991,0.3101,0.5092
1,"CGa","est",70,0.0296,0.1253,0.1549
1,"CGa","est",71,0.0623,-0.0421,0.0202
1,"CGa","est",72,0.0283,0.0812,0.1095
1,"CGa","est",73,0.189,-0.0101,0.1789
1,"CGa","est",74,0.0109,0.2961,0.307
1,"CGa","est",75,0.0775,-0.0192,0.0583
1,"CGa","est",76,0.1357,-0.0154,0.1203
1,"CGa","est",77,0.122,0.6576,0.7796
1,"CGa","est",78,0.106,0.4453,0.5513
1,"CGa","est",79,0.0074,0.4852,0.4926
1,"CGa","est",80,0.1151,0.8142,0.9293
1,"CGa","est",81,0.1176,0.3854,0.503
1,"CGa","est",82,0.0653,0.1794,0.2447
1,"CGa","est",83,0.01,-0.0146,-0.0046
1,"CGa","est",84,0.1438,0.164,0.3078
1,"CGa","est",85,0.0755,0.3068,0.3823
1,"CGa","est",86,0.0531,0.1371,0.1902
1,"CGa","est",87,0.068,-0.0437,0.0243
1,"CGa","est",88,0.1401,-0.009,0.1311
1,"CGa","est",89,-0.0055,0.0127,0.00720000000000001
1,"CGa","est",90,0.0383,-0.0058,0.0325
1,"CGa","est",91,0.2104,0.4764,0.6868
1,"CGa","est",92,0.2095,0.4977,0.7072
1,"CGa","est",93,-0.0286,0.115,0.0864
1,"CGa","est",94,0.0693,0.7313,0.8006
1,"CGa","est",95,0.0468,0.0051,0.0519
1,"CGa","est",96,0.0315,0.2235,0.255
1,"CGa","est",97,0.0031,-0.9522,-0.9491
1,"CGa","est",98,0.1207,0.4364,0.5571
1,"CGa","est",99,0.0863,0.0822,0.1685
1,"CGa","est",100,0.1056,0.1704,0.276
1,"CGa","est",101,0.009,0.1632,0.1722
1,"CGa","est",102,0.082,0.1342,0.2162
1,"CGa","est",103,0.0553,0.0016,0.0569
1,"CGa","est",104,0.0837,0.0085,0.0922
1,"CGa","est",105,0.0323,0.2796,0.3119
1,"CGa","est",106,0.1519,0.0564,0.2083
1,"CGa","est",107,-0.0378,0.2204,0.1826
1,"CGa","est",108,-0.0066,0.3626,0.356
1,"CGa","est",109,0.0489,-0.0111,0.0378
1,"CGa","est",110,0.009,0.1215,0.1305
1,"CGa","est",111,0.0786,0.3489,0.4275
1,"CGa","est",112,-0.0217,0.0531,0.0314
1,"CGa","est",113,-0.0283,0.4268,0.3985
1,"CGa","est",114,0.0882,0.0807,0.1689
1,"CGa","est",115,0.0411,-0.0501,-0.009
1,"CGa","est",116,0.0622,0.4045,0.4667
1,"CGa","est",117,0.1713,0.4849,0.6562
1,"CGa","est",118,0.0098,-0.012,-0.0022
1,"CGa","est",119,0.0732,0.0627,0.1359
1,"CGa","est",120,0.1235,0.6402,0.7637
1,"CGa","est",121,0.0439,-0.0354,0.0085
1,"CGa","est",122,0.0757,0.4505,0.5262
1,"CGa","est",123,0.00479999999999999,0.5739,0.5787
1,"CGa","est",124,-0.0051,-0.0094,-0.0145
1,"CGa","est",125,0.1174,0.2833,0.4007
1,"CGa","est",126,0.0703,0.0521,0.1224
1,"CGa","est",127,0.0949,0.1106,0.2055
1,"CGa","est",128,0.0863,0.5477,0.634
1,"CGa","est",129,0.1135,0.0807,0.1942
1,"CGa","est",130,0.1294,0.1468,0.2762
1,"CGa","est",131,0.0858,0.2236,0.3094
1,"CGa","est",132,0.0221,0.1679,0.19
1,"CGa","est",133,0.0516,0.4812,0.5328
1,"CGa","est",134,0.0502,-0.0253,0.0249
1,"CGa","est",135,0.1303,-0.011,0.1193
1,"CGa","est",136,0.1772,0.2192,0.3964
1,"CGa","est",137,-0.0086,-0.0111,-0.0197
1,"CGa","est",138,0.0791,-0.5962,-0.5171
1,"CGa","est",139,0.0418,-0.0071,0.0347
1,"CGa","est",140,0.0356,0.2787,0.3143
1,"CGa","est",141,0.1676,0.4129,0.5805
1,"CGa","est",142,0.0284,0.3343,0.3627
1,"CGa","est",143,-0.0078,0.0213,0.0135
1,"CGa","est",144,0.1233,0.2901,0.4134
1,"CGa","est",145,0.0814,0.0269,0.1083
1,"CGa","est",146,0.1352,0.5117,0.6469
1,"CGa","est",147,0.0939,0.1257,0.2196
1,"CGa","est",148,0.0588,0.4301,0.4889
1,"CGa","est",149,-0.0044,0.0715,0.0671
1,"CGa","est",150,0.0558,0.1726,0.2284
1,"CGa","est",151,-0.0733,0.0238,-0.0495
1,"CGa","est",152,0.0102,-0.000199999999999999,0.01
1,"CGa","est",153,0.2225,0.256,0.4785
1,"CGa","est",154,0.1305,0.1279,0.2584
1,"CGa","est",155,0.0561,0.0434,0.0995
1,"CGa","est",156,0.2425,0.3755,0.618
1,"CGa","est",157,0.1257,0.2869,0.4126
1,"CGa","est",158,0.0812,-0.0255,0.0557
1,"CGa","est",159,0.2733,0.3342,0.6075
1,"CGa","est",160,0.3569,0.4288,0.7857
1,"CGa","est",161,0.2083,0.6303,0.8386
1,"CGa","est",162,0.3972,0.3752,0.7724
1,"CGa","est",163,0.0299,0.0276,0.0575
1,"CGa","est",164,0.0986,0.0354,0.134
1,"CGa","est",165,0.0654,-0.0441,0.0213
1,"CGa","est",166,0.0763,0.1928,0.2691
1,"CGa","est",167,0.1775,0.3611,0.5386
1,"CGa","est",168,0.0278,0.0884,0.1162
1,"CGa","est",169,0.1287,0.0175,0.1462
1,"CGa","est",170,0.1063,0.0181,0.1244
1,"CGa","est",171,0.0616,-0.0152,0.0464
1,"CGa","est",172,0.0731,0.3531,0.4262
1,"CGa","est",173,0.0042,-0.9602,-0.956
1,"CGa","est",174,0.0257,-0.0202,0.00550000000000001
1,"CGa","est",175,-0.1306,0.4472,0.3166
1,"CGa","est",176,0.095,0.1674,0.2624
1,"CGa","est",177,0.0272,0.3031,0.3303
1,"CGa","est",178,0.026,-0.9641,-0.9381
1,"CGa","est",179,0.1065,0.0865,0.193
1,"CGa","est",180,0.1041,0.1247,0.2288
1,"CGa","est",181,0.0426,0.2689,0.3115
1,"CGa","est",182,0.0439,0.0026,0.0465
1,"CGa","est",183,0.0147,0.1607,0.1754
1,"CGa","est",184,0.2474,0.5154,0.7628
1,"CGa","est",185,-0.0029,-0.0169,-0.0198
1,"CGa","est",186,-0.0261,0.0491,0.023
1,"CGa","est",187,0.0064,0.5374,0.5438
1,"CGa","est",188,-0.0173,0.4437,0.4264
1,"CGa","est",189,0.1468,0.1724,0.3192
1,"CGa","est",190,0.0452,-0.0094,0.0358
1,"CGa","est",191,0.1395,0.3716,0.5111
1,"CGa","est",192,0.0771,-0.0101,0.067
1,"CGa","est",193,-0.0059,0.0046,-0.0013
1,"CGa","est",194,0.0501,-0.0232,0.0269
1,"CGa","est",195,0.0687,0.0292,0.0979
1,"CGa","est",196,0.1754,0.2728,0.4482
1,"CGa","est",197,0.0959,0.0217,0.1176
1,"CGa","est",198,-0.0016,-0.003,-0.0046
1,"CGa","est",199,0.1689,0.1745,0.3434
1,"CGa","est",200,0.0484,-0.01,0.0384
1,"CGa","est",201,0.0507,-0.0439,0.0068
1,"CGa","est",202,-0.0481,0.0964,0.0483
1,"CGa","est",203,0.1652,0.0119,0.1771
1,"CGa","est",204,0.204,0.2933,0.4973
1,"CGa","est",205,0.127,0.6546,0.7816
1,"CGa","est",206,0.0885,0.1238,0.2123
1,"CGa","est",207,0.1152,0.1634,0.2786
1,"CGa","est",208,0.0575,-0.0208,0.0367
1,"CGa","est",209,0.0602,0.0356,0.0958
1,"CGa","est",210,0.1143,0.1604,0.2747
1,"CGa","est",211,0.0294,0.0077,0.0371
1,"CGa","est",212,0.0164,0.0462,0.0626
1,"CGa","est",213,0.1295,0.6276,0.7571
1,"CGa","est",214,0.0555,-0.0131,0.0424
1,"CGa","est",215,0.1949,0.3359,0.5308
1,"CGa","est",216,0.1345,0.1273,0.2618
1,"CGa","est",217,0.2731,0.4493,0.7224
1,"CGa","est",218,0.192,0.0521,0.2441
1,"CGa","est",219,0.051,-0.0304,0.0206
1,"CGa","est",220,0.0011,-0.0031,-0.002
1,"CGa","est",221,0.0606,0.5217,0.5823
1,"CGa","est",222,0.0191,0.0674,0.0865
1,"CGa","est",223,0.0374,0.3624,0.3998
1,"CGa","est",224,0.3018,0.2655,0.5673
1,"CGa","est",225,0.1359,0.3319,0.4678
1,"CGa","est",226,0.1921,0.5264,0.7185
1,"CGa","est",227,0.1064,-0.034,0.0724
1,"CGa","est",228,0.1411,0.0247,0.1658
1,"CGa","est",229,0.0108,0.0318,0.0426
1,"CGa","est",230,0.1766,-0.0381,0.1385
1,"CGa","est",231,0.2018,0.1037,0.3055
1,"CGa","est",232,0.1277,0.1525,0.2802
1,"CGa","est",233,-0.0539,-0.0077,-0.0616
1,"CGa","est",234,0.0458,-0.0395,0.0063
1,"CGa","est",235,0.1336,0.2858,0.4194
1,"CGa","est",236,0.0645,-0.0486,0.0159
1,"CGa","est",237,0.1772,-0.0553,0.1219
1,"CGa","est",238,0.0798,0.2017,0.2815
1,"CGa","est",239,0.0431,0.2347,0.2778
1,"CGa","est",240,-0.0109,-0.9093,-0.9202
1,"CGa","est",241,0.086,0.1518,0.2378
1,"CGa","est",242,0.1791,0.4465,0.6256
1,"CGa","est",243,0.0381,0.0688,0.1069
1,"CGa","est",244,0.0973,0.0614,0.1587
1,"CGa","est",245,-0.0377,0.0119,-0.0258
1,"CGa","est",246,0.0192,0.1669,0.1861
1,"CGa","est",247,-0.0608,0.1244,0.0636
1,"CGa","est",248,0.0613,0.2261,0.2874
1,"CGa","est",249,0.095,0.0399,0.1349
1,"CGa","est",250,0.1638,0.2367,0.4005
1,"CGa","est",251,0.2648,0.4391,0.7039
1,"CGa","est",252,0.064,-0.0321,0.0319
1,"CGa","est",253,0.1127,0.2193,0.332
1,"CGa","est",254,0.1621,0.3074,0.4695
1,"CGa","est",255,0.1684,0.3847,0.5531
1,"CGa","est",256,0.0214,-0.0058,0.0156
1,"CGa","est",257,0.0426,-0.0375,0.0051
1,"CGa","est",258,0.1902,0.515,0.7052
1,"CGa","est",259,0.0399,-0.0127,0.0272
1,"CGa","est",260,0.1054,0.5611,0.6665
1,"CGa","est",261,0.035,0.0089,0.0439
1,"CGa","est",262,0.0542,0.316,0.3702
1,"CGa","est",263,0.0909,-0.0233,0.0676
1,"CGa","est",264,0.1689,0.2056,0.3745
1,"CGa","est",265,0.0902,0.0627,0.1529
1,"CGa","est",266,0.033,-0.0104,0.0226
1,"CGa","est",267,-0.0115,-0.0053,-0.0168
1,"CGa","est",268,-0.0558,0.2167,0.1609
1,"CGa","est",269,0.1449,0.5077,0.6526
1,"CGa","est",270,0.0092,0.0663,0.0755
1,"CGa","est",271,0.0477,0.1638,0.2115
1,"CGa","est",272,0.0533,0.0125,0.0658
1,"CGa","est",273,0.1675,0.4722,0.6397
1,"CGa","est",274,0.0714,-0.0291,0.0423
1,"CGa","est",275,-0.0546,-0.6995,-0.7541
1,"CGa","est",276,0.026,0.0213,0.0473
1,"CGa","est",277,0.1058,0.5776,0.6834
1,"CGa","est",278,0.0671,0.0132,0.0803
1,"CGa","est",279,0.3439,0.1955,0.5394
1,"CGa","est",280,0.1006,0.4101,0.5107
1,"CGa","est",281,0.11,0.3689,0.4789
1,"CGa","est",282,0.0985,-0.0358,0.0627
1,"CGa","est",283,0.0324,0.2046,0.237
1,"CGa","est",284,0.132,-0.0193,0.1127
1,"CGa","est",285,0.121,0.2033,0.3243
1,"CGa","est",286,0.1762,0.7169,0.8931
1,"CGa","est",287,0.0053,0.7416,0.7469
1,"CGa","est",288,0.0747,0.5317,0.6064
1,"CGa","est",289,-0.0045,-0.0192,-0.0237
1,"CGa","est",290,0.0026,-0.0071,-0.0045
1,"CGa","est",291,0.1713,0.1963,0.3676
1,"CGa","est",292,0.0368,0.2637,0.3005
1,"CGa","est",293,0.0484,0.1158,0.1642
1,"CGa","est",294,-0.0162,0.3262,0.31
1,"CGa","est",295,0.0322,0.3196,0.3518
1,"CGa","est",296,0.0895,0.3271,0.4166
1,"CGa","est",297,0.151,0.2629,0.4139
1,"CGa","est",298,0.165,0.3864,0.5514
1,"CGa","est",299,0.0423,-0.0197,0.0226
1,"CGa","est",300,0.1448,0.3565,0.5013
1,"CGa","est",301,0.1817,0.1843,0.366
1,"CGa","est",302,0.0912,0.519,0.6102
1,"CGa","est",303,0.1198,0.4282,0.548
1,"CGa","est",304,0.0548,0.0253,0.0801
1,"CGa","est",305,0.1176,0.4638,0.5814
1,"CGa","est",306,0.0259,0.0288,0.0547
1,"CGa","est",307,0.0693,0.3543,0.4236
1,"CGa","est",308,0.0808,0.4827,0.5635
1,"CGa","est",309,0.0814,0.1511,0.2325
1,"CGa","est",310,0.1138,0.3272,0.441
1,"CGa","est",311,0.0979,0.7468,0.8447
1,"CGa","est",312,0.0223,0.0155,0.0378
1,"CGa","est",313,-0.0434,0.8174,0.774
1,"CGa","est",314,0.0758,-0.0019,0.0739
1,"CGa","est",315,-0.0167,0.1866,0.1699
1,"CGa","est",316,0.2465,0.6451,0.8916
1,"CGa","est",317,0.0305,-0.0116,0.0189
1,"CGa","est",318,0.1572,0.389,0.5462
1,"CGa","est",319,0.1061,0.1587,0.2648
1,"CGa","est",320,0.067,-0.012,0.055
1,"CGa","est",321,0.0661,-0.0341,0.032
1,"CGa","est",322,0.1667,0.1963,0.363
1,"CGa","est",323,0.0989,0.3398,0.4387
1,"CGa","est",324,0.1076,0.3175,0.4251
1,"CGa","est",325,0.0485,0.0379,0.0864
1,"CGa","est",326,0.032,0.0568,0.0888
1,"CGa","est",327,0.1332,0.241,0.3742
1,"CGa","est",328,0.1615,0.6161,0.7776
1,"CGa","est",329,0.2304,0.4393,0.6697
1,"CGa","est",330,0.1149,-8e-04,0.1141
1,"CGa","est",331,0.0962,0.1408,0.237
1,"CGa","est",332,0.0383,0.0315,0.0698
1,"CGa","est",333,0.0635,-0.0469,0.0166
1,"CGa","est",334,0.0611,0.2606,0.3217
1,"CGa","est",335,0.2415,0.2047,0.4462
1,"CGa","est",336,0.0928,0.4327,0.5255
1,"CGa","est",337,0.3123,0.516,0.8283
1,"CGa","est",338,0.0571,0.0222,0.0793
1,"CGa","est",339,0.4122,0.4654,0.8776
1,"CGa","est",340,-0.0295,0.3469,0.3174
1,"CGa","est",341,0.0597,0.0329,0.0926
1,"CGa","est",342,0.1785,0.0501,0.2286
1,"CGa","est",343,0.0642,0.0339,0.0981
1,"CGa","est",344,0.1357,0.4958,0.6315
1,"CGa","est",345,0.0423,0.4714,0.5137
1,"CGa","est",346,0.1422,0.5655,0.7077
1,"CGa","est",347,0.0737,0.0227,0.0964
1,"CGa","est",348,0.0478,0.1625,0.2103
1,"CGa","est",349,0.1823,0.4571,0.6394
1,"CGa","est",350,0.0999,0.0636,0.1635
1,"CGa","est",351,0.0589,-0.0321,0.0268
1,"CGa","est",352,0.2238,0.4197,0.6435
1,"CGa","est",353,0.0693,0.3641,0.4334
1,"CGa","est",354,0.0605,-0.015,0.0455
1,"CGa","est",355,0.0788,-0.0367,0.0421
1,"CGa","est",356,0.1996,0.169,0.3686
1,"CGa","est",357,0.0014,0.3277,0.3291
1,"CGa","est",358,0.1777,0.5514,0.7291
1,"CGa","est",359,0.0578,0.3075,0.3653
1,"CGa","est",360,0.1914,0.3149,0.5063
1,"CGa","est",361,0.0706,0.0636,0.1342
1,"CGa","est",362,-0.0501,-0.0041,-0.0542
1,"CGa","est",363,-0.0112,0.056,0.0448
1,"CGa","est",364,-0.0138,0.0086,-0.0052
1,"CGa","est",365,0.129,0.0304,0.1594
1,"CGa","est",366,0.1379,0.0848,0.2227
1,"CGa","est",367,0.1486,0.3214,0.47
1,"CGa","est",368,0.1769,0.2637,0.4406
1,"CGa","est",369,0.0018,0.1746,0.1764
1,"CGa","est",370,0.0621,-0.0404,0.0217
1,"CGa","est",371,0.0807,0.1304,0.2111
1,"CGa","est",372,0.0832,0.0948,0.178
1,"CGa","est",373,-0.0016,0.2268,0.2252
1,"CGa","est",374,0.1911,0.3148,0.5059
1,"CGa","est",375,0.073,-0.0199,0.0531
1,"CGa","est",376,0.0833,-0.0653,0.018
1,"CGa","est",377,0.0294,0.2628,0.2922
1,"CGa","est",378,0.0449,-0.0329,0.012
1,"CGa","est",379,0.0661,0.2253,0.2914
1,"CGa","est",380,0.1595,0.5725,0.732
1,"CGa","est",381,-0.0225,-0.0142,-0.0367
1,"CGa","est",382,0.1961,0.5498,0.7459
1,"CGa","est",383,0.05,-0.0403,0.0097
1,"CGa","est",384,-0.0085,0.0015,-0.007
1,"CGa","est",385,0.1156,-0.0055,0.1101
1,"CGa","est",386,-0.0815,0.0742,-0.0073
1,"CGa","est",387,0.114,0.6933,0.8073
1,"CGa","est",388,0.0654,-0.0164,0.049
1,"CGa","est",389,0.07,0.1783,0.2483
1,"CGa","est",390,0.183,0.5025,0.6855
1,"CGa","est",391,-6e-04,-0.02,-0.0206
1,"CGa","est",392,0.0833,-0.0423,0.041
1,"CGa","est",393,0.0632,0.3761,0.4393
1,"CGa","est",394,0.1456,0.0314,0.177
1,"CGa","est",395,0.1132,-0.0149,0.0983
1,"CGa","est",396,-0.0221,0.1854,0.1633
1,"CGa","est",397,0.057,0.19,0.247
1,"CGa","est",398,-0.0258,0.0369,0.0111
1,"CGa","est",399,0.0887,-0.0339,0.0548
1,"CGa","est",400,0.0703,-0.0283,0.042
1,"CGa","est",401,0.0782,0.022,0.1002
1,"CGa","est",402,-0.0091,-0.0081,-0.0172
1,"CGa","est",403,0.1917,0.3328,0.5245
1,"CGa","est",404,0.156,0.4698,0.6258
1,"CGa","est",405,0.0207,-0.017,0.0037
1,"CGa","est",406,0.0852,0.0183,0.1035
1,"CGa","est",407,-0.0762,0.2161,0.1399
1,"CGa","est",408,0.1746,0.5491,0.7237
1,"CGa","est",409,0.0495,0.0868,0.1363
1,"CGa","est",410,0.1068,0.2556,0.3624
1,"CGa","est",411,0.0125,0.2068,0.2193
1,"CGa","est",412,0.078,0.3262,0.4042
1,"CGa","est",413,-0.000899999999999999,-0.0146,-0.0155
1,"CGa","est",414,0.0563,0.5496,0.6059
1,"CGa","est",415,0.0639,-0.027,0.0369
1,"CGa","est",416,0.1751,0.4864,0.6615
1,"CGa","est",417,0.0537,0.2577,0.3114
1,"CGa","est",418,0.093,0.0387,0.1317
1,"CGa","est",419,-0.0071,0.0457,0.0386
1,"CGa","est",420,0.0168,0.7838,0.8006
1,"CGa","est",421,0.0403,-0.0118,0.0285
1,"CGa","est",422,0.3148,0.4063,0.7211
1,"CGa","est",423,-0.0633,0.5039,0.4406
1,"CGa","est",424,0.1417,0.4674,0.6091
1,"CGa","est",425,0.0704,0.0463,0.1167
1,"CGa","est",426,0.0989,0.1703,0.2692
1,"CGa","est",427,0.0935,0.6293,0.7228
1,"CGa","est",428,0.0647,0.2609,0.3256
1,"CGa","est",429,0.113,0.042,0.155
1,"CGa","est",430,0.0091,0.1931,0.2022
1,"CGa","est",431,0.0882,0.5196,0.6078
1,"CGa","est",432,0.1826,0.4177,0.6003
1,"CGa","est",433,0.1345,0.2792,0.4137
1,"CGa","est",434,0.0491,-0.0241,0.025
1,"CGa","est",435,0.0147,-0.0018,0.0129
1,"CGa","est",436,0.0435,0.147,0.1905
1,"CGa","est",437,0.1528,0.0618,0.2146
1,"CGa","est",438,0.0252,0.1845,0.2097
1,"CGa","est",439,0.0469,0.0326,0.0795
1,"CGa","est",440,0.1539,0.5606,0.7145
1,"CGa","est",441,0.0914,0.0621,0.1535
1,"CGa","est",442,0.0157,0.1172,0.1329
1,"CGa","est",443,0.2282,0.3044,0.5326
1,"CGa","est",444,0.1972,-0.0543,0.1429
1,"CGa","est",445,-0.0243,0.0382,0.0139
1,"CGa","est",446,0.1197,0.1281,0.2478
1,"CGa","est",447,0.0286,-0.0186,0.01
1,"CGa","est",448,0.0517,-0.0369,0.0148
1,"CGa","est",449,0.1999,0.4929,0.6928
1,"CGa","est",450,0.0719,0.3709,0.4428
1,"CGa","est",451,0.1213,0.2017,0.323
1,"CGa","est",452,-0.0797,0.2756,0.1959
1,"CGa","est",453,0.082,-0.0032,0.0788
1,"CGa","est",454,0.0575,0.016,0.0735
1,"CGa","est",455,0.1405,0.351,0.4915
1,"CGa","est",456,0.0619,0.011,0.0729
1,"CGa","est",457,0.2973,0.3536,0.6509
1,"CGa","est",458,0.0967,0.0689,0.1656
1,"CGa","est",459,0.0467,0.5109,0.5576
1,"CGa","est",460,0.1269,0.6654,0.7923
1,"CGa","est",461,0.1347,0.1304,0.2651
1,"CGa","est",462,0.029,0.2063,0.2353
1,"CGa","est",463,0.1048,0.244,0.3488
1,"CGa","est",464,0.0749,0.699,0.7739
1,"CGa","est",465,0.045,-0.0407,0.0043
1,"CGa","est",466,0.1537,0.4265,0.5802
1,"CGa","est",467,0.1534,0.2295,0.3829
1,"CGa","est",468,-0.0528,0.0236,-0.0292
1,"CGa","est",469,0.181,0.2705,0.4515
1,"CGa","est",470,0.0522,-0.0426,0.0096
1,"CGa","est",471,0.0592,-0.0175,0.0417
1,"CGa","est",472,0.1285,0.2036,0.3321
1,"CGa","est",473,0.0515,-0.0237,0.0278
1,"CGa","est",474,0.0058,-0.976,-0.9702
1,"CGa","est",475,0.056,0.183,0.239
1,"CGa","est",476,0.0935,0.3484,0.4419
1,"CGa","est",477,0.0029,-0.0148,-0.0119
1,"CGa","est",478,0.0426,-0.1452,-0.1026
1,"CGa","est",479,0.0557,0.1503,0.206
1,"CGa","est",480,0.2294,0.257,0.4864
1,"CGa","est",481,0.1511,0.3026,0.4537
1,"CGa","est",482,0.1295,-0.0189,0.1106
1,"CGa","est",483,0.0446,0.1851,0.2297
1,"CGa","est",484,0.0244,0.0578,0.0822
1,"CGa","est",485,-0.01,0.0208,0.0108
1,"CGa","est",486,0.0986,0.5413,0.6399
1,"CGa","est",487,0.0337,0.2484,0.2821
1,"CGa","est",488,0.0879,0.0789,0.1668
1,"CGa","est",489,0.0698,0.1998,0.2696
1,"CGa","est",490,0.1149,0.3786,0.4935
1,"CGa","est",491,0.0921,0.4523,0.5444
1,"CGa","est",492,0.02,0.0153,0.0353
1,"CGa","est",493,0.2222,0.4459,0.6681
1,"CGa","est",494,0.0605,0.0077,0.0682
1,"CGa","est",495,0.0829,0.0149,0.0978
1,"CGa","est",496,-0.0283,0.2214,0.1931
1,"CGa","est",497,0.0973,0.128,0.2253
1,"CGa","est",498,0.0114,-0.0645,-0.0531
1,"CGa","est",499,0.0388,0.239,0.2778
1,"CGa","est",500,0.0312,0.1602,0.1914
1,"CGa","true",1,0.0918,0.1961,0.2879
1,"CGa","true",2,0.0929,0.1845,0.2774
1,"CGa","true",3,0.0926,0.1862,0.2788
1,"CGa","true",4,0.0872,0.201,0.2882
1,"CGa","true",5,0.085,0.192,0.277
1,"CGa","true",6,0.091,0.1889,0.2799
1,"CGa","true",7,0.0813,0.213,0.2943
1,"CGa","true",8,0.0845,0.2007,0.2852
1,"CGa","true",9,0.0899,0.1907,0.2806
1,"CGa","true",10,0.083,0.1879,0.2709
1,"CGa","true",11,0.0966,0.1774,0.274
1,"CGa","true",12,0.0866,0.1934,0.28
1,"CGa","true",13,0.0915,0.1849,0.2764
1,"CGa","true",14,0.0898,0.1911,0.2809
1,"CGa","true",15,0.0816,0.1877,0.2693
1,"CGa","true",16,0.0939,0.1926,0.2865
1,"CGa","true",17,0.0897,0.188,0.2777
1,"CGa","true",18,0.0917,0.1853,0.277
1,"CGa","true",19,0.0836,0.1949,0.2785
1,"CGa","true",20,0.0848,0.1987,0.2835
1,"CGa","true",21,0.0888,0.1919,0.2807
1,"CGa","true",22,0.0871,0.1931,0.2802
1,"CGa","true",23,0.0819,0.2149,0.2968
1,"CGa","true",24,0.0894,0.1967,0.2861
1,"CGa","true",25,0.0898,0.2083,0.2981
1,"CGa","true",26,0.089,0.1937,0.2827
1,"CGa","true",27,0.0904,0.204,0.2944
1,"CGa","true",28,0.0922,0.1998,0.292
1,"CGa","true",29,0.0909,0.1863,0.2772
1,"CGa","true",30,0.0879,0.1871,0.275
1,"CGa","true",31,0.0916,0.1922,0.2838
1,"CGa","true",32,0.092,0.1964,0.2884
1,"CGa","true",33,0.0816,0.198,0.2796
1,"CGa","true",34,0.0887,0.1889,0.2776
1,"CGa","true",35,0.0994,0.1985,0.2979
1,"CGa","true",36,0.0925,0.1909,0.2834
1,"CGa","true",37,0.0878,0.1919,0.2797
1,"CGa","true",38,0.0873,0.1983,0.2856
1,"CGa","true",39,0.0928,0.1897,0.2825
1,"CGa","true",40,0.0903,0.1913,0.2816
1,"CGa","true",41,0.0899,0.1865,0.2764
1,"CGa","true",42,0.0846,0.1988,0.2834
1,"CGa","true",43,0.0822,0.2026,0.2848
1,"CGa","true",44,0.0793,0.1914,0.2707
1,"CGa","true",45,0.0921,0.1805,0.2726
1,"CGa","true",46,0.0893,0.1816,0.2709
1,"CGa","true",47,0.0811,0.185,0.2661
1,"CGa","true",48,0.0878,0.1788,0.2666
1,"CGa","true",49,0.0927,0.1917,0.2844
1,"CGa","true",50,0.0943,0.1912,0.2855
1,"CGa","true",51,0.0883,0.1978,0.2861
1,"CGa","true",52,0.087,0.2032,0.2902
1,"CGa","true",53,0.0822,0.2073,0.2895
1,"CGa","true",54,0.0914,0.18,0.2714
1,"CGa","true",55,0.0942,0.1928,0.287
1,"CGa","true",56,0.0857,0.1927,0.2784
1,"CGa","true",57,0.0875,0.1913,0.2788
1,"CGa","true",58,0.0943,0.1951,0.2894
1,"CGa","true",59,0.0921,0.1949,0.287
1,"CGa","true",60,0.0864,0.1928,0.2792
1,"CGa","true",61,0.0904,0.1877,0.2781
1,"CGa","true",62,0.0834,0.1986,0.282
1,"CGa","true",63,0.0871,0.1972,0.2843
1,"CGa","true",64,0.091,0.1802,0.2712
1,"CGa","true",65,0.0857,0.1975,0.2832
1,"CGa","true",66,0.0852,0.1968,0.282
1,"CGa","true",67,0.0779,0.1954,0.2733
1,"CGa","true",68,0.0828,0.2013,0.2841
1,"CGa","true",69,0.0875,0.1889,0.2764
1,"CGa","true",70,0.0867,0.1978,0.2845
1,"CGa","true",71,0.0927,0.2197,0.3124
1,"CGa","true",72,0.0871,0.1929,0.28
1,"CGa","true",73,0.0942,0.181,0.2752
1,"CGa","true",74,0.0914,0.1927,0.2841
1,"CGa","true",75,0.0955,0.185,0.2805
1,"CGa","true",76,0.088,0.197,0.285
1,"CGa","true",77,0.0895,0.1973,0.2868
1,"CGa","true",78,0.0818,0.1907,0.2725
1,"CGa","true",79,0.086,0.1993,0.2853
1,"CGa","true",80,0.0907,0.1994,0.2901
1,"CGa","true",81,0.0948,0.2102,0.305
1,"CGa","true",82,0.0892,0.1882,0.2774
1,"CGa","true",83,0.0895,0.1899,0.2794
1,"CGa","true",84,0.0879,0.1902,0.2781
1,"CGa","true",85,0.0905,0.1951,0.2856
1,"CGa","true",86,0.0949,0.1942,0.2891
1,"CGa","true",87,0.088,0.1939,0.2819
1,"CGa","true",88,0.0857,0.1964,0.2821
1,"CGa","true",89,0.0837,0.1996,0.2833
1,"CGa","true",90,0.0856,0.1997,0.2853
1,"CGa","true",91,0.0857,0.2015,0.2872
1,"CGa","true",92,0.0911,0.1914,0.2825
1,"CGa","true",93,0.0903,0.2017,0.292
1,"CGa","true",94,0.0937,0.192,0.2857
1,"CGa","true",95,0.0952,0.1846,0.2798
1,"CGa","true",96,0.0874,0.185,0.2724
1,"CGa","true",97,0.0871,0.2031,0.2902
1,"CGa","true",98,0.0884,0.1925,0.2809
1,"CGa","true",99,0.0869,0.1955,0.2824
1,"CGa","true",100,0.0937,0.1931,0.2868
1,"CGa","true",101,0.0897,0.1916,0.2813
1,"CGa","true",102,0.0874,0.1932,0.2806
1,"CGa","true",103,0.0905,0.1968,0.2873
1,"CGa","true",104,0.0819,0.192,0.2739
1,"CGa","true",105,0.093,0.1817,0.2747
1,"CGa","true",106,0.0836,0.1978,0.2814
1,"CGa","true",107,0.0739,0.2,0.2739
1,"CGa","true",108,0.0913,0.1894,0.2807
1,"CGa","true",109,0.0973,0.1856,0.2829
1,"CGa","true",110,0.0866,0.1984,0.285
1,"CGa","true",111,0.0902,0.1944,0.2846
1,"CGa","true",112,0.0824,0.1937,0.2761
1,"CGa","true",113,0.0908,0.1872,0.278
1,"CGa","true",114,0.0866,0.1927,0.2793
1,"CGa","true",115,0.0946,0.1863,0.2809
1,"CGa","true",116,0.095,0.1937,0.2887
1,"CGa","true",117,0.0924,0.194,0.2864
1,"CGa","true",118,0.0895,0.1956,0.2851
1,"CGa","true",119,0.0882,0.1934,0.2816
1,"CGa","true",120,0.0903,0.1889,0.2792
1,"CGa","true",121,0.0872,0.206,0.2932
1,"CGa","true",122,0.0903,0.1944,0.2847
1,"CGa","true",123,0.0891,0.1958,0.2849
1,"CGa","true",124,0.0877,0.2033,0.291
1,"CGa","true",125,0.0838,0.1977,0.2815
1,"CGa","true",126,0.0776,0.1974,0.275
1,"CGa","true",127,0.0767,0.2137,0.2904
1,"CGa","true",128,0.0853,0.1956,0.2809
1,"CGa","true",129,0.0893,0.1985,0.2878
1,"CGa","true",130,0.0879,0.204,0.2919
1,"CGa","true",131,0.093,0.1798,0.2728
1,"CGa","true",132,0.0912,0.1899,0.2811
1,"CGa","true",133,0.0922,0.1888,0.281
1,"CGa","true",134,0.0955,0.1992,0.2947
1,"CGa","true",135,0.0903,0.1838,0.2741
1,"CGa","true",136,0.0955,0.1934,0.2889
1,"CGa","true",137,0.0874,0.1968,0.2842
1,"CGa","true",138,0.0844,0.1919,0.2763
1,"CGa","true",139,0.0892,0.187,0.2762
1,"CGa","true",140,0.0916,0.2012,0.2928
1,"CGa","true",141,0.0873,0.2074,0.2947
1,"CGa","true",142,0.0851,0.1943,0.2794
1,"CGa","true",143,0.0802,0.2133,0.2935
1,"CGa","true",144,0.0974,0.1885,0.2859
1,"CGa","true",145,0.0903,0.1974,0.2877
1,"CGa","true",146,0.0849,0.1926,0.2775
1,"CGa","true",147,0.0863,0.1895,0.2758
1,"CGa","true",148,0.0896,0.1901,0.2797
1,"CGa","true",149,0.0905,0.1876,0.2781
1,"CGa","true",150,0.0942,0.2061,0.3003
1,"CGa","true",151,0.0865,0.199,0.2855
1,"CGa","true",152,0.0873,0.1956,0.2829
1,"CGa","true",153,0.0868,0.1837,0.2705
1,"CGa","true",154,0.1029,0.1931,0.296
1,"CGa","true",155,0.0861,0.2034,0.2895
1,"CGa","true",156,0.0919,0.194,0.2859
1,"CGa","true",157,0.0868,0.1918,0.2786
1,"CGa","true",158,0.0861,0.1909,0.277
1,"CGa","true",159,0.0802,0.1966,0.2768
1,"CGa","true",160,0.0881,0.1933,0.2814
1,"CGa","true",161,0.087,0.1987,0.2857
1,"CGa","true",162,0.0878,0.1963,0.2841
1,"CGa","true",163,0.0926,0.1909,0.2835
1,"CGa","true",164,0.096,0.1857,0.2817
1,"CGa","true",165,0.0842,0.1961,0.2803
1,"CGa","true",166,0.0902,0.1823,0.2725
1,"CGa","true",167,0.0837,0.194,0.2777
1,"CGa","true",168,0.0879,0.2091,0.297
1,"CGa","true",169,0.093,0.1854,0.2784
1,"CGa","true",170,0.0945,0.1924,0.2869
1,"CGa","true",171,0.0984,0.1908,0.2892
1,"CGa","true",172,0.0919,0.1982,0.2901
1,"CGa","true",173,0.0841,0.2094,0.2935
1,"CGa","true",174,0.0876,0.1948,0.2824
1,"CGa","true",175,0.0865,0.1883,0.2748
1,"CGa","true",176,0.0875,0.1866,0.2741
1,"CGa","true",177,0.0987,0.1861,0.2848
1,"CGa","true",178,0.0946,0.1753,0.2699
1,"CGa","true",179,0.0921,0.1892,0.2813
1,"CGa","true",180,0.0852,0.1868,0.272
1,"CGa","true",181,0.0889,0.1982,0.2871
1,"CGa","true",182,0.0877,0.1946,0.2823
1,"CGa","true",183,0.0904,0.1842,0.2746
1,"CGa","true",184,0.0871,0.1876,0.2747
1,"CGa","true",185,0.089,0.1912,0.2802
1,"CGa","true",186,0.0889,0.2016,0.2905
1,"CGa","true",187,0.0867,0.1906,0.2773
1,"CGa","true",188,0.0924,0.1855,0.2779
1,"CGa","true",189,0.0896,0.2092,0.2988
1,"CGa","true",190,0.0832,0.203,0.2862
1,"CGa","true",191,0.0899,0.2044,0.2943
1,"CGa","true",192,0.0813,0.1925,0.2738
1,"CGa","true",193,0.0919,0.183,0.2749
1,"CGa","true",194,0.0912,0.1932,0.2844
1,"CGa","true",195,0.0885,0.2047,0.2932
1,"CGa","true",196,0.0889,0.1875,0.2764
1,"CGa","true",197,0.0925,0.1927,0.2852
1,"CGa","true",198,0.0867,0.2086,0.2953
1,"CGa","true",199,0.0875,0.193,0.2805
1,"CGa","true",200,0.0892,0.2055,0.2947
1,"CGa","true",201,0.0957,0.1909,0.2866
1,"CGa","true",202,0.0934,0.1759,0.2693
1,"CGa","true",203,0.0938,0.1872,0.281
1,"CGa","true",204,0.0807,0.1979,0.2786
1,"CGa","true",205,0.0895,0.1854,0.2749
1,"CGa","true",206,0.0946,0.2026,0.2972
1,"CGa","true",207,0.092,0.1943,0.2863
1,"CGa","true",208,0.0886,0.1927,0.2813
1,"CGa","true",209,0.0909,0.187,0.2779
1,"CGa","true",210,0.087,0.1961,0.2831
1,"CGa","true",211,0.0877,0.2123,0.3
1,"CGa","true",212,0.0817,0.215,0.2967
1,"CGa","true",213,0.0795,0.2069,0.2864
1,"CGa","true",214,0.0886,0.212,0.3006
1,"CGa","true",215,0.0854,0.1853,0.2707
1,"CGa","true",216,0.084,0.195,0.279
1,"CGa","true",217,0.0979,0.1801,0.278
1,"CGa","true",218,0.0828,0.1868,0.2696
1,"CGa","true",219,0.0928,0.2008,0.2936
1,"CGa","true",220,0.0875,0.1955,0.283
1,"CGa","true",221,0.0821,0.1897,0.2718
1,"CGa","true",222,0.0997,0.1912,0.2909
1,"CGa","true",223,0.0938,0.1852,0.279
1,"CGa","true",224,0.0919,0.183,0.2749
1,"CGa","true",225,0.0812,0.1911,0.2723
1,"CGa","true",226,0.0776,0.1902,0.2678
1,"CGa","true",227,0.0941,0.2019,0.296
1,"CGa","true",228,0.0937,0.1811,0.2748
1,"CGa","true",229,0.0921,0.1984,0.2905
1,"CGa","true",230,0.0951,0.1818,0.2769
1,"CGa","true",231,0.0869,0.1935,0.2804
1,"CGa","true",232,0.0867,0.1985,0.2852
1,"CGa","true",233,0.0854,0.1827,0.2681
1,"CGa","true",234,0.0933,0.1851,0.2784
1,"CGa","true",235,0.0961,0.1867,0.2828
1,"CGa","true",236,0.0934,0.1962,0.2896
1,"CGa","true",237,0.0907,0.1862,0.2769
1,"CGa","true",238,0.1012,0.1876,0.2888
1,"CGa","true",239,0.09,0.1905,0.2805
1,"CGa","true",240,0.0893,0.1865,0.2758
1,"CGa","true",241,0.0997,0.1888,0.2885
1,"CGa","true",242,0.0872,0.1964,0.2836
1,"CGa","true",243,0.0911,0.1971,0.2882
1,"CGa","true",244,0.0849,0.2035,0.2884
1,"CGa","true",245,0.0858,0.2054,0.2912
1,"CGa","true",246,0.0902,0.2036,0.2938
1,"CGa","true",247,0.0846,0.1948,0.2794
1,"CGa","true",248,0.0851,0.2021,0.2872
1,"CGa","true",249,0.086,0.1917,0.2777
1,"CGa","true",250,0.0887,0.2027,0.2914
1,"CGa","true",251,0.0987,0.1923,0.291
1,"CGa","true",252,0.09,0.1885,0.2785
1,"CGa","true",253,0.0907,0.1808,0.2715
1,"CGa","true",254,0.0942,0.1906,0.2848
1,"CGa","true",255,0.0845,0.2054,0.2899
1,"CGa","true",256,0.0886,0.1994,0.288
1,"CGa","true",257,0.0889,0.192,0.2809
1,"CGa","true",258,0.086,0.1943,0.2803
1,"CGa","true",259,0.0841,0.194,0.2781
1,"CGa","true",260,0.0987,0.197,0.2957
1,"CGa","true",261,0.089,0.2022,0.2912
1,"CGa","true",262,0.0988,0.2062,0.305
1,"CGa","true",263,0.0887,0.2005,0.2892
1,"CGa","true",264,0.0953,0.1904,0.2857
1,"CGa","true",265,0.0908,0.1945,0.2853
1,"CGa","true",266,0.0857,0.2033,0.289
1,"CGa","true",267,0.0896,0.2046,0.2942
1,"CGa","true",268,0.0942,0.1831,0.2773
1,"CGa","true",269,0.0939,0.1845,0.2784
1,"CGa","true",270,0.0944,0.2035,0.2979
1,"CGa","true",271,0.0916,0.1897,0.2813
1,"CGa","true",272,0.0961,0.2068,0.3029
1,"CGa","true",273,0.0872,0.2023,0.2895
1,"CGa","true",274,0.0927,0.199,0.2917
1,"CGa","true",275,0.0927,0.1943,0.287
1,"CGa","true",276,0.0915,0.1937,0.2852
1,"CGa","true",277,0.084,0.1816,0.2656
1,"CGa","true",278,0.0854,0.192,0.2774
1,"CGa","true",279,0.0891,0.1888,0.2779
1,"CGa","true",280,0.0911,0.1907,0.2818
1,"CGa","true",281,0.0887,0.19,0.2787
1,"CGa","true",282,0.0887,0.1853,0.274
1,"CGa","true",283,0.0901,0.1797,0.2698
1,"CGa","true",284,0.0914,0.1996,0.291
1,"CGa","true",285,0.0899,0.1936,0.2835
1,"CGa","true",286,0.0933,0.1872,0.2805
1,"CGa","true",287,0.087,0.1943,0.2813
1,"CGa","true",288,0.0859,0.1999,0.2858
1,"CGa","true",289,0.0865,0.2121,0.2986
1,"CGa","true",290,0.0866,0.1964,0.283
1,"CGa","true",291,0.0925,0.2004,0.2929
1,"CGa","true",292,0.0955,0.1797,0.2752
1,"CGa","true",293,0.0842,0.1988,0.283
1,"CGa","true",294,0.0945,0.1993,0.2938
1,"CGa","true",295,0.0873,0.2003,0.2876
1,"CGa","true",296,0.0943,0.1997,0.294
1,"CGa","true",297,0.0834,0.1973,0.2807
1,"CGa","true",298,0.0846,0.197,0.2816
1,"CGa","true",299,0.0881,0.1866,0.2747
1,"CGa","true",300,0.0917,0.1877,0.2794
1,"CGa","true",301,0.0924,0.1896,0.282
1,"CGa","true",302,0.0935,0.1978,0.2913
1,"CGa","true",303,0.0875,0.1935,0.281
1,"CGa","true",304,0.0914,0.1877,0.2791
1,"CGa","true",305,0.0859,0.212,0.2979
1,"CGa","true",306,0.0908,0.1894,0.2802
1,"CGa","true",307,0.0931,0.1916,0.2847
1,"CGa","true",308,0.0913,0.1945,0.2858
1,"CGa","true",309,0.0869,0.1906,0.2775
1,"CGa","true",310,0.0923,0.1974,0.2897
1,"CGa","true",311,0.092,0.1928,0.2848
1,"CGa","true",312,0.0915,0.1999,0.2914
1,"CGa","true",313,0.0885,0.2001,0.2886
1,"CGa","true",314,0.0938,0.1825,0.2763
1,"CGa","true",315,0.0898,0.1908,0.2806
1,"CGa","true",316,0.0859,0.2119,0.2978
1,"CGa","true",317,0.0918,0.197,0.2888
1,"CGa","true",318,0.081,0.2013,0.2823
1,"CGa","true",319,0.0919,0.1987,0.2906
1,"CGa","true",320,0.0948,0.207,0.3018
1,"CGa","true",321,0.0918,0.1883,0.2801
1,"CGa","true",322,0.0933,0.1806,0.2739
1,"CGa","true",323,0.0929,0.1874,0.2803
1,"CGa","true",324,0.0936,0.188,0.2816
1,"CGa","true",325,0.0892,0.2097,0.2989
1,"CGa","true",326,0.0911,0.1911,0.2822
1,"CGa","true",327,0.0983,0.191,0.2893
1,"CGa","true",328,0.0937,0.1821,0.2758
1,"CGa","true",329,0.0931,0.1918,0.2849
1,"CGa","true",330,0.0937,0.2025,0.2962
1,"CGa","true",331,0.0899,0.1942,0.2841
1,"CGa","true",332,0.0923,0.1925,0.2848
1,"CGa","true",333,0.0832,0.2037,0.2869
1,"CGa","true",334,0.0839,0.204,0.2879
1,"CGa","true",335,0.0922,0.1955,0.2877
1,"CGa","true",336,0.0936,0.18,0.2736
1,"CGa","true",337,0.0878,0.1808,0.2686
1,"CGa","true",338,0.084,0.2053,0.2893
1,"CGa","true",339,0.0975,0.1818,0.2793
1,"CGa","true",340,0.0829,0.1903,0.2732
1,"CGa","true",341,0.0848,0.1995,0.2843
1,"CGa","true",342,0.0922,0.1877,0.2799
1,"CGa","true",343,0.093,0.1964,0.2894
1,"CGa","true",344,0.0924,0.186,0.2784
1,"CGa","true",345,0.0928,0.1924,0.2852
1,"CGa","true",346,0.0858,0.2001,0.2859
1,"CGa","true",347,0.0994,0.1895,0.2889
1,"CGa","true",348,0.0845,0.2003,0.2848
1,"CGa","true",349,0.0837,0.2063,0.29
1,"CGa","true",350,0.09,0.1913,0.2813
1,"CGa","true",351,0.0968,0.1778,0.2746
1,"CGa","true",352,0.0774,0.2001,0.2775
1,"CGa","true",353,0.0932,0.1951,0.2883
1,"CGa","true",354,0.0865,0.1982,0.2847
1,"CGa","true",355,0.0936,0.1936,0.2872
1,"CGa","true",356,0.0915,0.1907,0.2822
1,"CGa","true",357,0.092,0.1862,0.2782
1,"CGa","true",358,0.082,0.2046,0.2866
1,"CGa","true",359,0.082,0.2009,0.2829
1,"CGa","true",360,0.0874,0.1934,0.2808
1,"CGa","true",361,0.0832,0.1987,0.2819
1,"CGa","true",362,0.0883,0.1957,0.284
1,"CGa","true",363,0.0844,0.194,0.2784
1,"CGa","true",364,0.0988,0.1948,0.2936
1,"CGa","true",365,0.0802,0.2085,0.2887
1,"CGa","true",366,0.0871,0.2059,0.293
1,"CGa","true",367,0.091,0.1962,0.2872
1,"CGa","true",368,0.0914,0.1981,0.2895
1,"CGa","true",369,0.0883,0.2077,0.296
1,"CGa","true",370,0.088,0.1933,0.2813
1,"CGa","true",371,0.0976,0.1823,0.2799
1,"CGa","true",372,0.0951,0.1924,0.2875
1,"CGa","true",373,0.0896,0.2124,0.302
1,"CGa","true",374,0.0883,0.1983,0.2866
1,"CGa","true",375,0.0831,0.2102,0.2933
1,"CGa","true",376,0.0954,0.2022,0.2976
1,"CGa","true",377,0.0945,0.1895,0.284
1,"CGa","true",378,0.0787,0.1985,0.2772
1,"CGa","true",379,0.0861,0.2113,0.2974
1,"CGa","true",380,0.0851,0.2078,0.2929
1,"CGa","true",381,0.0916,0.1943,0.2859
1,"CGa","true",382,0.0849,0.1894,0.2743
1,"CGa","true",383,0.0855,0.2022,0.2877
1,"CGa","true",384,0.0838,0.1997,0.2835
1,"CGa","true",385,0.096,0.1915,0.2875
1,"CGa","true",386,0.0876,0.1863,0.2739
1,"CGa","true",387,0.0961,0.1913,0.2874
1,"CGa","true",388,0.0951,0.187,0.2821
1,"CGa","true",389,0.0916,0.1889,0.2805
1,"CGa","true",390,0.0857,0.1959,0.2816
1,"CGa","true",391,0.0881,0.1998,0.2879
1,"CGa","true",392,0.0938,0.1946,0.2884
1,"CGa","true",393,0.0837,0.2029,0.2866
1,"CGa","true",394,0.1003,0.1996,0.2999
1,"CGa","true",395,0.0889,0.2114,0.3003
1,"CGa","true",396,0.0908,0.1969,0.2877
1,"CGa","true",397,0.0865,0.1976,0.2841
1,"CGa","true",398,0.088,0.2068,0.2948
1,"CGa","true",399,0.0878,0.1785,0.2663
1,"CGa","true",400,0.0899,0.1887,0.2786
1,"CGa","true",401,0.0893,0.2017,0.291
1,"CGa","true",402,0.0821,0.2009,0.283
1,"CGa","true",403,0.0881,0.1891,0.2772
1,"CGa","true",404,0.0864,0.1934,0.2798
1,"CGa","true",405,0.0899,0.2012,0.2911
1,"CGa","true",406,0.0839,0.1878,0.2717
1,"CGa","true",407,0.0835,0.2042,0.2877
1,"CGa","true",408,0.0932,0.2056,0.2988
1,"CGa","true",409,0.0892,0.1965,0.2857
1,"CGa","true",410,0.0906,0.1791,0.2697
1,"CGa","true",411,0.0857,0.1908,0.2765
1,"CGa","true",412,0.0837,0.204,0.2877
1,"CGa","true",413,0.0876,0.1943,0.2819
1,"CGa","true",414,0.0908,0.2036,0.2944
1,"CGa","true",415,0.0954,0.1977,0.2931
1,"CGa","true",416,0.0921,0.1935,0.2856
1,"CGa","true",417,0.0939,0.1911,0.285
1,"CGa","true",418,0.088,0.1949,0.2829
1,"CGa","true",419,0.0823,0.1938,0.2761
1,"CGa","true",420,0.092,0.2093,0.3013
1,"CGa","true",421,0.0948,0.1966,0.2914
1,"CGa","true",422,0.0892,0.2007,0.2899
1,"CGa","true",423,0.0969,0.2071,0.304
1,"CGa","true",424,0.0806,0.1932,0.2738
1,"CGa","true",425,0.0881,0.2013,0.2894
1,"CGa","true",426,0.0845,0.2106,0.2951
1,"CGa","true",427,0.0892,0.2002,0.2894
1,"CGa","true",428,0.0854,0.1986,0.284
1,"CGa","true",429,0.0844,0.2093,0.2937
1,"CGa","true",430,0.0857,0.1975,0.2832
1,"CGa","true",431,0.0898,0.1962,0.286
1,"CGa","true",432,0.086,0.2029,0.2889
1,"CGa","true",433,0.0921,0.1892,0.2813
1,"CGa","true",434,0.0823,0.2067,0.289
1,"CGa","true",435,0.0893,0.1934,0.2827
1,"CGa","true",436,0.0865,0.1803,0.2668
1,"CGa","true",437,0.0931,0.1954,0.2885
1,"CGa","true",438,0.0903,0.2004,0.2907
1,"CGa","true",439,0.086,0.198,0.284
1,"CGa","true",440,0.0965,0.2044,0.3009
1,"CGa","true",441,0.0873,0.1906,0.2779
1,"CGa","true",442,0.0858,0.2058,0.2916
1,"CGa","true",443,0.0838,0.1985,0.2823
1,"CGa","true",444,0.0892,0.1936,0.2828
1,"CGa","true",445,0.0846,0.1866,0.2712
1,"CGa","true",446,0.0915,0.2032,0.2947
1,"CGa","true",447,0.0852,0.1905,0.2757
1,"CGa","true",448,0.0891,0.192,0.2811
1,"CGa","true",449,0.0882,0.1983,0.2865
1,"CGa","true",450,0.0866,0.1985,0.2851
1,"CGa","true",451,0.0871,0.1943,0.2814
1,"CGa","true",452,0.0928,0.2035,0.2963
1,"CGa","true",453,0.0948,0.2044,0.2992
1,"CGa","true",454,0.0897,0.206,0.2957
1,"CGa","true",455,0.0874,0.1946,0.282
1,"CGa","true",456,0.0898,0.2028,0.2926
1,"CGa","true",457,0.0909,0.1938,0.2847
1,"CGa","true",458,0.0885,0.188,0.2765
1,"CGa","true",459,0.0886,0.2015,0.2901
1,"CGa","true",460,0.0883,0.1981,0.2864
1,"CGa","true",461,0.088,0.1862,0.2742
1,"CGa","true",462,0.0828,0.186,0.2688
1,"CGa","true",463,0.101,0.1743,0.2753
1,"CGa","true",464,0.0933,0.186,0.2793
1,"CGa","true",465,0.0866,0.2019,0.2885
1,"CGa","true",466,0.0871,0.2011,0.2882
1,"CGa","true",467,0.093,0.1852,0.2782
1,"CGa","true",468,0.09,0.1959,0.2859
1,"CGa","true",469,0.0819,0.2063,0.2882
1,"CGa","true",470,0.0952,0.1845,0.2797
1,"CGa","true",471,0.088,0.1967,0.2847
1,"CGa","true",472,0.0851,0.2034,0.2885
1,"CGa","true",473,0.0899,0.1874,0.2773
1,"CGa","true",474,0.0898,0.1956,0.2854
1,"CGa","true",475,0.0819,0.201,0.2829
1,"CGa","true",476,0.0884,0.1864,0.2748
1,"CGa","true",477,0.0937,0.2055,0.2992
1,"CGa","true",478,0.0899,0.1975,0.2874
1,"CGa","true",479,0.0848,0.1968,0.2816
1,"CGa","true",480,0.0951,0.1905,0.2856
1,"CGa","true",481,0.0894,0.1958,0.2852
1,"CGa","true",482,0.0793,0.1989,0.2782
1,"CGa","true",483,0.0958,0.1778,0.2736
1,"CGa","true",484,0.0871,0.2009,0.288
1,"CGa","true",485,0.0927,0.1889,0.2816
1,"CGa","true",486,0.0881,0.201,0.2891
1,"CGa","true",487,0.0885,0.1916,0.2801
1,"CGa","true",488,0.094,0.1858,0.2798
1,"CGa","true",489,0.0919,0.1931,0.285
1,"CGa","true",490,0.0917,0.1936,0.2853
1,"CGa","true",491,0.0814,0.2001,0.2815
1,"CGa","true",492,0.0816,0.2141,0.2957
1,"CGa","true",493,0.0816,0.1997,0.2813
1,"CGa","true",494,0.0909,0.1977,0.2886
1,"CGa","true",495,0.0856,0.1965,0.2821
1,"CGa","true",496,0.0862,0.2008,0.287
1,"CGa","true",497,0.0931,0.1879,0.281
1,"CGa","true",498,0.0845,0.1871,0.2716
1,"CGa","true",499,0.0823,0.2026,0.2849
1,"CGa","true",500,0.0928,0.1794,0.2722
1,"CGb","est",1,0.1683,0.0815,0.2498
1,"CGb","est",2,0.0626,0.0566,0.1192
1,"CGb","est",3,0.0993,-0.0242,0.0751
1,"CGb","est",4,0.2307,0.0401,0.2708
1,"CGb","est",5,0.2274,0.0537,0.2811
1,"CGb","est",6,0.1702,0.0462,0.2164
1,"CGb","est",7,0.1894,0.096,0.2854
1,"CGb","est",8,0.1737,-0.0143,0.1594
1,"CGb","est",9,0.1444,0.0899,0.2343
1,"CGb","est",10,0.0403,0.0536,0.0939
1,"CGb","est",11,0.1012,0.0145,0.1157
1,"CGb","est",12,0.0999,0.0309,0.1308
1,"CGb","est",13,0.1727,0.0059,0.1786
1,"CGb","est",14,0.2523,0.0493,0.3016
1,"CGb","est",15,0.1954,0.0403,0.2357
1,"CGb","est",16,0.2881,0.037,0.3251
1,"CGb","est",17,0.0659,0.1133,0.1792
1,"CGb","est",18,0.0719,0.1007,0.1726
1,"CGb","est",19,0.153,0.0168,0.1698
1,"CGb","est",20,0.103,-0.0644,0.0386
1,"CGb","est",21,0.3061,0.0048,0.3109
1,"CGb","est",22,0.1329,0.0434,0.1763
1,"CGb","est",23,0.1745,0.09,0.2645
1,"CGb","est",24,0.1597,0.067,0.2267
1,"CGb","est",25,0.1656,0.0461,0.2117
1,"CGb","est",26,0.0549,0.0567,0.1116
1,"CGb","est",27,0.1973,0.02,0.2173
1,"CGb","est",28,0.2404,0.0549,0.2953
1,"CGb","est",29,0.216,0.039,0.255
1,"CGb","est",30,0.1897,0.0285,0.2182
1,"CGb","est",31,0.2024,0.0518,0.2542
1,"CGb","est",32,0.2635,0.0648,0.3283
1,"CGb","est",33,0.2411,0.0844,0.3255
1,"CGb","est",34,0.2541,0.0835,0.3376
1,"CGb","est",35,0.209,0.0867,0.2957
1,"CGb","est",36,0.1875,0.0615,0.249
1,"CGb","est",37,0.1057,0.0692,0.1749
1,"CGb","est",38,0.1992,0.0268,0.226
1,"CGb","est",39,0.1506,0.0053,0.1559
1,"CGb","est",40,0.2425,0.0425,0.285
1,"CGb","est",41,0.2341,0.057,0.2911
1,"CGb","est",42,0.1203,0.000499999999999999,0.1208
1,"CGb","est",43,0.2193,0.0535,0.2728
1,"CGb","est",44,0.2358,0.0402,0.276
1,"CGb","est",45,0.2452,0.0582,0.3034
1,"CGb","est",46,0.3114,0.0319,0.3433
1,"CGb","est",47,0.1042,0.0205,0.1247
1,"CGb","est",48,0.282,0.0799,0.3619
1,"CGb","est",49,0.1474,0.091,0.2384
1,"CGb","est",50,0.2632,-0.0111,0.2521
1,"CGb","est",51,0.1777,0.0016,0.1793
1,"CGb","est",52,0.1652,0.1327,0.2979
1,"CGb","est",53,0.2209,0.0757,0.2966
1,"CGb","est",54,0.0979,0.0637,0.1616
1,"CGb","est",55,0.1419,0.0881,0.23
1,"CGb","est",56,0.044,0.0564,0.1004
1,"CGb","est",57,0.2192,0.0374,0.2566
1,"CGb","est",58,0.151,0.0459,0.1969
1,"CGb","est",59,0.1685,0.0259,0.1944
1,"CGb","est",60,0.2208,0.0721,0.2929
1,"CGb","est",61,0.1404,0.0823,0.2227
1,"CGb","est",62,0.29,0.0321,0.3221
1,"CGb","est",63,0.144,0.0332,0.1772
1,"CGb","est",64,0.1914,0.0477,0.2391
1,"CGb","est",65,0.2809,-0.0248,0.2561
1,"CGb","est",66,0.2921,0.0233,0.3154
1,"CGb","est",67,0.2177,0.0745,0.2922
1,"CGb","est",68,0.1319,-0.0483,0.0836
1,"CGb","est",69,0.2165,0.0396,0.2561
1,"CGb","est",70,0.1158,0.0836,0.1994
1,"CGb","est",71,0.1854,0.0628,0.2482
1,"CGb","est",72,0.1265,0.0344,0.1609
1,"CGb","est",73,0.0082,-0.0113,-0.0031
1,"CGb","est",74,0.1501,0.0438,0.1939
1,"CGb","est",75,0.1815,0.0549,0.2364
1,"CGb","est",76,0.1568,0.0268,0.1836
1,"CGb","est",77,0.2181,0.027,0.2451
1,"CGb","est",78,0.0952,0.043,0.1382
1,"CGb","est",79,0.1844,0.0617,0.2461
1,"CGb","est",80,0.0848,-0.0037,0.0811
1,"CGb","est",81,0.1452,0.0123,0.1575
1,"CGb","est",82,0.198,0.0629,0.2609
1,"CGb","est",83,0.2466,0.0365,0.2831
1,"CGb","est",84,0.1005,0.1213,0.2218
1,"CGb","est",85,0.1876,0.0468,0.2344
1,"CGb","est",86,0.2044,0.0703,0.2747
1,"CGb","est",87,0.1457,0.1202,0.2659
1,"CGb","est",88,0.1801,0.0398,0.2199
1,"CGb","est",89,0.0811,0.0445,0.1256
1,"CGb","est",90,0.082,0.098,0.18
1,"CGb","est",91,0.1784,0.1144,0.2928
1,"CGb","est",92,0.1175,0.0763,0.1938
1,"CGb","est",93,0.1688,0.0821,0.2509
1,"CGb","est",94,0.1963,0.0819,0.2782
1,"CGb","est",95,0.2118,0.0168,0.2286
1,"CGb","est",96,0.2621,0.0921,0.3542
1,"CGb","est",97,0.3547,0.0613,0.416
1,"CGb","est",98,0.0848,0.0363,0.1211
1,"CGb","est",99,0.2225,0.0524,0.2749
1,"CGb","est",100,0.229,0.0241,0.2531
1,"CGb","est",101,0.127,0.054,0.181
1,"CGb","est",102,0.162,0.0125,0.1745
1,"CGb","est",103,0.1639,-0.0302,0.1337
1,"CGb","est",104,0.1755,0.078,0.2535
1,"CGb","est",105,0.1719,0.051,0.2229
1,"CGb","est",106,0.1495,-0.0117,0.1378
1,"CGb","est",107,0.2289,0.0423,0.2712
1,"CGb","est",108,0.2338,0.0823,0.3161
1,"CGb","est",109,0.2781,0.0367,0.3148
1,"CGb","est",110,0.2127,0.1293,0.342
1,"CGb","est",111,0.1292,0.0605,0.1897
1,"CGb","est",112,0.4121,0.0177,0.4298
1,"CGb","est",113,0.1188,0.0301,0.1489
1,"CGb","est",114,0.3025,5e-04,0.303
1,"CGb","est",115,0.2577,-7e-04,0.257
1,"CGb","est",116,0.1189,0.0336,0.1525
1,"CGb","est",117,0.2716,0.0523,0.3239
1,"CGb","est",118,0.2501,0.0326,0.2827
1,"CGb","est",119,0.2334,0.0219,0.2553
1,"CGb","est",120,0.2348,0.0382,0.273
1,"CGb","est",121,0.1754,0.0068,0.1822
1,"CGb","est",122,0.0226,0.0425,0.0651
1,"CGb","est",123,0.071,0.0206,0.0916
1,"CGb","est",124,0.1775,0.0789,0.2564
1,"CGb","est",125,0.2102,0.0533,0.2635
1,"CGb","est",126,0.1896,0.1078,0.2974
1,"CGb","est",127,0.2236,0.0552,0.2788
1,"CGb","est",128,0.1344,0.1025,0.2369
1,"CGb","est",129,0.1313,0.0166,0.1479
1,"CGb","est",130,0.2138,0.0939,0.3077
1,"CGb","est",131,0.2523,0.0241,0.2764
1,"CGb","est",132,0.1721,0.0927,0.2648
1,"CGb","est",133,0.1313,0.0177,0.149
1,"CGb","est",134,0.2752,0.0077,0.2829
1,"CGb","est",135,0.184,0.0591,0.2431
1,"CGb","est",136,0.1859,0.0348,0.2207
1,"CGb","est",137,0.2117,0.0226,0.2343
1,"CGb","est",138,0.1282,0.0541,0.1823
1,"CGb","est",139,0.154,0.049,0.203
1,"CGb","est",140,0.1474,0.0021,0.1495
1,"CGb","est",141,0.0964,-0.0365,0.0599
1,"CGb","est",142,0.2307,0.0564,0.2871
1,"CGb","est",143,0.1835,0.0378,0.2213
1,"CGb","est",144,0.234,0.0444,0.2784
1,"CGb","est",145,0.2113,0.0381,0.2494
1,"CGb","est",146,0.1152,0.0468,0.162
1,"CGb","est",147,0.1056,0.059,0.1646
1,"CGb","est",148,0.1363,0.007,0.1433
1,"CGb","est",149,0.1671,0.0296,0.1967
1,"CGb","est",150,0.1438,0.0409,0.1847
1,"CGb","est",151,0.1704,-0.000100000000000001,0.1703
1,"CGb","est",152,0.1035,0.0444,0.1479
1,"CGb","est",153,0.2526,0.0327,0.2853
1,"CGb","est",154,0.1183,0.0293,0.1476
1,"CGb","est",155,0.1177,0.0135,0.1312
1,"CGb","est",156,0.2108,0.0896,0.3004
1,"CGb","est",157,0.1214,0.0024,0.1238
1,"CGb","est",158,0.2076,-0.0055,0.2021
1,"CGb","est",159,0.2044,0.0208,0.2252
1,"CGb","est",160,0.1608,0.0588,0.2196
1,"CGb","est",161,0.2404,-0.0179,0.2225
1,"CGb","est",162,0.0915,0.0549,0.1464
1,"CGb","est",163,0.1647,0.049,0.2137
1,"CGb","est",164,0.1299,0.015,0.1449
1,"CGb","est",165,0.0768,0.0785,0.1553
1,"CGb","est",166,0.2345,0.0625,0.297
1,"CGb","est",167,0.1515,0.0466,0.1981
1,"CGb","est",168,0.2762,0.0493,0.3255
1,"CGb","est",169,0.2797,0.0752,0.3549
1,"CGb","est",170,0.2082,0.0457,0.2539
1,"CGb","est",171,0.0976,0.0928,0.1904
1,"CGb","est",172,0.2278,0.0496,0.2774
1,"CGb","est",173,0.2174,0.0298,0.2472
1,"CGb","est",174,0.18,0.0503,0.2303
1,"CGb","est",175,0.1819,0.091,0.2729
1,"CGb","est",176,0.2149,0.0715,0.2864
1,"CGb","est",177,0.2138,0.0883,0.3021
1,"CGb","est",178,0.0824,0.0707,0.1531
1,"CGb","est",179,0.1038,0.0257,0.1295
1,"CGb","est",180,0.1543,0.0226,0.1769
1,"CGb","est",181,0.265,0.003,0.268
1,"CGb","est",182,0.1127,0.0442,0.1569
1,"CGb","est",183,0.4004,0.0314,0.4318
1,"CGb","est",184,0.1383,0.0485,0.1868
1,"CGb","est",185,0.2348,0.033,0.2678
1,"CGb","est",186,0.1505,0.0435,0.194
1,"CGb","est",187,0.2105,0.0214,0.2319
1,"CGb","est",188,0.1609,0.0639,0.2248
1,"CGb","est",189,0.3227,0.0536,0.3763
1,"CGb","est",190,0.1939,0.0528,0.2467
1,"CGb","est",191,0.2801,-0.002,0.2781
1,"CGb","est",192,0.1627,-0.0213,0.1414
1,"CGb","est",193,0.1446,0.051,0.1956
1,"CGb","est",194,0.1255,0.0324,0.1579
1,"CGb","est",195,0.0333,0.1254,0.1587
1,"CGb","est",196,0.1995,0.0853,0.2848
1,"CGb","est",197,0.0793,0.1354,0.2147
1,"CGb","est",198,0.2864,0.0405,0.3269
1,"CGb","est",199,0.1329,0.043,0.1759
1,"CGb","est",200,0.2341,0.076,0.3101
1,"CGb","est",201,0.0928,0.1025,0.1953
1,"CGb","est",202,0.1074,0.0666,0.174
1,"CGb","est",203,0.0933,0.0327,0.126
1,"CGb","est",204,0.0968,0.1105,0.2073
1,"CGb","est",205,0.0865,0.0164,0.1029
1,"CGb","est",206,0.1526,0.0286,0.1812
1,"CGb","est",207,0.1967,0.0516,0.2483
1,"CGb","est",208,0.1957,0.0498,0.2455
1,"CGb","est",209,0.28,0.0401,0.3201
1,"CGb","est",210,0.1613,0.0879,0.2492
1,"CGb","est",211,0.1945,0.0276,0.2221
1,"CGb","est",212,0.1925,0.055,0.2475
1,"CGb","est",213,0.1444,0.0182,0.1626
1,"CGb","est",214,0.1075,0.0797,0.1872
1,"CGb","est",215,0.2022,0.067,0.2692
1,"CGb","est",216,0.143,0.0672,0.2102
1,"CGb","est",217,0.1497,0.0625,0.2122
1,"CGb","est",218,0.2121,0.0728,0.2849
1,"CGb","est",219,0.1442,0.1246,0.2688
1,"CGb","est",220,0.222,0.0593,0.2813
1,"CGb","est",221,0.2174,-0.011,0.2064
1,"CGb","est",222,0.1226,0.0844,0.207
1,"CGb","est",223,0.1326,0.0829,0.2155
1,"CGb","est",224,0.1953,-0.0167,0.1786
1,"CGb","est",225,0.2827,0.0312,0.3139
1,"CGb","est",226,0.2158,0.0747,0.2905
1,"CGb","est",227,0.1727,0.0748,0.2475
1,"CGb","est",228,0.1892,-0.0292,0.16
1,"CGb","est",229,0.2056,0.0515,0.2571
1,"CGb","est",230,0.0618,0.0369,0.0987
1,"CGb","est",231,0.2551,0.1118,0.3669
1,"CGb","est",232,0.1193,-0.045,0.0743
1,"CGb","est",233,0.1727,0.0048,0.1775
1,"CGb","est",234,0.144,0.0168,0.1608
1,"CGb","est",235,0.1027,0.0883,0.191
1,"CGb","est",236,0.1318,0.008,0.1398
1,"CGb","est",237,0.1907,0.0632,0.2539
1,"CGb","est",238,0.1862,0.0924,0.2786
1,"CGb","est",239,0.0926,0.1024,0.195
1,"CGb","est",240,0.1891,0.0362,0.2253
1,"CGb","est",241,0.1794,0.0669,0.2463
1,"CGb","est",242,0.1584,0.0736,0.232
1,"CGb","est",243,0.2785,0.0348,0.3133
1,"CGb","est",244,0.1856,-0.000499999999999999,0.1851
1,"CGb","est",245,0.1428,0.0223,0.1651
1,"CGb","est",246,0.2106,0.0583,0.2689
1,"CGb","est",247,0.1684,0.0193,0.1877
1,"CGb","est",248,0.2015,0.015,0.2165
1,"CGb","est",249,0.3343,0.0561,0.3904
1,"CGb","est",250,0.2944,0.0217,0.3161
1,"CGb","est",251,0.1832,0.0045,0.1877
1,"CGb","est",252,0.1666,0.0753,0.2419
1,"CGb","est",253,0.2403,0.0981,0.3384
1,"CGb","est",254,0.1512,0.055,0.2062
1,"CGb","est",255,0.1963,0.0125,0.2088
1,"CGb","est",256,0.1577,0.1152,0.2729
1,"CGb","est",257,0.2493,0.065,0.3143
1,"CGb","est",258,0.1342,0.0713,0.2055
1,"CGb","est",259,0.1969,0.0675,0.2644
1,"CGb","est",260,0.1575,0.038,0.1955
1,"CGb","est",261,0.183,0.0456,0.2286
1,"CGb","est",262,0.1654,-0.006,0.1594
1,"CGb","est",263,0.1682,0.0634,0.2316
1,"CGb","est",264,0.2531,0.0554,0.3085
1,"CGb","est",265,0.2274,0.0509,0.2783
1,"CGb","est",266,0.1989,0.0487,0.2476
1,"CGb","est",267,0.0843,0.0431,0.1274
1,"CGb","est",268,0.21,0.0612,0.2712
1,"CGb","est",269,0.1686,0.0685,0.2371
1,"CGb","est",270,0.1776,0.0195,0.1971
1,"CGb","est",271,0.115,-0.0013,0.1137
1,"CGb","est",272,0.1187,0.0286,0.1473
1,"CGb","est",273,0.2008,0.0532,0.254
1,"CGb","est",274,0.1842,0.0886,0.2728
1,"CGb","est",275,0.1885,0.0269,0.2154
1,"CGb","est",276,0.1696,0.1005,0.2701
1,"CGb","est",277,0.1126,0.0411,0.1537
1,"CGb","est",278,0.1103,0.0133,0.1236
1,"CGb","est",279,0.1183,0.0573,0.1756
1,"CGb","est",280,0.2516,0.0348,0.2864
1,"CGb","est",281,0.1948,0.0562,0.251
1,"CGb","est",282,0.104,-0.0228,0.0812
1,"CGb","est",283,0.1905,0.0691,0.2596
1,"CGb","est",284,0.19,0.0296,0.2196
1,"CGb","est",285,0.1655,0.0364,0.2019
1,"CGb","est",286,0.1233,0.0831,0.2064
1,"CGb","est",287,0.1151,0.1068,0.2219
1,"CGb","est",288,0.2746,0.0426,0.3172
1,"CGb","est",289,0.1079,0.0492,0.1571
1,"CGb","est",290,0.1779,0.0724,0.2503
1,"CGb","est",291,0.3006,0.0578,0.3584
1,"CGb","est",292,0.2695,0.0732,0.3427
1,"CGb","est",293,0.2596,0.0715,0.3311
1,"CGb","est",294,0.3027,0.077,0.3797
1,"CGb","est",295,0.2091,0.0638,0.2729
1,"CGb","est",296,0.0237,0.0777,0.1014
1,"CGb","est",297,0.1336,0.081,0.2146
1,"CGb","est",298,0.1613,0.0612,0.2225
1,"CGb","est",299,0.1471,0.0349,0.182
1,"CGb","est",300,0.1038,0.0433,0.1471
1,"CGb","est",301,0.2116,0.0518,0.2634
1,"CGb","est",302,0.0929,0.0387,0.1316
1,"CGb","est",303,0.2375,0.0495,0.287
1,"CGb","est",304,0.1777,0.1004,0.2781
1,"CGb","est",305,0.1892,0.0977,0.2869
1,"CGb","est",306,0.154,0.07,0.224
1,"CGb","est",307,0.1781,0.0627,0.2408
1,"CGb","est",308,0.2144,0.0614,0.2758
1,"CGb","est",309,0.1921,0.044,0.2361
1,"CGb","est",310,0.2227,0.0692,0.2919
1,"CGb","est",311,0.1501,0.0201,0.1702
1,"CGb","est",312,0.2401,0.037,0.2771
1,"CGb","est",313,0.2355,0.0512,0.2867
1,"CGb","est",314,0.1394,0.0547,0.1941
1,"CGb","est",315,0.3288,0.0518,0.3806
1,"CGb","est",316,0.1365,0.089,0.2255
1,"CGb","est",317,0.1713,0.0458,0.2171
1,"CGb","est",318,0.3404,0.0363,0.3767
1,"CGb","est",319,0.2163,0.0988,0.3151
1,"CGb","est",320,0.21,0.0926,0.3026
1,"CGb","est",321,0.2358,0.0538,0.2896
1,"CGb","est",322,-0.0055,0.0604,0.0549
1,"CGb","est",323,0.1167,0.0109,0.1276
1,"CGb","est",324,0.2327,0.009,0.2417
1,"CGb","est",325,0.2474,0.0624,0.3098
1,"CGb","est",326,0.1992,0.0883,0.2875
1,"CGb","est",327,0.2314,-0.0166,0.2148
1,"CGb","est",328,0.1973,0.0249,0.2222
1,"CGb","est",329,0.2848,0.0373,0.3221
1,"CGb","est",330,0.207,0.0226,0.2296
1,"CGb","est",331,0.3305,0.0093,0.3398
1,"CGb","est",332,0.144,0.0487,0.1927
1,"CGb","est",333,0.2162,0.0352,0.2514
1,"CGb","est",334,0.1696,0.013,0.1826
1,"CGb","est",335,0.2166,0.1256,0.3422
1,"CGb","est",336,0.2731,0.0372,0.3103
1,"CGb","est",337,0.1598,0.0088,0.1686
1,"CGb","est",338,0.1979,0.0533,0.2512
1,"CGb","est",339,0.2172,0.0131,0.2303
1,"CGb","est",340,0.2303,0.0472,0.2775
1,"CGb","est",341,0.2891,0.0683,0.3574
1,"CGb","est",342,0.2186,0.0434,0.262
1,"CGb","est",343,0.2299,0.0557,0.2856
1,"CGb","est",344,0.2654,0.0327,0.2981
1,"CGb","est",345,0.1204,0.0754,0.1958
1,"CGb","est",346,0.2071,0.0768,0.2839
1,"CGb","est",347,0.2251,0.0719,0.297
1,"CGb","est",348,0.1991,0.0394,0.2385
1,"CGb","est",349,0.1167,0.072,0.1887
1,"CGb","est",350,0.1586,0.0476,0.2062
1,"CGb","est",351,0.1921,0.0347,0.2268
1,"CGb","est",352,0.2724,0.0598,0.3322
1,"CGb","est",353,0.133,-0.0062,0.1268
1,"CGb","est",354,0.1344,0.075,0.2094
1,"CGb","est",355,0.2883,0.0266,0.3149
1,"CGb","est",356,0.1407,0.0302,0.1709
1,"CGb","est",357,0.1134,0.0837,0.1971
1,"CGb","est",358,0.2174,0.0293,0.2467
1,"CGb","est",359,0.2815,0.0775,0.359
1,"CGb","est",360,0.159,0.0228,0.1818
1,"CGb","est",361,0.0943,-0.0123,0.082
1,"CGb","est",362,0.2396,0.0497,0.2893
1,"CGb","est",363,0.2503,0.0238,0.2741
1,"CGb","est",364,0.2188,0.0323,0.2511
1,"CGb","est",365,0.2334,0.0272,0.2606
1,"CGb","est",366,0.1668,0.0419,0.2087
1,"CGb","est",367,0.1353,0.0739,0.2092
1,"CGb","est",368,0.1703,0.0473,0.2176
1,"CGb","est",369,0.2026,0.0413,0.2439
1,"CGb","est",370,0.0181,0.0256,0.0437
1,"CGb","est",371,0.2217,0.0409,0.2626
1,"CGb","est",372,0.1495,0.0414,0.1909
1,"CGb","est",373,0.2834,0.0397,0.3231
1,"CGb","est",374,0.1138,0.0624,0.1762
1,"CGb","est",375,0.1682,0.0471,0.2153
1,"CGb","est",376,0.1964,0.0822,0.2786
1,"CGb","est",377,0.1739,0.0557,0.2296
1,"CGb","est",378,0.1867,0.0826,0.2693
1,"CGb","est",379,0.2374,0.0172,0.2546
1,"CGb","est",380,0.0622,0.0762,0.1384
1,"CGb","est",381,0.2371,0.0329,0.27
1,"CGb","est",382,0.1412,0.0148,0.156
1,"CGb","est",383,0.1596,0.0622,0.2218
1,"CGb","est",384,0.2197,0.0527,0.2724
1,"CGb","est",385,0.1651,-0.065,0.1001
1,"CGb","est",386,0.0964,0.0683,0.1647
1,"CGb","est",387,0.2031,0.059,0.2621
1,"CGb","est",388,0.1853,0.0293,0.2146
1,"CGb","est",389,0.2655,0.0032,0.2687
1,"CGb","est",390,0.1479,0.0905,0.2384
1,"CGb","est",391,0.1096,0.0566,0.1662
1,"CGb","est",392,0.2492,0.0444,0.2936
1,"CGb","est",393,0.1538,0.0532,0.207
1,"CGb","est",394,0.1027,0.0489,0.1516
1,"CGb","est",395,0.1389,0.0133,0.1522
1,"CGb","est",396,0.2269,0.014,0.2409
1,"CGb","est",397,0.1431,0.0687,0.2118
1,"CGb","est",398,0.0723,0.0765,0.1488
1,"CGb","est",399,0.2558,0.0504,0.3062
1,"CGb","est",400,0.2569,0.0158,0.2727
1,"CGb","est",401,0.1083,0.0548,0.1631
1,"CGb","est",402,0.2119,0.0539,0.2658
1,"CGb","est",403,0.2376,0.0262,0.2638
1,"CGb","est",404,0.1852,0.0531,0.2383
1,"CGb","est",405,0.1688,-0.0251,0.1437
1,"CGb","est",406,0.226,0.0227,0.2487
1,"CGb","est",407,0.1367,0.0298,0.1665
1,"CGb","est",408,0.1747,0.0244,0.1991
1,"CGb","est",409,0.1184,0.0311,0.1495
1,"CGb","est",410,0.2109,0.0589,0.2698
1,"CGb","est",411,0.1581,0.0535,0.2116
1,"CGb","est",412,0.2272,0.07,0.2972
1,"CGb","est",413,0.1315,0.0013,0.1328
1,"CGb","est",414,0.3351,0.0522,0.3873
1,"CGb","est",415,0.2722,-0.0066,0.2656
1,"CGb","est",416,0.2209,0.0395,0.2604
1,"CGb","est",417,0.1255,0.0284,0.1539
1,"CGb","est",418,0.044,0.0543,0.0983
1,"CGb","est",419,0.2136,0.0023,0.2159
1,"CGb","est",420,0.2493,0.0336,0.2829
1,"CGb","est",421,0.0601,0.0382,0.0983
1,"CGb","est",422,0.231,0.0365,0.2675
1,"CGb","est",423,0.2763,0.0696,0.3459
1,"CGb","est",424,0.1988,0.0478,0.2466
1,"CGb","est",425,0.1482,0.0381,0.1863
1,"CGb","est",426,0.1386,0.0831,0.2217
1,"CGb","est",427,0.1868,0.0388,0.2256
1,"CGb","est",428,0.2326,-0.0091,0.2235
1,"CGb","est",429,0.1435,0.026,0.1695
1,"CGb","est",430,0.2762,0.0099,0.2861
1,"CGb","est",431,0.1706,0.0546,0.2252
1,"CGb","est",432,0.2396,0.0589,0.2985
1,"CGb","est",433,0.1893,0.024,0.2133
1,"CGb","est",434,0.1591,0.0906,0.2497
1,"CGb","est",435,0.1442,0.0491,0.1933
1,"CGb","est",436,0.1748,0.0109,0.1857
1,"CGb","est",437,0.1609,0.0689,0.2298
1,"CGb","est",438,0.1711,0.0887,0.2598
1,"CGb","est",439,0.1924,0.0633,0.2557
1,"CGb","est",440,0.2,0.1092,0.3092
1,"CGb","est",441,0.1811,0.0752,0.2563
1,"CGb","est",442,0.2537,0.0614,0.3151
1,"CGb","est",443,0.3073,0.000499999999999998,0.3078
1,"CGb","est",444,0.1542,0.0509,0.2051
1,"CGb","est",445,0.2192,0.0725,0.2917
1,"CGb","est",446,0.2835,0.0283,0.3118
1,"CGb","est",447,0.2173,0.012,0.2293
1,"CGb","est",448,0.1379,0.047,0.1849
1,"CGb","est",449,0.1473,-0.0104,0.1369
1,"CGb","est",450,0.2153,0.0335,0.2488
1,"CGb","est",451,0.1738,0.0229,0.1967
1,"CGb","est",452,0.1504,-0.0111,0.1393
1,"CGb","est",453,0.2313,0.0206,0.2519
1,"CGb","est",454,0.2328,0.1001,0.3329
1,"CGb","est",455,0.1509,0.0862,0.2371
1,"CGb","est",456,0.1835,0.0021,0.1856
1,"CGb","est",457,0.0667,0.0618,0.1285
1,"CGb","est",458,0.2094,0.0084,0.2178
1,"CGb","est",459,0.1742,0.1132,0.2874
1,"CGb","est",460,0.0881,0.0155,0.1036
1,"CGb","est",461,0.0678,0.0715,0.1393
1,"CGb","est",462,0.2181,0.0171,0.2352
1,"CGb","est",463,0.1466,0.0066,0.1532
1,"CGb","est",464,0.1713,0.0426,0.2139
1,"CGb","est",465,0.1847,0.0719,0.2566
1,"CGb","est",466,0.1831,-0.0069,0.1762
1,"CGb","est",467,0.2664,0.047,0.3134
1,"CGb","est",468,0.0503,0.056,0.1063
1,"CGb","est",469,0.1367,0.0516,0.1883
1,"CGb","est",470,0.2631,0.1191,0.3822
1,"CGb","est",471,0.2382,0.0419,0.2801
1,"CGb","est",472,0.1697,0.0186,0.1883
1,"CGb","est",473,0.2469,0.0072,0.2541
1,"CGb","est",474,0.3274,0.0411,0.3685
1,"CGb","est",475,0.1381,0.1353,0.2734
1,"CGb","est",476,0.135,0.0509,0.1859
1,"CGb","est",477,0.22,0.0488,0.2688
1,"CGb","est",478,0.2455,0.0426,0.2881
1,"CGb","est",479,0.2669,0.0556,0.3225
1,"CGb","est",480,0.2376,0.0503,0.2879
1,"CGb","est",481,0.2231,0.0413,0.2644
1,"CGb","est",482,0.1813,0.0487,0.23
1,"CGb","est",483,0.257,0.0774,0.3344
1,"CGb","est",484,0.1404,0.0563,0.1967
1,"CGb","est",485,0.0811,0.0823,0.1634
1,"CGb","est",486,0.2598,0.0655,0.3253
1,"CGb","est",487,0.2127,0.0706,0.2833
1,"CGb","est",488,0.0894,0.0585,0.1479
1,"CGb","est",489,0.2157,0.0679,0.2836
1,"CGb","est",490,0.2354,0.013,0.2484
1,"CGb","est",491,0.1995,0.0679,0.2674
1,"CGb","est",492,0.2448,0.0173,0.2621
1,"CGb","est",493,0.2272,0.0341,0.2613
1,"CGb","est",494,0.1423,0.052,0.1943
1,"CGb","est",495,0.1851,-0.0468,0.1383
1,"CGb","est",496,0.1298,-0.0268,0.103
1,"CGb","est",497,0.2102,0.0383,0.2485
1,"CGb","est",498,0.1372,0.0589,0.1961
1,"CGb","est",499,0.1327,0.0294,0.1621
1,"CGb","est",500,0.1938,0.0637,0.2575
1,"CGb","true",1,0.168,0.0667,0.2347
1,"CGb","true",2,0.1772,0.0769,0.2541
1,"CGb","true",3,0.185,0.063,0.248
1,"CGb","true",4,0.1783,0.0446,0.2229
1,"CGb","true",5,0.1733,0.0655,0.2388
1,"CGb","true",6,0.1767,0.0623,0.239
1,"CGb","true",7,0.176,0.0619,0.2379
1,"CGb","true",8,0.1864,0.0542,0.2406
1,"CGb","true",9,0.1706,0.0678,0.2384
1,"CGb","true",10,0.1823,0.0656,0.2479
1,"CGb","true",11,0.1646,0.076,0.2406
1,"CGb","true",12,0.1793,0.0551,0.2344
1,"CGb","true",13,0.1741,0.0599,0.234
1,"CGb","true",14,0.169,0.071,0.24
1,"CGb","true",15,0.1834,0.0568,0.2402
1,"CGb","true",16,0.1819,0.0574,0.2393
1,"CGb","true",17,0.1699,0.0678,0.2377
1,"CGb","true",18,0.1789,0.0619,0.2408
1,"CGb","true",19,0.184,0.0576,0.2416
1,"CGb","true",20,0.1739,0.0695,0.2434
1,"CGb","true",21,0.1748,0.06,0.2348
1,"CGb","true",22,0.1829,0.06,0.2429
1,"CGb","true",23,0.1749,0.0696,0.2445
1,"CGb","true",24,0.1782,0.0621,0.2403
1,"CGb","true",25,0.1929,0.0495,0.2424
1,"CGb","true",26,0.1811,0.0575,0.2386
1,"CGb","true",27,0.1769,0.0622,0.2391
1,"CGb","true",28,0.1822,0.0551,0.2373
1,"CGb","true",29,0.1745,0.0636,0.2381
1,"CGb","true",30,0.1749,0.0726,0.2475
1,"CGb","true",31,0.1775,0.0674,0.2449
1,"CGb","true",32,0.1721,0.0535,0.2256
1,"CGb","true",33,0.1699,0.0675,0.2374
1,"CGb","true",34,0.1836,0.067,0.2506
1,"CGb","true",35,0.1779,0.0576,0.2355
1,"CGb","true",36,0.1718,0.0659,0.2377
1,"CGb","true",37,0.1892,0.0558,0.245
1,"CGb","true",38,0.1833,0.0569,0.2402
1,"CGb","true",39,0.1803,0.0588,0.2391
1,"CGb","true",40,0.1726,0.0705,0.2431
1,"CGb","true",41,0.1822,0.0703,0.2525
1,"CGb","true",42,0.1829,0.051,0.2339
1,"CGb","true",43,0.1796,0.0598,0.2394
1,"CGb","true",44,0.176,0.0621,0.2381
1,"CGb","true",45,0.1828,0.0613,0.2441
1,"CGb","true",46,0.1798,0.077,0.2568
1,"CGb","true",47,0.1876,0.0656,0.2532
1,"CGb","true",48,0.1851,0.0627,0.2478
1,"CGb","true",49,0.1795,0.0712,0.2507
1,"CGb","true",50,0.1753,0.0746,0.2499
1,"CGb","true",51,0.1884,0.0561,0.2445
1,"CGb","true",52,0.174,0.065,0.239
1,"CGb","true",53,0.189,0.0499,0.2389
1,"CGb","true",54,0.1814,0.0601,0.2415
1,"CGb","true",55,0.1774,0.0598,0.2372
1,"CGb","true",56,0.1647,0.0606,0.2253
1,"CGb","true",57,0.1823,0.0703,0.2526
1,"CGb","true",58,0.178,0.0551,0.2331
1,"CGb","true",59,0.1719,0.0621,0.234
1,"CGb","true",60,0.1804,0.0507,0.2311
1,"CGb","true",61,0.1859,0.0563,0.2422
1,"CGb","true",62,0.1828,0.0621,0.2449
1,"CGb","true",63,0.1794,0.0653,0.2447
1,"CGb","true",64,0.1801,0.0638,0.2439
1,"CGb","true",65,0.1694,0.0632,0.2326
1,"CGb","true",66,0.182,0.0575,0.2395
1,"CGb","true",67,0.1871,0.0527,0.2398
1,"CGb","true",68,0.1901,0.0544,0.2445
1,"CGb","true",69,0.1736,0.0574,0.231
1,"CGb","true",70,0.1728,0.0479,0.2207
1,"CGb","true",71,0.1703,0.0659,0.2362
1,"CGb","true",72,0.1869,0.0571,0.244
1,"CGb","true",73,0.1741,0.0669,0.241
1,"CGb","true",74,0.1858,0.0557,0.2415
1,"CGb","true",75,0.1748,0.0671,0.2419
1,"CGb","true",76,0.1706,0.0619,0.2325
1,"CGb","true",77,0.2007,0.0598,0.2605
1,"CGb","true",78,0.1838,0.0575,0.2413
1,"CGb","true",79,0.1749,0.0504,0.2253
1,"CGb","true",80,0.1736,0.0606,0.2342
1,"CGb","true",81,0.1713,0.0562,0.2275
1,"CGb","true",82,0.1886,0.0677,0.2563
1,"CGb","true",83,0.1832,0.0552,0.2384
1,"CGb","true",84,0.175,0.0628,0.2378
1,"CGb","true",85,0.1715,0.0664,0.2379
1,"CGb","true",86,0.1804,0.0657,0.2461
1,"CGb","true",87,0.1704,0.067,0.2374
1,"CGb","true",88,0.191,0.0607,0.2517
1,"CGb","true",89,0.192,0.0473,0.2393
1,"CGb","true",90,0.1841,0.0598,0.2439
1,"CGb","true",91,0.1775,0.0661,0.2436
1,"CGb","true",92,0.1874,0.0669,0.2543
1,"CGb","true",93,0.1702,0.0616,0.2318
1,"CGb","true",94,0.1746,0.0616,0.2362
1,"CGb","true",95,0.1815,0.0495,0.231
1,"CGb","true",96,0.1775,0.0636,0.2411
1,"CGb","true",97,0.1745,0.0638,0.2383
1,"CGb","true",98,0.1868,0.069,0.2558
1,"CGb","true",99,0.1861,0.0565,0.2426
1,"CGb","true",100,0.1892,0.0632,0.2524
1,"CGb","true",101,0.1926,0.0595,0.2521
1,"CGb","true",102,0.1803,0.0598,0.2401
1,"CGb","true",103,0.1721,0.0572,0.2293
1,"CGb","true",104,0.1722,0.0634,0.2356
1,"CGb","true",105,0.176,0.0657,0.2417
1,"CGb","true",106,0.1738,0.0741,0.2479
1,"CGb","true",107,0.1879,0.0499,0.2378
1,"CGb","true",108,0.1754,0.0596,0.235
1,"CGb","true",109,0.1797,0.0676,0.2473
1,"CGb","true",110,0.1813,0.0623,0.2436
1,"CGb","true",111,0.182,0.0697,0.2517
1,"CGb","true",112,0.1804,0.062,0.2424
1,"CGb","true",113,0.1855,0.0642,0.2497
1,"CGb","true",114,0.1859,0.0558,0.2417
1,"CGb","true",115,0.18,0.0638,0.2438
1,"CGb","true",116,0.1675,0.0615,0.229
1,"CGb","true",117,0.1773,0.0703,0.2476
1,"CGb","true",118,0.1873,0.0622,0.2495
1,"CGb","true",119,0.1793,0.0609,0.2402
1,"CGb","true",120,0.1738,0.0668,0.2406
1,"CGb","true",121,0.1778,0.0662,0.244
1,"CGb","true",122,0.1776,0.0735,0.2511
1,"CGb","true",123,0.1779,0.0641,0.242
1,"CGb","true",124,0.1784,0.0626,0.241
1,"CGb","true",125,0.1716,0.0603,0.2319
1,"CGb","true",126,0.1747,0.0603,0.235
1,"CGb","true",127,0.1833,0.0594,0.2427
1,"CGb","true",128,0.1799,0.0495,0.2294
1,"CGb","true",129,0.1723,0.0685,0.2408
1,"CGb","true",130,0.1731,0.0631,0.2362
1,"CGb","true",131,0.1704,0.061,0.2314
1,"CGb","true",132,0.1711,0.0677,0.2388
1,"CGb","true",133,0.1808,0.0569,0.2377
1,"CGb","true",134,0.1776,0.0649,0.2425
1,"CGb","true",135,0.1894,0.0676,0.257
1,"CGb","true",136,0.182,0.0554,0.2374
1,"CGb","true",137,0.1805,0.0572,0.2377
1,"CGb","true",138,0.1811,0.0473,0.2284
1,"CGb","true",139,0.1682,0.0797,0.2479
1,"CGb","true",140,0.1844,0.06,0.2444
1,"CGb","true",141,0.183,0.0564,0.2394
1,"CGb","true",142,0.1666,0.0675,0.2341
1,"CGb","true",143,0.1837,0.0599,0.2436
1,"CGb","true",144,0.1727,0.0565,0.2292
1,"CGb","true",145,0.18,0.0652,0.2452
1,"CGb","true",146,0.1866,0.0647,0.2513
1,"CGb","true",147,0.1694,0.0707,0.2401
1,"CGb","true",148,0.1794,0.0675,0.2469
1,"CGb","true",149,0.1764,0.0606,0.237
1,"CGb","true",150,0.1825,0.0607,0.2432
1,"CGb","true",151,0.1697,0.0593,0.229
1,"CGb","true",152,0.1782,0.0498,0.228
1,"CGb","true",153,0.1819,0.0672,0.2491
1,"CGb","true",154,0.184,0.059,0.243
1,"CGb","true",155,0.1757,0.0662,0.2419
1,"CGb","true",156,0.1705,0.0648,0.2353
1,"CGb","true",157,0.1729,0.0642,0.2371
1,"CGb","true",158,0.1832,0.0469,0.2301
1,"CGb","true",159,0.1795,0.0592,0.2387
1,"CGb","true",160,0.1821,0.0579,0.24
1,"CGb","true",161,0.1832,0.0647,0.2479
1,"CGb","true",162,0.1829,0.0643,0.2472
1,"CGb","true",163,0.1803,0.0666,0.2469
1,"CGb","true",164,0.1869,0.0586,0.2455
1,"CGb","true",165,0.1771,0.07,0.2471
1,"CGb","true",166,0.1776,0.0631,0.2407
1,"CGb","true",167,0.1763,0.0633,0.2396
1,"CGb","true",168,0.1696,0.073,0.2426
1,"CGb","true",169,0.1819,0.0497,0.2316
1,"CGb","true",170,0.1798,0.0634,0.2432
1,"CGb","true",171,0.1797,0.0555,0.2352
1,"CGb","true",172,0.1812,0.0578,0.239
1,"CGb","true",173,0.169,0.0619,0.2309
1,"CGb","true",174,0.1747,0.0692,0.2439
1,"CGb","true",175,0.1752,0.0619,0.2371
1,"CGb","true",176,0.188,0.0561,0.2441
1,"CGb","true",177,0.1733,0.0681,0.2414
1,"CGb","true",178,0.1701,0.0662,0.2363
1,"CGb","true",179,0.1817,0.0643,0.246
1,"CGb","true",180,0.1862,0.0619,0.2481
1,"CGb","true",181,0.1745,0.0626,0.2371
1,"CGb","true",182,0.1734,0.0709,0.2443
1,"CGb","true",183,0.1767,0.065,0.2417
1,"CGb","true",184,0.1832,0.0603,0.2435
1,"CGb","true",185,0.1785,0.0621,0.2406
1,"CGb","true",186,0.1867,0.0567,0.2434
1,"CGb","true",187,0.1786,0.0605,0.2391
1,"CGb","true",188,0.176,0.0621,0.2381
1,"CGb","true",189,0.1842,0.0475,0.2317
1,"CGb","true",190,0.1808,0.0565,0.2373
1,"CGb","true",191,0.1865,0.054,0.2405
1,"CGb","true",192,0.1875,0.062,0.2495
1,"CGb","true",193,0.1676,0.0551,0.2227
1,"CGb","true",194,0.1786,0.0572,0.2358
1,"CGb","true",195,0.172,0.055,0.227
1,"CGb","true",196,0.1826,0.07,0.2526
1,"CGb","true",197,0.1667,0.0659,0.2326
1,"CGb","true",198,0.1802,0.0558,0.236
1,"CGb","true",199,0.168,0.0689,0.2369
1,"CGb","true",200,0.1852,0.0594,0.2446
1,"CGb","true",201,0.1855,0.0654,0.2509
1,"CGb","true",202,0.1754,0.0676,0.243
1,"CGb","true",203,0.1732,0.0675,0.2407
1,"CGb","true",204,0.1871,0.0631,0.2502
1,"CGb","true",205,0.182,0.0569,0.2389
1,"CGb","true",206,0.1844,0.0433,0.2277
1,"CGb","true",207,0.1788,0.052,0.2308
1,"CGb","true",208,0.1757,0.0608,0.2365
1,"CGb","true",209,0.1728,0.065,0.2378
1,"CGb","true",210,0.1766,0.0578,0.2344
1,"CGb","true",211,0.1776,0.0635,0.2411
1,"CGb","true",212,0.1816,0.0594,0.241
1,"CGb","true",213,0.1878,0.0603,0.2481
1,"CGb","true",214,0.1782,0.0629,0.2411
1,"CGb","true",215,0.1804,0.0661,0.2465
1,"CGb","true",216,0.1702,0.066,0.2362
1,"CGb","true",217,0.1708,0.0689,0.2397
1,"CGb","true",218,0.1809,0.0616,0.2425
1,"CGb","true",219,0.1826,0.0623,0.2449
1,"CGb","true",220,0.1777,0.066,0.2437
1,"CGb","true",221,0.1853,0.0515,0.2368
1,"CGb","true",222,0.1807,0.0596,0.2403
1,"CGb","true",223,0.1807,0.0607,0.2414
1,"CGb","true",224,0.187,0.0581,0.2451
1,"CGb","true",225,0.1864,0.055,0.2414
1,"CGb","true",226,0.1816,0.0625,0.2441
1,"CGb","true",227,0.1803,0.0645,0.2448
1,"CGb","true",228,0.1672,0.0731,0.2403
1,"CGb","true",229,0.1753,0.0674,0.2427
1,"CGb","true",230,0.172,0.0692,0.2412
1,"CGb","true",231,0.1758,0.0654,0.2412
1,"CGb","true",232,0.1751,0.0619,0.237
1,"CGb","true",233,0.18,0.0628,0.2428
1,"CGb","true",234,0.184,0.0598,0.2438
1,"CGb","true",235,0.1869,0.0521,0.239
1,"CGb","true",236,0.1724,0.0566,0.229
1,"CGb","true",237,0.1746,0.0713,0.2459
1,"CGb","true",238,0.1761,0.0682,0.2443
1,"CGb","true",239,0.1759,0.0649,0.2408
1,"CGb","true",240,0.194,0.0664,0.2604
1,"CGb","true",241,0.1718,0.0537,0.2255
1,"CGb","true",242,0.1679,0.0679,0.2358
1,"CGb","true",243,0.1814,0.0618,0.2432
1,"CGb","true",244,0.175,0.0692,0.2442
1,"CGb","true",245,0.1726,0.061,0.2336
1,"CGb","true",246,0.176,0.062,0.238
1,"CGb","true",247,0.1738,0.0628,0.2366
1,"CGb","true",248,0.1775,0.059,0.2365
1,"CGb","true",249,0.1805,0.0522,0.2327
1,"CGb","true",250,0.1712,0.0652,0.2364
1,"CGb","true",251,0.1791,0.0607,0.2398
1,"CGb","true",252,0.1882,0.068,0.2562
1,"CGb","true",253,0.1819,0.0628,0.2447
1,"CGb","true",254,0.1884,0.0587,0.2471
1,"CGb","true",255,0.1769,0.069,0.2459
1,"CGb","true",256,0.1674,0.069,0.2364
1,"CGb","true",257,0.1754,0.0596,0.235
1,"CGb","true",258,0.1784,0.056,0.2344
1,"CGb","true",259,0.1836,0.0603,0.2439
1,"CGb","true",260,0.1741,0.0689,0.243
1,"CGb","true",261,0.166,0.0678,0.2338
1,"CGb","true",262,0.1757,0.0577,0.2334
1,"CGb","true",263,0.1694,0.0666,0.236
1,"CGb","true",264,0.1667,0.0685,0.2352
1,"CGb","true",265,0.1845,0.0666,0.2511
1,"CGb","true",266,0.1812,0.0555,0.2367
1,"CGb","true",267,0.177,0.0629,0.2399
1,"CGb","true",268,0.1928,0.0614,0.2542
1,"CGb","true",269,0.1611,0.078,0.2391
1,"CGb","true",270,0.1813,0.0699,0.2512
1,"CGb","true",271,0.1752,0.0623,0.2375
1,"CGb","true",272,0.1817,0.053,0.2347
1,"CGb","true",273,0.1983,0.0461,0.2444
1,"CGb","true",274,0.1719,0.0632,0.2351
1,"CGb","true",275,0.1798,0.0609,0.2407
1,"CGb","true",276,0.1774,0.0601,0.2375
1,"CGb","true",277,0.1811,0.0676,0.2487
1,"CGb","true",278,0.1921,0.0506,0.2427
1,"CGb","true",279,0.1922,0.0596,0.2518
1,"CGb","true",280,0.1783,0.0621,0.2404
1,"CGb","true",281,0.1839,0.0533,0.2372
1,"CGb","true",282,0.1869,0.0572,0.2441
1,"CGb","true",283,0.1756,0.0648,0.2404
1,"CGb","true",284,0.1787,0.0613,0.24
1,"CGb","true",285,0.1799,0.0636,0.2435
1,"CGb","true",286,0.172,0.0776,0.2496
1,"CGb","true",287,0.1767,0.0595,0.2362
1,"CGb","true",288,0.169,0.0634,0.2324
1,"CGb","true",289,0.1872,0.0561,0.2433
1,"CGb","true",290,0.1756,0.0599,0.2355
1,"CGb","true",291,0.1734,0.0603,0.2337
1,"CGb","true",292,0.1738,0.0685,0.2423
1,"CGb","true",293,0.1742,0.0594,0.2336
1,"CGb","true",294,0.1733,0.0675,0.2408
1,"CGb","true",295,0.1683,0.069,0.2373
1,"CGb","true",296,0.1762,0.0715,0.2477
1,"CGb","true",297,0.1777,0.0594,0.2371
1,"CGb","true",298,0.1856,0.0664,0.252
1,"CGb","true",299,0.1876,0.0541,0.2417
1,"CGb","true",300,0.1777,0.0602,0.2379
1,"CGb","true",301,0.168,0.0592,0.2272
1,"CGb","true",302,0.1774,0.0633,0.2407
1,"CGb","true",303,0.1788,0.0625,0.2413
1,"CGb","true",304,0.177,0.0581,0.2351
1,"CGb","true",305,0.1905,0.0592,0.2497
1,"CGb","true",306,0.1892,0.0497,0.2389
1,"CGb","true",307,0.1737,0.0577,0.2314
1,"CGb","true",308,0.1804,0.0674,0.2478
1,"CGb","true",309,0.1892,0.0566,0.2458
1,"CGb","true",310,0.1796,0.0638,0.2434
1,"CGb","true",311,0.1764,0.0645,0.2409
1,"CGb","true",312,0.1876,0.0582,0.2458
1,"CGb","true",313,0.182,0.0585,0.2405
1,"CGb","true",314,0.169,0.0693,0.2383
1,"CGb","true",315,0.1808,0.0495,0.2303
1,"CGb","true",316,0.1731,0.0613,0.2344
1,"CGb","true",317,0.175,0.0565,0.2315
1,"CGb","true",318,0.1845,0.0607,0.2452
1,"CGb","true",319,0.1746,0.0638,0.2384
1,"CGb","true",320,0.181,0.062,0.243
1,"CGb","true",321,0.1797,0.057,0.2367
1,"CGb","true",322,0.1801,0.0669,0.247
1,"CGb","true",323,0.1732,0.0652,0.2384
1,"CGb","true",324,0.1843,0.0692,0.2535
1,"CGb","true",325,0.1816,0.06,0.2416
1,"CGb","true",326,0.1607,0.0709,0.2316
1,"CGb","true",327,0.1807,0.0501,0.2308
1,"CGb","true",328,0.1741,0.0659,0.24
1,"CGb","true",329,0.1887,0.0657,0.2544
1,"CGb","true",330,0.1766,0.0613,0.2379
1,"CGb","true",331,0.1891,0.0656,0.2547
1,"CGb","true",332,0.1915,0.0564,0.2479
1,"CGb","true",333,0.1808,0.0679,0.2487
1,"CGb","true",334,0.1812,0.0485,0.2297
1,"CGb","true",335,0.1853,0.058,0.2433
1,"CGb","true",336,0.182,0.0664,0.2484
1,"CGb","true",337,0.1793,0.0574,0.2367
1,"CGb","true",338,0.1831,0.0584,0.2415
1,"CGb","true",339,0.1758,0.0618,0.2376
1,"CGb","true",340,0.1692,0.0652,0.2344
1,"CGb","true",341,0.1713,0.0622,0.2335
1,"CGb","true",342,0.1749,0.0632,0.2381
1,"CGb","true",343,0.1716,0.0629,0.2345
1,"CGb","true",344,0.1765,0.0544,0.2309
1,"CGb","true",345,0.1789,0.0719,0.2508
1,"CGb","true",346,0.1759,0.067,0.2429
1,"CGb","true",347,0.1765,0.0694,0.2459
1,"CGb","true",348,0.1822,0.066,0.2482
1,"CGb","true",349,0.1823,0.056,0.2383
1,"CGb","true",350,0.1904,0.0491,0.2395
1,"CGb","true",351,0.1715,0.0717,0.2432
1,"CGb","true",352,0.1675,0.0757,0.2432
1,"CGb","true",353,0.1926,0.0623,0.2549
1,"CGb","true",354,0.1825,0.0648,0.2473
1,"CGb","true",355,0.1762,0.0616,0.2378
1,"CGb","true",356,0.183,0.0545,0.2375
1,"CGb","true",357,0.1703,0.0715,0.2418
1,"CGb","true",358,0.1809,0.0604,0.2413
1,"CGb","true",359,0.1789,0.0609,0.2398
1,"CGb","true",360,0.1847,0.063,0.2477
1,"CGb","true",361,0.1835,0.0596,0.2431
1,"CGb","true",362,0.1789,0.065,0.2439
1,"CGb","true",363,0.1775,0.0554,0.2329
1,"CGb","true",364,0.174,0.055,0.229
1,"CGb","true",365,0.1806,0.054,0.2346
1,"CGb","true",366,0.1791,0.056,0.2351
1,"CGb","true",367,0.186,0.0545,0.2405
1,"CGb","true",368,0.1856,0.0514,0.237
1,"CGb","true",369,0.1855,0.062,0.2475
1,"CGb","true",370,0.1979,0.0496,0.2475
1,"CGb","true",371,0.1777,0.0654,0.2431
1,"CGb","true",372,0.1765,0.0669,0.2434
1,"CGb","true",373,0.1846,0.0583,0.2429
1,"CGb","true",374,0.1846,0.0573,0.2419
1,"CGb","true",375,0.1878,0.0561,0.2439
1,"CGb","true",376,0.1819,0.0574,0.2393
1,"CGb","true",377,0.1758,0.0621,0.2379
1,"CGb","true",378,0.179,0.0659,0.2449
1,"CGb","true",379,0.1744,0.0702,0.2446
1,"CGb","true",380,0.1696,0.0647,0.2343
1,"CGb","true",381,0.1738,0.0672,0.241
1,"CGb","true",382,0.1866,0.0644,0.251
1,"CGb","true",383,0.182,0.0546,0.2366
1,"CGb","true",384,0.175,0.0614,0.2364
1,"CGb","true",385,0.1712,0.0741,0.2453
1,"CGb","true",386,0.1676,0.0694,0.237
1,"CGb","true",387,0.1765,0.0656,0.2421
1,"CGb","true",388,0.1698,0.0607,0.2305
1,"CGb","true",389,0.1758,0.0582,0.234
1,"CGb","true",390,0.1896,0.0598,0.2494
1,"CGb","true",391,0.177,0.0586,0.2356
1,"CGb","true",392,0.1673,0.0687,0.236
1,"CGb","true",393,0.1713,0.0616,0.2329
1,"CGb","true",394,0.1723,0.0637,0.236
1,"CGb","true",395,0.1843,0.0563,0.2406
1,"CGb","true",396,0.1743,0.0668,0.2411
1,"CGb","true",397,0.1735,0.069,0.2425
1,"CGb","true",398,0.1878,0.0506,0.2384
1,"CGb","true",399,0.1832,0.0549,0.2381
1,"CGb","true",400,0.1781,0.0552,0.2333
1,"CGb","true",401,0.1895,0.0552,0.2447
1,"CGb","true",402,0.1813,0.0606,0.2419
1,"CGb","true",403,0.1713,0.0676,0.2389
1,"CGb","true",404,0.1742,0.0691,0.2433
1,"CGb","true",405,0.1831,0.0474,0.2305
1,"CGb","true",406,0.187,0.0561,0.2431
1,"CGb","true",407,0.1832,0.0612,0.2444
1,"CGb","true",408,0.1843,0.0455,0.2298
1,"CGb","true",409,0.177,0.0722,0.2492
1,"CGb","true",410,0.1854,0.0561,0.2415
1,"CGb","true",411,0.1722,0.0672,0.2394
1,"CGb","true",412,0.181,0.0602,0.2412
1,"CGb","true",413,0.1798,0.0702,0.25
1,"CGb","true",414,0.1696,0.0709,0.2405
1,"CGb","true",415,0.1708,0.0577,0.2285
1,"CGb","true",416,0.1895,0.0585,0.248
1,"CGb","true",417,0.1675,0.0627,0.2302
1,"CGb","true",418,0.1741,0.0622,0.2363
1,"CGb","true",419,0.1899,0.0495,0.2394
1,"CGb","true",420,0.1889,0.0425,0.2314
1,"CGb","true",421,0.1676,0.069,0.2366
1,"CGb","true",422,0.1779,0.068,0.2459
1,"CGb","true",423,0.1751,0.0671,0.2422
1,"CGb","true",424,0.1789,0.0623,0.2412
1,"CGb","true",425,0.1858,0.0504,0.2362
1,"CGb","true",426,0.1822,0.0495,0.2317
1,"CGb","true",427,0.1985,0.0525,0.251
1,"CGb","true",428,0.1776,0.066,0.2436
1,"CGb","true",429,0.1826,0.0623,0.2449
1,"CGb","true",430,0.1806,0.0612,0.2418
1,"CGb","true",431,0.1868,0.0536,0.2404
1,"CGb","true",432,0.1818,0.0532,0.235
1,"CGb","true",433,0.191,0.0459,0.2369
1,"CGb","true",434,0.1753,0.0634,0.2387
1,"CGb","true",435,0.1807,0.0582,0.2389
1,"CGb","true",436,0.1724,0.0708,0.2432
1,"CGb","true",437,0.1739,0.062,0.2359
1,"CGb","true",438,0.1736,0.06,0.2336
1,"CGb","true",439,0.1929,0.0496,0.2425
1,"CGb","true",440,0.1718,0.0679,0.2397
1,"CGb","true",441,0.1803,0.0631,0.2434
1,"CGb","true",442,0.176,0.0599,0.2359
1,"CGb","true",443,0.2,0.0445,0.2445
1,"CGb","true",444,0.1883,0.0626,0.2509
1,"CGb","true",445,0.1757,0.0642,0.2399
1,"CGb","true",446,0.1743,0.0568,0.2311
1,"CGb","true",447,0.1783,0.0581,0.2364
1,"CGb","true",448,0.1851,0.0656,0.2507
1,"CGb","true",449,0.1788,0.0564,0.2352
1,"CGb","true",450,0.1776,0.0638,0.2414
1,"CGb","true",451,0.1887,0.0509,0.2396
1,"CGb","true",452,0.1802,0.0634,0.2436
1,"CGb","true",453,0.1797,0.0661,0.2458
1,"CGb","true",454,0.1743,0.0657,0.24
1,"CGb","true",455,0.1786,0.0674,0.246
1,"CGb","true",456,0.181,0.048,0.229
1,"CGb","true",457,0.1649,0.079,0.2439
1,"CGb","true",458,0.1857,0.0564,0.2421
1,"CGb","true",459,0.1876,0.0544,0.242
1,"CGb","true",460,0.162,0.0616,0.2236
1,"CGb","true",461,0.1821,0.0622,0.2443
1,"CGb","true",462,0.1881,0.0654,0.2535
1,"CGb","true",463,0.1754,0.0652,0.2406
1,"CGb","true",464,0.1664,0.0721,0.2385
1,"CGb","true",465,0.1909,0.048,0.2389
1,"CGb","true",466,0.1843,0.0502,0.2345
1,"CGb","true",467,0.1802,0.0716,0.2518
1,"CGb","true",468,0.1759,0.0563,0.2322
1,"CGb","true",469,0.1879,0.0517,0.2396
1,"CGb","true",470,0.1761,0.0745,0.2506
1,"CGb","true",471,0.176,0.0632,0.2392
1,"CGb","true",472,0.1809,0.054,0.2349
1,"CGb","true",473,0.1836,0.0586,0.2422
1,"CGb","true",474,0.1808,0.0491,0.2299
1,"CGb","true",475,0.1775,0.0638,0.2413
1,"CGb","true",476,0.1789,0.0569,0.2358
1,"CGb","true",477,0.1699,0.0666,0.2365
1,"CGb","true",478,0.1785,0.0642,0.2427
1,"CGb","true",479,0.1821,0.057,0.2391
1,"CGb","true",480,0.1864,0.0673,0.2537
1,"CGb","true",481,0.1834,0.0498,0.2332
1,"CGb","true",482,0.169,0.0632,0.2322
1,"CGb","true",483,0.1788,0.0664,0.2452
1,"CGb","true",484,0.1684,0.0671,0.2355
1,"CGb","true",485,0.1843,0.0596,0.2439
1,"CGb","true",486,0.179,0.0581,0.2371
1,"CGb","true",487,0.182,0.057,0.239
1,"CGb","true",488,0.1743,0.0654,0.2397
1,"CGb","true",489,0.1786,0.0632,0.2418
1,"CGb","true",490,0.1837,0.051,0.2347
1,"CGb","true",491,0.1665,0.0694,0.2359
1,"CGb","true",492,0.1761,0.0537,0.2298
1,"CGb","true",493,0.1701,0.0607,0.2308
1,"CGb","true",494,0.1749,0.0654,0.2403
1,"CGb","true",495,0.1752,0.056,0.2312
1,"CGb","true",496,0.1805,0.0605,0.241
1,"CGb","true",497,0.1828,0.0628,0.2456
1,"CGb","true",498,0.1719,0.0572,0.2291
1,"CGb","true",499,0.1704,0.0694,0.2398
1,"CGb","true",500,0.1628,0.0714,0.2342
1,"CGc","est",1,0.1589,0.0773,0.2362
1,"CGc","est",2,0.0516,0.0149,0.0665
1,"CGc","est",3,0.234,0.2361,0.4701
1,"CGc","est",4,0.1016,0.0554,0.157
1,"CGc","est",5,0.0328,-0.0402,-0.0074
1,"CGc","est",6,0.1045,0.059,0.1635
1,"CGc","est",7,0.2228,0.0528,0.2756
1,"CGc","est",8,0.1091,0.0457,0.1548
1,"CGc","est",9,0.1545,-0.0575,0.097
1,"CGc","est",10,0.1901,0.0591,0.2492
1,"CGc","est",11,0.2259,0.1024,0.3283
1,"CGc","est",12,0.3266,0.1013,0.4279
1,"CGc","est",13,0.1569,0.1378,0.2947
1,"CGc","est",14,0.1212,0.126,0.2472
1,"CGc","est",15,0.1044,0.1628,0.2672
1,"CGc","est",16,0.0865,0.1218,0.2083
1,"CGc","est",17,0.0632,0.0717,0.1349
1,"CGc","est",18,0.1183,0.0887,0.207
1,"CGc","est",19,0.1772,0.1405,0.3177
1,"CGc","est",20,0.0558,0.1645,0.2203
1,"CGc","est",21,0.179,0.0342,0.2132
1,"CGc","est",22,0.0945,0.174,0.2685
1,"CGc","est",23,0.2015,0.2288,0.4303
1,"CGc","est",24,0.1749,0.2172,0.3921
1,"CGc","est",25,0.1525,0.0977,0.2502
1,"CGc","est",26,0.2643,0.1047,0.369
1,"CGc","est",27,0.1465,0.0991,0.2456
1,"CGc","est",28,0.0817,0.0674,0.1491
1,"CGc","est",29,0.1741,0.1931,0.3672
1,"CGc","est",30,0.142,-0.0144,0.1276
1,"CGc","est",31,0.3711,0.1487,0.5198
1,"CGc","est",32,0.1928,0.1306,0.3234
1,"CGc","est",33,0.1822,0.0207,0.2029
1,"CGc","est",34,0.1141,0.1371,0.2512
1,"CGc","est",35,0.2102,0.1162,0.3264
1,"CGc","est",36,0.1294,0.2431,0.3725
1,"CGc","est",37,0.2748,0.1778,0.4526
1,"CGc","est",38,0.334,0.1462,0.4802
1,"CGc","est",39,0.1998,0.1078,0.3076
1,"CGc","est",40,0.0821,0.1099,0.192
1,"CGc","est",41,0.2861,0.2091,0.4952
1,"CGc","est",42,0.1755,0.0562,0.2317
1,"CGc","est",43,0.1976,0.0355,0.2331
1,"CGc","est",44,-0.0186,0.0524,0.0338
1,"CGc","est",45,0.1802,0.0567,0.2369
1,"CGc","est",46,0.3028,0.1059,0.4087
1,"CGc","est",47,0.3071,0.1302,0.4373
1,"CGc","est",48,0.0522,0.0755,0.1277
1,"CGc","est",49,0.1793,0.0537,0.233
1,"CGc","est",50,0.1486,0.1255,0.2741
1,"CGc","est",51,0.1206,0.2107,0.3313
1,"CGc","est",52,0.0651,0.0063,0.0714
1,"CGc","est",53,0.2189,0.1093,0.3282
1,"CGc","est",54,0.1924,0.005,0.1974
1,"CGc","est",55,0.24,0.0605,0.3005
1,"CGc","est",56,0.3287,0.1269,0.4556
1,"CGc","est",57,0.0864,0.0963,0.1827
1,"CGc","est",58,0.1556,0.0881,0.2437
1,"CGc","est",59,0.274,0.1626,0.4366
1,"CGc","est",60,0.2003,0.0871,0.2874
1,"CGc","est",61,0.2609,0.0374,0.2983
1,"CGc","est",62,0.0975,0.1352,0.2327
1,"CGc","est",63,0.0355,0.0549,0.0904
1,"CGc","est",64,0.2932,0.1516,0.4448
1,"CGc","est",65,0.1874,0.0451,0.2325
1,"CGc","est",66,0.0374,0.0706,0.108
1,"CGc","est",67,0.1139,0.0968,0.2107
1,"CGc","est",68,0.2269,0.1529,0.3798
1,"CGc","est",69,0.2298,0.1713,0.4011
1,"CGc","est",70,0.1505,0.1319,0.2824
1,"CGc","est",71,0.1957,0.0734,0.2691
1,"CGc","est",72,0.2514,0.1572,0.4086
1,"CGc","est",73,0.0906,0.1075,0.1981
1,"CGc","est",74,0.1695,0.0804,0.2499
1,"CGc","est",75,0.2547,0.1582,0.4129
1,"CGc","est",76,0.0191,0.016,0.0351
1,"CGc","est",77,0.1377,0.0655,0.2032
1,"CGc","est",78,0.1479,0.0909,0.2388
1,"CGc","est",79,0.2127,0.1696,0.3823
1,"CGc","est",80,0.1422,0.1315,0.2737
1,"CGc","est",81,0.237,0.1175,0.3545
1,"CGc","est",82,0.0739,0.0159,0.0898
1,"CGc","est",83,0.1666,0.1738,0.3404
1,"CGc","est",84,0.1242,0.0222,0.1464
1,"CGc","est",85,0.3048,0.0445,0.3493
1,"CGc","est",86,0.1608,0.083,0.2438
1,"CGc","est",87,0.1285,0.0185,0.147
1,"CGc","est",88,0.1418,0.0762,0.218
1,"CGc","est",89,0.2114,0.048,0.2594
1,"CGc","est",90,0.3071,0.1093,0.4164
1,"CGc","est",91,0.1769,0.065,0.2419
1,"CGc","est",92,0.2299,0.1957,0.4256
1,"CGc","est",93,0.1128,0.1377,0.2505
1,"CGc","est",94,0.3543,0.1323,0.4866
1,"CGc","est",95,0.2256,0.157,0.3826
1,"CGc","est",96,0.3026,0.1523,0.4549
1,"CGc","est",97,0.3637,0.1241,0.4878
1,"CGc","est",98,0.136,0.0445,0.1805
1,"CGc","est",99,0.0919,0.1358,0.2277
1,"CGc","est",100,0.1913,0.191,0.3823
1,"CGc","est",101,0.1656,0.0972,0.2628
1,"CGc","est",102,0.2418,0.1342,0.376
1,"CGc","est",103,0.2403,0.1567,0.397
1,"CGc","est",104,0.16,0.2408,0.4008
1,"CGc","est",105,0.2947,0.131,0.4257
1,"CGc","est",106,0.2811,0.0937,0.3748
1,"CGc","est",107,0.0798,0.0283,0.1081
1,"CGc","est",108,0.1602,0.1301,0.2903
1,"CGc","est",109,0.2485,0.1072,0.3557
1,"CGc","est",110,-0.0323,0.0048,-0.0275
1,"CGc","est",111,0.1647,0.0899,0.2546
1,"CGc","est",112,0.2712,0.0322,0.3034
1,"CGc","est",113,0.2317,0.0431,0.2748
1,"CGc","est",114,0.2171,0.0788,0.2959
1,"CGc","est",115,0.1979,0.214,0.4119
1,"CGc","est",116,0.155,0.1912,0.3462
1,"CGc","est",117,0.1504,0.0786,0.229
1,"CGc","est",118,0.1137,0.1655,0.2792
1,"CGc","est",119,0.1214,0.0612,0.1826
1,"CGc","est",120,0.0361,0.0453,0.0814
1,"CGc","est",121,0.0931,0.1307,0.2238
1,"CGc","est",122,0.1633,0.1228,0.2861
1,"CGc","est",123,0.0303,-0.0029,0.0274
1,"CGc","est",124,0.225,0.0376,0.2626
1,"CGc","est",125,0.233,0.1843,0.4173
1,"CGc","est",126,0.1668,0.1225,0.2893
1,"CGc","est",127,0.1936,0.1326,0.3262
1,"CGc","est",128,0.1209,0.1033,0.2242
1,"CGc","est",129,0.111,-0.0127,0.0983
1,"CGc","est",130,0.1653,0.0267,0.192
1,"CGc","est",131,0.1884,0.08,0.2684
1,"CGc","est",132,0.1558,0.034,0.1898
1,"CGc","est",133,0.1478,0.0686,0.2164
1,"CGc","est",134,0.247,0.1429,0.3899
1,"CGc","est",135,0.0851,0.182,0.2671
1,"CGc","est",136,-0.1097,0.0828,-0.0269
1,"CGc","est",137,0.2683,0.167,0.4353
1,"CGc","est",138,0.2273,0.092,0.3193
1,"CGc","est",139,0.2694,0.1016,0.371
1,"CGc","est",140,0.2173,0.0711,0.2884
1,"CGc","est",141,0.2331,0.198,0.4311
1,"CGc","est",142,0.1856,0.1225,0.3081
1,"CGc","est",143,0.229,0.1416,0.3706
1,"CGc","est",144,0.1633,0.1845,0.3478
1,"CGc","est",145,0.1394,0.1165,0.2559
1,"CGc","est",146,0.3052,0.1368,0.442
1,"CGc","est",147,0.2343,0.1383,0.3726
1,"CGc","est",148,0.1577,0.0888,0.2465
1,"CGc","est",149,0.1201,0.0535,0.1736
1,"CGc","est",150,0.0177,0.0588,0.0765
1,"CGc","est",151,0.3141,0.1351,0.4492
1,"CGc","est",152,0.1506,0.2526,0.4032
1,"CGc","est",153,0.187,0.1752,0.3622
1,"CGc","est",154,0.1931,0.1642,0.3573
1,"CGc","est",155,0.1859,0.1005,0.2864
1,"CGc","est",156,0.0821,0.0866,0.1687
1,"CGc","est",157,0.2271,0.1307,0.3578
1,"CGc","est",158,0.2357,0.1386,0.3743
1,"CGc","est",159,0.1833,0.1515,0.3348
1,"CGc","est",160,0.2156,0.1885,0.4041
1,"CGc","est",161,0.2106,0.1548,0.3654
1,"CGc","est",162,0.3087,0.1919,0.5006
1,"CGc","est",163,0.1422,0.1267,0.2689
1,"CGc","est",164,0.1332,0.053,0.1862
1,"CGc","est",165,0.2989,0.1528,0.4517
1,"CGc","est",166,0.2428,0.131,0.3738
1,"CGc","est",167,0.1516,0.1288,0.2804
1,"CGc","est",168,0.2057,0.1807,0.3864
1,"CGc","est",169,0.2223,0.0284,0.2507
1,"CGc","est",170,0.1516,0.0471,0.1987
1,"CGc","est",171,0.1616,0.0897,0.2513
1,"CGc","est",172,0.1161,0.0609,0.177
1,"CGc","est",173,0.1547,0.1481,0.3028
1,"CGc","est",174,0.0361,0.1872,0.2233
1,"CGc","est",175,0.1962,0.1088,0.305
1,"CGc","est",176,0.3088,0.1685,0.4773
1,"CGc","est",177,0.1776,0.0858,0.2634
1,"CGc","est",178,0.1484,0.1954,0.3438
1,"CGc","est",179,0.1974,0.058,0.2554
1,"CGc","est",180,0.2211,0.1253,0.3464
1,"CGc","est",181,0.2432,0.0674,0.3106
1,"CGc","est",182,0.1025,0.3077,0.4102
1,"CGc","est",183,0.2472,0.2068,0.454
1,"CGc","est",184,0.1833,0.1469,0.3302
1,"CGc","est",185,0.0807,0.0239,0.1046
1,"CGc","est",186,0.1904,0.1367,0.3271
1,"CGc","est",187,0.1833,0.1248,0.3081
1,"CGc","est",188,0.1001,0.0533,0.1534
1,"CGc","est",189,0.2075,0.1525,0.36
1,"CGc","est",190,0.1314,0.0926,0.224
1,"CGc","est",191,0.0778,0.0757,0.1535
1,"CGc","est",192,0.2322,0.1313,0.3635
1,"CGc","est",193,0.2237,0.0026,0.2263
1,"CGc","est",194,0.0777,0.0344,0.1121
1,"CGc","est",195,0.1806,0.0184,0.199
1,"CGc","est",196,0.3135,0.1631,0.4766
1,"CGc","est",197,0.154,0.0497,0.2037
1,"CGc","est",198,0.3149,0.1167,0.4316
1,"CGc","est",199,0.1225,0.1324,0.2549
1,"CGc","est",200,0.305,0.0992,0.4042
1,"CGc","est",201,0.1335,0.1213,0.2548
1,"CGc","est",202,0.1593,0.0557,0.215
1,"CGc","est",203,0.2063,0.1198,0.3261
1,"CGc","est",204,0.2831,0.0645,0.3476
1,"CGc","est",205,0.2134,0.1231,0.3365
1,"CGc","est",206,0.1058,0.1443,0.2501
1,"CGc","est",207,0.2039,0.153,0.3569
1,"CGc","est",208,0.2168,0.2046,0.4214
1,"CGc","est",209,0.2214,0.1845,0.4059
1,"CGc","est",210,0.0393,0.0487,0.088
1,"CGc","est",211,0.1455,0.1066,0.2521
1,"CGc","est",212,0.1634,0.0686,0.232
1,"CGc","est",213,0.1189,0.1039,0.2228
1,"CGc","est",214,0.1744,0.1507,0.3251
1,"CGc","est",215,0.1801,0.2263,0.4064
1,"CGc","est",216,0.1342,0.112,0.2462
1,"CGc","est",217,0.1245,0.1323,0.2568
1,"CGc","est",218,0.2889,0.2316,0.5205
1,"CGc","est",219,0.2176,0.0407,0.2583
1,"CGc","est",220,0.2243,0.0311,0.2554
1,"CGc","est",221,0.0866,0.0435,0.1301
1,"CGc","est",222,0.1028,0.1138,0.2166
1,"CGc","est",223,0.1253,0.0152,0.1405
1,"CGc","est",224,0.1777,0.1768,0.3545
1,"CGc","est",225,0.1799,0.1098,0.2897
1,"CGc","est",226,0.0875,0.0975,0.185
1,"CGc","est",227,0.2637,-0.001,0.2627
1,"CGc","est",228,0.209,0.1366,0.3456
1,"CGc","est",229,0.2487,0.0705,0.3192
1,"CGc","est",230,0.1952,0.074,0.2692
1,"CGc","est",231,0.2162,0.0536,0.2698
1,"CGc","est",232,0.2163,0.0786,0.2949
1,"CGc","est",233,-0.0509,0.084,0.0331
1,"CGc","est",234,0.0782,0.0814,0.1596
1,"CGc","est",235,0.1813,0.1383,0.3196
1,"CGc","est",236,0.23,0.1196,0.3496
1,"CGc","est",237,0.2098,0.1614,0.3712
1,"CGc","est",238,0.2465,0.0936,0.3401
1,"CGc","est",239,0.0487,0.1964,0.2451
1,"CGc","est",240,0.1658,0.0934,0.2592
1,"CGc","est",241,-0.023,0.1242,0.1012
1,"CGc","est",242,0.2559,0.1911,0.447
1,"CGc","est",243,0.171,0.0311,0.2021
1,"CGc","est",244,0.1123,0.0476,0.1599
1,"CGc","est",245,0.1806,0.1362,0.3168
1,"CGc","est",246,0.0228,0.0421,0.0649
1,"CGc","est",247,0.1437,0.176,0.3197
1,"CGc","est",248,0.1638,0.1011,0.2649
1,"CGc","est",249,-0.0108,0.1033,0.0925
1,"CGc","est",250,0.1301,0.1233,0.2534
1,"CGc","est",251,0.0765,0.185,0.2615
1,"CGc","est",252,0.1573,0.1002,0.2575
1,"CGc","est",253,0.0532,0.0275,0.0807
1,"CGc","est",254,0.247,0.1538,0.4008
1,"CGc","est",255,0.1306,0.1721,0.3027
1,"CGc","est",256,0.2077,0.1066,0.3143
1,"CGc","est",257,0.2462,0.1129,0.3591
1,"CGc","est",258,0.0693,0.0175,0.0868
1,"CGc","est",259,0.1276,0.1481,0.2757
1,"CGc","est",260,0.1181,0.1117,0.2298
1,"CGc","est",261,0.0315,0.0619,0.0934
1,"CGc","est",262,0.1117,0.1856,0.2973
1,"CGc","est",263,0.2738,0.1429,0.4167
1,"CGc","est",264,0.1918,0.1437,0.3355
1,"CGc","est",265,0.1746,0.2038,0.3784
1,"CGc","est",266,0.2054,-0.0124,0.193
1,"CGc","est",267,0.1438,0.0788,0.2226
1,"CGc","est",268,0.2234,0.2494,0.4728
1,"CGc","est",269,-0.065,0.0376,-0.0274
1,"CGc","est",270,0.1143,0.0541,0.1684
1,"CGc","est",271,0.2021,0.0793,0.2814
1,"CGc","est",272,0.1404,0.0545,0.1949
1,"CGc","est",273,0.0858,0.1503,0.2361
1,"CGc","est",274,0.0418,0.1402,0.182
1,"CGc","est",275,0.2043,0.1374,0.3417
1,"CGc","est",276,0.1441,0.2146,0.3587
1,"CGc","est",277,0.2229,0.1681,0.391
1,"CGc","est",278,0.076,0.2465,0.3225
1,"CGc","est",279,0.1061,0.1659,0.272
1,"CGc","est",280,0.1554,0.2156,0.371
1,"CGc","est",281,-0.0446,-0.000400000000000001,-0.045
1,"CGc","est",282,0.0825,0.0363,0.1188
1,"CGc","est",283,0.2439,0.1185,0.3624
1,"CGc","est",284,0.1302,-0.0037,0.1265
1,"CGc","est",285,0.0636,-0.005,0.0586
1,"CGc","est",286,0.1049,0.0299,0.1348
1,"CGc","est",287,0.1931,0.0683,0.2614
1,"CGc","est",288,0.1824,0.1157,0.2981
1,"CGc","est",289,0.1238,0.1959,0.3197
1,"CGc","est",290,0.1331,0.156,0.2891
1,"CGc","est",291,0.2265,0.091,0.3175
1,"CGc","est",292,0.0087,0.0189,0.0276
1,"CGc","est",293,0.1818,0.1062,0.288
1,"CGc","est",294,0.2993,0.2044,0.5037
1,"CGc","est",295,0.254,0.1219,0.3759
1,"CGc","est",296,0.2584,0.0263,0.2847
1,"CGc","est",297,0.0624,0.1075,0.1699
1,"CGc","est",298,0.2095,0.1154,0.3249
1,"CGc","est",299,0.1768,0.0563,0.2331
1,"CGc","est",300,0.117,0.0126,0.1296
1,"CGc","est",301,0.1969,0.1191,0.316
1,"CGc","est",302,0.0833,0.1276,0.2109
1,"CGc","est",303,0.2709,0.0297,0.3006
1,"CGc","est",304,0.2193,0.1059,0.3252
1,"CGc","est",305,0.2685,0.1695,0.438
1,"CGc","est",306,0.3119,0.1227,0.4346
1,"CGc","est",307,0.1617,0.1377,0.2994
1,"CGc","est",308,0.2006,0.0783,0.2789
1,"CGc","est",309,0.0827,0.103,0.1857
1,"CGc","est",310,0.1706,0.1989,0.3695
1,"CGc","est",311,0.0184,0.0071,0.0255
1,"CGc","est",312,0.122,0.0244,0.1464
1,"CGc","est",313,0.1625,0.1521,0.3146
1,"CGc","est",314,0.2754,0.1114,0.3868
1,"CGc","est",315,0.2437,0.0804,0.3241
1,"CGc","est",316,-0.0655,0.1175,0.052
1,"CGc","est",317,0.1895,0.1703,0.3598
1,"CGc","est",318,0.1677,0.1038,0.2715
1,"CGc","est",319,0.3237,0.085,0.4087
1,"CGc","est",320,0.2776,0.0699,0.3475
1,"CGc","est",321,0.1748,0.2278,0.4026
1,"CGc","est",322,0.1882,0.1738,0.362
1,"CGc","est",323,0.2402,0.0776,0.3178
1,"CGc","est",324,0.153,0.1175,0.2705
1,"CGc","est",325,0.0718,0.0916,0.1634
1,"CGc","est",326,0.1065,0.1881,0.2946
1,"CGc","est",327,0.1217,0.0443,0.166
1,"CGc","est",328,0.0374,0.0639,0.1013
1,"CGc","est",329,0.2187,0.0584,0.2771
1,"CGc","est",330,0.1291,0.1019,0.231
1,"CGc","est",331,0.1127,0.1931,0.3058
1,"CGc","est",332,0.227,0.0926,0.3196
1,"CGc","est",333,0.0689,0.0344,0.1033
1,"CGc","est",334,0.3232,0.1037,0.4269
1,"CGc","est",335,0.2761,0.0995,0.3756
1,"CGc","est",336,0.1678,0.0981,0.2659
1,"CGc","est",337,0.3365,0.1559,0.4924
1,"CGc","est",338,0.1612,0.0549,0.2161
1,"CGc","est",339,0.1946,0.0484,0.243
1,"CGc","est",340,0.0967,0.1132,0.2099
1,"CGc","est",341,0.3507,0.1874,0.5381
1,"CGc","est",342,0.3014,0.0665,0.3679
1,"CGc","est",343,0.1885,0.1369,0.3254
1,"CGc","est",344,0.1155,0.138,0.2535
1,"CGc","est",345,0.17,0.1074,0.2774
1,"CGc","est",346,0.0624,0.1398,0.2022
1,"CGc","est",347,0.2527,0.1849,0.4376
1,"CGc","est",348,0.1579,0.0449,0.2028
1,"CGc","est",349,0.2139,0.1739,0.3878
1,"CGc","est",350,0.2316,0.0962,0.3278
1,"CGc","est",351,0.2452,0.1007,0.3459
1,"CGc","est",352,0.2542,0.0885,0.3427
1,"CGc","est",353,0.2185,0.1797,0.3982
1,"CGc","est",354,0.2474,0.2796,0.527
1,"CGc","est",355,-0.0346,0.0781,0.0435
1,"CGc","est",356,0.2574,0.1389,0.3963
1,"CGc","est",357,0.2396,0.1264,0.366
1,"CGc","est",358,0.0805,0.1162,0.1967
1,"CGc","est",359,0.1631,0.1279,0.291
1,"CGc","est",360,0.1908,0.1119,0.3027
1,"CGc","est",361,0.235,0.1654,0.4004
1,"CGc","est",362,0.1602,0.0739,0.2341
1,"CGc","est",363,0.1918,0.1292,0.321
1,"CGc","est",364,-0.0027,0.0681,0.0654
1,"CGc","est",365,0.1424,0.1221,0.2645
1,"CGc","est",366,0.1327,0.1903,0.323
1,"CGc","est",367,0.2166,0.2059,0.4225
1,"CGc","est",368,0.1647,0.0816,0.2463
1,"CGc","est",369,0.2803,0.0818,0.3621
1,"CGc","est",370,0.2384,0.0599,0.2983
1,"CGc","est",371,0.2924,0.1736,0.466
1,"CGc","est",372,0.1618,0.2323,0.3941
1,"CGc","est",373,0.2661,0.1081,0.3742
1,"CGc","est",374,0.1565,0.2169,0.3734
1,"CGc","est",375,0.327,0.1025,0.4295
1,"CGc","est",376,0.0228,0.0686,0.0914
1,"CGc","est",377,0.3213,0.1021,0.4234
1,"CGc","est",378,0.2619,0.0959,0.3578
1,"CGc","est",379,0.2911,0.1116,0.4027
1,"CGc","est",380,0.2306,0.2114,0.442
1,"CGc","est",381,0.1256,0.2166,0.3422
1,"CGc","est",382,0.253,0.181,0.434
1,"CGc","est",383,0.0674,-0.0088,0.0586
1,"CGc","est",384,0.19,0.0648,0.2548
1,"CGc","est",385,0.0177,0.0102,0.0279
1,"CGc","est",386,0.2425,0.141,0.3835
1,"CGc","est",387,0.1338,0.0766,0.2104
1,"CGc","est",388,0.2339,0.0366,0.2705
1,"CGc","est",389,0.0465,0.1053,0.1518
1,"CGc","est",390,0.0999,0.099,0.1989
1,"CGc","est",391,0.1831,0.0751,0.2582
1,"CGc","est",392,0.1555,0.1206,0.2761
1,"CGc","est",393,0.1927,0.1212,0.3139
1,"CGc","est",394,0.2004,0.053,0.2534
1,"CGc","est",395,0.2722,0.1864,0.4586
1,"CGc","est",396,0.026,0.1095,0.1355
1,"CGc","est",397,0.1371,0.0843,0.2214
1,"CGc","est",398,0.1483,0.1478,0.2961
1,"CGc","est",399,0.138,0.0567,0.1947
1,"CGc","est",400,0.1297,0.077,0.2067
1,"CGc","est",401,0.211,0.1038,0.3148
1,"CGc","est",402,0.2427,0.1144,0.3571
1,"CGc","est",403,0.1678,0.0993,0.2671
1,"CGc","est",404,0.2398,0.0512,0.291
1,"CGc","est",405,0.2333,0.1883,0.4216
1,"CGc","est",406,0.1919,0.1331,0.325
1,"CGc","est",407,0.0798,0.1498,0.2296
1,"CGc","est",408,0.1031,0.0909,0.194
1,"CGc","est",409,0.2759,0.1686,0.4445
1,"CGc","est",410,0.2821,0.1667,0.4488
1,"CGc","est",411,0.1655,0.0784,0.2439
1,"CGc","est",412,0.1915,0.2512,0.4427
1,"CGc","est",413,0.3506,0.1192,0.4698
1,"CGc","est",414,0.1442,0.0645,0.2087
1,"CGc","est",415,0.2213,0.1261,0.3474
1,"CGc","est",416,0.1777,0.1787,0.3564
1,"CGc","est",417,0.3174,0.1735,0.4909
1,"CGc","est",418,0.1035,0.0505,0.154
1,"CGc","est",419,0.1451,0.0354,0.1805
1,"CGc","est",420,0.022,0.0991,0.1211
1,"CGc","est",421,0.0422,0.0066,0.0488
1,"CGc","est",422,0.0889,0.0999,0.1888
1,"CGc","est",423,0.2066,0.0873,0.2939
1,"CGc","est",424,0.0266,0.0143,0.0409
1,"CGc","est",425,0.2664,0.159,0.4254
1,"CGc","est",426,0.1242,0.2311,0.3553
1,"CGc","est",427,0.1288,0.1397,0.2685
1,"CGc","est",428,0.1478,0.0437,0.1915
1,"CGc","est",429,0.0063,0.0622,0.0685
1,"CGc","est",430,0.2221,0.1139,0.336
1,"CGc","est",431,0.197,0.1576,0.3546
1,"CGc","est",432,0.1598,0.1278,0.2876
1,"CGc","est",433,0.2514,0.1203,0.3717
1,"CGc","est",434,0.0358,0.0806,0.1164
1,"CGc","est",435,0.074,0.039,0.113
1,"CGc","est",436,0.1342,0.1596,0.2938
1,"CGc","est",437,0.2571,0.1766,0.4337
1,"CGc","est",438,0.1723,0.1267,0.299
1,"CGc","est",439,0.1741,0.0974,0.2715
1,"CGc","est",440,0.1754,0.2141,0.3895
1,"CGc","est",441,0.2233,0.086,0.3093
1,"CGc","est",442,0.1998,0.1048,0.3046
1,"CGc","est",443,0.1368,0.1103,0.2471
1,"CGc","est",444,0.1292,0.0792,0.2084
1,"CGc","est",445,0.2701,0.2286,0.4987
1,"CGc","est",446,0.2688,0.1813,0.4501
1,"CGc","est",447,0.1551,0.1712,0.3263
1,"CGc","est",448,0.2658,0.0653,0.3311
1,"CGc","est",449,0.1361,-0.0041,0.132
1,"CGc","est",450,0.0666,0.0388,0.1054
1,"CGc","est",451,0.2745,-0.0213,0.2532
1,"CGc","est",452,0.0834,0.0544,0.1378
1,"CGc","est",453,0.212,0.0146,0.2266
1,"CGc","est",454,0.2979,0.1178,0.4157
1,"CGc","est",455,0.0441,0.1625,0.2066
1,"CGc","est",456,-0.005,0.0702,0.0652
1,"CGc","est",457,0.1146,0.1683,0.2829
1,"CGc","est",458,0.2079,0.1407,0.3486
1,"CGc","est",459,0.2528,0.1326,0.3854
1,"CGc","est",460,0.1638,0.2095,0.3733
1,"CGc","est",461,0.1604,0.0935,0.2539
1,"CGc","est",462,0.1018,0.1285,0.2303
1,"CGc","est",463,0.1547,0.1058,0.2605
1,"CGc","est",464,0.1989,0.0591,0.258
1,"CGc","est",465,0.1283,0.1176,0.2459
1,"CGc","est",466,0.1144,0.0575,0.1719
1,"CGc","est",467,0.1731,0.1694,0.3425
1,"CGc","est",468,0.096,0.0699,0.1659
1,"CGc","est",469,0.2012,0.1243,0.3255
1,"CGc","est",470,0.0367,0.1002,0.1369
1,"CGc","est",471,0.00169999999999999,0.04,0.0417
1,"CGc","est",472,0.2294,0.311,0.5404
1,"CGc","est",473,0.258,0.1442,0.4022
1,"CGc","est",474,0.3519,0.0762,0.4281
1,"CGc","est",475,0.2238,0.1607,0.3845
1,"CGc","est",476,0.2373,0.1387,0.376
1,"CGc","est",477,0.0541,0.0404,0.0945
1,"CGc","est",478,0.1959,0.0338,0.2297
1,"CGc","est",479,0.2017,0.1203,0.322
1,"CGc","est",480,0.1798,0.0649,0.2447
1,"CGc","est",481,0.2007,0.0755,0.2762
1,"CGc","est",482,0.3279,0.1555,0.4834
1,"CGc","est",483,0.2287,0.1595,0.3882
1,"CGc","est",484,0.1013,0.0861,0.1874
1,"CGc","est",485,0.3498,0.1932,0.543
1,"CGc","est",486,0.2559,0.0619,0.3178
1,"CGc","est",487,0.2074,0.1008,0.3082
1,"CGc","est",488,0.2396,0.1579,0.3975
1,"CGc","est",489,0.0039,0.0849,0.0888
1,"CGc","est",490,0.2083,0.1466,0.3549
1,"CGc","est",491,0.1402,0.0243,0.1645
1,"CGc","est",492,0.2233,0.1854,0.4087
1,"CGc","est",493,0.1252,0.0547,0.1799
1,"CGc","est",494,0.1266,0.0715,0.1981
1,"CGc","est",495,0.1402,0.0781,0.2183
1,"CGc","est",496,0.3001,0.1339,0.434
1,"CGc","est",497,0.1671,0.1902,0.3573
1,"CGc","est",498,0.2965,0.0712,0.3677
1,"CGc","est",499,0.1866,0.1395,0.3261
1,"CGc","est",500,0.165,0.1597,0.3247
1,"CGc","true",1,0.1711,0.1029,0.274
1,"CGc","true",2,0.1865,0.1347,0.3212
1,"CGc","true",3,0.1792,0.1204,0.2996
1,"CGc","true",4,0.1744,0.0957,0.2701
1,"CGc","true",5,0.1821,0.1066,0.2887
1,"CGc","true",6,0.171,0.1271,0.2981
1,"CGc","true",7,0.1782,0.1135,0.2917
1,"CGc","true",8,0.1945,0.1102,0.3047
1,"CGc","true",9,0.1661,0.1113,0.2774
1,"CGc","true",10,0.1803,0.1294,0.3097
1,"CGc","true",11,0.18,0.1251,0.3051
1,"CGc","true",12,0.1897,0.1001,0.2898
1,"CGc","true",13,0.1707,0.1221,0.2928
1,"CGc","true",14,0.1728,0.1264,0.2992
1,"CGc","true",15,0.1778,0.1095,0.2873
1,"CGc","true",16,0.1746,0.1096,0.2842
1,"CGc","true",17,0.179,0.1168,0.2958
1,"CGc","true",18,0.1817,0.1087,0.2904
1,"CGc","true",19,0.1767,0.1109,0.2876
1,"CGc","true",20,0.1668,0.1371,0.3039
1,"CGc","true",21,0.1801,0.118,0.2981
1,"CGc","true",22,0.1729,0.111,0.2839
1,"CGc","true",23,0.1787,0.1279,0.3066
1,"CGc","true",24,0.1828,0.1108,0.2936
1,"CGc","true",25,0.1848,0.1035,0.2883
1,"CGc","true",26,0.177,0.1211,0.2981
1,"CGc","true",27,0.1798,0.1173,0.2971
1,"CGc","true",28,0.1819,0.1034,0.2853
1,"CGc","true",29,0.1809,0.1179,0.2988
1,"CGc","true",30,0.1741,0.1351,0.3092
1,"CGc","true",31,0.1725,0.116,0.2885
1,"CGc","true",32,0.1768,0.1092,0.286
1,"CGc","true",33,0.1765,0.1057,0.2822
1,"CGc","true",34,0.1788,0.1143,0.2931
1,"CGc","true",35,0.1824,0.1165,0.2989
1,"CGc","true",36,0.1773,0.1189,0.2962
1,"CGc","true",37,0.1775,0.1091,0.2866
1,"CGc","true",38,0.182,0.1171,0.2991
1,"CGc","true",39,0.1755,0.1077,0.2832
1,"CGc","true",40,0.1793,0.1135,0.2928
1,"CGc","true",41,0.1853,0.1063,0.2916
1,"CGc","true",42,0.1775,0.1093,0.2868
1,"CGc","true",43,0.1755,0.1222,0.2977
1,"CGc","true",44,0.1583,0.1143,0.2726
1,"CGc","true",45,0.1808,0.0959,0.2767
1,"CGc","true",46,0.1831,0.1277,0.3108
1,"CGc","true",47,0.1792,0.1279,0.3071
1,"CGc","true",48,0.182,0.0995,0.2815
1,"CGc","true",49,0.1811,0.1254,0.3065
1,"CGc","true",50,0.1724,0.132,0.3044
1,"CGc","true",51,0.1836,0.1106,0.2942
1,"CGc","true",52,0.1749,0.1163,0.2912
1,"CGc","true",53,0.1686,0.1221,0.2907
1,"CGc","true",54,0.1867,0.1087,0.2954
1,"CGc","true",55,0.1627,0.1198,0.2825
1,"CGc","true",56,0.1795,0.1078,0.2873
1,"CGc","true",57,0.1867,0.1227,0.3094
1,"CGc","true",58,0.1793,0.1122,0.2915
1,"CGc","true",59,0.1814,0.1021,0.2835
1,"CGc","true",60,0.178,0.1092,0.2872
1,"CGc","true",61,0.1868,0.1027,0.2895
1,"CGc","true",62,0.1883,0.1126,0.3009
1,"CGc","true",63,0.178,0.1054,0.2834
1,"CGc","true",64,0.1852,0.1067,0.2919
1,"CGc","true",65,0.1653,0.109,0.2743
1,"CGc","true",66,0.1758,0.1169,0.2927
1,"CGc","true",67,0.184,0.1128,0.2968
1,"CGc","true",68,0.1771,0.1126,0.2897
1,"CGc","true",69,0.1718,0.1161,0.2879
1,"CGc","true",70,0.1843,0.0945,0.2788
1,"CGc","true",71,0.1721,0.116,0.2881
1,"CGc","true",72,0.1816,0.1179,0.2995
1,"CGc","true",73,0.1741,0.1264,0.3005
1,"CGc","true",74,0.1676,0.1251,0.2927
1,"CGc","true",75,0.1727,0.1114,0.2841
1,"CGc","true",76,0.1802,0.104,0.2842
1,"CGc","true",77,0.1892,0.1138,0.303
1,"CGc","true",78,0.1805,0.1041,0.2846
1,"CGc","true",79,0.1834,0.1146,0.298
1,"CGc","true",80,0.1857,0.117,0.3027
1,"CGc","true",81,0.1819,0.1022,0.2841
1,"CGc","true",82,0.177,0.1218,0.2988
1,"CGc","true",83,0.1781,0.1085,0.2866
1,"CGc","true",84,0.1716,0.1162,0.2878
1,"CGc","true",85,0.1778,0.1093,0.2871
1,"CGc","true",86,0.1871,0.12,0.3071
1,"CGc","true",87,0.1818,0.1043,0.2861
1,"CGc","true",88,0.1644,0.1122,0.2766
1,"CGc","true",89,0.1959,0.0902,0.2861
1,"CGc","true",90,0.1813,0.1123,0.2936
1,"CGc","true",91,0.1703,0.1227,0.293
1,"CGc","true",92,0.1753,0.1168,0.2921
1,"CGc","true",93,0.1748,0.1014,0.2762
1,"CGc","true",94,0.1893,0.1174,0.3067
1,"CGc","true",95,0.174,0.1087,0.2827
1,"CGc","true",96,0.186,0.1085,0.2945
1,"CGc","true",97,0.1744,0.1123,0.2867
1,"CGc","true",98,0.1795,0.112,0.2915
1,"CGc","true",99,0.181,0.1273,0.3083
1,"CGc","true",100,0.1813,0.1094,0.2907
1,"CGc","true",101,0.1824,0.1196,0.302
1,"CGc","true",102,0.18,0.1163,0.2963
1,"CGc","true",103,0.1677,0.1137,0.2814
1,"CGc","true",104,0.1847,0.1145,0.2992
1,"CGc","true",105,0.1834,0.1098,0.2932
1,"CGc","true",106,0.1669,0.1345,0.3014
1,"CGc","true",107,0.168,0.1205,0.2885
1,"CGc","true",108,0.1724,0.1232,0.2956
1,"CGc","true",109,0.1828,0.1139,0.2967
1,"CGc","true",110,0.1812,0.1216,0.3028
1,"CGc","true",111,0.1767,0.1251,0.3018
1,"CGc","true",112,0.1898,0.1223,0.3121
1,"CGc","true",113,0.1721,0.1147,0.2868
1,"CGc","true",114,0.176,0.1026,0.2786
1,"CGc","true",115,0.1813,0.1104,0.2917
1,"CGc","true",116,0.1913,0.1133,0.3046
1,"CGc","true",117,0.1836,0.1203,0.3039
1,"CGc","true",118,0.1602,0.1265,0.2867
1,"CGc","true",119,0.184,0.1127,0.2967
1,"CGc","true",120,0.1665,0.1157,0.2822
1,"CGc","true",121,0.177,0.1211,0.2981
1,"CGc","true",122,0.1745,0.1287,0.3032
1,"CGc","true",123,0.1761,0.1126,0.2887
1,"CGc","true",124,0.1828,0.1167,0.2995
1,"CGc","true",125,0.191,0.106,0.297
1,"CGc","true",126,0.1757,0.1284,0.3041
1,"CGc","true",127,0.1786,0.1336,0.3122
1,"CGc","true",128,0.1802,0.1055,0.2857
1,"CGc","true",129,0.1774,0.1102,0.2876
1,"CGc","true",130,0.1714,0.1147,0.2861
1,"CGc","true",131,0.179,0.1024,0.2814
1,"CGc","true",132,0.1712,0.1101,0.2813
1,"CGc","true",133,0.1765,0.1202,0.2967
1,"CGc","true",134,0.1815,0.1137,0.2952
1,"CGc","true",135,0.1744,0.1332,0.3076
1,"CGc","true",136,0.1719,0.1203,0.2922
1,"CGc","true",137,0.1819,0.0996,0.2815
1,"CGc","true",138,0.1849,0.1044,0.2893
1,"CGc","true",139,0.1817,0.1133,0.295
1,"CGc","true",140,0.1885,0.1124,0.3009
1,"CGc","true",141,0.1773,0.1255,0.3028
1,"CGc","true",142,0.1762,0.1163,0.2925
1,"CGc","true",143,0.1807,0.1118,0.2925
1,"CGc","true",144,0.1841,0.1126,0.2967
1,"CGc","true",145,0.1789,0.0986,0.2775
1,"CGc","true",146,0.1937,0.1249,0.3186
1,"CGc","true",147,0.1766,0.1305,0.3071
1,"CGc","true",148,0.1864,0.1192,0.3056
1,"CGc","true",149,0.1714,0.1168,0.2882
1,"CGc","true",150,0.1864,0.1148,0.3012
1,"CGc","true",151,0.1696,0.136,0.3056
1,"CGc","true",152,0.178,0.111,0.289
1,"CGc","true",153,0.1739,0.1043,0.2782
1,"CGc","true",154,0.1821,0.1171,0.2992
1,"CGc","true",155,0.1816,0.1183,0.2999
1,"CGc","true",156,0.1695,0.1295,0.299
1,"CGc","true",157,0.1721,0.1252,0.2973
1,"CGc","true",158,0.1855,0.0866,0.2721
1,"CGc","true",159,0.1734,0.1111,0.2845
1,"CGc","true",160,0.1818,0.1177,0.2995
1,"CGc","true",161,0.1702,0.1156,0.2858
1,"CGc","true",162,0.1727,0.1296,0.3023
1,"CGc","true",163,0.1726,0.1179,0.2905
1,"CGc","true",164,0.1733,0.1041,0.2774
1,"CGc","true",165,0.1753,0.128,0.3033
1,"CGc","true",166,0.1766,0.1149,0.2915
1,"CGc","true",167,0.1813,0.1171,0.2984
1,"CGc","true",168,0.1658,0.1324,0.2982
1,"CGc","true",169,0.1736,0.0994,0.273
1,"CGc","true",170,0.1913,0.1135,0.3048
1,"CGc","true",171,0.1809,0.102,0.2829
1,"CGc","true",172,0.1829,0.1097,0.2926
1,"CGc","true",173,0.1746,0.1173,0.2919
1,"CGc","true",174,0.1774,0.1234,0.3008
1,"CGc","true",175,0.1794,0.1101,0.2895
1,"CGc","true",176,0.1714,0.1178,0.2892
1,"CGc","true",177,0.1741,0.1163,0.2904
1,"CGc","true",178,0.1766,0.1174,0.294
1,"CGc","true",179,0.1808,0.1129,0.2937
1,"CGc","true",180,0.1648,0.1173,0.2821
1,"CGc","true",181,0.1782,0.1175,0.2957
1,"CGc","true",182,0.1832,0.1209,0.3041
1,"CGc","true",183,0.1648,0.1375,0.3023
1,"CGc","true",184,0.1643,0.1208,0.2851
1,"CGc","true",185,0.1719,0.1105,0.2824
1,"CGc","true",186,0.1706,0.1195,0.2901
1,"CGc","true",187,0.1807,0.1165,0.2972
1,"CGc","true",188,0.1758,0.1126,0.2884
1,"CGc","true",189,0.1912,0.0993,0.2905
1,"CGc","true",190,0.1689,0.1148,0.2837
1,"CGc","true",191,0.1768,0.1369,0.3137
1,"CGc","true",192,0.1822,0.098,0.2802
1,"CGc","true",193,0.1783,0.1094,0.2877
1,"CGc","true",194,0.1819,0.11,0.2919
1,"CGc","true",195,0.1787,0.1133,0.292
1,"CGc","true",196,0.1807,0.1126,0.2933
1,"CGc","true",197,0.1837,0.1068,0.2905
1,"CGc","true",198,0.1775,0.11,0.2875
1,"CGc","true",199,0.1731,0.1167,0.2898
1,"CGc","true",200,0.1784,0.1137,0.2921
1,"CGc","true",201,0.1723,0.1079,0.2802
1,"CGc","true",202,0.1739,0.1158,0.2897
1,"CGc","true",203,0.1757,0.1069,0.2826
1,"CGc","true",204,0.17,0.1166,0.2866
1,"CGc","true",205,0.185,0.1168,0.3018
1,"CGc","true",206,0.1703,0.1151,0.2854
1,"CGc","true",207,0.1741,0.1134,0.2875
1,"CGc","true",208,0.1808,0.105,0.2858
1,"CGc","true",209,0.1732,0.1089,0.2821
1,"CGc","true",210,0.178,0.1049,0.2829
1,"CGc","true",211,0.1793,0.1189,0.2982
1,"CGc","true",212,0.1801,0.1083,0.2884
1,"CGc","true",213,0.1733,0.0974,0.2707
1,"CGc","true",214,0.1795,0.1298,0.3093
1,"CGc","true",215,0.1769,0.1197,0.2966
1,"CGc","true",216,0.1726,0.1153,0.2879
1,"CGc","true",217,0.183,0.1013,0.2843
1,"CGc","true",218,0.1733,0.1184,0.2917
1,"CGc","true",219,0.1831,0.1132,0.2963
1,"CGc","true",220,0.1824,0.1117,0.2941
1,"CGc","true",221,0.1766,0.1016,0.2782
1,"CGc","true",222,0.1798,0.1217,0.3015
1,"CGc","true",223,0.1672,0.1067,0.2739
1,"CGc","true",224,0.1731,0.1073,0.2804
1,"CGc","true",225,0.1778,0.1046,0.2824
1,"CGc","true",226,0.1852,0.12,0.3052
1,"CGc","true",227,0.1875,0.123,0.3105
1,"CGc","true",228,0.1738,0.1217,0.2955
1,"CGc","true",229,0.1824,0.1104,0.2928
1,"CGc","true",230,0.186,0.1165,0.3025
1,"CGc","true",231,0.1801,0.1083,0.2884
1,"CGc","true",232,0.1821,0.1069,0.289
1,"CGc","true",233,0.177,0.1175,0.2945
1,"CGc","true",234,0.1769,0.1121,0.289
1,"CGc","true",235,0.1742,0.1144,0.2886
1,"CGc","true",236,0.1783,0.107,0.2853
1,"CGc","true",237,0.1645,0.1347,0.2992
1,"CGc","true",238,0.1812,0.1242,0.3054
1,"CGc","true",239,0.1869,0.1059,0.2928
1,"CGc","true",240,0.185,0.1102,0.2952
1,"CGc","true",241,0.1725,0.117,0.2895
1,"CGc","true",242,0.1783,0.1171,0.2954
1,"CGc","true",243,0.1772,0.1259,0.3031
1,"CGc","true",244,0.1764,0.1159,0.2923
1,"CGc","true",245,0.1772,0.1097,0.2869
1,"CGc","true",246,0.1726,0.1187,0.2913
1,"CGc","true",247,0.1805,0.1082,0.2887
1,"CGc","true",248,0.1792,0.1143,0.2935
1,"CGc","true",249,0.1756,0.1182,0.2938
1,"CGc","true",250,0.1816,0.1095,0.2911
1,"CGc","true",251,0.1838,0.1118,0.2956
1,"CGc","true",252,0.176,0.1108,0.2868
1,"CGc","true",253,0.1828,0.1131,0.2959
1,"CGc","true",254,0.1914,0.101,0.2924
1,"CGc","true",255,0.1775,0.1301,0.3076
1,"CGc","true",256,0.1717,0.1227,0.2944
1,"CGc","true",257,0.1821,0.1019,0.284
1,"CGc","true",258,0.1811,0.1015,0.2826
1,"CGc","true",259,0.1836,0.1284,0.312
1,"CGc","true",260,0.1748,0.1278,0.3026
1,"CGc","true",261,0.1707,0.1151,0.2858
1,"CGc","true",262,0.1939,0.1046,0.2985
1,"CGc","true",263,0.1789,0.1131,0.292
1,"CGc","true",264,0.177,0.1115,0.2885
1,"CGc","true",265,0.1852,0.1243,0.3095
1,"CGc","true",266,0.1753,0.1229,0.2982
1,"CGc","true",267,0.1892,0.1149,0.3041
1,"CGc","true",268,0.1743,0.1205,0.2948
1,"CGc","true",269,0.1826,0.1178,0.3004
1,"CGc","true",270,0.169,0.1276,0.2966
1,"CGc","true",271,0.1595,0.109,0.2685
1,"CGc","true",272,0.1761,0.1076,0.2837
1,"CGc","true",273,0.1986,0.0983,0.2969
1,"CGc","true",274,0.1906,0.1023,0.2929
1,"CGc","true",275,0.1821,0.1139,0.296
1,"CGc","true",276,0.1835,0.1146,0.2981
1,"CGc","true",277,0.1776,0.1276,0.3052
1,"CGc","true",278,0.1729,0.112,0.2849
1,"CGc","true",279,0.1825,0.123,0.3055
1,"CGc","true",280,0.1909,0.1084,0.2993
1,"CGc","true",281,0.1821,0.101,0.2831
1,"CGc","true",282,0.1733,0.1172,0.2905
1,"CGc","true",283,0.1808,0.127,0.3078
1,"CGc","true",284,0.1695,0.1113,0.2808
1,"CGc","true",285,0.1792,0.1136,0.2928
1,"CGc","true",286,0.1733,0.1316,0.3049
1,"CGc","true",287,0.1836,0.1103,0.2939
1,"CGc","true",288,0.175,0.1066,0.2816
1,"CGc","true",289,0.1806,0.1115,0.2921
1,"CGc","true",290,0.1797,0.1154,0.2951
1,"CGc","true",291,0.1813,0.1005,0.2818
1,"CGc","true",292,0.1737,0.1276,0.3013
1,"CGc","true",293,0.1798,0.1269,0.3067
1,"CGc","true",294,0.1839,0.1092,0.2931
1,"CGc","true",295,0.18,0.1081,0.2881
1,"CGc","true",296,0.1708,0.1236,0.2944
1,"CGc","true",297,0.1723,0.1136,0.2859
1,"CGc","true",298,0.1795,0.1198,0.2993
1,"CGc","true",299,0.1964,0.0964,0.2928
1,"CGc","true",300,0.1863,0.1132,0.2995
1,"CGc","true",301,0.1782,0.1078,0.286
1,"CGc","true",302,0.1884,0.1106,0.299
1,"CGc","true",303,0.1798,0.1127,0.2925
1,"CGc","true",304,0.1762,0.108,0.2842
1,"CGc","true",305,0.1931,0.1196,0.3127
1,"CGc","true",306,0.1884,0.114,0.3024
1,"CGc","true",307,0.1739,0.1126,0.2865
1,"CGc","true",308,0.1703,0.1239,0.2942
1,"CGc","true",309,0.19,0.1068,0.2968
1,"CGc","true",310,0.1888,0.1097,0.2985
1,"CGc","true",311,0.1826,0.1258,0.3084
1,"CGc","true",312,0.1766,0.115,0.2916
1,"CGc","true",313,0.1673,0.1208,0.2881
1,"CGc","true",314,0.1642,0.1302,0.2944
1,"CGc","true",315,0.1645,0.1056,0.2701
1,"CGc","true",316,0.1853,0.1155,0.3008
1,"CGc","true",317,0.1716,0.1164,0.288
1,"CGc","true",318,0.18,0.1274,0.3074
1,"CGc","true",319,0.1735,0.1116,0.2851
1,"CGc","true",320,0.1724,0.1328,0.3052
1,"CGc","true",321,0.19,0.1089,0.2989
1,"CGc","true",322,0.1844,0.1101,0.2945
1,"CGc","true",323,0.1905,0.1125,0.303
1,"CGc","true",324,0.1841,0.12,0.3041
1,"CGc","true",325,0.182,0.11,0.292
1,"CGc","true",326,0.17,0.0948,0.2648
1,"CGc","true",327,0.166,0.1076,0.2736
1,"CGc","true",328,0.1744,0.117,0.2914
1,"CGc","true",329,0.1785,0.119,0.2975
1,"CGc","true",330,0.1705,0.1202,0.2907
1,"CGc","true",331,0.1822,0.125,0.3072
1,"CGc","true",332,0.1736,0.1197,0.2933
1,"CGc","true",333,0.179,0.1316,0.3106
1,"CGc","true",334,0.171,0.1234,0.2944
1,"CGc","true",335,0.1821,0.1222,0.3043
1,"CGc","true",336,0.1861,0.1214,0.3075
1,"CGc","true",337,0.1733,0.1178,0.2911
1,"CGc","true",338,0.1689,0.1168,0.2857
1,"CGc","true",339,0.1737,0.1156,0.2893
1,"CGc","true",340,0.1828,0.1063,0.2891
1,"CGc","true",341,0.1691,0.1293,0.2984
1,"CGc","true",342,0.1774,0.1315,0.3089
1,"CGc","true",343,0.1685,0.113,0.2815
1,"CGc","true",344,0.1825,0.115,0.2975
1,"CGc","true",345,0.1777,0.1288,0.3065
1,"CGc","true",346,0.175,0.1191,0.2941
1,"CGc","true",347,0.1765,0.1271,0.3036
1,"CGc","true",348,0.1836,0.1169,0.3005
1,"CGc","true",349,0.1876,0.1132,0.3008
1,"CGc","true",350,0.1808,0.1096,0.2904
1,"CGc","true",351,0.1801,0.1165,0.2966
1,"CGc","true",352,0.1842,0.1152,0.2994
1,"CGc","true",353,0.1855,0.1197,0.3052
1,"CGc","true",354,0.1742,0.1234,0.2976
1,"CGc","true",355,0.1798,0.1183,0.2981
1,"CGc","true",356,0.1735,0.1305,0.304
1,"CGc","true",357,0.1761,0.1256,0.3017
1,"CGc","true",358,0.1728,0.1206,0.2934
1,"CGc","true",359,0.1765,0.1238,0.3003
1,"CGc","true",360,0.1639,0.1253,0.2892
1,"CGc","true",361,0.1662,0.1169,0.2831
1,"CGc","true",362,0.1778,0.1113,0.2891
1,"CGc","true",363,0.1724,0.1162,0.2886
1,"CGc","true",364,0.1745,0.0997,0.2742
1,"CGc","true",365,0.1879,0.097,0.2849
1,"CGc","true",366,0.1815,0.1217,0.3032
1,"CGc","true",367,0.1804,0.1221,0.3025
1,"CGc","true",368,0.1686,0.1158,0.2844
1,"CGc","true",369,0.1679,0.1196,0.2875
1,"CGc","true",370,0.1916,0.1037,0.2953
1,"CGc","true",371,0.1754,0.1153,0.2907
1,"CGc","true",372,0.1795,0.1129,0.2924
1,"CGc","true",373,0.1711,0.1263,0.2974
1,"CGc","true",374,0.1743,0.1187,0.293
1,"CGc","true",375,0.1806,0.1065,0.2871
1,"CGc","true",376,0.179,0.1173,0.2963
1,"CGc","true",377,0.1768,0.1149,0.2917
1,"CGc","true",378,0.1775,0.1326,0.3101
1,"CGc","true",379,0.1857,0.1133,0.299
1,"CGc","true",380,0.1661,0.1307,0.2968
1,"CGc","true",381,0.1732,0.1242,0.2974
1,"CGc","true",382,0.1663,0.1321,0.2984
1,"CGc","true",383,0.178,0.1205,0.2985
1,"CGc","true",384,0.1784,0.1121,0.2905
1,"CGc","true",385,0.1775,0.1202,0.2977
1,"CGc","true",386,0.1678,0.1134,0.2812
1,"CGc","true",387,0.1743,0.1219,0.2962
1,"CGc","true",388,0.1726,0.1212,0.2938
1,"CGc","true",389,0.1862,0.1072,0.2934
1,"CGc","true",390,0.1768,0.1273,0.3041
1,"CGc","true",391,0.1709,0.1122,0.2831
1,"CGc","true",392,0.1802,0.1168,0.297
1,"CGc","true",393,0.1877,0.1077,0.2954
1,"CGc","true",394,0.1807,0.1169,0.2976
1,"CGc","true",395,0.1701,0.1081,0.2782
1,"CGc","true",396,0.1746,0.1246,0.2992
1,"CGc","true",397,0.1749,0.1126,0.2875
1,"CGc","true",398,0.174,0.1256,0.2996
1,"CGc","true",399,0.1778,0.1053,0.2831
1,"CGc","true",400,0.1724,0.1174,0.2898
1,"CGc","true",401,0.1745,0.1152,0.2897
1,"CGc","true",402,0.1699,0.1211,0.291
1,"CGc","true",403,0.1812,0.1257,0.3069
1,"CGc","true",404,0.17,0.1288,0.2988
1,"CGc","true",405,0.1794,0.1056,0.285
1,"CGc","true",406,0.1903,0.1093,0.2996
1,"CGc","true",407,0.1696,0.1191,0.2887
1,"CGc","true",408,0.1767,0.1022,0.2789
1,"CGc","true",409,0.1684,0.1244,0.2928
1,"CGc","true",410,0.1774,0.1082,0.2856
1,"CGc","true",411,0.1769,0.1336,0.3105
1,"CGc","true",412,0.1805,0.1062,0.2867
1,"CGc","true",413,0.1845,0.121,0.3055
1,"CGc","true",414,0.1838,0.1252,0.309
1,"CGc","true",415,0.1791,0.0989,0.278
1,"CGc","true",416,0.1776,0.1192,0.2968
1,"CGc","true",417,0.1785,0.1221,0.3006
1,"CGc","true",418,0.1663,0.1183,0.2846
1,"CGc","true",419,0.1815,0.1029,0.2844
1,"CGc","true",420,0.1754,0.1046,0.28
1,"CGc","true",421,0.1727,0.121,0.2937
1,"CGc","true",422,0.1725,0.1183,0.2908
1,"CGc","true",423,0.1781,0.1168,0.2949
1,"CGc","true",424,0.1904,0.1213,0.3117
1,"CGc","true",425,0.1687,0.1139,0.2826
1,"CGc","true",426,0.1832,0.1005,0.2837
1,"CGc","true",427,0.1792,0.1102,0.2894
1,"CGc","true",428,0.1677,0.1301,0.2978
1,"CGc","true",429,0.1774,0.1232,0.3006
1,"CGc","true",430,0.1772,0.1158,0.293
1,"CGc","true",431,0.1793,0.1237,0.303
1,"CGc","true",432,0.1747,0.1168,0.2915
1,"CGc","true",433,0.182,0.1019,0.2839
1,"CGc","true",434,0.1754,0.1136,0.289
1,"CGc","true",435,0.1664,0.1115,0.2779
1,"CGc","true",436,0.1773,0.1172,0.2945
1,"CGc","true",437,0.1724,0.1309,0.3033
1,"CGc","true",438,0.1723,0.1198,0.2921
1,"CGc","true",439,0.1937,0.1081,0.3018
1,"CGc","true",440,0.1744,0.1136,0.288
1,"CGc","true",441,0.1849,0.1147,0.2996
1,"CGc","true",442,0.177,0.1206,0.2976
1,"CGc","true",443,0.178,0.1022,0.2802
1,"CGc","true",444,0.1842,0.1042,0.2884
1,"CGc","true",445,0.1803,0.1143,0.2946
1,"CGc","true",446,0.1829,0.1056,0.2885
1,"CGc","true",447,0.1774,0.1084,0.2858
1,"CGc","true",448,0.1753,0.1211,0.2964
1,"CGc","true",449,0.1839,0.1199,0.3038
1,"CGc","true",450,0.1746,0.1162,0.2908
1,"CGc","true",451,0.1812,0.1026,0.2838
1,"CGc","true",452,0.1851,0.1252,0.3103
1,"CGc","true",453,0.1734,0.111,0.2844
1,"CGc","true",454,0.1753,0.1185,0.2938
1,"CGc","true",455,0.1842,0.1087,0.2929
1,"CGc","true",456,0.1743,0.1225,0.2968
1,"CGc","true",457,0.1704,0.1208,0.2912
1,"CGc","true",458,0.1816,0.1131,0.2947
1,"CGc","true",459,0.1709,0.1248,0.2957
1,"CGc","true",460,0.1806,0.1078,0.2884
1,"CGc","true",461,0.1795,0.106,0.2855
1,"CGc","true",462,0.1703,0.1208,0.2911
1,"CGc","true",463,0.1712,0.1184,0.2896
1,"CGc","true",464,0.1676,0.127,0.2946
1,"CGc","true",465,0.1849,0.1173,0.3022
1,"CGc","true",466,0.1632,0.1247,0.2879
1,"CGc","true",467,0.1749,0.1195,0.2944
1,"CGc","true",468,0.1911,0.0906,0.2817
1,"CGc","true",469,0.1901,0.1027,0.2928
1,"CGc","true",470,0.1809,0.1182,0.2991
1,"CGc","true",471,0.1789,0.1151,0.294
1,"CGc","true",472,0.1944,0.1067,0.3011
1,"CGc","true",473,0.1658,0.1153,0.2811
1,"CGc","true",474,0.1718,0.1084,0.2802
1,"CGc","true",475,0.1707,0.1135,0.2842
1,"CGc","true",476,0.1806,0.106,0.2866
1,"CGc","true",477,0.1784,0.1234,0.3018
1,"CGc","true",478,0.1843,0.0941,0.2784
1,"CGc","true",479,0.182,0.1127,0.2947
1,"CGc","true",480,0.1702,0.1271,0.2973
1,"CGc","true",481,0.1661,0.1091,0.2752
1,"CGc","true",482,0.1795,0.1085,0.288
1,"CGc","true",483,0.168,0.1181,0.2861
1,"CGc","true",484,0.1834,0.1136,0.297
1,"CGc","true",485,0.1837,0.1156,0.2993
1,"CGc","true",486,0.1764,0.1239,0.3003
1,"CGc","true",487,0.1627,0.133,0.2957
1,"CGc","true",488,0.1713,0.1165,0.2878
1,"CGc","true",489,0.1807,0.1296,0.3103
1,"CGc","true",490,0.1812,0.1005,0.2817
1,"CGc","true",491,0.1691,0.1256,0.2947
1,"CGc","true",492,0.1717,0.1135,0.2852
1,"CGc","true",493,0.1714,0.1217,0.2931
1,"CGc","true",494,0.1766,0.1171,0.2937
1,"CGc","true",495,0.1789,0.1122,0.2911
1,"CGc","true",496,0.167,0.0997,0.2667
1,"CGc","true",497,0.1647,0.1178,0.2825
1,"CGc","true",498,0.1787,0.1013,0.28
1,"CGc","true",499,0.1674,0.1146,0.282
1,"CGc","true",500,0.1692,0.1207,0.2899
2,"CGa","est",1,0.1454,0.1859,0.3313
2,"CGa","est",2,0.0863,-0.0178,0.0685
2,"CGa","est",3,0.2714,0.2026,0.474
2,"CGa","est",4,0.1087,-0.0506,0.0581
2,"CGa","est",5,0.0458,-0.0206,0.0252
2,"CGa","est",6,0.0988,0.1634,0.2622
2,"CGa","est",7,0.212,-0.122,0.09
2,"CGa","est",8,0.1037,0.1651,0.2688
2,"CGa","est",9,0.1901,0.1821,0.3722
2,"CGa","est",10,0.1867,0.0249,0.2116
2,"CGa","est",11,0.2018,0.0263,0.2281
2,"CGa","est",12,0.3354,0.0896,0.425
2,"CGa","est",13,0.1578,-0.0956,0.0622
2,"CGa","est",14,0.1302,0.1828,0.313
2,"CGa","est",15,0.1381,0.017,0.1551
2,"CGa","est",16,0.0274,0.2263,0.2537
2,"CGa","est",17,0.0314,0.0285,0.0599
2,"CGa","est",18,0.1622,0.0477,0.2099
2,"CGa","est",19,0.2064,0.0764,0.2828
2,"CGa","est",20,0.0402,0.099,0.1392
2,"CGa","est",21,0.1346,0.0272,0.1618
2,"CGa","est",22,0.1116,0.2078,0.3194
2,"CGa","est",23,0.209,-0.0752,0.1338
2,"CGa","est",24,0.2129,0.2272,0.4401
2,"CGa","est",25,0.2401,0.0734,0.3135
2,"CGa","est",26,0.2667,0.0078,0.2745
2,"CGa","est",27,0.1708,0.2044,0.3752
2,"CGa","est",28,0.0897,0.1297,0.2194
2,"CGa","est",29,0.1513,-0.104,0.0473
2,"CGa","est",30,0.0985,0.0445,0.143
2,"CGa","est",31,0.3893,0.1002,0.4895
2,"CGa","est",32,0.2248,0.2372,0.462
2,"CGa","est",33,0.0941,0.2253,0.3194
2,"CGa","est",34,0.1456,0.1914,0.337
2,"CGa","est",35,0.2229,-0.0719,0.151
2,"CGa","est",36,0.0655,-0.0975,-0.032
2,"CGa","est",37,0.2403,0.0297,0.27
2,"CGa","est",38,0.2843,0.0687,0.353
2,"CGa","est",39,0.1806,0.0125,0.1931
2,"CGa","est",40,0.0949,0.2851,0.38
2,"CGa","est",41,0.2872,0.1942,0.4814
2,"CGa","est",42,0.1846,0.1069,0.2915
2,"CGa","est",43,0.2185,-0.1223,0.0962
2,"CGa","est",44,0.0219,0.0336,0.0555
2,"CGa","est",45,0.2049,0.1365,0.3414
2,"CGa","est",46,0.3031,0.1209,0.424
2,"CGa","est",47,0.2746,-0.1626,0.112
2,"CGa","est",48,0.0702,0.0572,0.1274
2,"CGa","est",49,0.174,-0.0934,0.0806
2,"CGa","est",50,0.1797,0.1481,0.3278
2,"CGa","est",51,0.1181,0.0024,0.1205
2,"CGa","est",52,0.0765,-0.0183,0.0582
2,"CGa","est",53,0.2034,0.0674,0.2708
2,"CGa","est",54,0.2445,0.0501,0.2946
2,"CGa","est",55,0.2362,0.0773,0.3135
2,"CGa","est",56,0.3245,0.0753,0.3998
2,"CGa","est",57,0.1027,0.0192,0.1219
2,"CGa","est",58,0.1479,0.104,0.2519
2,"CGa","est",59,0.2611,-0.0326,0.2285
2,"CGa","est",60,0.2192,-0.0169,0.2023
2,"CGa","est",61,0.2769,0.1126,0.3895
2,"CGa","est",62,0.0298,-0.0749,-0.0451
2,"CGa","est",63,0.0507,0.0767,0.1274
2,"CGa","est",64,0.2661,0.1336,0.3997
2,"CGa","est",65,0.1985,0.0435,0.242
2,"CGa","est",66,0.0516,-0.0813,-0.0297
2,"CGa","est",67,0.0675,-0.0843,-0.0168
2,"CGa","est",68,0.2174,0.0456,0.263
2,"CGa","est",69,0.2248,-0.031,0.1938
2,"CGa","est",70,0.1812,0.1384,0.3196
2,"CGa","est",71,0.2103,-0.0376,0.1727
2,"CGa","est",72,0.2657,0.1377,0.4034
2,"CGa","est",73,0.1107,-0.0088,0.1019
2,"CGa","est",74,0.1841,0.1199,0.304
2,"CGa","est",75,0.2637,0.0192,0.2829
2,"CGa","est",76,0.0296,-0.0791,-0.0495
2,"CGa","est",77,0.11,-0.0551,0.0549
2,"CGa","est",78,0.202,0.3008,0.5028
2,"CGa","est",79,0.1986,0.1082,0.3068
2,"CGa","est",80,0.1879,0.1641,0.352
2,"CGa","est",81,0.2477,0.187,0.4347
2,"CGa","est",82,0.0515,0.1114,0.1629
2,"CGa","est",83,0.1268,0.2232,0.35
2,"CGa","est",84,0.1432,0.0817,0.2249
2,"CGa","est",85,0.2672,0.1214,0.3886
2,"CGa","est",86,0.1139,-0.0133,0.1006
2,"CGa","est",87,0.1393,-0.0316,0.1077
2,"CGa","est",88,0.1541,0.0138,0.1679
2,"CGa","est",89,0.1805,0.0828,0.2633
2,"CGa","est",90,0.3113,0.0586,0.3699
2,"CGa","est",91,0.1922,0.1203,0.3125
2,"CGa","est",92,0.2352,0.2194,0.4546
2,"CGa","est",93,0.1274,-0.0623,0.0651
2,"CGa","est",94,0.3763,0.1508,0.5271
2,"CGa","est",95,0.2064,-0.0504,0.156
2,"CGa","est",96,0.2973,0.0353,0.3326
2,"CGa","est",97,0.377,0.1151,0.4921
2,"CGa","est",98,0.1207,-0.0933,0.0274
2,"CGa","est",99,0.1374,0.2285,0.3659
2,"CGa","est",100,0.2178,0.2173,0.4351
2,"CGa","est",101,0.1777,0.1375,0.3152
2,"CGa","est",102,0.2251,-0.0598,0.1653
2,"CGa","est",103,0.2912,0.1269,0.4181
2,"CGa","est",104,0.1523,0.198,0.3503
2,"CGa","est",105,0.3267,0.1417,0.4684
2,"CGa","est",106,0.3063,0.0556,0.3619
2,"CGa","est",107,0.0636,0.0812,0.1448
2,"CGa","est",108,0.1198,0.1178,0.2376
2,"CGa","est",109,0.2792,0.115,0.3942
2,"CGa","est",110,-0.0481,0.1556,0.1075
2,"CGa","est",111,0.1413,0.1293,0.2706
2,"CGa","est",112,0.2606,0.0443,0.3049
2,"CGa","est",113,0.2562,0.0846,0.3408
2,"CGa","est",114,0.1579,-0.1225,0.0354
2,"CGa","est",115,0.228,0.1942,0.4222
2,"CGa","est",116,0.2098,0.2534,0.4632
2,"CGa","est",117,0.1501,0.0379,0.188
2,"CGa","est",118,0.1022,0.1084,0.2106
2,"CGa","est",119,0.1038,0.1098,0.2136
2,"CGa","est",120,0.0556,0.0242,0.0798
2,"CGa","est",121,0.1256,0.135,0.2606
2,"CGa","est",122,0.1265,-0.1413,-0.0148
2,"CGa","est",123,0.0558,0.0758,0.1316
2,"CGa","est",124,0.2838,0.2242,0.508
2,"CGa","est",125,0.2228,0.0156,0.2384
2,"CGa","est",126,0.2279,0.289,0.5169
2,"CGa","est",127,0.1981,0.0614,0.2595
2,"CGa","est",128,0.0901,-0.1084,-0.0183
2,"CGa","est",129,0.1053,-0.0294,0.0759
2,"CGa","est",130,0.1652,-0.1006,0.0646
2,"CGa","est",131,0.2061,-0.0383,0.1678
2,"CGa","est",132,0.1083,-0.0943,0.014
2,"CGa","est",133,0.1604,0.0553,0.2157
2,"CGa","est",134,0.1841,0.2518,0.4359
2,"CGa","est",135,0.1083,0.1446,0.2529
2,"CGa","est",136,-0.0979,0.074,-0.0239
2,"CGa","est",137,0.2727,0.0567,0.3294
2,"CGa","est",138,0.1991,-0.0996,0.0995
2,"CGa","est",139,0.2478,-0.0487,0.1991
2,"CGa","est",140,0.1704,0.1767,0.3471
2,"CGa","est",141,0.2673,0.0499,0.3172
2,"CGa","est",142,0.2046,0.1766,0.3812
2,"CGa","est",143,0.2042,0.1033,0.3075
2,"CGa","est",144,0.1362,0.1894,0.3256
2,"CGa","est",145,0.1594,0.1411,0.3005
2,"CGa","est",146,0.2956,0.1431,0.4387
2,"CGa","est",147,0.21,0.0278,0.2378
2,"CGa","est",148,0.1473,0.1986,0.3459
2,"CGa","est",149,0.196,0.2662,0.4622
2,"CGa","est",150,0.0297,0.0911,0.1208
2,"CGa","est",151,0.2967,0.1282,0.4249
2,"CGa","est",152,0.126,0.1719,0.2979
2,"CGa","est",153,0.1815,0.2384,0.4199
2,"CGa","est",154,0.1982,0.2213,0.4195
2,"CGa","est",155,0.2106,0.1463,0.3569
2,"CGa","est",156,0.0517,-0.1092,-0.0575
2,"CGa","est",157,0.2001,-0.0533,0.1468
2,"CGa","est",158,0.2614,0.1857,0.4471
2,"CGa","est",159,0.22,0.1286,0.3486
2,"CGa","est",160,0.2371,0.2,0.4371
2,"CGa","est",161,0.2269,0.2073,0.4342
2,"CGa","est",162,0.3088,0.1619,0.4707
2,"CGa","est",163,0.1484,0.1515,0.2999
2,"CGa","est",164,0.1567,-0.0416,0.1151
2,"CGa","est",165,0.3084,0.1556,0.464
2,"CGa","est",166,0.2989,0.0164,0.3153
2,"CGa","est",167,0.1613,0.1996,0.3609
2,"CGa","est",168,0.2066,0.1707,0.3773
2,"CGa","est",169,0.208,0.0599,0.2679
2,"CGa","est",170,0.1407,-0.0466,0.0941
2,"CGa","est",171,0.1647,0.2195,0.3842
2,"CGa","est",172,0.1129,0.0179,0.1308
2,"CGa","est",173,0.1226,0.0305,0.1531
2,"CGa","est",174,0.005,0.0654,0.0704
2,"CGa","est",175,0.2338,0.1379,0.3717
2,"CGa","est",176,0.3284,0.1806,0.509
2,"CGa","est",177,0.2072,0.057,0.2642
2,"CGa","est",178,0.1686,0.1849,0.3535
2,"CGa","est",179,0.2032,-0.0311,0.1721
2,"CGa","est",180,0.1503,-0.1333,0.017
2,"CGa","est",181,0.258,0.1031,0.3611
2,"CGa","est",182,0.0622,-0.0326,0.0296
2,"CGa","est",183,0.2196,0.226,0.4456
2,"CGa","est",184,0.2454,0.1497,0.3951
2,"CGa","est",185,0.1446,0.2501,0.3947
2,"CGa","est",186,0.1619,-0.0723,0.0896
2,"CGa","est",187,0.2471,0.1916,0.4387
2,"CGa","est",188,0.1311,0.2713,0.4024
2,"CGa","est",189,0.2398,0.1593,0.3991
2,"CGa","est",190,0.1405,0.0343,0.1748
2,"CGa","est",191,0.08,0.1675,0.2475
2,"CGa","est",192,0.2054,0.2101,0.4155
2,"CGa","est",193,0.2274,0.0054,0.2328
2,"CGa","est",194,0.0664,0.0163,0.0827
2,"CGa","est",195,0.1763,-0.0014,0.1749
2,"CGa","est",196,0.3291,0.1689,0.498
2,"CGa","est",197,0.1581,0.0953,0.2534
2,"CGa","est",198,0.301,0.0669,0.3679
2,"CGa","est",199,0.1512,0.1303,0.2815
2,"CGa","est",200,0.2909,0.1178,0.4087
2,"CGa","est",201,0.1263,0.1597,0.286
2,"CGa","est",202,0.151,0.0703,0.2213
2,"CGa","est",203,0.2148,0.1379,0.3527
2,"CGa","est",204,0.2962,-0.0548,0.2414
2,"CGa","est",205,0.2361,0.0748,0.3109
2,"CGa","est",206,0.1431,0.1163,0.2594
2,"CGa","est",207,0.2298,0.1826,0.4124
2,"CGa","est",208,0.2203,0.219,0.4393
2,"CGa","est",209,0.2034,0.0891,0.2925
2,"CGa","est",210,0.0784,0.0685,0.1469
2,"CGa","est",211,0.1315,0.1573,0.2888
2,"CGa","est",212,0.1892,0.0638,0.253
2,"CGa","est",213,0.1138,-0.0049,0.1089
2,"CGa","est",214,0.1583,-0.0723,0.086
2,"CGa","est",215,0.2476,0.2697,0.5173
2,"CGa","est",216,0.1442,0.0472,0.1914
2,"CGa","est",217,0.1291,-0.1003,0.0288
2,"CGa","est",218,0.2836,0.1986,0.4822
2,"CGa","est",219,0.2204,0.1329,0.3533
2,"CGa","est",220,0.2418,0.1488,0.3906
2,"CGa","est",221,0.131,-0.0494,0.0816
2,"CGa","est",222,0.1374,0.2532,0.3906
2,"CGa","est",223,0.112,-0.0505,0.0615
2,"CGa","est",224,0.1585,-0.0047,0.1538
2,"CGa","est",225,0.2061,0.0992,0.3053
2,"CGa","est",226,0.0935,0.1794,0.2729
2,"CGa","est",227,0.2593,-0.0936,0.1657
2,"CGa","est",228,0.2278,0.181,0.4088
2,"CGa","est",229,0.2311,0.03,0.2611
2,"CGa","est",230,0.218,0.0162,0.2342
2,"CGa","est",231,0.2364,0.1763,0.4127
2,"CGa","est",232,0.141,-0.0017,0.1393
2,"CGa","est",233,-0.014,0.0222,0.0082
2,"CGa","est",234,0.0429,-0.1037,-0.0608
2,"CGa","est",235,0.1721,-0.0156,0.1565
2,"CGa","est",236,0.2186,0.1793,0.3979
2,"CGa","est",237,0.1652,0.2189,0.3841
2,"CGa","est",238,0.266,-0.0143,0.2517
2,"CGa","est",239,0.0412,0.2601,0.3013
2,"CGa","est",240,0.1768,-0.0826,0.0942
2,"CGa","est",241,0.0235,-0.0826,-0.0591
2,"CGa","est",242,0.2457,0.1754,0.4211
2,"CGa","est",243,0.2203,0.0806,0.3009
2,"CGa","est",244,0.1452,0.0347,0.1799
2,"CGa","est",245,0.1676,-0.0995,0.0681
2,"CGa","est",246,0.0496,-0.0207,0.0289
2,"CGa","est",247,0.1386,0.3139,0.4525
2,"CGa","est",248,0.1375,-0.0336,0.1039
2,"CGa","est",249,0.0457,0.0881,0.1338
2,"CGa","est",250,0.18,-0.1593,0.0207
2,"CGa","est",251,0.0467,0.2016,0.2483
2,"CGa","est",252,0.1813,0.1435,0.3248
2,"CGa","est",253,0.0329,0.0143,0.0472
2,"CGa","est",254,0.2653,0.1551,0.4204
2,"CGa","est",255,0.1679,0.2813,0.4492
2,"CGa","est",256,0.244,0.1644,0.4084
2,"CGa","est",257,0.2912,0.1174,0.4086
2,"CGa","est",258,0.0478,-0.0943,-0.0465
2,"CGa","est",259,0.1589,0.1784,0.3373
2,"CGa","est",260,0.1338,0.0776,0.2114
2,"CGa","est",261,0.0369,0.0814,0.1183
2,"CGa","est",262,0.132,-0.0113,0.1207
2,"CGa","est",263,0.2903,0.1338,0.4241
2,"CGa","est",264,0.1793,-0.1439,0.0354
2,"CGa","est",265,0.2064,0.1968,0.4032
2,"CGa","est",266,0.1816,-0.0469,0.1347
2,"CGa","est",267,0.1554,0.0834,0.2388
2,"CGa","est",268,0.2734,0.1343,0.4077
2,"CGa","est",269,0.0274,-0.0524,-0.025
2,"CGa","est",270,0.0826,-0.1119,-0.0293
2,"CGa","est",271,0.2,-0.001,0.199
2,"CGa","est",272,0.1669,0.1389,0.3058
2,"CGa","est",273,0.0456,-0.0867,-0.0411
2,"CGa","est",274,0.0528,0.2773,0.3301
2,"CGa","est",275,0.2002,0.0833,0.2835
2,"CGa","est",276,0.164,0.0943,0.2583
2,"CGa","est",277,0.203,-0.0873,0.1157
2,"CGa","est",278,0.0588,0.2569,0.3157
2,"CGa","est",279,0.0891,0.2147,0.3038
2,"CGa","est",280,0.1754,0.2161,0.3915
2,"CGa","est",281,-0.0157,-0.0878,-0.1035
2,"CGa","est",282,0.0938,-0.0484,0.0454
2,"CGa","est",283,0.2949,0.1272,0.4221
2,"CGa","est",284,0.1024,-0.0797,0.0227
2,"CGa","est",285,0.0961,0.109,0.2051
2,"CGa","est",286,0.1102,-0.0351,0.0751
2,"CGa","est",287,0.1946,0.0424,0.237
2,"CGa","est",288,0.1717,-0.0174,0.1543
2,"CGa","est",289,0.2058,0.2145,0.4203
2,"CGa","est",290,0.1735,-0.0561,0.1174
2,"CGa","est",291,0.209,0.0936,0.3026
2,"CGa","est",292,0.0531,-0.0846,-0.0315
2,"CGa","est",293,0.1368,-0.0428,0.094
2,"CGa","est",294,0.3079,0.1834,0.4913
2,"CGa","est",295,0.2208,0.0955,0.3163
2,"CGa","est",296,0.2508,0.0656,0.3164
2,"CGa","est",297,0.0661,0.0615,0.1276
2,"CGa","est",298,0.2482,-0.000199999999999999,0.248
2,"CGa","est",299,0.1776,-0.0195,0.1581
2,"CGa","est",300,0.1785,0.0448,0.2233
2,"CGa","est",301,0.2353,0.012,0.2473
2,"CGa","est",302,0.0899,0.095,0.1849
2,"CGa","est",303,0.2966,0.1066,0.4032
2,"CGa","est",304,0.1851,0.131,0.3161
2,"CGa","est",305,0.2699,0.1579,0.4278
2,"CGa","est",306,0.3627,0.1121,0.4748
2,"CGa","est",307,0.1792,-0.05,0.1292
2,"CGa","est",308,0.2156,0.0719,0.2875
2,"CGa","est",309,0.0791,0.2521,0.3312
2,"CGa","est",310,0.1942,0.167,0.3612
2,"CGa","est",311,0.0899,0.2351,0.325
2,"CGa","est",312,0.125,0.0194,0.1444
2,"CGa","est",313,0.1525,0.1867,0.3392
2,"CGa","est",314,0.2044,-0.151,0.0534
2,"CGa","est",315,0.2366,0.0506,0.2872
2,"CGa","est",316,-0.042,0.1109,0.0689
2,"CGa","est",317,0.2158,0.1699,0.3857
2,"CGa","est",318,0.1454,0.125,0.2704
2,"CGa","est",319,0.3285,0.1285,0.457
2,"CGa","est",320,0.3056,0.1592,0.4648
2,"CGa","est",321,0.1145,0.0443,0.1588
2,"CGa","est",322,0.2632,0.171,0.4342
2,"CGa","est",323,0.2742,0.1692,0.4434
2,"CGa","est",324,0.2075,0.1886,0.3961
2,"CGa","est",325,0.0485,-0.0178,0.0307
2,"CGa","est",326,0.1481,0.2117,0.3598
2,"CGa","est",327,0.1074,-0.0944,0.013
2,"CGa","est",328,0.0338,-0.0395,-0.0057
2,"CGa","est",329,0.2088,0.0011,0.2099
2,"CGa","est",330,0.162,0.1556,0.3176
2,"CGa","est",331,0.0728,-0.0587,0.0141
2,"CGa","est",332,0.2554,-0.0084,0.247
2,"CGa","est",333,0.0619,0.0086,0.0705
2,"CGa","est",334,0.3683,0.0499,0.4182
2,"CGa","est",335,0.2794,0.0713,0.3507
2,"CGa","est",336,0.1037,-0.139,-0.0353
2,"CGa","est",337,0.3172,0.1541,0.4713
2,"CGa","est",338,0.1286,-0.065,0.0636
2,"CGa","est",339,0.2184,0.0503,0.2687
2,"CGa","est",340,0.0876,0.059,0.1466
2,"CGa","est",341,0.3915,0.162,0.5535
2,"CGa","est",342,0.2795,0.027,0.3065
2,"CGa","est",343,0.1803,0.0866,0.2669
2,"CGa","est",344,0.1706,0.1141,0.2847
2,"CGa","est",345,0.1851,0.1167,0.3018
2,"CGa","est",346,0.0627,0.0663,0.129
2,"CGa","est",347,0.2254,0.1424,0.3678
2,"CGa","est",348,0.1434,-0.0101,0.1333
2,"CGa","est",349,0.2474,0.246,0.4934
2,"CGa","est",350,0.2251,0.0938,0.3189
2,"CGa","est",351,0.2438,0.0905,0.3343
2,"CGa","est",352,0.2632,0.0886,0.3518
2,"CGa","est",353,0.2171,0.1351,0.3522
2,"CGa","est",354,0.2562,0.2902,0.5464
2,"CGa","est",355,-0.0375,0.0958,0.0583
2,"CGa","est",356,0.2298,-0.1318,0.098
2,"CGa","est",357,0.2267,0.0448,0.2715
2,"CGa","est",358,0.0674,0.0229,0.0903
2,"CGa","est",359,0.1076,-0.1041,0.0035
2,"CGa","est",360,0.1832,0.0409,0.2241
2,"CGa","est",361,0.2404,-0.1103,0.1301
2,"CGa","est",362,0.1607,0.1889,0.3496
2,"CGa","est",363,0.1941,0.1678,0.3619
2,"CGa","est",364,0.0125,0.2866,0.2991
2,"CGa","est",365,0.1927,0.1311,0.3238
2,"CGa","est",366,0.1643,0.2331,0.3974
2,"CGa","est",367,0.2062,0.0503,0.2565
2,"CGa","est",368,0.1778,0.229,0.4068
2,"CGa","est",369,0.2913,0.1386,0.4299
2,"CGa","est",370,0.1859,-0.0376,0.1483
2,"CGa","est",371,0.2742,0.2017,0.4759
2,"CGa","est",372,0.1747,0.2501,0.4248
2,"CGa","est",373,0.2925,0.0784,0.3709
2,"CGa","est",374,0.1538,-0.0158,0.138
2,"CGa","est",375,0.3138,-0.0517,0.2621
2,"CGa","est",376,0.0639,-0.0238,0.0401
2,"CGa","est",377,0.3368,0.093,0.4298
2,"CGa","est",378,0.2688,-0.0378,0.231
2,"CGa","est",379,0.2739,0.1233,0.3972
2,"CGa","est",380,0.2395,0.2328,0.4723
2,"CGa","est",381,0.1322,0.1936,0.3258
2,"CGa","est",382,0.2516,0.0041,0.2557
2,"CGa","est",383,0.0585,0.1337,0.1922
2,"CGa","est",384,0.1958,-0.129,0.0668
2,"CGa","est",385,0.0235,0.0916,0.1151
2,"CGa","est",386,0.2602,0.1675,0.4277
2,"CGa","est",387,0.1311,-0.0914,0.0397
2,"CGa","est",388,0.1839,0.0439,0.2278
2,"CGa","est",389,0.0458,0.0387,0.0845
2,"CGa","est",390,0.0902,0.0813,0.1715
2,"CGa","est",391,0.2266,0.1113,0.3379
2,"CGa","est",392,0.1079,-0.076,0.0319
2,"CGa","est",393,0.1726,0.0621,0.2347
2,"CGa","est",394,0.2037,0.1581,0.3618
2,"CGa","est",395,0.2019,-0.1434,0.0585
2,"CGa","est",396,0.0352,0.1486,0.1838
2,"CGa","est",397,0.1664,0.192,0.3584
2,"CGa","est",398,0.1814,0.1929,0.3743
2,"CGa","est",399,0.1594,-0.0303,0.1291
2,"CGa","est",400,0.173,-0.0196,0.1534
2,"CGa","est",401,0.2205,-0.0085,0.212
2,"CGa","est",402,0.2277,0.0509,0.2786
2,"CGa","est",403,0.2251,0.1049,0.33
2,"CGa","est",404,0.2338,0.1099,0.3437
2,"CGa","est",405,0.2559,-0.0904,0.1655
2,"CGa","est",406,0.1438,0.0392,0.183
2,"CGa","est",407,0.0924,0.1547,0.2471
2,"CGa","est",408,0.0695,-0.0683,0.0012
2,"CGa","est",409,0.2934,0.1734,0.4668
2,"CGa","est",410,0.2886,0.1688,0.4574
2,"CGa","est",411,0.1798,-0.0516,0.1282
2,"CGa","est",412,0.1678,0.0645,0.2323
2,"CGa","est",413,0.3558,0.1001,0.4559
2,"CGa","est",414,0.1569,0.0223,0.1792
2,"CGa","est",415,0.2508,0.0679,0.3187
2,"CGa","est",416,0.1469,-0.0706,0.0763
2,"CGa","est",417,0.3346,0.0838,0.4184
2,"CGa","est",418,0.098,0.1016,0.1996
2,"CGa","est",419,0.1795,0.0641,0.2436
2,"CGa","est",420,0.044,0.1045,0.1485
2,"CGa","est",421,0.0519,0.0603,0.1122
2,"CGa","est",422,0.0931,0.1613,0.2544
2,"CGa","est",423,0.2139,0.1325,0.3464
2,"CGa","est",424,0.0456,0.0143,0.0599
2,"CGa","est",425,0.2754,-0.0123,0.2631
2,"CGa","est",426,0.1314,0.2746,0.406
2,"CGa","est",427,0.1354,0.2106,0.346
2,"CGa","est",428,0.1507,-0.0497,0.101
2,"CGa","est",429,-0.0105,0.153,0.1425
2,"CGa","est",430,0.2373,0.0744,0.3117
2,"CGa","est",431,0.2113,0.1273,0.3386
2,"CGa","est",432,0.1465,0.0168,0.1633
2,"CGa","est",433,0.2772,0.0923,0.3695
2,"CGa","est",434,0.0341,0.0779,0.112
2,"CGa","est",435,0.0868,0.1063,0.1931
2,"CGa","est",436,0.1258,0.2087,0.3345
2,"CGa","est",437,0.2602,0.0186,0.2788
2,"CGa","est",438,0.1662,0.1745,0.3407
2,"CGa","est",439,0.1902,-0.019,0.1712
2,"CGa","est",440,0.1638,0.2212,0.385
2,"CGa","est",441,0.2423,0.1599,0.4022
2,"CGa","est",442,0.1866,-0.0334,0.1532
2,"CGa","est",443,0.1567,0.0359,0.1926
2,"CGa","est",444,0.1302,-0.0302,0.1
2,"CGa","est",445,0.2326,0.1011,0.3337
2,"CGa","est",446,0.2725,0.1345,0.407
2,"CGa","est",447,0.1736,0.2449,0.4185
2,"CGa","est",448,0.2696,0.0283,0.2979
2,"CGa","est",449,0.0879,-0.1074,-0.0195
2,"CGa","est",450,0.104,0.1754,0.2794
2,"CGa","est",451,0.2998,-0.1869,0.1129
2,"CGa","est",452,0.0995,0.2071,0.3066
2,"CGa","est",453,0.2135,0.0782,0.2917
2,"CGa","est",454,0.3261,0.0702,0.3963
2,"CGa","est",455,0.0907,0.272,0.3627
2,"CGa","est",456,0.0471,0.0028,0.0499
2,"CGa","est",457,0.1531,-0.0276,0.1255
2,"CGa","est",458,0.2123,0.0988,0.3111
2,"CGa","est",459,0.2726,0.0851,0.3577
2,"CGa","est",460,0.1009,-0.0688,0.0321
2,"CGa","est",461,0.1805,0.1414,0.3219
2,"CGa","est",462,0.1167,0.0838,0.2005
2,"CGa","est",463,0.154,0.0538,0.2078
2,"CGa","est",464,0.2051,0.1907,0.3958
2,"CGa","est",465,0.126,0.118,0.244
2,"CGa","est",466,0.0793,0.0821,0.1614
2,"CGa","est",467,0.1374,-0.0032,0.1342
2,"CGa","est",468,0.122,0.0489,0.1709
2,"CGa","est",469,0.1606,-0.0108,0.1498
2,"CGa","est",470,0.074,0.0858,0.1598
2,"CGa","est",471,0.0044,0.1355,0.1399
2,"CGa","est",472,0.1913,-0.1085,0.0828
2,"CGa","est",473,0.2936,0.1401,0.4337
2,"CGa","est",474,0.3151,0.0542,0.3693
2,"CGa","est",475,0.2234,0.0847,0.3081
2,"CGa","est",476,0.2132,-0.096,0.1172
2,"CGa","est",477,0.052,0.2418,0.2938
2,"CGa","est",478,0.1979,0.0346,0.2325
2,"CGa","est",479,0.2206,0.1324,0.353
2,"CGa","est",480,0.1613,0.254,0.4153
2,"CGa","est",481,0.1695,-0.0661,0.1034
2,"CGa","est",482,0.2791,0.1092,0.3883
2,"CGa","est",483,0.2068,0.1379,0.3447
2,"CGa","est",484,0.0457,0.1051,0.1508
2,"CGa","est",485,0.329,0.17,0.499
2,"CGa","est",486,0.276,0.0691,0.3451
2,"CGa","est",487,0.2092,0.0827,0.2919
2,"CGa","est",488,0.2193,-0.1186,0.1007
2,"CGa","est",489,0.0419,0.0743,0.1162
2,"CGa","est",490,0.2326,0.0949,0.3275
2,"CGa","est",491,0.1622,-0.0678,0.0944
2,"CGa","est",492,0.2133,0.1914,0.4047
2,"CGa","est",493,0.1054,0.0793,0.1847
2,"CGa","est",494,0.1035,-0.0744,0.0291
2,"CGa","est",495,0.1226,-0.1132,0.0094
2,"CGa","est",496,0.2886,0.1428,0.4314
2,"CGa","est",497,0.2107,0.1549,0.3656
2,"CGa","est",498,0.307,0.0641,0.3711
2,"CGa","est",499,0.1951,0.1766,0.3717
2,"CGa","est",500,0.184,0.2159,0.3999
2,"CGa","true",1,0.0918,0.1961,0.2879
2,"CGa","true",2,0.0929,0.1845,0.2774
2,"CGa","true",3,0.0926,0.1862,0.2788
2,"CGa","true",4,0.0872,0.201,0.2882
2,"CGa","true",5,0.085,0.192,0.277
2,"CGa","true",6,0.091,0.1889,0.2799
2,"CGa","true",7,0.0813,0.213,0.2943
2,"CGa","true",8,0.0845,0.2007,0.2852
2,"CGa","true",9,0.0899,0.1907,0.2806
2,"CGa","true",10,0.083,0.1879,0.2709
2,"CGa","true",11,0.0966,0.1774,0.274
2,"CGa","true",12,0.0866,0.1934,0.28
2,"CGa","true",13,0.0915,0.1849,0.2764
2,"CGa","true",14,0.0898,0.1911,0.2809
2,"CGa","true",15,0.0815,0.1878,0.2693
2,"CGa","true",16,0.0939,0.1926,0.2865
2,"CGa","true",17,0.0897,0.188,0.2777
2,"CGa","true",18,0.0917,0.1853,0.277
2,"CGa","true",19,0.0836,0.1949,0.2785
2,"CGa","true",20,0.0848,0.1987,0.2835
2,"CGa","true",21,0.0888,0.1919,0.2807
2,"CGa","true",22,0.0871,0.1931,0.2802
2,"CGa","true",23,0.0819,0.2149,0.2968
2,"CGa","true",24,0.0894,0.1967,0.2861
2,"CGa","true",25,0.0898,0.2083,0.2981
2,"CGa","true",26,0.089,0.1937,0.2827
2,"CGa","true",27,0.0904,0.204,0.2944
2,"CGa","true",28,0.0922,0.1998,0.292
2,"CGa","true",29,0.0909,0.1863,0.2772
2,"CGa","true",30,0.0879,0.1871,0.275
2,"CGa","true",31,0.0916,0.1922,0.2838
2,"CGa","true",32,0.092,0.1964,0.2884
2,"CGa","true",33,0.0816,0.198,0.2796
2,"CGa","true",34,0.0887,0.1889,0.2776
2,"CGa","true",35,0.0994,0.1985,0.2979
2,"CGa","true",36,0.0925,0.1909,0.2834
2,"CGa","true",37,0.0878,0.1919,0.2797
2,"CGa","true",38,0.0873,0.1983,0.2856
2,"CGa","true",39,0.0928,0.1897,0.2825
2,"CGa","true",40,0.0903,0.1913,0.2816
2,"CGa","true",41,0.0899,0.1865,0.2764
2,"CGa","true",42,0.0846,0.1988,0.2834
2,"CGa","true",43,0.0822,0.2026,0.2848
2,"CGa","true",44,0.0793,0.1914,0.2707
2,"CGa","true",45,0.0921,0.1805,0.2726
2,"CGa","true",46,0.0893,0.1816,0.2709
2,"CGa","true",47,0.0811,0.185,0.2661
2,"CGa","true",48,0.0878,0.1788,0.2666
2,"CGa","true",49,0.0927,0.1917,0.2844
2,"CGa","true",50,0.0943,0.1912,0.2855
2,"CGa","true",51,0.0883,0.1978,0.2861
2,"CGa","true",52,0.087,0.2032,0.2902
2,"CGa","true",53,0.0822,0.2073,0.2895
2,"CGa","true",54,0.0914,0.18,0.2714
2,"CGa","true",55,0.0942,0.1928,0.287
2,"CGa","true",56,0.0857,0.1927,0.2784
2,"CGa","true",57,0.0875,0.1913,0.2788
2,"CGa","true",58,0.0943,0.1951,0.2894
2,"CGa","true",59,0.0921,0.1949,0.287
2,"CGa","true",60,0.0864,0.1928,0.2792
2,"CGa","true",61,0.0904,0.1877,0.2781
2,"CGa","true",62,0.0834,0.1986,0.282
2,"CGa","true",63,0.0871,0.1972,0.2843
2,"CGa","true",64,0.091,0.1802,0.2712
2,"CGa","true",65,0.0857,0.1975,0.2832
2,"CGa","true",66,0.0852,0.1968,0.282
2,"CGa","true",67,0.0779,0.1954,0.2733
2,"CGa","true",68,0.0828,0.2013,0.2841
2,"CGa","true",69,0.0875,0.1889,0.2764
2,"CGa","true",70,0.0867,0.1978,0.2845
2,"CGa","true",71,0.0927,0.2197,0.3124
2,"CGa","true",72,0.0871,0.1929,0.28
2,"CGa","true",73,0.0942,0.181,0.2752
2,"CGa","true",74,0.0914,0.1927,0.2841
2,"CGa","true",75,0.0955,0.185,0.2805
2,"CGa","true",76,0.088,0.197,0.285
2,"CGa","true",77,0.0895,0.1973,0.2868
2,"CGa","true",78,0.0818,0.1907,0.2725
2,"CGa","true",79,0.086,0.1993,0.2853
2,"CGa","true",80,0.0907,0.1994,0.2901
2,"CGa","true",81,0.0948,0.2102,0.305
2,"CGa","true",82,0.0892,0.1882,0.2774
2,"CGa","true",83,0.0895,0.1899,0.2794
2,"CGa","true",84,0.0879,0.1902,0.2781
2,"CGa","true",85,0.0905,0.1951,0.2856
2,"CGa","true",86,0.0949,0.1942,0.2891
2,"CGa","true",87,0.088,0.1939,0.2819
2,"CGa","true",88,0.0857,0.1964,0.2821
2,"CGa","true",89,0.0837,0.1996,0.2833
2,"CGa","true",90,0.0856,0.1997,0.2853
2,"CGa","true",91,0.0857,0.2015,0.2872
2,"CGa","true",92,0.0911,0.1914,0.2825
2,"CGa","true",93,0.0903,0.2017,0.292
2,"CGa","true",94,0.0937,0.192,0.2857
2,"CGa","true",95,0.0952,0.1846,0.2798
2,"CGa","true",96,0.0874,0.185,0.2724
2,"CGa","true",97,0.0871,0.2031,0.2902
2,"CGa","true",98,0.0884,0.1925,0.2809
2,"CGa","true",99,0.0869,0.1955,0.2824
2,"CGa","true",100,0.0937,0.1931,0.2868
2,"CGa","true",101,0.0897,0.1916,0.2813
2,"CGa","true",102,0.0874,0.1932,0.2806
2,"CGa","true",103,0.0905,0.1968,0.2873
2,"CGa","true",104,0.0819,0.192,0.2739
2,"CGa","true",105,0.093,0.1817,0.2747
2,"CGa","true",106,0.0836,0.1978,0.2814
2,"CGa","true",107,0.0739,0.2,0.2739
2,"CGa","true",108,0.0913,0.1894,0.2807
2,"CGa","true",109,0.0973,0.1856,0.2829
2,"CGa","true",110,0.0866,0.1984,0.285
2,"CGa","true",111,0.0902,0.1944,0.2846
2,"CGa","true",112,0.0824,0.1937,0.2761
2,"CGa","true",113,0.0908,0.1872,0.278
2,"CGa","true",114,0.0866,0.1927,0.2793
2,"CGa","true",115,0.0946,0.1863,0.2809
2,"CGa","true",116,0.095,0.1937,0.2887
2,"CGa","true",117,0.0924,0.194,0.2864
2,"CGa","true",118,0.0895,0.1956,0.2851
2,"CGa","true",119,0.0882,0.1934,0.2816
2,"CGa","true",120,0.0903,0.1889,0.2792
2,"CGa","true",121,0.0872,0.206,0.2932
2,"CGa","true",122,0.0903,0.1944,0.2847
2,"CGa","true",123,0.0891,0.1958,0.2849
2,"CGa","true",124,0.0877,0.2033,0.291
2,"CGa","true",125,0.0838,0.1977,0.2815
2,"CGa","true",126,0.0776,0.1974,0.275
2,"CGa","true",127,0.0767,0.2137,0.2904
2,"CGa","true",128,0.0853,0.1956,0.2809
2,"CGa","true",129,0.0893,0.1985,0.2878
2,"CGa","true",130,0.0879,0.204,0.2919
2,"CGa","true",131,0.093,0.1798,0.2728
2,"CGa","true",132,0.0912,0.1899,0.2811
2,"CGa","true",133,0.0922,0.1888,0.281
2,"CGa","true",134,0.0955,0.1992,0.2947
2,"CGa","true",135,0.0903,0.1838,0.2741
2,"CGa","true",136,0.0955,0.1934,0.2889
2,"CGa","true",137,0.0874,0.1968,0.2842
2,"CGa","true",138,0.0844,0.1919,0.2763
2,"CGa","true",139,0.0892,0.187,0.2762
2,"CGa","true",140,0.0916,0.2012,0.2928
2,"CGa","true",141,0.0873,0.2074,0.2947
2,"CGa","true",142,0.0851,0.1943,0.2794
2,"CGa","true",143,0.0802,0.2133,0.2935
2,"CGa","true",144,0.0974,0.1885,0.2859
2,"CGa","true",145,0.0903,0.1974,0.2877
2,"CGa","true",146,0.0849,0.1926,0.2775
2,"CGa","true",147,0.0863,0.1895,0.2758
2,"CGa","true",148,0.0896,0.1901,0.2797
2,"CGa","true",149,0.0905,0.1876,0.2781
2,"CGa","true",150,0.0942,0.2061,0.3003
2,"CGa","true",151,0.0865,0.199,0.2855
2,"CGa","true",152,0.0873,0.1956,0.2829
2,"CGa","true",153,0.0868,0.1837,0.2705
2,"CGa","true",154,0.1029,0.1931,0.296
2,"CGa","true",155,0.0861,0.2034,0.2895
2,"CGa","true",156,0.0919,0.194,0.2859
2,"CGa","true",157,0.0868,0.1918,0.2786
2,"CGa","true",158,0.0861,0.1909,0.277
2,"CGa","true",159,0.0802,0.1966,0.2768
2,"CGa","true",160,0.0881,0.1933,0.2814
2,"CGa","true",161,0.0871,0.1987,0.2858
2,"CGa","true",162,0.0878,0.1963,0.2841
2,"CGa","true",163,0.0926,0.1909,0.2835
2,"CGa","true",164,0.096,0.1857,0.2817
2,"CGa","true",165,0.0841,0.1961,0.2802
2,"CGa","true",166,0.0902,0.1823,0.2725
2,"CGa","true",167,0.0837,0.194,0.2777
2,"CGa","true",168,0.0879,0.2091,0.297
2,"CGa","true",169,0.093,0.1854,0.2784
2,"CGa","true",170,0.0945,0.1924,0.2869
2,"CGa","true",171,0.0985,0.1907,0.2892
2,"CGa","true",172,0.0919,0.1982,0.2901
2,"CGa","true",173,0.0841,0.2094,0.2935
2,"CGa","true",174,0.0876,0.1948,0.2824
2,"CGa","true",175,0.0865,0.1883,0.2748
2,"CGa","true",176,0.0875,0.1866,0.2741
2,"CGa","true",177,0.0987,0.1861,0.2848
2,"CGa","true",178,0.0946,0.1753,0.2699
2,"CGa","true",179,0.0921,0.1892,0.2813
2,"CGa","true",180,0.0852,0.1868,0.272
2,"CGa","true",181,0.0889,0.1982,0.2871
2,"CGa","true",182,0.0877,0.1946,0.2823
2,"CGa","true",183,0.0904,0.1842,0.2746
2,"CGa","true",184,0.0871,0.1876,0.2747
2,"CGa","true",185,0.089,0.1912,0.2802
2,"CGa","true",186,0.0889,0.2016,0.2905
2,"CGa","true",187,0.0867,0.1906,0.2773
2,"CGa","true",188,0.0924,0.1855,0.2779
2,"CGa","true",189,0.0896,0.2092,0.2988
2,"CGa","true",190,0.0832,0.203,0.2862
2,"CGa","true",191,0.0899,0.2044,0.2943
2,"CGa","true",192,0.0813,0.1925,0.2738
2,"CGa","true",193,0.0919,0.183,0.2749
2,"CGa","true",194,0.0912,0.1932,0.2844
2,"CGa","true",195,0.0885,0.2047,0.2932
2,"CGa","true",196,0.0889,0.1875,0.2764
2,"CGa","true",197,0.0924,0.1928,0.2852
2,"CGa","true",198,0.0867,0.2086,0.2953
2,"CGa","true",199,0.0875,0.193,0.2805
2,"CGa","true",200,0.0892,0.2055,0.2947
2,"CGa","true",201,0.0958,0.1908,0.2866
2,"CGa","true",202,0.0934,0.1759,0.2693
2,"CGa","true",203,0.0938,0.1872,0.281
2,"CGa","true",204,0.0807,0.1979,0.2786
2,"CGa","true",205,0.0895,0.1854,0.2749
2,"CGa","true",206,0.0946,0.2026,0.2972
2,"CGa","true",207,0.092,0.1943,0.2863
2,"CGa","true",208,0.0886,0.1927,0.2813
2,"CGa","true",209,0.0909,0.187,0.2779
2,"CGa","true",210,0.087,0.1961,0.2831
2,"CGa","true",211,0.0877,0.2123,0.3
2,"CGa","true",212,0.0818,0.2149,0.2967
2,"CGa","true",213,0.0795,0.2069,0.2864
2,"CGa","true",214,0.0886,0.212,0.3006
2,"CGa","true",215,0.0854,0.1853,0.2707
2,"CGa","true",216,0.084,0.195,0.279
2,"CGa","true",217,0.0979,0.1801,0.278
2,"CGa","true",218,0.0828,0.1868,0.2696
2,"CGa","true",219,0.0928,0.2008,0.2936
2,"CGa","true",220,0.0875,0.1955,0.283
2,"CGa","true",221,0.0821,0.1897,0.2718
2,"CGa","true",222,0.0996,0.1913,0.2909
2,"CGa","true",223,0.0939,0.1851,0.279
2,"CGa","true",224,0.0919,0.183,0.2749
2,"CGa","true",225,0.0812,0.1911,0.2723
2,"CGa","true",226,0.0776,0.1902,0.2678
2,"CGa","true",227,0.0941,0.2019,0.296
2,"CGa","true",228,0.0937,0.1811,0.2748
2,"CGa","true",229,0.0921,0.1984,0.2905
2,"CGa","true",230,0.0951,0.1818,0.2769
2,"CGa","true",231,0.0869,0.1935,0.2804
2,"CGa","true",232,0.0868,0.1984,0.2852
2,"CGa","true",233,0.0854,0.1827,0.2681
2,"CGa","true",234,0.0933,0.1851,0.2784
2,"CGa","true",235,0.0961,0.1867,0.2828
2,"CGa","true",236,0.0934,0.1962,0.2896
2,"CGa","true",237,0.0907,0.1862,0.2769
2,"CGa","true",238,0.1012,0.1876,0.2888
2,"CGa","true",239,0.09,0.1905,0.2805
2,"CGa","true",240,0.0893,0.1865,0.2758
2,"CGa","true",241,0.0997,0.1888,0.2885
2,"CGa","true",242,0.0872,0.1964,0.2836
2,"CGa","true",243,0.0911,0.1971,0.2882
2,"CGa","true",244,0.0849,0.2035,0.2884
2,"CGa","true",245,0.0858,0.2054,0.2912
2,"CGa","true",246,0.0902,0.2036,0.2938
2,"CGa","true",247,0.0846,0.1948,0.2794
2,"CGa","true",248,0.0851,0.2021,0.2872
2,"CGa","true",249,0.086,0.1917,0.2777
2,"CGa","true",250,0.0887,0.2027,0.2914
2,"CGa","true",251,0.0987,0.1923,0.291
2,"CGa","true",252,0.09,0.1885,0.2785
2,"CGa","true",253,0.0907,0.1808,0.2715
2,"CGa","true",254,0.0942,0.1906,0.2848
2,"CGa","true",255,0.0845,0.2054,0.2899
2,"CGa","true",256,0.0886,0.1994,0.288
2,"CGa","true",257,0.0889,0.192,0.2809
2,"CGa","true",258,0.086,0.1943,0.2803
2,"CGa","true",259,0.0841,0.194,0.2781
2,"CGa","true",260,0.0987,0.197,0.2957
2,"CGa","true",261,0.089,0.2022,0.2912
2,"CGa","true",262,0.0988,0.2062,0.305
2,"CGa","true",263,0.0888,0.2005,0.2893
2,"CGa","true",264,0.0953,0.1904,0.2857
2,"CGa","true",265,0.0908,0.1945,0.2853
2,"CGa","true",266,0.0857,0.2033,0.289
2,"CGa","true",267,0.0896,0.2046,0.2942
2,"CGa","true",268,0.0942,0.1831,0.2773
2,"CGa","true",269,0.0939,0.1845,0.2784
2,"CGa","true",270,0.0944,0.2035,0.2979
2,"CGa","true",271,0.0916,0.1897,0.2813
2,"CGa","true",272,0.0961,0.2068,0.3029
2,"CGa","true",273,0.0872,0.2023,0.2895
2,"CGa","true",274,0.0927,0.199,0.2917
2,"CGa","true",275,0.0927,0.1943,0.287
2,"CGa","true",276,0.0915,0.1937,0.2852
2,"CGa","true",277,0.084,0.1816,0.2656
2,"CGa","true",278,0.0854,0.192,0.2774
2,"CGa","true",279,0.0891,0.1888,0.2779
2,"CGa","true",280,0.0911,0.1907,0.2818
2,"CGa","true",281,0.0887,0.19,0.2787
2,"CGa","true",282,0.0887,0.1853,0.274
2,"CGa","true",283,0.0901,0.1797,0.2698
2,"CGa","true",284,0.0914,0.1996,0.291
2,"CGa","true",285,0.0899,0.1936,0.2835
2,"CGa","true",286,0.0933,0.1872,0.2805
2,"CGa","true",287,0.087,0.1943,0.2813
2,"CGa","true",288,0.0859,0.1999,0.2858
2,"CGa","true",289,0.0865,0.2121,0.2986
2,"CGa","true",290,0.0866,0.1964,0.283
2,"CGa","true",291,0.0925,0.2004,0.2929
2,"CGa","true",292,0.0955,0.1797,0.2752
2,"CGa","true",293,0.0842,0.1988,0.283
2,"CGa","true",294,0.0945,0.1993,0.2938
2,"CGa","true",295,0.0873,0.2003,0.2876
2,"CGa","true",296,0.0943,0.1997,0.294
2,"CGa","true",297,0.0835,0.1972,0.2807
2,"CGa","true",298,0.0846,0.197,0.2816
2,"CGa","true",299,0.088,0.1866,0.2746
2,"CGa","true",300,0.0917,0.1877,0.2794
2,"CGa","true",301,0.0924,0.1896,0.282
2,"CGa","true",302,0.0935,0.1978,0.2913
2,"CGa","true",303,0.0875,0.1935,0.281
2,"CGa","true",304,0.0914,0.1877,0.2791
2,"CGa","true",305,0.0859,0.212,0.2979
2,"CGa","true",306,0.0907,0.1895,0.2802
2,"CGa","true",307,0.0931,0.1916,0.2847
2,"CGa","true",308,0.0913,0.1945,0.2858
2,"CGa","true",309,0.0869,0.1906,0.2775
2,"CGa","true",310,0.0923,0.1974,0.2897
2,"CGa","true",311,0.092,0.1928,0.2848
2,"CGa","true",312,0.0915,0.1996,0.2911
2,"CGa","true",313,0.0885,0.2001,0.2886
2,"CGa","true",314,0.0938,0.1825,0.2763
2,"CGa","true",315,0.0898,0.1908,0.2806
2,"CGa","true",316,0.0859,0.2119,0.2978
2,"CGa","true",317,0.0918,0.197,0.2888
2,"CGa","true",318,0.081,0.2013,0.2823
2,"CGa","true",319,0.0919,0.1987,0.2906
2,"CGa","true",320,0.0948,0.207,0.3018
2,"CGa","true",321,0.0918,0.1883,0.2801
2,"CGa","true",322,0.0933,0.1806,0.2739
2,"CGa","true",323,0.0929,0.1874,0.2803
2,"CGa","true",324,0.0936,0.188,0.2816
2,"CGa","true",325,0.0892,0.2097,0.2989
2,"CGa","true",326,0.0911,0.1911,0.2822
2,"CGa","true",327,0.0983,0.1906,0.2889
2,"CGa","true",328,0.0937,0.1821,0.2758
2,"CGa","true",329,0.0931,0.1918,0.2849
2,"CGa","true",330,0.0937,0.2025,0.2962
2,"CGa","true",331,0.0899,0.1942,0.2841
2,"CGa","true",332,0.0923,0.1925,0.2848
2,"CGa","true",333,0.0832,0.2037,0.2869
2,"CGa","true",334,0.0839,0.204,0.2879
2,"CGa","true",335,0.0922,0.1955,0.2877
2,"CGa","true",336,0.0936,0.18,0.2736
2,"CGa","true",337,0.0878,0.1808,0.2686
2,"CGa","true",338,0.084,0.2053,0.2893
2,"CGa","true",339,0.0975,0.1818,0.2793
2,"CGa","true",340,0.0829,0.1903,0.2732
2,"CGa","true",341,0.0848,0.1995,0.2843
2,"CGa","true",342,0.0922,0.1877,0.2799
2,"CGa","true",343,0.093,0.1964,0.2894
2,"CGa","true",344,0.0924,0.186,0.2784
2,"CGa","true",345,0.0928,0.1924,0.2852
2,"CGa","true",346,0.0858,0.2001,0.2859
2,"CGa","true",347,0.0994,0.1895,0.2889
2,"CGa","true",348,0.0845,0.2003,0.2848
2,"CGa","true",349,0.0837,0.2063,0.29
2,"CGa","true",350,0.09,0.1913,0.2813
2,"CGa","true",351,0.0968,0.1778,0.2746
2,"CGa","true",352,0.0774,0.2001,0.2775
2,"CGa","true",353,0.0932,0.1951,0.2883
2,"CGa","true",354,0.0865,0.1982,0.2847
2,"CGa","true",355,0.0936,0.1936,0.2872
2,"CGa","true",356,0.0916,0.1906,0.2822
2,"CGa","true",357,0.092,0.1862,0.2782
2,"CGa","true",358,0.082,0.2046,0.2866
2,"CGa","true",359,0.082,0.2009,0.2829
2,"CGa","true",360,0.0874,0.1934,0.2808
2,"CGa","true",361,0.0832,0.1987,0.2819
2,"CGa","true",362,0.0883,0.1957,0.284
2,"CGa","true",363,0.0844,0.194,0.2784
2,"CGa","true",364,0.0988,0.1948,0.2936
2,"CGa","true",365,0.0802,0.2085,0.2887
2,"CGa","true",366,0.0871,0.2059,0.293
2,"CGa","true",367,0.091,0.1962,0.2872
2,"CGa","true",368,0.0914,0.1981,0.2895
2,"CGa","true",369,0.0883,0.2078,0.2961
2,"CGa","true",370,0.088,0.1933,0.2813
2,"CGa","true",371,0.0976,0.1823,0.2799
2,"CGa","true",372,0.0951,0.1924,0.2875
2,"CGa","true",373,0.0896,0.2124,0.302
2,"CGa","true",374,0.0883,0.1983,0.2866
2,"CGa","true",375,0.0831,0.2102,0.2933
2,"CGa","true",376,0.0954,0.2022,0.2976
2,"CGa","true",377,0.0945,0.188,0.2825
2,"CGa","true",378,0.0787,0.1985,0.2772
2,"CGa","true",379,0.0861,0.2113,0.2974
2,"CGa","true",380,0.0851,0.2078,0.2929
2,"CGa","true",381,0.0916,0.1943,0.2859
2,"CGa","true",382,0.0849,0.1894,0.2743
2,"CGa","true",383,0.0855,0.2022,0.2877
2,"CGa","true",384,0.0838,0.1997,0.2835
2,"CGa","true",385,0.096,0.1915,0.2875
2,"CGa","true",386,0.0876,0.1863,0.2739
2,"CGa","true",387,0.0961,0.1913,0.2874
2,"CGa","true",388,0.0951,0.187,0.2821
2,"CGa","true",389,0.0916,0.1889,0.2805
2,"CGa","true",390,0.0857,0.1959,0.2816
2,"CGa","true",391,0.0881,0.1998,0.2879
2,"CGa","true",392,0.0938,0.1946,0.2884
2,"CGa","true",393,0.0837,0.2029,0.2866
2,"CGa","true",394,0.1003,0.1996,0.2999
2,"CGa","true",395,0.0889,0.2114,0.3003
2,"CGa","true",396,0.0908,0.1969,0.2877
2,"CGa","true",397,0.0865,0.1976,0.2841
2,"CGa","true",398,0.088,0.2068,0.2948
2,"CGa","true",399,0.0878,0.1785,0.2663
2,"CGa","true",400,0.0899,0.1887,0.2786
2,"CGa","true",401,0.0893,0.2017,0.291
2,"CGa","true",402,0.0821,0.2009,0.283
2,"CGa","true",403,0.0881,0.1891,0.2772
2,"CGa","true",404,0.0864,0.1934,0.2798
2,"CGa","true",405,0.0899,0.2012,0.2911
2,"CGa","true",406,0.0839,0.1878,0.2717
2,"CGa","true",407,0.0835,0.2042,0.2877
2,"CGa","true",408,0.0932,0.2056,0.2988
2,"CGa","true",409,0.0892,0.1965,0.2857
2,"CGa","true",410,0.0906,0.1791,0.2697
2,"CGa","true",411,0.0857,0.1908,0.2765
2,"CGa","true",412,0.0837,0.204,0.2877
2,"CGa","true",413,0.0876,0.1943,0.2819
2,"CGa","true",414,0.0908,0.2036,0.2944
2,"CGa","true",415,0.0954,0.1977,0.2931
2,"CGa","true",416,0.0921,0.1935,0.2856
2,"CGa","true",417,0.0939,0.1911,0.285
2,"CGa","true",418,0.088,0.1949,0.2829
2,"CGa","true",419,0.0823,0.1938,0.2761
2,"CGa","true",420,0.092,0.2093,0.3013
2,"CGa","true",421,0.0948,0.1966,0.2914
2,"CGa","true",422,0.0892,0.2007,0.2899
2,"CGa","true",423,0.0969,0.2071,0.304
2,"CGa","true",424,0.0806,0.1932,0.2738
2,"CGa","true",425,0.0881,0.2013,0.2894
2,"CGa","true",426,0.0845,0.2106,0.2951
2,"CGa","true",427,0.0892,0.2002,0.2894
2,"CGa","true",428,0.0854,0.1986,0.284
2,"CGa","true",429,0.0844,0.2093,0.2937
2,"CGa","true",430,0.0857,0.1975,0.2832
2,"CGa","true",431,0.0898,0.1962,0.286
2,"CGa","true",432,0.086,0.2029,0.2889
2,"CGa","true",433,0.0921,0.1892,0.2813
2,"CGa","true",434,0.0823,0.2067,0.289
2,"CGa","true",435,0.0893,0.1934,0.2827
2,"CGa","true",436,0.0865,0.1803,0.2668
2,"CGa","true",437,0.0931,0.1954,0.2885
2,"CGa","true",438,0.0903,0.2004,0.2907
2,"CGa","true",439,0.086,0.198,0.284
2,"CGa","true",440,0.0965,0.2044,0.3009
2,"CGa","true",441,0.0873,0.1906,0.2779
2,"CGa","true",442,0.0858,0.2058,0.2916
2,"CGa","true",443,0.0838,0.1985,0.2823
2,"CGa","true",444,0.0892,0.1936,0.2828
2,"CGa","true",445,0.0846,0.1866,0.2712
2,"CGa","true",446,0.0915,0.2032,0.2947
2,"CGa","true",447,0.0852,0.1905,0.2757
2,"CGa","true",448,0.0891,0.192,0.2811
2,"CGa","true",449,0.0882,0.1983,0.2865
2,"CGa","true",450,0.0866,0.1985,0.2851
2,"CGa","true",451,0.0871,0.1943,0.2814
2,"CGa","true",452,0.0928,0.2035,0.2963
2,"CGa","true",453,0.0948,0.2044,0.2992
2,"CGa","true",454,0.0897,0.206,0.2957
2,"CGa","true",455,0.0874,0.1946,0.282
2,"CGa","true",456,0.0898,0.2028,0.2926
2,"CGa","true",457,0.0909,0.1938,0.2847
2,"CGa","true",458,0.0885,0.188,0.2765
2,"CGa","true",459,0.0885,0.2016,0.2901
2,"CGa","true",460,0.0883,0.1981,0.2864
2,"CGa","true",461,0.088,0.1862,0.2742
2,"CGa","true",462,0.0828,0.186,0.2688
2,"CGa","true",463,0.1011,0.1743,0.2754
2,"CGa","true",464,0.0935,0.1858,0.2793
2,"CGa","true",465,0.0866,0.2019,0.2885
2,"CGa","true",466,0.0871,0.2011,0.2882
2,"CGa","true",467,0.093,0.1852,0.2782
2,"CGa","true",468,0.09,0.1959,0.2859
2,"CGa","true",469,0.0819,0.2063,0.2882
2,"CGa","true",470,0.0952,0.1845,0.2797
2,"CGa","true",471,0.088,0.1967,0.2847
2,"CGa","true",472,0.0851,0.2034,0.2885
2,"CGa","true",473,0.0899,0.1874,0.2773
2,"CGa","true",474,0.0898,0.1956,0.2854
2,"CGa","true",475,0.0819,0.201,0.2829
2,"CGa","true",476,0.0884,0.1864,0.2748
2,"CGa","true",477,0.0937,0.2055,0.2992
2,"CGa","true",478,0.0899,0.1975,0.2874
2,"CGa","true",479,0.0848,0.1968,0.2816
2,"CGa","true",480,0.0951,0.1905,0.2856
2,"CGa","true",481,0.0894,0.1958,0.2852
2,"CGa","true",482,0.0793,0.1989,0.2782
2,"CGa","true",483,0.0958,0.1778,0.2736
2,"CGa","true",484,0.0871,0.2009,0.288
2,"CGa","true",485,0.0927,0.1889,0.2816
2,"CGa","true",486,0.0881,0.201,0.2891
2,"CGa","true",487,0.0885,0.1916,0.2801
2,"CGa","true",488,0.094,0.1858,0.2798
2,"CGa","true",489,0.0919,0.1931,0.285
2,"CGa","true",490,0.0917,0.1936,0.2853
2,"CGa","true",491,0.0814,0.2001,0.2815
2,"CGa","true",492,0.0816,0.2141,0.2957
2,"CGa","true",493,0.0816,0.1997,0.2813
2,"CGa","true",494,0.0909,0.1977,0.2886
2,"CGa","true",495,0.0856,0.1965,0.2821
2,"CGa","true",496,0.0862,0.2008,0.287
2,"CGa","true",497,0.0931,0.1879,0.281
2,"CGa","true",498,0.0845,0.1871,0.2716
2,"CGa","true",499,0.0823,0.2026,0.2849
2,"CGa","true",500,0.0928,0.1794,0.2722
2,"CGb","est",1,0.1859,0.071,0.2569
2,"CGb","est",2,0.0931,-0.0184,0.0747
2,"CGb","est",3,0.2187,0.118,0.3367
2,"CGb","est",4,0.1125,0.0075,0.12
2,"CGb","est",5,0.0625,-0.0143,0.0482
2,"CGb","est",6,0.1093,0.0596,0.1689
2,"CGb","est",7,0.2118,-0.0277,0.1841
2,"CGb","est",8,0.1254,0.004,0.1294
2,"CGb","est",9,0.2393,-0.0283,0.211
2,"CGb","est",10,0.1876,-0.0023,0.1853
2,"CGb","est",11,0.2493,-0.0167,0.2326
2,"CGb","est",12,0.2897,0.0826,0.3723
2,"CGb","est",13,0.1685,0.0659,0.2344
2,"CGb","est",14,0.1991,0.0882,0.2873
2,"CGb","est",15,0.1395,0.1237,0.2632
2,"CGb","est",16,0.1247,0.0857,0.2104
2,"CGb","est",17,0.1241,-0.0022,0.1219
2,"CGb","est",18,0.1086,-0.0057,0.1029
2,"CGb","est",19,0.1743,0.0822,0.2565
2,"CGb","est",20,0.1121,0.0735,0.1856
2,"CGb","est",21,0.1961,0.0202,0.2163
2,"CGb","est",22,0.1517,0.0648,0.2165
2,"CGb","est",23,0.3061,0.0094,0.3155
2,"CGb","est",24,0.2293,0.1473,0.3766
2,"CGb","est",25,0.1491,0.0936,0.2427
2,"CGb","est",26,0.2741,0.0677,0.3418
2,"CGb","est",27,0.2097,0.0109,0.2206
2,"CGb","est",28,0.139,0.0078,0.1468
2,"CGb","est",29,0.233,0.0221,0.2551
2,"CGb","est",30,0.2009,-0.016,0.1849
2,"CGb","est",31,0.3873,0.1169,0.5042
2,"CGb","est",32,0.2263,0.0703,0.2966
2,"CGb","est",33,0.214,0.0417,0.2557
2,"CGb","est",34,0.1416,0.077,0.2186
2,"CGb","est",35,0.2481,0.0577,0.3058
2,"CGb","est",36,0.1379,0.0781,0.216
2,"CGb","est",37,0.3125,0.0868,0.3993
2,"CGb","est",38,0.362,0.1111,0.4731
2,"CGb","est",39,0.2627,0.0247,0.2874
2,"CGb","est",40,0.152,0.071,0.223
2,"CGb","est",41,0.3292,0.1053,0.4345
2,"CGb","est",42,0.1811,0.0623,0.2434
2,"CGb","est",43,0.193,-0.0312,0.1618
2,"CGb","est",44,-0.00370000000000001,0.012,0.00829999999999999
2,"CGb","est",45,0.1855,-0.0309,0.1546
2,"CGb","est",46,0.3326,0.0288,0.3614
2,"CGb","est",47,0.3163,0.0706,0.3869
2,"CGb","est",48,0.0561,0.06,0.1161
2,"CGb","est",49,0.173,-0.0587,0.1143
2,"CGb","est",50,0.1369,0.134,0.2709
2,"CGb","est",51,0.154,0.0969,0.2509
2,"CGb","est",52,0.0733,-0.0255,0.0478
2,"CGb","est",53,0.2649,0.0407,0.3056
2,"CGb","est",54,0.259,0.0155,0.2745
2,"CGb","est",55,0.2654,0.02,0.2854
2,"CGb","est",56,0.3443,0.0782,0.4225
2,"CGb","est",57,0.0966,0.083,0.1796
2,"CGb","est",58,0.1731,0.0473,0.2204
2,"CGb","est",59,0.3293,0.0671,0.3964
2,"CGb","est",60,0.1918,0.0273,0.2191
2,"CGb","est",61,0.2526,0.0433,0.2959
2,"CGb","est",62,0.151,-0.0032,0.1478
2,"CGb","est",63,0.0767,0.0223,0.099
2,"CGb","est",64,0.3742,0.0564,0.4306
2,"CGb","est",65,0.2377,-0.0244,0.2133
2,"CGb","est",66,0.072,0.0112,0.0832
2,"CGb","est",67,0.1014,-0.0015,0.0999
2,"CGb","est",68,0.2425,0.086,0.3285
2,"CGb","est",69,0.2492,-0.0018,0.2474
2,"CGb","est",70,0.1938,0.0527,0.2465
2,"CGb","est",71,0.1756,0.0983,0.2739
2,"CGb","est",72,0.279,0.0923,0.3713
2,"CGb","est",73,0.1878,0.0428,0.2306
2,"CGb","est",74,0.1924,0.01,0.2024
2,"CGb","est",75,0.2856,0.0995,0.3851
2,"CGb","est",76,0.0512,0.000600000000000002,0.0518
2,"CGb","est",77,0.1596,0.0606,0.2202
2,"CGb","est",78,0.1834,-0.0057,0.1777
2,"CGb","est",79,0.2385,0.1058,0.3443
2,"CGb","est",80,0.1558,0.0906,0.2464
2,"CGb","est",81,0.2787,-0.0038,0.2749
2,"CGb","est",82,0.1071,-0.0059,0.1012
2,"CGb","est",83,0.2068,0.1095,0.3163
2,"CGb","est",84,0.1459,-0.0195,0.1264
2,"CGb","est",85,0.3088,0.0364,0.3452
2,"CGb","est",86,0.2092,0.0575,0.2667
2,"CGb","est",87,0.1508,-0.000400000000000001,0.1504
2,"CGb","est",88,0.1864,0.002,0.1884
2,"CGb","est",89,0.2422,0.017,0.2592
2,"CGb","est",90,0.3302,0.0677,0.3979
2,"CGb","est",91,0.2126,-0.0107,0.2019
2,"CGb","est",92,0.2935,0.1261,0.4196
2,"CGb","est",93,0.1461,0.0622,0.2083
2,"CGb","est",94,0.4061,0.0657,0.4718
2,"CGb","est",95,0.206,0.126,0.332
2,"CGb","est",96,0.3052,0.1254,0.4306
2,"CGb","est",97,0.394,0.0613,0.4553
2,"CGb","est",98,0.1713,0.0164,0.1877
2,"CGb","est",99,0.1622,0.05,0.2122
2,"CGb","est",100,0.2388,0.1346,0.3734
2,"CGb","est",101,0.1797,0.0094,0.1891
2,"CGb","est",102,0.2498,0.0197,0.2695
2,"CGb","est",103,0.2153,0.0973,0.3126
2,"CGb","est",104,0.2204,0.1295,0.3499
2,"CGb","est",105,0.2824,0.0808,0.3632
2,"CGb","est",106,0.2949,0.0636,0.3585
2,"CGb","est",107,0.1007,0.0299,0.1306
2,"CGb","est",108,0.2182,0.0544,0.2726
2,"CGb","est",109,0.2585,0.1045,0.363
2,"CGb","est",110,-0.000499999999999998,0.0644,0.0639
2,"CGb","est",111,0.1994,0.0653,0.2647
2,"CGb","est",112,0.2733,-0.0268,0.2465
2,"CGb","est",113,0.2568,-0.0311,0.2257
2,"CGb","est",114,0.2906,8e-04,0.2914
2,"CGb","est",115,0.2329,0.1017,0.3346
2,"CGb","est",116,0.2012,0.1011,0.3023
2,"CGb","est",117,0.1542,0.017,0.1712
2,"CGb","est",118,0.1749,0.0119,0.1868
2,"CGb","est",119,0.1472,0.0375,0.1847
2,"CGb","est",120,0.063,0.0338,0.0968
2,"CGb","est",121,0.1075,0.0814,0.1889
2,"CGb","est",122,0.1924,-0.0075,0.1849
2,"CGb","est",123,0.1249,0.0018,0.1267
2,"CGb","est",124,0.2661,0.0177,0.2838
2,"CGb","est",125,0.2078,-0.0272,0.1806
2,"CGb","est",126,0.2464,0.0309,0.2773
2,"CGb","est",127,0.1842,0.0778,0.262
2,"CGb","est",128,0.14,0.0432,0.1832
2,"CGb","est",129,0.1324,0.0052,0.1376
2,"CGb","est",130,0.1802,-0.0187,0.1615
2,"CGb","est",131,0.177,-0.0031,0.1739
2,"CGb","est",132,0.1861,0.009,0.1951
2,"CGb","est",133,0.177,0.0508,0.2278
2,"CGb","est",134,0.2708,0.1027,0.3735
2,"CGb","est",135,0.0833,0.1144,0.1977
2,"CGb","est",136,-0.1311,0.1053,-0.0258
2,"CGb","est",137,0.3227,0.0183,0.341
2,"CGb","est",138,0.269,0.0478,0.3168
2,"CGb","est",139,0.3202,-0.0013,0.3189
2,"CGb","est",140,0.2509,0.0463,0.2972
2,"CGb","est",141,0.235,0.1231,0.3581
2,"CGb","est",142,0.2514,0.0666,0.318
2,"CGb","est",143,0.2474,0.0298,0.2772
2,"CGb","est",144,0.2302,0.1191,0.3493
2,"CGb","est",145,0.1679,0.0067,0.1746
2,"CGb","est",146,0.3236,0.1053,0.4289
2,"CGb","est",147,0.2647,0.0679,0.3326
2,"CGb","est",148,0.17,0.0742,0.2442
2,"CGb","est",149,0.1498,-0.0231,0.1267
2,"CGb","est",150,0.0593,0.0647,0.124
2,"CGb","est",151,0.3431,0.0527,0.3958
2,"CGb","est",152,0.2086,0.109,0.3176
2,"CGb","est",153,0.2394,0.0279,0.2673
2,"CGb","est",154,0.2365,0.0936,0.3301
2,"CGb","est",155,0.2084,0.0239,0.2323
2,"CGb","est",156,0.0573,0.0078,0.0651
2,"CGb","est",157,0.2676,0.0654,0.333
2,"CGb","est",158,0.249,0.073,0.322
2,"CGb","est",159,0.167,0.0929,0.2599
2,"CGb","est",160,0.222,0.0474,0.2694
2,"CGb","est",161,0.2376,0.1145,0.3521
2,"CGb","est",162,0.3506,0.0604,0.411
2,"CGb","est",163,0.1523,0.1226,0.2749
2,"CGb","est",164,0.1542,0.0481,0.2023
2,"CGb","est",165,0.3124,0.0824,0.3948
2,"CGb","est",166,0.2152,0.0687,0.2839
2,"CGb","est",167,0.2143,0.0442,0.2585
2,"CGb","est",168,0.2676,0.0968,0.3644
2,"CGb","est",169,0.2707,0.0152,0.2859
2,"CGb","est",170,0.1776,-0.0198,0.1578
2,"CGb","est",171,0.1977,-0.0184,0.1793
2,"CGb","est",172,0.1507,0.0127,0.1634
2,"CGb","est",173,0.1703,0.1374,0.3077
2,"CGb","est",174,0.0958,0.0895,0.1853
2,"CGb","est",175,0.1983,0.0258,0.2241
2,"CGb","est",176,0.337,0.0503,0.3873
2,"CGb","est",177,0.2338,0.0137,0.2475
2,"CGb","est",178,0.2069,0.1083,0.3152
2,"CGb","est",179,0.2149,-0.0291,0.1858
2,"CGb","est",180,0.2686,0.0266,0.2952
2,"CGb","est",181,0.2554,0.0378,0.2932
2,"CGb","est",182,0.1605,0.1285,0.289
2,"CGb","est",183,0.2864,0.1561,0.4425
2,"CGb","est",184,0.2234,0.1104,0.3338
2,"CGb","est",185,0.1386,-0.0073,0.1313
2,"CGb","est",186,0.1933,0.0998,0.2931
2,"CGb","est",187,0.2323,0.0394,0.2717
2,"CGb","est",188,0.1475,0.0229,0.1704
2,"CGb","est",189,0.2308,0.0793,0.3101
2,"CGb","est",190,0.1601,0.0081,0.1682
2,"CGb","est",191,0.1127,0.0599,0.1726
2,"CGb","est",192,0.2658,0.0657,0.3315
2,"CGb","est",193,0.2138,-0.0537,0.1601
2,"CGb","est",194,0.1063,0.0559,0.1622
2,"CGb","est",195,0.2033,0.008,0.2113
2,"CGb","est",196,0.3353,0.0942,0.4295
2,"CGb","est",197,0.1896,0.0589,0.2485
2,"CGb","est",198,0.3348,0.0477,0.3825
2,"CGb","est",199,0.1679,0.0994,0.2673
2,"CGb","est",200,0.2908,0.0678,0.3586
2,"CGb","est",201,0.1606,0.0696,0.2302
2,"CGb","est",202,0.1942,0.0133,0.2075
2,"CGb","est",203,0.2374,0.0769,0.3143
2,"CGb","est",204,0.2974,0.0077,0.3051
2,"CGb","est",205,0.2283,0.0204,0.2487
2,"CGb","est",206,0.1196,0.0889,0.2085
2,"CGb","est",207,0.1962,0.0468,0.243
2,"CGb","est",208,0.2238,0.1223,0.3461
2,"CGb","est",209,0.2892,0.0098,0.299
2,"CGb","est",210,0.0809,-0.0179,0.063
2,"CGb","est",211,0.1908,0.0516,0.2424
2,"CGb","est",212,0.1487,0.0588,0.2075
2,"CGb","est",213,0.1215,0.0587,0.1802
2,"CGb","est",214,0.2098,0.0514,0.2612
2,"CGb","est",215,0.1766,0.036,0.2126
2,"CGb","est",216,0.188,0.0562,0.2442
2,"CGb","est",217,0.1559,0.0487,0.2046
2,"CGb","est",218,0.3261,0.1454,0.4715
2,"CGb","est",219,0.227,0.0608,0.2878
2,"CGb","est",220,0.2413,0.027,0.2683
2,"CGb","est",221,0.1161,-0.0293,0.0868
2,"CGb","est",222,0.1377,0.0303,0.168
2,"CGb","est",223,0.1641,-0.0021,0.162
2,"CGb","est",224,0.2271,0.0677,0.2948
2,"CGb","est",225,0.2262,0.0182,0.2444
2,"CGb","est",226,0.1056,0.0717,0.1773
2,"CGb","est",227,0.2627,-0.0365,0.2262
2,"CGb","est",228,0.2484,0.0658,0.3142
2,"CGb","est",229,0.2638,0.0319,0.2957
2,"CGb","est",230,0.2037,0.0669,0.2706
2,"CGb","est",231,0.2762,-0.015,0.2612
2,"CGb","est",232,0.2575,0.0377,0.2952
2,"CGb","est",233,-0.0301,0.0552,0.0251
2,"CGb","est",234,0.1006,0.036,0.1366
2,"CGb","est",235,0.227,0.058,0.285
2,"CGb","est",236,0.2702,0.0413,0.3115
2,"CGb","est",237,0.2414,0.0859,0.3273
2,"CGb","est",238,0.2382,0.0736,0.3118
2,"CGb","est",239,0.1313,0.0837,0.215
2,"CGb","est",240,0.129,-0.0409,0.0881
2,"CGb","est",241,0.0161,0.0277,0.0438
2,"CGb","est",242,0.2972,0.0967,0.3939
2,"CGb","est",243,0.1452,-0.0315,0.1137
2,"CGb","est",244,0.1318,0.0217,0.1535
2,"CGb","est",245,0.2046,0.091,0.2956
2,"CGb","est",246,0.0786,-0.0031,0.0755
2,"CGb","est",247,0.1757,0.1133,0.289
2,"CGb","est",248,0.1754,0.0413,0.2167
2,"CGb","est",249,0.0097,0.0852,0.0949
2,"CGb","est",250,0.1594,0.0525,0.2119
2,"CGb","est",251,0.0871,0.0829,0.17
2,"CGb","est",252,0.1778,0.0125,0.1903
2,"CGb","est",253,0.0917,0.018,0.1097
2,"CGb","est",254,0.2748,0.0853,0.3601
2,"CGb","est",255,0.183,0.0295,0.2125
2,"CGb","est",256,0.2256,0.0768,0.3024
2,"CGb","est",257,0.2684,0.0467,0.3151
2,"CGb","est",258,0.1364,-0.0266,0.1098
2,"CGb","est",259,0.1726,0.0865,0.2591
2,"CGb","est",260,0.1671,0.0306,0.1977
2,"CGb","est",261,0.0442,0.0829,0.1271
2,"CGb","est",262,0.149,0.0907,0.2397
2,"CGb","est",263,0.2858,0.0936,0.3794
2,"CGb","est",264,0.2281,0.0312,0.2593
2,"CGb","est",265,0.221,0.1375,0.3585
2,"CGb","est",266,0.2259,-0.0077,0.2182
2,"CGb","est",267,0.1804,-0.0107,0.1697
2,"CGb","est",268,0.2208,0.2085,0.4293
2,"CGb","est",269,-0.0045,-0.0032,-0.0077
2,"CGb","est",270,0.1547,-0.0092,0.1455
2,"CGb","est",271,0.2436,0.042,0.2856
2,"CGb","est",272,0.1479,0.0597,0.2076
2,"CGb","est",273,0.1383,0.117,0.2553
2,"CGb","est",274,0.0781,0.1003,0.1784
2,"CGb","est",275,0.2541,0.068,0.3221
2,"CGb","est",276,0.2017,0.0735,0.2752
2,"CGb","est",277,0.2516,0.057,0.3086
2,"CGb","est",278,0.1615,0.0989,0.2604
2,"CGb","est",279,0.1493,0.1057,0.255
2,"CGb","est",280,0.1529,0.1068,0.2597
2,"CGb","est",281,0.0185,0.0338,0.0523
2,"CGb","est",282,0.1463,0.0229,0.1692
2,"CGb","est",283,0.2832,0.0562,0.3394
2,"CGb","est",284,0.1904,-0.0299,0.1605
2,"CGb","est",285,0.0947,-0.0184,0.0763
2,"CGb","est",286,0.1242,0.0041,0.1283
2,"CGb","est",287,0.2867,-0.0237,0.263
2,"CGb","est",288,0.2485,0.0398,0.2883
2,"CGb","est",289,0.1723,0.0849,0.2572
2,"CGb","est",290,0.1422,0.0699,0.2121
2,"CGb","est",291,0.2553,0.037,0.2923
2,"CGb","est",292,0.077,-0.0083,0.0687
2,"CGb","est",293,0.1925,0.0565,0.249
2,"CGb","est",294,0.3236,0.1348,0.4584
2,"CGb","est",295,0.2843,0.0585,0.3428
2,"CGb","est",296,0.216,0.073,0.289
2,"CGb","est",297,0.0834,0.0434,0.1268
2,"CGb","est",298,0.1812,0.1354,0.3166
2,"CGb","est",299,0.2064,0.0275,0.2339
2,"CGb","est",300,0.1622,-0.000200000000000002,0.162
2,"CGb","est",301,0.2171,0.0975,0.3146
2,"CGb","est",302,0.1364,0.0619,0.1983
2,"CGb","est",303,0.2832,-0.0049,0.2783
2,"CGb","est",304,0.2481,0.0638,0.3119
2,"CGb","est",305,0.2889,0.116,0.4049
2,"CGb","est",306,0.3074,0.0075,0.3149
2,"CGb","est",307,0.1887,0.0438,0.2325
2,"CGb","est",308,0.2118,-0.008,0.2038
2,"CGb","est",309,0.1013,0.0196,0.1209
2,"CGb","est",310,0.2449,0.0677,0.3126
2,"CGb","est",311,0.0665,0.0045,0.071
2,"CGb","est",312,0.1428,-0.0052,0.1376
2,"CGb","est",313,0.2103,0.0561,0.2664
2,"CGb","est",314,0.2681,0.0258,0.2939
2,"CGb","est",315,0.2644,0.0505,0.3149
2,"CGb","est",316,-0.0398,0.0975,0.0577
2,"CGb","est",317,0.2496,0.026,0.2756
2,"CGb","est",318,0.1846,0.0795,0.2641
2,"CGb","est",319,0.3659,0.0328,0.3987
2,"CGb","est",320,0.3067,-0.0076,0.2991
2,"CGb","est",321,0.2392,0.0812,0.3204
2,"CGb","est",322,0.195,0.1316,0.3266
2,"CGb","est",323,0.2576,0.0205,0.2781
2,"CGb","est",324,0.1413,0.0052,0.1465
2,"CGb","est",325,0.0837,0.0789,0.1626
2,"CGb","est",326,0.114,0.0452,0.1592
2,"CGb","est",327,0.1628,0.0045,0.1673
2,"CGb","est",328,0.0829,-0.025,0.0579
2,"CGb","est",329,0.2436,0.0279,0.2715
2,"CGb","est",330,0.1841,0.0241,0.2082
2,"CGb","est",331,0.1739,0.0662,0.2401
2,"CGb","est",332,0.2398,0.0719,0.3117
2,"CGb","est",333,0.0782,0.0326,0.1108
2,"CGb","est",334,0.3295,0.08,0.4095
2,"CGb","est",335,0.3149,0.0016,0.3165
2,"CGb","est",336,0.1824,0.012,0.1944
2,"CGb","est",337,0.3141,0.133,0.4471
2,"CGb","est",338,0.2087,0.0232,0.2319
2,"CGb","est",339,0.2272,0.0101,0.2373
2,"CGb","est",340,0.1198,0.0848,0.2046
2,"CGb","est",341,0.3341,0.1193,0.4534
2,"CGb","est",342,0.3253,0.0548,0.3801
2,"CGb","est",343,0.2528,0.0721,0.3249
2,"CGb","est",344,0.1167,0.1289,0.2456
2,"CGb","est",345,0.2053,0.0319,0.2372
2,"CGb","est",346,0.1398,0.0628,0.2026
2,"CGb","est",347,0.2612,0.1189,0.3801
2,"CGb","est",348,0.1755,-0.0179,0.1576
2,"CGb","est",349,0.3056,-0.0066,0.299
2,"CGb","est",350,0.2616,0.0714,0.333
2,"CGb","est",351,0.28,0.0126,0.2926
2,"CGb","est",352,0.2784,0.0522,0.3306
2,"CGb","est",353,0.2611,0.0923,0.3534
2,"CGb","est",354,0.3051,0.0745,0.3796
2,"CGb","est",355,-0.0226,0.0735,0.0509
2,"CGb","est",356,0.2562,0.0274,0.2836
2,"CGb","est",357,0.3126,0.0949,0.4075
2,"CGb","est",358,0.1457,0.0479,0.1936
2,"CGb","est",359,0.1702,0.0482,0.2184
2,"CGb","est",360,0.2105,0.0569,0.2674
2,"CGb","est",361,0.2501,0.0618,0.3119
2,"CGb","est",362,0.1938,0.0143,0.2081
2,"CGb","est",363,0.2097,0.0687,0.2784
2,"CGb","est",364,0.0676,0.0015,0.0691
2,"CGb","est",365,0.1701,0.077,0.2471
2,"CGb","est",366,0.2013,0.0338,0.2351
2,"CGb","est",367,0.2495,0.0784,0.3279
2,"CGb","est",368,0.2153,0.0217,0.237
2,"CGb","est",369,0.3083,0.0602,0.3685
2,"CGb","est",370,0.2859,0.0224,0.3083
2,"CGb","est",371,0.3527,0.0812,0.4339
2,"CGb","est",372,0.2294,0.0788,0.3082
2,"CGb","est",373,0.2671,0.0575,0.3246
2,"CGb","est",374,0.1785,0.0832,0.2617
2,"CGb","est",375,0.3648,0.023,0.3878
2,"CGb","est",376,0.0571,0.0129,0.07
2,"CGb","est",377,0.3359,0.0729,0.4088
2,"CGb","est",378,0.2993,0.0349,0.3342
2,"CGb","est",379,0.3035,0.0959,0.3994
2,"CGb","est",380,0.2774,0.1342,0.4116
2,"CGb","est",381,0.1926,0.1321,0.3247
2,"CGb","est",382,0.2988,0.0561,0.3549
2,"CGb","est",383,0.1082,-0.007,0.1012
2,"CGb","est",384,0.189,0.0266,0.2156
2,"CGb","est",385,0.0563,-0.0046,0.0517
2,"CGb","est",386,0.2657,0.0593,0.325
2,"CGb","est",387,0.1509,-0.0482,0.1027
2,"CGb","est",388,0.2465,0.0406,0.2871
2,"CGb","est",389,0.1191,0.0546,0.1737
2,"CGb","est",390,0.1228,0.0188,0.1416
2,"CGb","est",391,0.1924,0.0622,0.2546
2,"CGb","est",392,0.2119,0.0439,0.2558
2,"CGb","est",393,0.229,0.0287,0.2577
2,"CGb","est",394,0.2063,0.0429,0.2492
2,"CGb","est",395,0.3061,-0.0157,0.2904
2,"CGb","est",396,0.0958,0.0814,0.1772
2,"CGb","est",397,0.196,0.0154,0.2114
2,"CGb","est",398,0.1828,0.0798,0.2626
2,"CGb","est",399,0.1614,0.0104,0.1718
2,"CGb","est",400,0.1358,0.0547,0.1905
2,"CGb","est",401,0.223,0.0503,0.2733
2,"CGb","est",402,0.2645,0.0722,0.3367
2,"CGb","est",403,0.2197,0.0019,0.2216
2,"CGb","est",404,0.2423,0.0124,0.2547
2,"CGb","est",405,0.239,0.1414,0.3804
2,"CGb","est",406,0.2361,0.0856,0.3217
2,"CGb","est",407,0.118,0.103,0.221
2,"CGb","est",408,0.1453,0.0476,0.1929
2,"CGb","est",409,0.2875,0.0885,0.376
2,"CGb","est",410,0.344,0.0508,0.3948
2,"CGb","est",411,0.1938,-0.0012,0.1926
2,"CGb","est",412,0.2441,0.1113,0.3554
2,"CGb","est",413,0.4097,0.0383,0.448
2,"CGb","est",414,0.1509,0.0282,0.1791
2,"CGb","est",415,0.2642,0.0927,0.3569
2,"CGb","est",416,0.1836,0.1063,0.2899
2,"CGb","est",417,0.3734,0.0731,0.4465
2,"CGb","est",418,0.1392,0.0474,0.1866
2,"CGb","est",419,0.1718,0.0496,0.2214
2,"CGb","est",420,0.0482,0.0854,0.1336
2,"CGb","est",421,0.0953,0.0225,0.1178
2,"CGb","est",422,0.1078,0.0948,0.2026
2,"CGb","est",423,0.2452,0.0319,0.2771
2,"CGb","est",424,0.0654,0.0439,0.1093
2,"CGb","est",425,0.2736,0.0535,0.3271
2,"CGb","est",426,0.1407,0.1264,0.2671
2,"CGb","est",427,0.1769,0.1006,0.2775
2,"CGb","est",428,0.1639,-0.0231,0.1408
2,"CGb","est",429,0.0101,0.1025,0.1126
2,"CGb","est",430,0.2284,0.095,0.3234
2,"CGb","est",431,0.2259,0.066,0.2919
2,"CGb","est",432,0.2257,0.0188,0.2445
2,"CGb","est",433,0.2471,0.0226,0.2697
2,"CGb","est",434,0.0551,0.0681,0.1232
2,"CGb","est",435,0.1365,0.0138,0.1503
2,"CGb","est",436,0.1089,0.1573,0.2662
2,"CGb","est",437,0.2227,0.062,0.2847
2,"CGb","est",438,0.1941,0.1029,0.297
2,"CGb","est",439,0.2078,0.0509,0.2587
2,"CGb","est",440,0.2291,0.0958,0.3249
2,"CGb","est",441,0.2503,0.0132,0.2635
2,"CGb","est",442,0.1957,0.0131,0.2088
2,"CGb","est",443,0.1584,0.0837,0.2421
2,"CGb","est",444,0.1446,0.0793,0.2239
2,"CGb","est",445,0.2741,0.0429,0.317
2,"CGb","est",446,0.3115,0.0556,0.3671
2,"CGb","est",447,0.1882,0.0973,0.2855
2,"CGb","est",448,0.3057,0.0487,0.3544
2,"CGb","est",449,0.154,-0.0658,0.0882
2,"CGb","est",450,0.1313,-0.023,0.1083
2,"CGb","est",451,0.2833,-0.0261,0.2572
2,"CGb","est",452,0.115,0.047,0.162
2,"CGb","est",453,0.2039,0.0103,0.2142
2,"CGb","est",454,0.3464,0.0654,0.4118
2,"CGb","est",455,0.0607,0.0141,0.0748
2,"CGb","est",456,0.0484,0.065,0.1134
2,"CGb","est",457,0.122,0.1166,0.2386
2,"CGb","est",458,0.2331,0.0378,0.2709
2,"CGb","est",459,0.2915,0.0841,0.3756
2,"CGb","est",460,0.2189,0.1259,0.3448
2,"CGb","est",461,0.1847,0.0392,0.2239
2,"CGb","est",462,0.1294,0.0846,0.214
2,"CGb","est",463,0.168,0.0314,0.1994
2,"CGb","est",464,0.2203,0.0349,0.2552
2,"CGb","est",465,0.1439,0.1013,0.2452
2,"CGb","est",466,0.1665,0.0125,0.179
2,"CGb","est",467,0.2087,0.0289,0.2376
2,"CGb","est",468,0.1469,0.0347,0.1816
2,"CGb","est",469,0.2138,0.0585,0.2723
2,"CGb","est",470,0.0506,0.0859,0.1365
2,"CGb","est",471,0.0333,0.0631,0.0964
2,"CGb","est",472,0.2617,0.1267,0.3884
2,"CGb","est",473,0.2429,0.1357,0.3786
2,"CGb","est",474,0.3727,0.0564,0.4291
2,"CGb","est",475,0.2512,0.086,0.3372
2,"CGb","est",476,0.2332,0.1221,0.3553
2,"CGb","est",477,0.1397,-0.0383,0.1014
2,"CGb","est",478,0.1994,0.0169,0.2163
2,"CGb","est",479,0.2439,0.069,0.3129
2,"CGb","est",480,0.2007,0.0941,0.2948
2,"CGb","est",481,0.2156,0.0081,0.2237
2,"CGb","est",482,0.3569,0.1214,0.4783
2,"CGb","est",483,0.2679,0.0892,0.3571
2,"CGb","est",484,0.1662,0.052,0.2182
2,"CGb","est",485,0.3979,0.1352,0.5331
2,"CGb","est",486,0.2979,0.01,0.3079
2,"CGb","est",487,0.2306,0.0566,0.2872
2,"CGb","est",488,0.2762,0.0633,0.3395
2,"CGb","est",489,0.0438,0.0143,0.0581
2,"CGb","est",490,0.2412,0.0774,0.3186
2,"CGb","est",491,0.1808,-0.0012,0.1796
2,"CGb","est",492,0.2725,0.0599,0.3324
2,"CGb","est",493,0.1375,0.0673,0.2048
2,"CGb","est",494,0.1047,-0.0498,0.0549
2,"CGb","est",495,0.1768,-0.0085,0.1683
2,"CGb","est",496,0.31,0.077,0.387
2,"CGb","est",497,0.2151,0.0715,0.2866
2,"CGb","est",498,0.3191,0.0367,0.3558
2,"CGb","est",499,0.2174,0.0457,0.2631
2,"CGb","est",500,0.2113,0.0898,0.3011
2,"CGb","true",1,0.168,0.0667,0.2347
2,"CGb","true",2,0.1772,0.0769,0.2541
2,"CGb","true",3,0.185,0.063,0.248
2,"CGb","true",4,0.1783,0.0446,0.2229
2,"CGb","true",5,0.1733,0.0655,0.2388
2,"CGb","true",6,0.1767,0.0623,0.239
2,"CGb","true",7,0.176,0.0619,0.2379
2,"CGb","true",8,0.1864,0.0542,0.2406
2,"CGb","true",9,0.1706,0.0678,0.2384
2,"CGb","true",10,0.1823,0.0656,0.2479
2,"CGb","true",11,0.1646,0.076,0.2406
2,"CGb","true",12,0.1793,0.0551,0.2344
2,"CGb","true",13,0.1741,0.0599,0.234
2,"CGb","true",14,0.169,0.071,0.24
2,"CGb","true",15,0.1834,0.0568,0.2402
2,"CGb","true",16,0.1819,0.0574,0.2393
2,"CGb","true",17,0.1699,0.0678,0.2377
2,"CGb","true",18,0.1789,0.0619,0.2408
2,"CGb","true",19,0.184,0.0576,0.2416
2,"CGb","true",20,0.1739,0.0695,0.2434
2,"CGb","true",21,0.1748,0.06,0.2348
2,"CGb","true",22,0.1829,0.06,0.2429
2,"CGb","true",23,0.1749,0.0696,0.2445
2,"CGb","true",24,0.1782,0.0621,0.2403
2,"CGb","true",25,0.1929,0.0495,0.2424
2,"CGb","true",26,0.1811,0.0575,0.2386
2,"CGb","true",27,0.1769,0.0622,0.2391
2,"CGb","true",28,0.1822,0.0551,0.2373
2,"CGb","true",29,0.1745,0.0636,0.2381
2,"CGb","true",30,0.1749,0.0726,0.2475
2,"CGb","true",31,0.1775,0.0674,0.2449
2,"CGb","true",32,0.1721,0.0535,0.2256
2,"CGb","true",33,0.1699,0.0675,0.2374
2,"CGb","true",34,0.1836,0.067,0.2506
2,"CGb","true",35,0.1779,0.0576,0.2355
2,"CGb","true",36,0.1718,0.0659,0.2377
2,"CGb","true",37,0.1892,0.0558,0.245
2,"CGb","true",38,0.1833,0.0569,0.2402
2,"CGb","true",39,0.1803,0.0588,0.2391
2,"CGb","true",40,0.1726,0.0705,0.2431
2,"CGb","true",41,0.1822,0.0703,0.2525
2,"CGb","true",42,0.1829,0.051,0.2339
2,"CGb","true",43,0.1796,0.0598,0.2394
2,"CGb","true",44,0.176,0.0621,0.2381
2,"CGb","true",45,0.1828,0.0613,0.2441
2,"CGb","true",46,0.1798,0.077,0.2568
2,"CGb","true",47,0.1876,0.0656,0.2532
2,"CGb","true",48,0.1851,0.0627,0.2478
2,"CGb","true",49,0.1795,0.0712,0.2507
2,"CGb","true",50,0.1755,0.0746,0.2501
2,"CGb","true",51,0.1884,0.0561,0.2445
2,"CGb","true",52,0.174,0.065,0.239
2,"CGb","true",53,0.189,0.0499,0.2389
2,"CGb","true",54,0.1814,0.0601,0.2415
2,"CGb","true",55,0.1774,0.0598,0.2372
2,"CGb","true",56,0.1647,0.0606,0.2253
2,"CGb","true",57,0.1823,0.0703,0.2526
2,"CGb","true",58,0.178,0.0551,0.2331
2,"CGb","true",59,0.1719,0.0621,0.234
2,"CGb","true",60,0.1804,0.0507,0.2311
2,"CGb","true",61,0.1859,0.0563,0.2422
2,"CGb","true",62,0.1828,0.0621,0.2449
2,"CGb","true",63,0.1794,0.0653,0.2447
2,"CGb","true",64,0.1801,0.0638,0.2439
2,"CGb","true",65,0.1694,0.0632,0.2326
2,"CGb","true",66,0.182,0.0575,0.2395
2,"CGb","true",67,0.1871,0.0527,0.2398
2,"CGb","true",68,0.1901,0.0544,0.2445
2,"CGb","true",69,0.1736,0.0574,0.231
2,"CGb","true",70,0.1728,0.0479,0.2207
2,"CGb","true",71,0.1703,0.0659,0.2362
2,"CGb","true",72,0.1869,0.0571,0.244
2,"CGb","true",73,0.1741,0.0669,0.241
2,"CGb","true",74,0.1858,0.0557,0.2415
2,"CGb","true",75,0.1748,0.0671,0.2419
2,"CGb","true",76,0.1706,0.0619,0.2325
2,"CGb","true",77,0.2007,0.0598,0.2605
2,"CGb","true",78,0.1838,0.0575,0.2413
2,"CGb","true",79,0.1749,0.0504,0.2253
2,"CGb","true",80,0.1736,0.0606,0.2342
2,"CGb","true",81,0.1713,0.0562,0.2275
2,"CGb","true",82,0.1886,0.0677,0.2563
2,"CGb","true",83,0.1832,0.0552,0.2384
2,"CGb","true",84,0.175,0.0628,0.2378
2,"CGb","true",85,0.1715,0.0664,0.2379
2,"CGb","true",86,0.1804,0.0657,0.2461
2,"CGb","true",87,0.1704,0.067,0.2374
2,"CGb","true",88,0.191,0.0607,0.2517
2,"CGb","true",89,0.192,0.0473,0.2393
2,"CGb","true",90,0.1841,0.0598,0.2439
2,"CGb","true",91,0.1775,0.0661,0.2436
2,"CGb","true",92,0.1874,0.0669,0.2543
2,"CGb","true",93,0.1702,0.0616,0.2318
2,"CGb","true",94,0.1746,0.0616,0.2362
2,"CGb","true",95,0.1815,0.0495,0.231
2,"CGb","true",96,0.1775,0.0636,0.2411
2,"CGb","true",97,0.1745,0.0638,0.2383
2,"CGb","true",98,0.1868,0.069,0.2558
2,"CGb","true",99,0.1861,0.0565,0.2426
2,"CGb","true",100,0.1892,0.0632,0.2524
2,"CGb","true",101,0.1926,0.0595,0.2521
2,"CGb","true",102,0.1803,0.0598,0.2401
2,"CGb","true",103,0.1721,0.0572,0.2293
2,"CGb","true",104,0.1722,0.0634,0.2356
2,"CGb","true",105,0.176,0.0657,0.2417
2,"CGb","true",106,0.1738,0.0741,0.2479
2,"CGb","true",107,0.1879,0.0499,0.2378
2,"CGb","true",108,0.1754,0.0596,0.235
2,"CGb","true",109,0.1797,0.0676,0.2473
2,"CGb","true",110,0.1813,0.0623,0.2436
2,"CGb","true",111,0.182,0.0697,0.2517
2,"CGb","true",112,0.1804,0.062,0.2424
2,"CGb","true",113,0.1855,0.0642,0.2497
2,"CGb","true",114,0.1859,0.0558,0.2417
2,"CGb","true",115,0.18,0.0638,0.2438
2,"CGb","true",116,0.1675,0.0615,0.229
2,"CGb","true",117,0.1773,0.0703,0.2476
2,"CGb","true",118,0.1873,0.0622,0.2495
2,"CGb","true",119,0.1793,0.0609,0.2402
2,"CGb","true",120,0.1738,0.0668,0.2406
2,"CGb","true",121,0.1778,0.0662,0.244
2,"CGb","true",122,0.1776,0.0735,0.2511
2,"CGb","true",123,0.1779,0.0641,0.242
2,"CGb","true",124,0.1784,0.0626,0.241
2,"CGb","true",125,0.1716,0.0603,0.2319
2,"CGb","true",126,0.1747,0.0603,0.235
2,"CGb","true",127,0.1833,0.0594,0.2427
2,"CGb","true",128,0.1799,0.0495,0.2294
2,"CGb","true",129,0.1723,0.0685,0.2408
2,"CGb","true",130,0.1731,0.0631,0.2362
2,"CGb","true",131,0.1704,0.061,0.2314
2,"CGb","true",132,0.1711,0.0677,0.2388
2,"CGb","true",133,0.1808,0.0569,0.2377
2,"CGb","true",134,0.1776,0.0649,0.2425
2,"CGb","true",135,0.1894,0.0676,0.257
2,"CGb","true",136,0.182,0.0554,0.2374
2,"CGb","true",137,0.1807,0.057,0.2377
2,"CGb","true",138,0.1811,0.0473,0.2284
2,"CGb","true",139,0.1682,0.0797,0.2479
2,"CGb","true",140,0.1844,0.06,0.2444
2,"CGb","true",141,0.183,0.0564,0.2394
2,"CGb","true",142,0.1666,0.0675,0.2341
2,"CGb","true",143,0.1837,0.0599,0.2436
2,"CGb","true",144,0.1727,0.0565,0.2292
2,"CGb","true",145,0.18,0.0652,0.2452
2,"CGb","true",146,0.1866,0.0647,0.2513
2,"CGb","true",147,0.1694,0.0707,0.2401
2,"CGb","true",148,0.1794,0.0675,0.2469
2,"CGb","true",149,0.1764,0.0606,0.237
2,"CGb","true",150,0.1825,0.0607,0.2432
2,"CGb","true",151,0.1697,0.0593,0.229
2,"CGb","true",152,0.1782,0.0498,0.228
2,"CGb","true",153,0.1819,0.0672,0.2491
2,"CGb","true",154,0.184,0.0589,0.2429
2,"CGb","true",155,0.1757,0.0662,0.2419
2,"CGb","true",156,0.1705,0.0648,0.2353
2,"CGb","true",157,0.1729,0.0642,0.2371
2,"CGb","true",158,0.1832,0.0469,0.2301
2,"CGb","true",159,0.1795,0.0592,0.2387
2,"CGb","true",160,0.1821,0.0579,0.24
2,"CGb","true",161,0.1832,0.0647,0.2479
2,"CGb","true",162,0.1829,0.0643,0.2472
2,"CGb","true",163,0.1803,0.0666,0.2469
2,"CGb","true",164,0.1869,0.0586,0.2455
2,"CGb","true",165,0.1771,0.07,0.2471
2,"CGb","true",166,0.1776,0.0631,0.2407
2,"CGb","true",167,0.1763,0.0633,0.2396
2,"CGb","true",168,0.1696,0.073,0.2426
2,"CGb","true",169,0.1819,0.0497,0.2316
2,"CGb","true",170,0.1798,0.0634,0.2432
2,"CGb","true",171,0.1797,0.0555,0.2352
2,"CGb","true",172,0.1812,0.0578,0.239
2,"CGb","true",173,0.169,0.0619,0.2309
2,"CGb","true",174,0.1747,0.0692,0.2439
2,"CGb","true",175,0.1752,0.0619,0.2371
2,"CGb","true",176,0.188,0.0561,0.2441
2,"CGb","true",177,0.1733,0.0681,0.2414
2,"CGb","true",178,0.1701,0.0662,0.2363
2,"CGb","true",179,0.1817,0.0643,0.246
2,"CGb","true",180,0.1862,0.0619,0.2481
2,"CGb","true",181,0.1745,0.0626,0.2371
2,"CGb","true",182,0.1734,0.0709,0.2443
2,"CGb","true",183,0.1768,0.0649,0.2417
2,"CGb","true",184,0.1832,0.0603,0.2435
2,"CGb","true",185,0.1785,0.0621,0.2406
2,"CGb","true",186,0.1867,0.0567,0.2434
2,"CGb","true",187,0.1786,0.0605,0.2391
2,"CGb","true",188,0.176,0.0621,0.2381
2,"CGb","true",189,0.1842,0.0475,0.2317
2,"CGb","true",190,0.1808,0.0565,0.2373
2,"CGb","true",191,0.1865,0.054,0.2405
2,"CGb","true",192,0.1875,0.062,0.2495
2,"CGb","true",193,0.1676,0.0551,0.2227
2,"CGb","true",194,0.1786,0.0572,0.2358
2,"CGb","true",195,0.172,0.055,0.227
2,"CGb","true",196,0.1826,0.07,0.2526
2,"CGb","true",197,0.1667,0.0659,0.2326
2,"CGb","true",198,0.1802,0.0558,0.236
2,"CGb","true",199,0.168,0.0689,0.2369
2,"CGb","true",200,0.1852,0.0594,0.2446
2,"CGb","true",201,0.1855,0.0654,0.2509
2,"CGb","true",202,0.1754,0.0676,0.243
2,"CGb","true",203,0.1732,0.0675,0.2407
2,"CGb","true",204,0.1871,0.0631,0.2502
2,"CGb","true",205,0.182,0.0569,0.2389
2,"CGb","true",206,0.1844,0.0433,0.2277
2,"CGb","true",207,0.1788,0.052,0.2308
2,"CGb","true",208,0.1757,0.0608,0.2365
2,"CGb","true",209,0.1728,0.065,0.2378
2,"CGb","true",210,0.1766,0.0578,0.2344
2,"CGb","true",211,0.1776,0.0635,0.2411
2,"CGb","true",212,0.1816,0.0594,0.241
2,"CGb","true",213,0.1878,0.0603,0.2481
2,"CGb","true",214,0.1782,0.0629,0.2411
2,"CGb","true",215,0.1803,0.0662,0.2465
2,"CGb","true",216,0.1702,0.066,0.2362
2,"CGb","true",217,0.1708,0.0689,0.2397
2,"CGb","true",218,0.1809,0.0616,0.2425
2,"CGb","true",219,0.1826,0.0623,0.2449
2,"CGb","true",220,0.1777,0.066,0.2437
2,"CGb","true",221,0.1853,0.0515,0.2368
2,"CGb","true",222,0.1807,0.0596,0.2403
2,"CGb","true",223,0.1807,0.0607,0.2414
2,"CGb","true",224,0.187,0.0581,0.2451
2,"CGb","true",225,0.1864,0.055,0.2414
2,"CGb","true",226,0.1816,0.0625,0.2441
2,"CGb","true",227,0.1803,0.0645,0.2448
2,"CGb","true",228,0.1672,0.0731,0.2403
2,"CGb","true",229,0.1753,0.0674,0.2427
2,"CGb","true",230,0.172,0.0692,0.2412
2,"CGb","true",231,0.1758,0.0654,0.2412
2,"CGb","true",232,0.1751,0.0619,0.237
2,"CGb","true",233,0.18,0.0628,0.2428
2,"CGb","true",234,0.184,0.0598,0.2438
2,"CGb","true",235,0.1869,0.0521,0.239
2,"CGb","true",236,0.1724,0.0566,0.229
2,"CGb","true",237,0.1746,0.0713,0.2459
2,"CGb","true",238,0.1761,0.0682,0.2443
2,"CGb","true",239,0.1759,0.0649,0.2408
2,"CGb","true",240,0.194,0.0664,0.2604
2,"CGb","true",241,0.1718,0.0537,0.2255
2,"CGb","true",242,0.1679,0.0679,0.2358
2,"CGb","true",243,0.1814,0.0618,0.2432
2,"CGb","true",244,0.175,0.0692,0.2442
2,"CGb","true",245,0.1726,0.061,0.2336
2,"CGb","true",246,0.176,0.062,0.238
2,"CGb","true",247,0.1738,0.0628,0.2366
2,"CGb","true",248,0.1775,0.059,0.2365
2,"CGb","true",249,0.1805,0.0522,0.2327
2,"CGb","true",250,0.1712,0.0652,0.2364
2,"CGb","true",251,0.1791,0.0607,0.2398
2,"CGb","true",252,0.1882,0.068,0.2562
2,"CGb","true",253,0.1819,0.0628,0.2447
2,"CGb","true",254,0.1884,0.0587,0.2471
2,"CGb","true",255,0.1769,0.069,0.2459
2,"CGb","true",256,0.1674,0.069,0.2364
2,"CGb","true",257,0.1754,0.0596,0.235
2,"CGb","true",258,0.1784,0.056,0.2344
2,"CGb","true",259,0.1836,0.0603,0.2439
2,"CGb","true",260,0.1741,0.0689,0.243
2,"CGb","true",261,0.166,0.0678,0.2338
2,"CGb","true",262,0.1757,0.0577,0.2334
2,"CGb","true",263,0.1694,0.0666,0.236
2,"CGb","true",264,0.1667,0.0685,0.2352
2,"CGb","true",265,0.1845,0.0666,0.2511
2,"CGb","true",266,0.1812,0.0555,0.2367
2,"CGb","true",267,0.177,0.0629,0.2399
2,"CGb","true",268,0.1928,0.0614,0.2542
2,"CGb","true",269,0.1611,0.078,0.2391
2,"CGb","true",270,0.1813,0.0699,0.2512
2,"CGb","true",271,0.1752,0.0623,0.2375
2,"CGb","true",272,0.1817,0.053,0.2347
2,"CGb","true",273,0.1983,0.0461,0.2444
2,"CGb","true",274,0.1719,0.0632,0.2351
2,"CGb","true",275,0.1798,0.0609,0.2407
2,"CGb","true",276,0.1774,0.0601,0.2375
2,"CGb","true",277,0.1811,0.0676,0.2487
2,"CGb","true",278,0.1921,0.0506,0.2427
2,"CGb","true",279,0.1922,0.0596,0.2518
2,"CGb","true",280,0.1783,0.0621,0.2404
2,"CGb","true",281,0.1839,0.0533,0.2372
2,"CGb","true",282,0.1869,0.0572,0.2441
2,"CGb","true",283,0.1756,0.0648,0.2404
2,"CGb","true",284,0.1787,0.0613,0.24
2,"CGb","true",285,0.1799,0.0636,0.2435
2,"CGb","true",286,0.172,0.0776,0.2496
2,"CGb","true",287,0.1767,0.0595,0.2362
2,"CGb","true",288,0.169,0.0634,0.2324
2,"CGb","true",289,0.1872,0.0561,0.2433
2,"CGb","true",290,0.1756,0.0599,0.2355
2,"CGb","true",291,0.1734,0.0603,0.2337
2,"CGb","true",292,0.1738,0.0685,0.2423
2,"CGb","true",293,0.1742,0.0594,0.2336
2,"CGb","true",294,0.1733,0.0675,0.2408
2,"CGb","true",295,0.1683,0.069,0.2373
2,"CGb","true",296,0.1762,0.0715,0.2477
2,"CGb","true",297,0.1777,0.0594,0.2371
2,"CGb","true",298,0.1856,0.0664,0.252
2,"CGb","true",299,0.1876,0.0541,0.2417
2,"CGb","true",300,0.1777,0.0602,0.2379
2,"CGb","true",301,0.168,0.0592,0.2272
2,"CGb","true",302,0.1774,0.0633,0.2407
2,"CGb","true",303,0.1788,0.0625,0.2413
2,"CGb","true",304,0.177,0.0581,0.2351
2,"CGb","true",305,0.1905,0.0592,0.2497
2,"CGb","true",306,0.1892,0.0497,0.2389
2,"CGb","true",307,0.1737,0.0577,0.2314
2,"CGb","true",308,0.1804,0.0674,0.2478
2,"CGb","true",309,0.1892,0.0566,0.2458
2,"CGb","true",310,0.1796,0.0638,0.2434
2,"CGb","true",311,0.1764,0.0645,0.2409
2,"CGb","true",312,0.1876,0.0582,0.2458
2,"CGb","true",313,0.182,0.0585,0.2405
2,"CGb","true",314,0.169,0.0693,0.2383
2,"CGb","true",315,0.1808,0.0495,0.2303
2,"CGb","true",316,0.1731,0.0613,0.2344
2,"CGb","true",317,0.175,0.0565,0.2315
2,"CGb","true",318,0.1845,0.0607,0.2452
2,"CGb","true",319,0.1746,0.0638,0.2384
2,"CGb","true",320,0.181,0.062,0.243
2,"CGb","true",321,0.1797,0.057,0.2367
2,"CGb","true",322,0.1801,0.0669,0.247
2,"CGb","true",323,0.1732,0.0652,0.2384
2,"CGb","true",324,0.1843,0.0692,0.2535
2,"CGb","true",325,0.1816,0.06,0.2416
2,"CGb","true",326,0.1607,0.0709,0.2316
2,"CGb","true",327,0.1807,0.0501,0.2308
2,"CGb","true",328,0.1741,0.0659,0.24
2,"CGb","true",329,0.1887,0.0657,0.2544
2,"CGb","true",330,0.1766,0.0613,0.2379
2,"CGb","true",331,0.1891,0.0656,0.2547
2,"CGb","true",332,0.1915,0.0564,0.2479
2,"CGb","true",333,0.1808,0.0679,0.2487
2,"CGb","true",334,0.1812,0.0485,0.2297
2,"CGb","true",335,0.1853,0.058,0.2433
2,"CGb","true",336,0.1818,0.0666,0.2484
2,"CGb","true",337,0.1793,0.0574,0.2367
2,"CGb","true",338,0.1831,0.0584,0.2415
2,"CGb","true",339,0.1758,0.0618,0.2376
2,"CGb","true",340,0.1692,0.0652,0.2344
2,"CGb","true",341,0.1713,0.0622,0.2335
2,"CGb","true",342,0.1749,0.0632,0.2381
2,"CGb","true",343,0.1716,0.0629,0.2345
2,"CGb","true",344,0.1765,0.0544,0.2309
2,"CGb","true",345,0.1789,0.0719,0.2508
2,"CGb","true",346,0.1759,0.067,0.2429
2,"CGb","true",347,0.1765,0.0694,0.2459
2,"CGb","true",348,0.1822,0.066,0.2482
2,"CGb","true",349,0.1823,0.056,0.2383
2,"CGb","true",350,0.1904,0.0491,0.2395
2,"CGb","true",351,0.1715,0.0717,0.2432
2,"CGb","true",352,0.1676,0.0757,0.2433
2,"CGb","true",353,0.1926,0.0623,0.2549
2,"CGb","true",354,0.1825,0.0648,0.2473
2,"CGb","true",355,0.1762,0.0616,0.2378
2,"CGb","true",356,0.183,0.0545,0.2375
2,"CGb","true",357,0.1703,0.0715,0.2418
2,"CGb","true",358,0.1809,0.0604,0.2413
2,"CGb","true",359,0.1789,0.0609,0.2398
2,"CGb","true",360,0.1847,0.063,0.2477
2,"CGb","true",361,0.1835,0.0596,0.2431
2,"CGb","true",362,0.1788,0.065,0.2438
2,"CGb","true",363,0.1775,0.0554,0.2329
2,"CGb","true",364,0.174,0.055,0.229
2,"CGb","true",365,0.1806,0.054,0.2346
2,"CGb","true",366,0.1791,0.056,0.2351
2,"CGb","true",367,0.186,0.0545,0.2405
2,"CGb","true",368,0.1856,0.0514,0.237
2,"CGb","true",369,0.1855,0.062,0.2475
2,"CGb","true",370,0.1979,0.0496,0.2475
2,"CGb","true",371,0.1777,0.0654,0.2431
2,"CGb","true",372,0.1765,0.0669,0.2434
2,"CGb","true",373,0.1846,0.0583,0.2429
2,"CGb","true",374,0.1846,0.0573,0.2419
2,"CGb","true",375,0.1878,0.0561,0.2439
2,"CGb","true",376,0.1819,0.0574,0.2393
2,"CGb","true",377,0.1758,0.0621,0.2379
2,"CGb","true",378,0.179,0.0659,0.2449
2,"CGb","true",379,0.1744,0.0702,0.2446
2,"CGb","true",380,0.1696,0.0647,0.2343
2,"CGb","true",381,0.1738,0.0672,0.241
2,"CGb","true",382,0.1866,0.0644,0.251
2,"CGb","true",383,0.182,0.0546,0.2366
2,"CGb","true",384,0.175,0.0614,0.2364
2,"CGb","true",385,0.1712,0.0741,0.2453
2,"CGb","true",386,0.1676,0.0694,0.237
2,"CGb","true",387,0.1765,0.0656,0.2421
2,"CGb","true",388,0.1698,0.0607,0.2305
2,"CGb","true",389,0.1758,0.0582,0.234
2,"CGb","true",390,0.1896,0.0598,0.2494
2,"CGb","true",391,0.177,0.0586,0.2356
2,"CGb","true",392,0.1673,0.0687,0.236
2,"CGb","true",393,0.1713,0.0616,0.2329
2,"CGb","true",394,0.1723,0.0637,0.236
2,"CGb","true",395,0.1843,0.0563,0.2406
2,"CGb","true",396,0.1743,0.0668,0.2411
2,"CGb","true",397,0.1735,0.069,0.2425
2,"CGb","true",398,0.1878,0.0506,0.2384
2,"CGb","true",399,0.1832,0.0549,0.2381
2,"CGb","true",400,0.1781,0.0552,0.2333
2,"CGb","true",401,0.1895,0.0552,0.2447
2,"CGb","true",402,0.1813,0.0606,0.2419
2,"CGb","true",403,0.1713,0.0676,0.2389
2,"CGb","true",404,0.1742,0.0691,0.2433
2,"CGb","true",405,0.1831,0.0474,0.2305
2,"CGb","true",406,0.187,0.0561,0.2431
2,"CGb","true",407,0.1832,0.0612,0.2444
2,"CGb","true",408,0.1843,0.0455,0.2298
2,"CGb","true",409,0.177,0.0722,0.2492
2,"CGb","true",410,0.1854,0.0561,0.2415
2,"CGb","true",411,0.1722,0.0672,0.2394
2,"CGb","true",412,0.181,0.0602,0.2412
2,"CGb","true",413,0.1798,0.0702,0.25
2,"CGb","true",414,0.1696,0.0709,0.2405
2,"CGb","true",415,0.1708,0.0577,0.2285
2,"CGb","true",416,0.1895,0.0585,0.248
2,"CGb","true",417,0.1675,0.0627,0.2302
2,"CGb","true",418,0.1741,0.0622,0.2363
2,"CGb","true",419,0.1899,0.0495,0.2394
2,"CGb","true",420,0.1889,0.0425,0.2314
2,"CGb","true",421,0.1676,0.069,0.2366
2,"CGb","true",422,0.1779,0.068,0.2459
2,"CGb","true",423,0.1751,0.0671,0.2422
2,"CGb","true",424,0.1789,0.0623,0.2412
2,"CGb","true",425,0.1858,0.0504,0.2362
2,"CGb","true",426,0.1822,0.0495,0.2317
2,"CGb","true",427,0.1985,0.0525,0.251
2,"CGb","true",428,0.1776,0.066,0.2436
2,"CGb","true",429,0.1826,0.0623,0.2449
2,"CGb","true",430,0.1806,0.0612,0.2418
2,"CGb","true",431,0.1868,0.0536,0.2404
2,"CGb","true",432,0.1818,0.0532,0.235
2,"CGb","true",433,0.191,0.0459,0.2369
2,"CGb","true",434,0.1753,0.0634,0.2387
2,"CGb","true",435,0.1807,0.0582,0.2389
2,"CGb","true",436,0.1724,0.0708,0.2432
2,"CGb","true",437,0.1739,0.062,0.2359
2,"CGb","true",438,0.1736,0.06,0.2336
2,"CGb","true",439,0.1929,0.0496,0.2425
2,"CGb","true",440,0.1718,0.0679,0.2397
2,"CGb","true",441,0.1803,0.0631,0.2434
2,"CGb","true",442,0.176,0.0599,0.2359
2,"CGb","true",443,0.2,0.0445,0.2445
2,"CGb","true",444,0.1883,0.0626,0.2509
2,"CGb","true",445,0.1757,0.0642,0.2399
2,"CGb","true",446,0.1743,0.0568,0.2311
2,"CGb","true",447,0.1783,0.0581,0.2364
2,"CGb","true",448,0.1851,0.0656,0.2507
2,"CGb","true",449,0.1788,0.0564,0.2352
2,"CGb","true",450,0.1776,0.0638,0.2414
2,"CGb","true",451,0.1887,0.0509,0.2396
2,"CGb","true",452,0.1802,0.0634,0.2436
2,"CGb","true",453,0.1797,0.0661,0.2458
2,"CGb","true",454,0.1743,0.0657,0.24
2,"CGb","true",455,0.1786,0.0674,0.246
2,"CGb","true",456,0.181,0.048,0.229
2,"CGb","true",457,0.1649,0.079,0.2439
2,"CGb","true",458,0.1857,0.0564,0.2421
2,"CGb","true",459,0.1876,0.0544,0.242
2,"CGb","true",460,0.162,0.0616,0.2236
2,"CGb","true",461,0.1821,0.0622,0.2443
2,"CGb","true",462,0.1881,0.0654,0.2535
2,"CGb","true",463,0.1754,0.0652,0.2406
2,"CGb","true",464,0.1664,0.0721,0.2385
2,"CGb","true",465,0.1909,0.048,0.2389
2,"CGb","true",466,0.1843,0.0502,0.2345
2,"CGb","true",467,0.1802,0.0716,0.2518
2,"CGb","true",468,0.1759,0.0563,0.2322
2,"CGb","true",469,0.1879,0.0517,0.2396
2,"CGb","true",470,0.1761,0.0745,0.2506
2,"CGb","true",471,0.176,0.0632,0.2392
2,"CGb","true",472,0.1809,0.054,0.2349
2,"CGb","true",473,0.1836,0.0586,0.2422
2,"CGb","true",474,0.1808,0.0491,0.2299
2,"CGb","true",475,0.1775,0.0638,0.2413
2,"CGb","true",476,0.1789,0.0569,0.2358
2,"CGb","true",477,0.1699,0.0666,0.2365
2,"CGb","true",478,0.1785,0.0642,0.2427
2,"CGb","true",479,0.1821,0.057,0.2391
2,"CGb","true",480,0.1864,0.0673,0.2537
2,"CGb","true",481,0.1834,0.0498,0.2332
2,"CGb","true",482,0.169,0.0632,0.2322
2,"CGb","true",483,0.1788,0.0664,0.2452
2,"CGb","true",484,0.1684,0.0671,0.2355
2,"CGb","true",485,0.1843,0.0596,0.2439
2,"CGb","true",486,0.179,0.0581,0.2371
2,"CGb","true",487,0.182,0.057,0.239
2,"CGb","true",488,0.1743,0.0654,0.2397
2,"CGb","true",489,0.1786,0.0632,0.2418
2,"CGb","true",490,0.1837,0.051,0.2347
2,"CGb","true",491,0.1665,0.0694,0.2359
2,"CGb","true",492,0.1761,0.0537,0.2298
2,"CGb","true",493,0.1701,0.0607,0.2308
2,"CGb","true",494,0.1749,0.0654,0.2403
2,"CGb","true",495,0.1752,0.056,0.2312
2,"CGb","true",496,0.1805,0.0605,0.241
2,"CGb","true",497,0.1828,0.0628,0.2456
2,"CGb","true",498,0.1719,0.0572,0.2291
2,"CGb","true",499,0.1704,0.0694,0.2398
2,"CGb","true",500,0.1628,0.0714,0.2342
2,"CGc","est",1,0.1589,0.0773,0.2362
2,"CGc","est",2,0.0516,0.0149,0.0665
2,"CGc","est",3,0.234,0.2361,0.4701
2,"CGc","est",4,0.1016,0.0554,0.157
2,"CGc","est",5,0.0328,-0.0402,-0.0074
2,"CGc","est",6,0.1045,0.059,0.1635
2,"CGc","est",7,0.2228,0.0528,0.2756
2,"CGc","est",8,0.1091,0.0457,0.1548
2,"CGc","est",9,0.1545,-0.0575,0.097
2,"CGc","est",10,0.1901,0.0591,0.2492
2,"CGc","est",11,0.2259,0.1024,0.3283
2,"CGc","est",12,0.3266,0.1013,0.4279
2,"CGc","est",13,0.1569,0.1378,0.2947
2,"CGc","est",14,0.1212,0.126,0.2472
2,"CGc","est",15,0.1044,0.1628,0.2672
2,"CGc","est",16,0.0865,0.1218,0.2083
2,"CGc","est",17,0.0632,0.0717,0.1349
2,"CGc","est",18,0.1183,0.0887,0.207
2,"CGc","est",19,0.1772,0.1405,0.3177
2,"CGc","est",20,0.0558,0.1645,0.2203
2,"CGc","est",21,0.179,0.0342,0.2132
2,"CGc","est",22,0.0945,0.174,0.2685
2,"CGc","est",23,0.2015,0.2288,0.4303
2,"CGc","est",24,0.1749,0.2172,0.3921
2,"CGc","est",25,0.1525,0.0977,0.2502
2,"CGc","est",26,0.2643,0.1047,0.369
2,"CGc","est",27,0.1465,0.0991,0.2456
2,"CGc","est",28,0.0817,0.0674,0.1491
2,"CGc","est",29,0.1741,0.1931,0.3672
2,"CGc","est",30,0.142,-0.0144,0.1276
2,"CGc","est",31,0.3711,0.1487,0.5198
2,"CGc","est",32,0.1928,0.1306,0.3234
2,"CGc","est",33,0.1822,0.0207,0.2029
2,"CGc","est",34,0.1141,0.1371,0.2512
2,"CGc","est",35,0.2102,0.1162,0.3264
2,"CGc","est",36,0.1294,0.2431,0.3725
2,"CGc","est",37,0.2748,0.1778,0.4526
2,"CGc","est",38,0.334,0.1462,0.4802
2,"CGc","est",39,0.1998,0.1078,0.3076
2,"CGc","est",40,0.0821,0.1099,0.192
2,"CGc","est",41,0.2861,0.2091,0.4952
2,"CGc","est",42,0.1755,0.0562,0.2317
2,"CGc","est",43,0.1976,0.0355,0.2331
2,"CGc","est",44,-0.0186,0.0524,0.0338
2,"CGc","est",45,0.1802,0.0567,0.2369
2,"CGc","est",46,0.3028,0.1059,0.4087
2,"CGc","est",47,0.3071,0.1302,0.4373
2,"CGc","est",48,0.0522,0.0755,0.1277
2,"CGc","est",49,0.1793,0.0537,0.233
2,"CGc","est",50,0.1486,0.1255,0.2741
2,"CGc","est",51,0.1206,0.2107,0.3313
2,"CGc","est",52,0.0651,0.0063,0.0714
2,"CGc","est",53,0.2189,0.1093,0.3282
2,"CGc","est",54,0.1924,0.005,0.1974
2,"CGc","est",55,0.24,0.0605,0.3005
2,"CGc","est",56,0.3287,0.1269,0.4556
2,"CGc","est",57,0.0864,0.0963,0.1827
2,"CGc","est",58,0.1556,0.0881,0.2437
2,"CGc","est",59,0.274,0.1626,0.4366
2,"CGc","est",60,0.2003,0.0871,0.2874
2,"CGc","est",61,0.2609,0.0374,0.2983
2,"CGc","est",62,0.0975,0.1352,0.2327
2,"CGc","est",63,0.0355,0.0549,0.0904
2,"CGc","est",64,0.2932,0.1516,0.4448
2,"CGc","est",65,0.1874,0.0451,0.2325
2,"CGc","est",66,0.0374,0.0706,0.108
2,"CGc","est",67,0.1139,0.0968,0.2107
2,"CGc","est",68,0.2269,0.1529,0.3798
2,"CGc","est",69,0.2298,0.1713,0.4011
2,"CGc","est",70,0.1505,0.1319,0.2824
2,"CGc","est",71,0.1957,0.0734,0.2691
2,"CGc","est",72,0.2514,0.1572,0.4086
2,"CGc","est",73,0.0906,0.1075,0.1981
2,"CGc","est",74,0.1695,0.0804,0.2499
2,"CGc","est",75,0.2547,0.1582,0.4129
2,"CGc","est",76,0.0191,0.016,0.0351
2,"CGc","est",77,0.1377,0.0655,0.2032
2,"CGc","est",78,0.1479,0.0909,0.2388
2,"CGc","est",79,0.2127,0.1696,0.3823
2,"CGc","est",80,0.1422,0.1315,0.2737
2,"CGc","est",81,0.237,0.1175,0.3545
2,"CGc","est",82,0.0739,0.0159,0.0898
2,"CGc","est",83,0.1666,0.1738,0.3404
2,"CGc","est",84,0.1242,0.0222,0.1464
2,"CGc","est",85,0.3048,0.0445,0.3493
2,"CGc","est",86,0.1608,0.083,0.2438
2,"CGc","est",87,0.1285,0.0185,0.147
2,"CGc","est",88,0.1418,0.0762,0.218
2,"CGc","est",89,0.2114,0.048,0.2594
2,"CGc","est",90,0.3071,0.1093,0.4164
2,"CGc","est",91,0.1769,0.065,0.2419
2,"CGc","est",92,0.2299,0.1957,0.4256
2,"CGc","est",93,0.1128,0.1377,0.2505
2,"CGc","est",94,0.3543,0.1323,0.4866
2,"CGc","est",95,0.2256,0.157,0.3826
2,"CGc","est",96,0.3026,0.1523,0.4549
2,"CGc","est",97,0.3637,0.1241,0.4878
2,"CGc","est",98,0.136,0.0445,0.1805
2,"CGc","est",99,0.0919,0.1358,0.2277
2,"CGc","est",100,0.1913,0.191,0.3823
2,"CGc","est",101,0.1656,0.0972,0.2628
2,"CGc","est",102,0.2418,0.1342,0.376
2,"CGc","est",103,0.2403,0.1567,0.397
2,"CGc","est",104,0.16,0.2408,0.4008
2,"CGc","est",105,0.2947,0.131,0.4257
2,"CGc","est",106,0.2811,0.0937,0.3748
2,"CGc","est",107,0.0798,0.0283,0.1081
2,"CGc","est",108,0.1602,0.1301,0.2903
2,"CGc","est",109,0.2485,0.1072,0.3557
2,"CGc","est",110,-0.0323,0.0048,-0.0275
2,"CGc","est",111,0.1647,0.0899,0.2546
2,"CGc","est",112,0.2712,0.0322,0.3034
2,"CGc","est",113,0.2317,0.0431,0.2748
2,"CGc","est",114,0.2171,0.0788,0.2959
2,"CGc","est",115,0.1979,0.214,0.4119
2,"CGc","est",116,0.155,0.1912,0.3462
2,"CGc","est",117,0.1504,0.0786,0.229
2,"CGc","est",118,0.1137,0.1655,0.2792
2,"CGc","est",119,0.1214,0.0612,0.1826
2,"CGc","est",120,0.0361,0.0453,0.0814
2,"CGc","est",121,0.0931,0.1307,0.2238
2,"CGc","est",122,0.1633,0.1228,0.2861
2,"CGc","est",123,0.0303,-0.0029,0.0274
2,"CGc","est",124,0.225,0.0376,0.2626
2,"CGc","est",125,0.233,0.1843,0.4173
2,"CGc","est",126,0.1668,0.1225,0.2893
2,"CGc","est",127,0.1936,0.1326,0.3262
2,"CGc","est",128,0.1209,0.1033,0.2242
2,"CGc","est",129,0.111,-0.0127,0.0983
2,"CGc","est",130,0.1653,0.0267,0.192
2,"CGc","est",131,0.1884,0.08,0.2684
2,"CGc","est",132,0.1558,0.034,0.1898
2,"CGc","est",133,0.1478,0.0686,0.2164
2,"CGc","est",134,0.247,0.1429,0.3899
2,"CGc","est",135,0.0851,0.182,0.2671
2,"CGc","est",136,-0.1097,0.0828,-0.0269
2,"CGc","est",137,0.2683,0.167,0.4353
2,"CGc","est",138,0.2273,0.092,0.3193
2,"CGc","est",139,0.2694,0.1016,0.371
2,"CGc","est",140,0.2173,0.0711,0.2884
2,"CGc","est",141,0.2331,0.198,0.4311
2,"CGc","est",142,0.1856,0.1225,0.3081
2,"CGc","est",143,0.229,0.1416,0.3706
2,"CGc","est",144,0.1633,0.1845,0.3478
2,"CGc","est",145,0.1394,0.1165,0.2559
2,"CGc","est",146,0.3052,0.1368,0.442
2,"CGc","est",147,0.2343,0.1383,0.3726
2,"CGc","est",148,0.1577,0.0888,0.2465
2,"CGc","est",149,0.1201,0.0535,0.1736
2,"CGc","est",150,0.0177,0.0588,0.0765
2,"CGc","est",151,0.3141,0.1351,0.4492
2,"CGc","est",152,0.1506,0.2526,0.4032
2,"CGc","est",153,0.187,0.1752,0.3622
2,"CGc","est",154,0.1931,0.1642,0.3573
2,"CGc","est",155,0.1859,0.1005,0.2864
2,"CGc","est",156,0.0821,0.0866,0.1687
2,"CGc","est",157,0.2271,0.1307,0.3578
2,"CGc","est",158,0.2357,0.1386,0.3743
2,"CGc","est",159,0.1833,0.1515,0.3348
2,"CGc","est",160,0.2156,0.1885,0.4041
2,"CGc","est",161,0.2106,0.1548,0.3654
2,"CGc","est",162,0.3087,0.1919,0.5006
2,"CGc","est",163,0.1422,0.1267,0.2689
2,"CGc","est",164,0.1332,0.053,0.1862
2,"CGc","est",165,0.2989,0.1528,0.4517
2,"CGc","est",166,0.2428,0.131,0.3738
2,"CGc","est",167,0.1516,0.1288,0.2804
2,"CGc","est",168,0.2057,0.1807,0.3864
2,"CGc","est",169,0.2223,0.0284,0.2507
2,"CGc","est",170,0.1516,0.0471,0.1987
2,"CGc","est",171,0.1616,0.0897,0.2513
2,"CGc","est",172,0.1161,0.0609,0.177
2,"CGc","est",173,0.1547,0.1481,0.3028
2,"CGc","est",174,0.0361,0.1872,0.2233
2,"CGc","est",175,0.1962,0.1088,0.305
2,"CGc","est",176,0.3088,0.1685,0.4773
2,"CGc","est",177,0.1776,0.0858,0.2634
2,"CGc","est",178,0.1484,0.1954,0.3438
2,"CGc","est",179,0.1974,0.058,0.2554
2,"CGc","est",180,0.2211,0.1253,0.3464
2,"CGc","est",181,0.2432,0.0674,0.3106
2,"CGc","est",182,0.1025,0.3077,0.4102
2,"CGc","est",183,0.2472,0.2068,0.454
2,"CGc","est",184,0.1833,0.1469,0.3302
2,"CGc","est",185,0.0807,0.0239,0.1046
2,"CGc","est",186,0.1904,0.1367,0.3271
2,"CGc","est",187,0.1833,0.1248,0.3081
2,"CGc","est",188,0.1001,0.0533,0.1534
2,"CGc","est",189,0.2075,0.1525,0.36
2,"CGc","est",190,0.1314,0.0926,0.224
2,"CGc","est",191,0.0778,0.0757,0.1535
2,"CGc","est",192,0.2322,0.1313,0.3635
2,"CGc","est",193,0.2237,0.0026,0.2263
2,"CGc","est",194,0.0777,0.0344,0.1121
2,"CGc","est",195,0.1806,0.0184,0.199
2,"CGc","est",196,0.3135,0.1631,0.4766
2,"CGc","est",197,0.154,0.0497,0.2037
2,"CGc","est",198,0.3149,0.1167,0.4316
2,"CGc","est",199,0.1225,0.1324,0.2549
2,"CGc","est",200,0.305,0.0992,0.4042
2,"CGc","est",201,0.1335,0.1213,0.2548
2,"CGc","est",202,0.1593,0.0557,0.215
2,"CGc","est",203,0.2063,0.1198,0.3261
2,"CGc","est",204,0.2831,0.0645,0.3476
2,"CGc","est",205,0.2134,0.1231,0.3365
2,"CGc","est",206,0.1058,0.1443,0.2501
2,"CGc","est",207,0.2039,0.153,0.3569
2,"CGc","est",208,0.2168,0.2046,0.4214
2,"CGc","est",209,0.2214,0.1845,0.4059
2,"CGc","est",210,0.0393,0.0487,0.088
2,"CGc","est",211,0.1455,0.1066,0.2521
2,"CGc","est",212,0.1634,0.0686,0.232
2,"CGc","est",213,0.1189,0.1039,0.2228
2,"CGc","est",214,0.1744,0.1507,0.3251
2,"CGc","est",215,0.1801,0.2263,0.4064
2,"CGc","est",216,0.1342,0.112,0.2462
2,"CGc","est",217,0.1245,0.1323,0.2568
2,"CGc","est",218,0.2889,0.2316,0.5205
2,"CGc","est",219,0.2176,0.0407,0.2583
2,"CGc","est",220,0.2243,0.0311,0.2554
2,"CGc","est",221,0.0866,0.0435,0.1301
2,"CGc","est",222,0.1028,0.1138,0.2166
2,"CGc","est",223,0.1253,0.0152,0.1405
2,"CGc","est",224,0.1777,0.1768,0.3545
2,"CGc","est",225,0.1799,0.1098,0.2897
2,"CGc","est",226,0.0875,0.0975,0.185
2,"CGc","est",227,0.2637,-0.001,0.2627
2,"CGc","est",228,0.209,0.1366,0.3456
2,"CGc","est",229,0.2487,0.0705,0.3192
2,"CGc","est",230,0.1952,0.074,0.2692
2,"CGc","est",231,0.2162,0.0536,0.2698
2,"CGc","est",232,0.2163,0.0786,0.2949
2,"CGc","est",233,-0.0509,0.084,0.0331
2,"CGc","est",234,0.0782,0.0814,0.1596
2,"CGc","est",235,0.1813,0.1383,0.3196
2,"CGc","est",236,0.23,0.1196,0.3496
2,"CGc","est",237,0.2098,0.1614,0.3712
2,"CGc","est",238,0.2465,0.0936,0.3401
2,"CGc","est",239,0.0487,0.1964,0.2451
2,"CGc","est",240,0.1658,0.0934,0.2592
2,"CGc","est",241,-0.023,0.1242,0.1012
2,"CGc","est",242,0.2559,0.1911,0.447
2,"CGc","est",243,0.171,0.0311,0.2021
2,"CGc","est",244,0.1123,0.0476,0.1599
2,"CGc","est",245,0.1806,0.1362,0.3168
2,"CGc","est",246,0.0228,0.0421,0.0649
2,"CGc","est",247,0.1437,0.176,0.3197
2,"CGc","est",248,0.1638,0.1011,0.2649
2,"CGc","est",249,-0.0108,0.1033,0.0925
2,"CGc","est",250,0.1301,0.1233,0.2534
2,"CGc","est",251,0.0765,0.185,0.2615
2,"CGc","est",252,0.1573,0.1002,0.2575
2,"CGc","est",253,0.0532,0.0275,0.0807
2,"CGc","est",254,0.247,0.1538,0.4008
2,"CGc","est",255,0.1306,0.1721,0.3027
2,"CGc","est",256,0.2077,0.1066,0.3143
2,"CGc","est",257,0.2462,0.1129,0.3591
2,"CGc","est",258,0.0693,0.0175,0.0868
2,"CGc","est",259,0.1276,0.1481,0.2757
2,"CGc","est",260,0.1181,0.1117,0.2298
2,"CGc","est",261,0.0315,0.0619,0.0934
2,"CGc","est",262,0.1117,0.1856,0.2973
2,"CGc","est",263,0.2738,0.1429,0.4167
2,"CGc","est",264,0.1918,0.1437,0.3355
2,"CGc","est",265,0.1746,0.2038,0.3784
2,"CGc","est",266,0.2054,-0.0124,0.193
2,"CGc","est",267,0.1438,0.0788,0.2226
2,"CGc","est",268,0.2234,0.2494,0.4728
2,"CGc","est",269,-0.065,0.0376,-0.0274
2,"CGc","est",270,0.1143,0.0541,0.1684
2,"CGc","est",271,0.2021,0.0793,0.2814
2,"CGc","est",272,0.1404,0.0545,0.1949
2,"CGc","est",273,0.0858,0.1503,0.2361
2,"CGc","est",274,0.0418,0.1402,0.182
2,"CGc","est",275,0.2043,0.1374,0.3417
2,"CGc","est",276,0.1441,0.2146,0.3587
2,"CGc","est",277,0.2229,0.1681,0.391
2,"CGc","est",278,0.076,0.2465,0.3225
2,"CGc","est",279,0.1061,0.1659,0.272
2,"CGc","est",280,0.1554,0.2156,0.371
2,"CGc","est",281,-0.0446,-0.000400000000000001,-0.045
2,"CGc","est",282,0.0825,0.0363,0.1188
2,"CGc","est",283,0.2439,0.1185,0.3624
2,"CGc","est",284,0.1302,-0.0037,0.1265
2,"CGc","est",285,0.0636,-0.005,0.0586
2,"CGc","est",286,0.1049,0.0299,0.1348
2,"CGc","est",287,0.1931,0.0683,0.2614
2,"CGc","est",288,0.1824,0.1157,0.2981
2,"CGc","est",289,0.1238,0.1959,0.3197
2,"CGc","est",290,0.1331,0.156,0.2891
2,"CGc","est",291,0.2265,0.091,0.3175
2,"CGc","est",292,0.0087,0.0189,0.0276
2,"CGc","est",293,0.1818,0.1062,0.288
2,"CGc","est",294,0.2993,0.2044,0.5037
2,"CGc","est",295,0.254,0.1219,0.3759
2,"CGc","est",296,0.2584,0.0263,0.2847
2,"CGc","est",297,0.0624,0.1075,0.1699
2,"CGc","est",298,0.2095,0.1154,0.3249
2,"CGc","est",299,0.1768,0.0563,0.2331
2,"CGc","est",300,0.117,0.0126,0.1296
2,"CGc","est",301,0.1969,0.1191,0.316
2,"CGc","est",302,0.0833,0.1276,0.2109
2,"CGc","est",303,0.2709,0.0297,0.3006
2,"CGc","est",304,0.2193,0.1059,0.3252
2,"CGc","est",305,0.2685,0.1695,0.438
2,"CGc","est",306,0.3119,0.1227,0.4346
2,"CGc","est",307,0.1617,0.1377,0.2994
2,"CGc","est",308,0.2006,0.0783,0.2789
2,"CGc","est",309,0.0827,0.103,0.1857
2,"CGc","est",310,0.1706,0.1989,0.3695
2,"CGc","est",311,0.0184,0.0071,0.0255
2,"CGc","est",312,0.122,0.0244,0.1464
2,"CGc","est",313,0.1625,0.1521,0.3146
2,"CGc","est",314,0.2754,0.1114,0.3868
2,"CGc","est",315,0.2437,0.0804,0.3241
2,"CGc","est",316,-0.0655,0.1175,0.052
2,"CGc","est",317,0.1895,0.1703,0.3598
2,"CGc","est",318,0.1677,0.1038,0.2715
2,"CGc","est",319,0.3237,0.085,0.4087
2,"CGc","est",320,0.2776,0.0699,0.3475
2,"CGc","est",321,0.1748,0.2278,0.4026
2,"CGc","est",322,0.1882,0.1738,0.362
2,"CGc","est",323,0.2402,0.0776,0.3178
2,"CGc","est",324,0.153,0.1175,0.2705
2,"CGc","est",325,0.0718,0.0916,0.1634
2,"CGc","est",326,0.1065,0.1881,0.2946
2,"CGc","est",327,0.1217,0.0443,0.166
2,"CGc","est",328,0.0374,0.0639,0.1013
2,"CGc","est",329,0.2187,0.0584,0.2771
2,"CGc","est",330,0.1291,0.1019,0.231
2,"CGc","est",331,0.1127,0.1931,0.3058
2,"CGc","est",332,0.227,0.0926,0.3196
2,"CGc","est",333,0.0689,0.0344,0.1033
2,"CGc","est",334,0.3232,0.1037,0.4269
2,"CGc","est",335,0.2761,0.0995,0.3756
2,"CGc","est",336,0.1678,0.0981,0.2659
2,"CGc","est",337,0.3365,0.1559,0.4924
2,"CGc","est",338,0.1612,0.0549,0.2161
2,"CGc","est",339,0.1946,0.0484,0.243
2,"CGc","est",340,0.0967,0.1132,0.2099
2,"CGc","est",341,0.3507,0.1874,0.5381
2,"CGc","est",342,0.3014,0.0665,0.3679
2,"CGc","est",343,0.1885,0.1369,0.3254
2,"CGc","est",344,0.1155,0.138,0.2535
2,"CGc","est",345,0.17,0.1074,0.2774
2,"CGc","est",346,0.0624,0.1398,0.2022
2,"CGc","est",347,0.2527,0.1849,0.4376
2,"CGc","est",348,0.1579,0.0449,0.2028
2,"CGc","est",349,0.2139,0.1739,0.3878
2,"CGc","est",350,0.2316,0.0962,0.3278
2,"CGc","est",351,0.2452,0.1007,0.3459
2,"CGc","est",352,0.2542,0.0885,0.3427
2,"CGc","est",353,0.2185,0.1797,0.3982
2,"CGc","est",354,0.2474,0.2796,0.527
2,"CGc","est",355,-0.0346,0.0781,0.0435
2,"CGc","est",356,0.2574,0.1389,0.3963
2,"CGc","est",357,0.2396,0.1264,0.366
2,"CGc","est",358,0.0805,0.1162,0.1967
2,"CGc","est",359,0.1631,0.1279,0.291
2,"CGc","est",360,0.1908,0.1119,0.3027
2,"CGc","est",361,0.235,0.1654,0.4004
2,"CGc","est",362,0.1602,0.0739,0.2341
2,"CGc","est",363,0.1918,0.1292,0.321
2,"CGc","est",364,-0.0027,0.0681,0.0654
2,"CGc","est",365,0.1424,0.1221,0.2645
2,"CGc","est",366,0.1327,0.1903,0.323
2,"CGc","est",367,0.2166,0.2059,0.4225
2,"CGc","est",368,0.1647,0.0816,0.2463
2,"CGc","est",369,0.2803,0.0818,0.3621
2,"CGc","est",370,0.2384,0.0599,0.2983
2,"CGc","est",371,0.2924,0.1736,0.466
2,"CGc","est",372,0.1618,0.2323,0.3941
2,"CGc","est",373,0.2661,0.1081,0.3742
2,"CGc","est",374,0.1565,0.2169,0.3734
2,"CGc","est",375,0.327,0.1025,0.4295
2,"CGc","est",376,0.0228,0.0686,0.0914
2,"CGc","est",377,0.3213,0.1021,0.4234
2,"CGc","est",378,0.2619,0.0959,0.3578
2,"CGc","est",379,0.2911,0.1116,0.4027
2,"CGc","est",380,0.2306,0.2114,0.442
2,"CGc","est",381,0.1256,0.2166,0.3422
2,"CGc","est",382,0.253,0.181,0.434
2,"CGc","est",383,0.0674,-0.0088,0.0586
2,"CGc","est",384,0.19,0.0648,0.2548
2,"CGc","est",385,0.0177,0.0102,0.0279
2,"CGc","est",386,0.2425,0.141,0.3835
2,"CGc","est",387,0.1338,0.0766,0.2104
2,"CGc","est",388,0.2339,0.0366,0.2705
2,"CGc","est",389,0.0465,0.1053,0.1518
2,"CGc","est",390,0.0999,0.099,0.1989
2,"CGc","est",391,0.1831,0.0751,0.2582
2,"CGc","est",392,0.1555,0.1206,0.2761
2,"CGc","est",393,0.1927,0.1212,0.3139
2,"CGc","est",394,0.2004,0.053,0.2534
2,"CGc","est",395,0.2722,0.1864,0.4586
2,"CGc","est",396,0.026,0.1095,0.1355
2,"CGc","est",397,0.1371,0.0843,0.2214
2,"CGc","est",398,0.1483,0.1478,0.2961
2,"CGc","est",399,0.138,0.0567,0.1947
2,"CGc","est",400,0.1297,0.077,0.2067
2,"CGc","est",401,0.211,0.1038,0.3148
2,"CGc","est",402,0.2427,0.1144,0.3571
2,"CGc","est",403,0.1678,0.0993,0.2671
2,"CGc","est",404,0.2398,0.0512,0.291
2,"CGc","est",405,0.2333,0.1883,0.4216
2,"CGc","est",406,0.1919,0.1331,0.325
2,"CGc","est",407,0.0798,0.1498,0.2296
2,"CGc","est",408,0.1031,0.0909,0.194
2,"CGc","est",409,0.2759,0.1686,0.4445
2,"CGc","est",410,0.2821,0.1667,0.4488
2,"CGc","est",411,0.1655,0.0784,0.2439
2,"CGc","est",412,0.1915,0.2512,0.4427
2,"CGc","est",413,0.3506,0.1192,0.4698
2,"CGc","est",414,0.1442,0.0645,0.2087
2,"CGc","est",415,0.2213,0.1261,0.3474
2,"CGc","est",416,0.1777,0.1787,0.3564
2,"CGc","est",417,0.3174,0.1735,0.4909
2,"CGc","est",418,0.1035,0.0505,0.154
2,"CGc","est",419,0.1451,0.0354,0.1805
2,"CGc","est",420,0.022,0.0991,0.1211
2,"CGc","est",421,0.0422,0.0066,0.0488
2,"CGc","est",422,0.0889,0.0999,0.1888
2,"CGc","est",423,0.2066,0.0873,0.2939
2,"CGc","est",424,0.0266,0.0143,0.0409
2,"CGc","est",425,0.2664,0.159,0.4254
2,"CGc","est",426,0.1242,0.2311,0.3553
2,"CGc","est",427,0.1288,0.1397,0.2685
2,"CGc","est",428,0.1478,0.0437,0.1915
2,"CGc","est",429,0.0063,0.0622,0.0685
2,"CGc","est",430,0.2221,0.1139,0.336
2,"CGc","est",431,0.197,0.1576,0.3546
2,"CGc","est",432,0.1598,0.1278,0.2876
2,"CGc","est",433,0.2514,0.1203,0.3717
2,"CGc","est",434,0.0358,0.0806,0.1164
2,"CGc","est",435,0.074,0.039,0.113
2,"CGc","est",436,0.1342,0.1596,0.2938
2,"CGc","est",437,0.2571,0.1766,0.4337
2,"CGc","est",438,0.1723,0.1267,0.299
2,"CGc","est",439,0.1741,0.0974,0.2715
2,"CGc","est",440,0.1754,0.2141,0.3895
2,"CGc","est",441,0.2233,0.086,0.3093
2,"CGc","est",442,0.1998,0.1048,0.3046
2,"CGc","est",443,0.1368,0.1103,0.2471
2,"CGc","est",444,0.1292,0.0792,0.2084
2,"CGc","est",445,0.2701,0.2286,0.4987
2,"CGc","est",446,0.2688,0.1813,0.4501
2,"CGc","est",447,0.1551,0.1712,0.3263
2,"CGc","est",448,0.2658,0.0653,0.3311
2,"CGc","est",449,0.1361,-0.0041,0.132
2,"CGc","est",450,0.0666,0.0388,0.1054
2,"CGc","est",451,0.2745,-0.0213,0.2532
2,"CGc","est",452,0.0834,0.0544,0.1378
2,"CGc","est",453,0.212,0.0146,0.2266
2,"CGc","est",454,0.2979,0.1178,0.4157
2,"CGc","est",455,0.0441,0.1625,0.2066
2,"CGc","est",456,-0.005,0.0702,0.0652
2,"CGc","est",457,0.1146,0.1683,0.2829
2,"CGc","est",458,0.2079,0.1407,0.3486
2,"CGc","est",459,0.2528,0.1326,0.3854
2,"CGc","est",460,0.1638,0.2095,0.3733
2,"CGc","est",461,0.1604,0.0935,0.2539
2,"CGc","est",462,0.1018,0.1285,0.2303
2,"CGc","est",463,0.1547,0.1058,0.2605
2,"CGc","est",464,0.1989,0.0591,0.258
2,"CGc","est",465,0.1283,0.1176,0.2459
2,"CGc","est",466,0.1144,0.0575,0.1719
2,"CGc","est",467,0.1731,0.1694,0.3425
2,"CGc","est",468,0.096,0.0699,0.1659
2,"CGc","est",469,0.2012,0.1243,0.3255
2,"CGc","est",470,0.0367,0.1002,0.1369
2,"CGc","est",471,0.00169999999999999,0.04,0.0417
2,"CGc","est",472,0.2294,0.311,0.5404
2,"CGc","est",473,0.258,0.1442,0.4022
2,"CGc","est",474,0.3519,0.0762,0.4281
2,"CGc","est",475,0.2238,0.1607,0.3845
2,"CGc","est",476,0.2373,0.1387,0.376
2,"CGc","est",477,0.0541,0.0404,0.0945
2,"CGc","est",478,0.1959,0.0338,0.2297
2,"CGc","est",479,0.2017,0.1203,0.322
2,"CGc","est",480,0.1798,0.0649,0.2447
2,"CGc","est",481,0.2007,0.0755,0.2762
2,"CGc","est",482,0.3279,0.1555,0.4834
2,"CGc","est",483,0.2287,0.1595,0.3882
2,"CGc","est",484,0.1013,0.0861,0.1874
2,"CGc","est",485,0.3498,0.1932,0.543
2,"CGc","est",486,0.2559,0.0619,0.3178
2,"CGc","est",487,0.2074,0.1008,0.3082
2,"CGc","est",488,0.2396,0.1579,0.3975
2,"CGc","est",489,0.0039,0.0849,0.0888
2,"CGc","est",490,0.2083,0.1466,0.3549
2,"CGc","est",491,0.1402,0.0243,0.1645
2,"CGc","est",492,0.2233,0.1854,0.4087
2,"CGc","est",493,0.1252,0.0547,0.1799
2,"CGc","est",494,0.1266,0.0715,0.1981
2,"CGc","est",495,0.1402,0.0781,0.2183
2,"CGc","est",496,0.3001,0.1339,0.434
2,"CGc","est",497,0.1671,0.1902,0.3573
2,"CGc","est",498,0.2965,0.0712,0.3677
2,"CGc","est",499,0.1866,0.1395,0.3261
2,"CGc","est",500,0.165,0.1597,0.3247
2,"CGc","true",1,0.1711,0.1029,0.274
2,"CGc","true",2,0.1865,0.1347,0.3212
2,"CGc","true",3,0.1792,0.1204,0.2996
2,"CGc","true",4,0.1744,0.0957,0.2701
2,"CGc","true",5,0.1821,0.1066,0.2887
2,"CGc","true",6,0.171,0.1271,0.2981
2,"CGc","true",7,0.1782,0.1135,0.2917
2,"CGc","true",8,0.1945,0.1102,0.3047
2,"CGc","true",9,0.1661,0.1113,0.2774
2,"CGc","true",10,0.1803,0.1294,0.3097
2,"CGc","true",11,0.18,0.1251,0.3051
2,"CGc","true",12,0.1897,0.1001,0.2898
2,"CGc","true",13,0.1707,0.1221,0.2928
2,"CGc","true",14,0.1728,0.1264,0.2992
2,"CGc","true",15,0.1778,0.1095,0.2873
2,"CGc","true",16,0.1746,0.1096,0.2842
2,"CGc","true",17,0.179,0.1168,0.2958
2,"CGc","true",18,0.1817,0.1087,0.2904
2,"CGc","true",19,0.1767,0.1109,0.2876
2,"CGc","true",20,0.1668,0.1371,0.3039
2,"CGc","true",21,0.1801,0.118,0.2981
2,"CGc","true",22,0.1729,0.111,0.2839
2,"CGc","true",23,0.1787,0.1279,0.3066
2,"CGc","true",24,0.1828,0.1108,0.2936
2,"CGc","true",25,0.1848,0.1035,0.2883
2,"CGc","true",26,0.177,0.1211,0.2981
2,"CGc","true",27,0.1798,0.1173,0.2971
2,"CGc","true",28,0.1819,0.1034,0.2853
2,"CGc","true",29,0.1809,0.1179,0.2988
2,"CGc","true",30,0.1741,0.1351,0.3092
2,"CGc","true",31,0.1725,0.116,0.2885
2,"CGc","true",32,0.1768,0.1092,0.286
2,"CGc","true",33,0.1765,0.1057,0.2822
2,"CGc","true",34,0.1788,0.1143,0.2931
2,"CGc","true",35,0.1824,0.1165,0.2989
2,"CGc","true",36,0.1773,0.1189,0.2962
2,"CGc","true",37,0.1775,0.1091,0.2866
2,"CGc","true",38,0.182,0.1171,0.2991
2,"CGc","true",39,0.1755,0.1077,0.2832
2,"CGc","true",40,0.1793,0.1135,0.2928
2,"CGc","true",41,0.1853,0.1063,0.2916
2,"CGc","true",42,0.1775,0.1093,0.2868
2,"CGc","true",43,0.1755,0.1222,0.2977
2,"CGc","true",44,0.1583,0.1143,0.2726
2,"CGc","true",45,0.1808,0.0959,0.2767
2,"CGc","true",46,0.1831,0.1277,0.3108
2,"CGc","true",47,0.1792,0.1279,0.3071
2,"CGc","true",48,0.182,0.0995,0.2815
2,"CGc","true",49,0.1811,0.1254,0.3065
2,"CGc","true",50,0.1724,0.132,0.3044
2,"CGc","true",51,0.1836,0.1106,0.2942
2,"CGc","true",52,0.1749,0.1163,0.2912
2,"CGc","true",53,0.1686,0.1221,0.2907
2,"CGc","true",54,0.1867,0.1087,0.2954
2,"CGc","true",55,0.1627,0.1198,0.2825
2,"CGc","true",56,0.1795,0.1078,0.2873
2,"CGc","true",57,0.1867,0.1227,0.3094
2,"CGc","true",58,0.1793,0.1122,0.2915
2,"CGc","true",59,0.1814,0.1021,0.2835
2,"CGc","true",60,0.178,0.1092,0.2872
2,"CGc","true",61,0.1868,0.1027,0.2895
2,"CGc","true",62,0.1883,0.1126,0.3009
2,"CGc","true",63,0.178,0.1054,0.2834
2,"CGc","true",64,0.1852,0.1067,0.2919
2,"CGc","true",65,0.1653,0.109,0.2743
2,"CGc","true",66,0.1758,0.1169,0.2927
2,"CGc","true",67,0.184,0.1128,0.2968
2,"CGc","true",68,0.1771,0.1126,0.2897
2,"CGc","true",69,0.1718,0.1161,0.2879
2,"CGc","true",70,0.1843,0.0945,0.2788
2,"CGc","true",71,0.1721,0.116,0.2881
2,"CGc","true",72,0.1816,0.1179,0.2995
2,"CGc","true",73,0.1741,0.1264,0.3005
2,"CGc","true",74,0.1676,0.1251,0.2927
2,"CGc","true",75,0.1727,0.1114,0.2841
2,"CGc","true",76,0.1802,0.104,0.2842
2,"CGc","true",77,0.1892,0.1138,0.303
2,"CGc","true",78,0.1805,0.1041,0.2846
2,"CGc","true",79,0.1834,0.1146,0.298
2,"CGc","true",80,0.1857,0.117,0.3027
2,"CGc","true",81,0.1819,0.1022,0.2841
2,"CGc","true",82,0.177,0.1218,0.2988
2,"CGc","true",83,0.1781,0.1085,0.2866
2,"CGc","true",84,0.1716,0.1162,0.2878
2,"CGc","true",85,0.1778,0.1093,0.2871
2,"CGc","true",86,0.1871,0.12,0.3071
2,"CGc","true",87,0.1818,0.1043,0.2861
2,"CGc","true",88,0.1644,0.1122,0.2766
2,"CGc","true",89,0.1959,0.0902,0.2861
2,"CGc","true",90,0.1813,0.1123,0.2936
2,"CGc","true",91,0.1703,0.1227,0.293
2,"CGc","true",92,0.1753,0.1168,0.2921
2,"CGc","true",93,0.1748,0.1014,0.2762
2,"CGc","true",94,0.1893,0.1174,0.3067
2,"CGc","true",95,0.174,0.1087,0.2827
2,"CGc","true",96,0.186,0.1085,0.2945
2,"CGc","true",97,0.1744,0.1123,0.2867
2,"CGc","true",98,0.1795,0.112,0.2915
2,"CGc","true",99,0.181,0.1273,0.3083
2,"CGc","true",100,0.1813,0.1094,0.2907
2,"CGc","true",101,0.1824,0.1196,0.302
2,"CGc","true",102,0.18,0.1163,0.2963
2,"CGc","true",103,0.1677,0.1137,0.2814
2,"CGc","true",104,0.1847,0.1145,0.2992
2,"CGc","true",105,0.1834,0.1098,0.2932
2,"CGc","true",106,0.1669,0.1345,0.3014
2,"CGc","true",107,0.168,0.1205,0.2885
2,"CGc","true",108,0.1724,0.1232,0.2956
2,"CGc","true",109,0.1828,0.1139,0.2967
2,"CGc","true",110,0.1812,0.1216,0.3028
2,"CGc","true",111,0.1767,0.1251,0.3018
2,"CGc","true",112,0.1898,0.1223,0.3121
2,"CGc","true",113,0.1721,0.1147,0.2868
2,"CGc","true",114,0.176,0.1026,0.2786
2,"CGc","true",115,0.1813,0.1104,0.2917
2,"CGc","true",116,0.1913,0.1133,0.3046
2,"CGc","true",117,0.1836,0.1203,0.3039
2,"CGc","true",118,0.1602,0.1265,0.2867
2,"CGc","true",119,0.184,0.1127,0.2967
2,"CGc","true",120,0.1665,0.1157,0.2822
2,"CGc","true",121,0.177,0.1211,0.2981
2,"CGc","true",122,0.1745,0.1287,0.3032
2,"CGc","true",123,0.1761,0.1126,0.2887
2,"CGc","true",124,0.1828,0.1167,0.2995
2,"CGc","true",125,0.191,0.106,0.297
2,"CGc","true",126,0.1757,0.1284,0.3041
2,"CGc","true",127,0.1786,0.1336,0.3122
2,"CGc","true",128,0.1802,0.1055,0.2857
2,"CGc","true",129,0.1774,0.1102,0.2876
2,"CGc","true",130,0.1714,0.1147,0.2861
2,"CGc","true",131,0.179,0.1024,0.2814
2,"CGc","true",132,0.1712,0.1101,0.2813
2,"CGc","true",133,0.1765,0.1202,0.2967
2,"CGc","true",134,0.1815,0.1137,0.2952
2,"CGc","true",135,0.1744,0.1332,0.3076
2,"CGc","true",136,0.1719,0.1203,0.2922
2,"CGc","true",137,0.1819,0.0996,0.2815
2,"CGc","true",138,0.1849,0.1044,0.2893
2,"CGc","true",139,0.1817,0.1133,0.295
2,"CGc","true",140,0.1885,0.1124,0.3009
2,"CGc","true",141,0.1773,0.1255,0.3028
2,"CGc","true",142,0.1762,0.1163,0.2925
2,"CGc","true",143,0.1807,0.1118,0.2925
2,"CGc","true",144,0.1841,0.1126,0.2967
2,"CGc","true",145,0.1789,0.0986,0.2775
2,"CGc","true",146,0.1937,0.1249,0.3186
2,"CGc","true",147,0.1766,0.1305,0.3071
2,"CGc","true",148,0.1864,0.1192,0.3056
2,"CGc","true",149,0.1714,0.1168,0.2882
2,"CGc","true",150,0.1864,0.1148,0.3012
2,"CGc","true",151,0.1696,0.136,0.3056
2,"CGc","true",152,0.178,0.111,0.289
2,"CGc","true",153,0.1739,0.1043,0.2782
2,"CGc","true",154,0.1821,0.1171,0.2992
2,"CGc","true",155,0.1816,0.1183,0.2999
2,"CGc","true",156,0.1695,0.1295,0.299
2,"CGc","true",157,0.1721,0.1252,0.2973
2,"CGc","true",158,0.1855,0.0866,0.2721
2,"CGc","true",159,0.1734,0.1111,0.2845
2,"CGc","true",160,0.1818,0.1177,0.2995
2,"CGc","true",161,0.1702,0.1156,0.2858
2,"CGc","true",162,0.1727,0.1296,0.3023
2,"CGc","true",163,0.1726,0.1179,0.2905
2,"CGc","true",164,0.1733,0.1041,0.2774
2,"CGc","true",165,0.1753,0.128,0.3033
2,"CGc","true",166,0.1766,0.1149,0.2915
2,"CGc","true",167,0.1813,0.1171,0.2984
2,"CGc","true",168,0.1658,0.1324,0.2982
2,"CGc","true",169,0.1736,0.0994,0.273
2,"CGc","true",170,0.1913,0.1135,0.3048
2,"CGc","true",171,0.1809,0.102,0.2829
2,"CGc","true",172,0.1829,0.1097,0.2926
2,"CGc","true",173,0.1746,0.1173,0.2919
2,"CGc","true",174,0.1774,0.1234,0.3008
2,"CGc","true",175,0.1794,0.1101,0.2895
2,"CGc","true",176,0.1714,0.1178,0.2892
2,"CGc","true",177,0.1741,0.1163,0.2904
2,"CGc","true",178,0.1766,0.1174,0.294
2,"CGc","true",179,0.1808,0.1129,0.2937
2,"CGc","true",180,0.1648,0.1173,0.2821
2,"CGc","true",181,0.1782,0.1175,0.2957
2,"CGc","true",182,0.1832,0.1209,0.3041
2,"CGc","true",183,0.1648,0.1375,0.3023
2,"CGc","true",184,0.1643,0.1208,0.2851
2,"CGc","true",185,0.1719,0.1105,0.2824
2,"CGc","true",186,0.1706,0.1195,0.2901
2,"CGc","true",187,0.1807,0.1165,0.2972
2,"CGc","true",188,0.1758,0.1126,0.2884
2,"CGc","true",189,0.1912,0.0993,0.2905
2,"CGc","true",190,0.1689,0.1148,0.2837
2,"CGc","true",191,0.1768,0.1369,0.3137
2,"CGc","true",192,0.1822,0.098,0.2802
2,"CGc","true",193,0.1783,0.1094,0.2877
2,"CGc","true",194,0.1819,0.11,0.2919
2,"CGc","true",195,0.1787,0.1133,0.292
2,"CGc","true",196,0.1807,0.1126,0.2933
2,"CGc","true",197,0.1837,0.1068,0.2905
2,"CGc","true",198,0.1775,0.11,0.2875
2,"CGc","true",199,0.1731,0.1167,0.2898
2,"CGc","true",200,0.1784,0.1137,0.2921
2,"CGc","true",201,0.1723,0.1079,0.2802
2,"CGc","true",202,0.1739,0.1158,0.2897
2,"CGc","true",203,0.1757,0.1069,0.2826
2,"CGc","true",204,0.17,0.1166,0.2866
2,"CGc","true",205,0.185,0.1168,0.3018
2,"CGc","true",206,0.1703,0.1151,0.2854
2,"CGc","true",207,0.1741,0.1134,0.2875
2,"CGc","true",208,0.1808,0.105,0.2858
2,"CGc","true",209,0.1732,0.1089,0.2821
2,"CGc","true",210,0.178,0.1049,0.2829
2,"CGc","true",211,0.1793,0.1189,0.2982
2,"CGc","true",212,0.1801,0.1083,0.2884
2,"CGc","true",213,0.1733,0.0974,0.2707
2,"CGc","true",214,0.1795,0.1298,0.3093
2,"CGc","true",215,0.1769,0.1197,0.2966
2,"CGc","true",216,0.1726,0.1153,0.2879
2,"CGc","true",217,0.183,0.1013,0.2843
2,"CGc","true",218,0.1733,0.1184,0.2917
2,"CGc","true",219,0.1831,0.1132,0.2963
2,"CGc","true",220,0.1824,0.1117,0.2941
2,"CGc","true",221,0.1766,0.1016,0.2782
2,"CGc","true",222,0.1798,0.1217,0.3015
2,"CGc","true",223,0.1672,0.1067,0.2739
2,"CGc","true",224,0.1731,0.1073,0.2804
2,"CGc","true",225,0.1778,0.1046,0.2824
2,"CGc","true",226,0.1852,0.12,0.3052
2,"CGc","true",227,0.1875,0.123,0.3105
2,"CGc","true",228,0.1738,0.1217,0.2955
2,"CGc","true",229,0.1824,0.1104,0.2928
2,"CGc","true",230,0.186,0.1165,0.3025
2,"CGc","true",231,0.1801,0.1083,0.2884
2,"CGc","true",232,0.1821,0.1069,0.289
2,"CGc","true",233,0.177,0.1175,0.2945
2,"CGc","true",234,0.1769,0.1121,0.289
2,"CGc","true",235,0.1742,0.1144,0.2886
2,"CGc","true",236,0.1783,0.107,0.2853
2,"CGc","true",237,0.1645,0.1347,0.2992
2,"CGc","true",238,0.1812,0.1242,0.3054
2,"CGc","true",239,0.1869,0.1059,0.2928
2,"CGc","true",240,0.185,0.1102,0.2952
2,"CGc","true",241,0.1725,0.117,0.2895
2,"CGc","true",242,0.1783,0.1171,0.2954
2,"CGc","true",243,0.1772,0.1259,0.3031
2,"CGc","true",244,0.1764,0.1159,0.2923
2,"CGc","true",245,0.1772,0.1097,0.2869
2,"CGc","true",246,0.1726,0.1187,0.2913
2,"CGc","true",247,0.1805,0.1082,0.2887
2,"CGc","true",248,0.1792,0.1143,0.2935
2,"CGc","true",249,0.1756,0.1182,0.2938
2,"CGc","true",250,0.1816,0.1095,0.2911
2,"CGc","true",251,0.1838,0.1118,0.2956
2,"CGc","true",252,0.176,0.1108,0.2868
2,"CGc","true",253,0.1828,0.1131,0.2959
2,"CGc","true",254,0.1914,0.101,0.2924
2,"CGc","true",255,0.1775,0.1301,0.3076
2,"CGc","true",256,0.1717,0.1227,0.2944
2,"CGc","true",257,0.1821,0.1019,0.284
2,"CGc","true",258,0.1811,0.1015,0.2826
2,"CGc","true",259,0.1836,0.1284,0.312
2,"CGc","true",260,0.1748,0.1278,0.3026
2,"CGc","true",261,0.1707,0.1151,0.2858
2,"CGc","true",262,0.1939,0.1046,0.2985
2,"CGc","true",263,0.1789,0.1131,0.292
2,"CGc","true",264,0.177,0.1115,0.2885
2,"CGc","true",265,0.1852,0.1243,0.3095
2,"CGc","true",266,0.1753,0.1229,0.2982
2,"CGc","true",267,0.1892,0.1149,0.3041
2,"CGc","true",268,0.1743,0.1205,0.2948
2,"CGc","true",269,0.1826,0.1178,0.3004
2,"CGc","true",270,0.169,0.1276,0.2966
2,"CGc","true",271,0.1595,0.109,0.2685
2,"CGc","true",272,0.1761,0.1076,0.2837
2,"CGc","true",273,0.1986,0.0983,0.2969
2,"CGc","true",274,0.1906,0.1023,0.2929
2,"CGc","true",275,0.1821,0.1139,0.296
2,"CGc","true",276,0.1835,0.1146,0.2981
2,"CGc","true",277,0.1776,0.1276,0.3052
2,"CGc","true",278,0.1729,0.112,0.2849
2,"CGc","true",279,0.1825,0.123,0.3055
2,"CGc","true",280,0.1909,0.1084,0.2993
2,"CGc","true",281,0.1821,0.101,0.2831
2,"CGc","true",282,0.1733,0.1172,0.2905
2,"CGc","true",283,0.1808,0.127,0.3078
2,"CGc","true",284,0.1695,0.1113,0.2808
2,"CGc","true",285,0.1792,0.1136,0.2928
2,"CGc","true",286,0.1733,0.1316,0.3049
2,"CGc","true",287,0.1836,0.1103,0.2939
2,"CGc","true",288,0.175,0.1066,0.2816
2,"CGc","true",289,0.1806,0.1115,0.2921
2,"CGc","true",290,0.1797,0.1154,0.2951
2,"CGc","true",291,0.1813,0.1005,0.2818
2,"CGc","true",292,0.1737,0.1276,0.3013
2,"CGc","true",293,0.1798,0.1269,0.3067
2,"CGc","true",294,0.1839,0.1092,0.2931
2,"CGc","true",295,0.18,0.1081,0.2881
2,"CGc","true",296,0.1708,0.1236,0.2944
2,"CGc","true",297,0.1723,0.1136,0.2859
2,"CGc","true",298,0.1795,0.1198,0.2993
2,"CGc","true",299,0.1964,0.0964,0.2928
2,"CGc","true",300,0.1863,0.1132,0.2995
2,"CGc","true",301,0.1782,0.1078,0.286
2,"CGc","true",302,0.1884,0.1106,0.299
2,"CGc","true",303,0.1798,0.1127,0.2925
2,"CGc","true",304,0.1762,0.108,0.2842
2,"CGc","true",305,0.1931,0.1196,0.3127
2,"CGc","true",306,0.1884,0.114,0.3024
2,"CGc","true",307,0.1739,0.1126,0.2865
2,"CGc","true",308,0.1703,0.1239,0.2942
2,"CGc","true",309,0.19,0.1068,0.2968
2,"CGc","true",310,0.1888,0.1097,0.2985
2,"CGc","true",311,0.1826,0.1258,0.3084
2,"CGc","true",312,0.1766,0.115,0.2916
2,"CGc","true",313,0.1673,0.1208,0.2881
2,"CGc","true",314,0.1642,0.1302,0.2944
2,"CGc","true",315,0.1645,0.1056,0.2701
2,"CGc","true",316,0.1853,0.1155,0.3008
2,"CGc","true",317,0.1716,0.1164,0.288
2,"CGc","true",318,0.18,0.1274,0.3074
2,"CGc","true",319,0.1735,0.1116,0.2851
2,"CGc","true",320,0.1724,0.1328,0.3052
2,"CGc","true",321,0.19,0.1089,0.2989
2,"CGc","true",322,0.1844,0.1101,0.2945
2,"CGc","true",323,0.1905,0.1125,0.303
2,"CGc","true",324,0.1841,0.12,0.3041
2,"CGc","true",325,0.182,0.11,0.292
2,"CGc","true",326,0.17,0.0948,0.2648
2,"CGc","true",327,0.166,0.1076,0.2736
2,"CGc","true",328,0.1744,0.117,0.2914
2,"CGc","true",329,0.1785,0.119,0.2975
2,"CGc","true",330,0.1705,0.1202,0.2907
2,"CGc","true",331,0.1822,0.125,0.3072
2,"CGc","true",332,0.1736,0.1197,0.2933
2,"CGc","true",333,0.179,0.1316,0.3106
2,"CGc","true",334,0.171,0.1234,0.2944
2,"CGc","true",335,0.1821,0.1222,0.3043
2,"CGc","true",336,0.1861,0.1214,0.3075
2,"CGc","true",337,0.1733,0.1178,0.2911
2,"CGc","true",338,0.1689,0.1168,0.2857
2,"CGc","true",339,0.1737,0.1156,0.2893
2,"CGc","true",340,0.1828,0.1063,0.2891
2,"CGc","true",341,0.1691,0.1293,0.2984
2,"CGc","true",342,0.1774,0.1315,0.3089
2,"CGc","true",343,0.1685,0.113,0.2815
2,"CGc","true",344,0.1825,0.115,0.2975
2,"CGc","true",345,0.1777,0.1288,0.3065
2,"CGc","true",346,0.175,0.1191,0.2941
2,"CGc","true",347,0.1765,0.1271,0.3036
2,"CGc","true",348,0.1836,0.1169,0.3005
2,"CGc","true",349,0.1876,0.1132,0.3008
2,"CGc","true",350,0.1808,0.1096,0.2904
2,"CGc","true",351,0.1801,0.1165,0.2966
2,"CGc","true",352,0.1842,0.1152,0.2994
2,"CGc","true",353,0.1855,0.1197,0.3052
2,"CGc","true",354,0.1742,0.1234,0.2976
2,"CGc","true",355,0.1798,0.1183,0.2981
2,"CGc","true",356,0.1735,0.1305,0.304
2,"CGc","true",357,0.1761,0.1256,0.3017
2,"CGc","true",358,0.1728,0.1206,0.2934
2,"CGc","true",359,0.1765,0.1238,0.3003
2,"CGc","true",360,0.1639,0.1253,0.2892
2,"CGc","true",361,0.1662,0.1169,0.2831
2,"CGc","true",362,0.1778,0.1113,0.2891
2,"CGc","true",363,0.1724,0.1162,0.2886
2,"CGc","true",364,0.1745,0.0997,0.2742
2,"CGc","true",365,0.1879,0.097,0.2849
2,"CGc","true",366,0.1815,0.1217,0.3032
2,"CGc","true",367,0.1804,0.1221,0.3025
2,"CGc","true",368,0.1686,0.1158,0.2844
2,"CGc","true",369,0.1679,0.1196,0.2875
2,"CGc","true",370,0.1916,0.1037,0.2953
2,"CGc","true",371,0.1754,0.1153,0.2907
2,"CGc","true",372,0.1795,0.1129,0.2924
2,"CGc","true",373,0.1711,0.1263,0.2974
2,"CGc","true",374,0.1743,0.1187,0.293
2,"CGc","true",375,0.1806,0.1065,0.2871
2,"CGc","true",376,0.179,0.1173,0.2963
2,"CGc","true",377,0.1768,0.1149,0.2917
2,"CGc","true",378,0.1775,0.1326,0.3101
2,"CGc","true",379,0.1857,0.1133,0.299
2,"CGc","true",380,0.1661,0.1307,0.2968
2,"CGc","true",381,0.1732,0.1242,0.2974
2,"CGc","true",382,0.1663,0.1321,0.2984
2,"CGc","true",383,0.178,0.1205,0.2985
2,"CGc","true",384,0.1784,0.1121,0.2905
2,"CGc","true",385,0.1775,0.1202,0.2977
2,"CGc","true",386,0.1678,0.1134,0.2812
2,"CGc","true",387,0.1743,0.1219,0.2962
2,"CGc","true",388,0.1726,0.1212,0.2938
2,"CGc","true",389,0.1862,0.1072,0.2934
2,"CGc","true",390,0.1768,0.1273,0.3041
2,"CGc","true",391,0.1709,0.1122,0.2831
2,"CGc","true",392,0.1802,0.1168,0.297
2,"CGc","true",393,0.1877,0.1077,0.2954
2,"CGc","true",394,0.1807,0.1169,0.2976
2,"CGc","true",395,0.1701,0.1081,0.2782
2,"CGc","true",396,0.1746,0.1246,0.2992
2,"CGc","true",397,0.1749,0.1126,0.2875
2,"CGc","true",398,0.174,0.1256,0.2996
2,"CGc","true",399,0.1778,0.1053,0.2831
2,"CGc","true",400,0.1724,0.1174,0.2898
2,"CGc","true",401,0.1745,0.1152,0.2897
2,"CGc","true",402,0.1699,0.1211,0.291
2,"CGc","true",403,0.1812,0.1257,0.3069
2,"CGc","true",404,0.17,0.1288,0.2988
2,"CGc","true",405,0.1794,0.1056,0.285
2,"CGc","true",406,0.1903,0.1093,0.2996
2,"CGc","true",407,0.1696,0.1191,0.2887
2,"CGc","true",408,0.1767,0.1022,0.2789
2,"CGc","true",409,0.1684,0.1244,0.2928
2,"CGc","true",410,0.1774,0.1082,0.2856
2,"CGc","true",411,0.1769,0.1336,0.3105
2,"CGc","true",412,0.1805,0.1062,0.2867
2,"CGc","true",413,0.1845,0.121,0.3055
2,"CGc","true",414,0.1838,0.1252,0.309
2,"CGc","true",415,0.1791,0.0989,0.278
2,"CGc","true",416,0.1776,0.1192,0.2968
2,"CGc","true",417,0.1785,0.1221,0.3006
2,"CGc","true",418,0.1663,0.1183,0.2846
2,"CGc","true",419,0.1815,0.1029,0.2844
2,"CGc","true",420,0.1754,0.1046,0.28
2,"CGc","true",421,0.1727,0.121,0.2937
2,"CGc","true",422,0.1725,0.1183,0.2908
2,"CGc","true",423,0.1781,0.1168,0.2949
2,"CGc","true",424,0.1904,0.1213,0.3117
2,"CGc","true",425,0.1687,0.1139,0.2826
2,"CGc","true",426,0.1832,0.1005,0.2837
2,"CGc","true",427,0.1792,0.1102,0.2894
2,"CGc","true",428,0.1677,0.1301,0.2978
2,"CGc","true",429,0.1774,0.1232,0.3006
2,"CGc","true",430,0.1772,0.1158,0.293
2,"CGc","true",431,0.1793,0.1237,0.303
2,"CGc","true",432,0.1747,0.1168,0.2915
2,"CGc","true",433,0.182,0.1019,0.2839
2,"CGc","true",434,0.1754,0.1136,0.289
2,"CGc","true",435,0.1664,0.1115,0.2779
2,"CGc","true",436,0.1773,0.1172,0.2945
2,"CGc","true",437,0.1724,0.1309,0.3033
2,"CGc","true",438,0.1723,0.1198,0.2921
2,"CGc","true",439,0.1937,0.1081,0.3018
2,"CGc","true",440,0.1744,0.1136,0.288
2,"CGc","true",441,0.1849,0.1147,0.2996
2,"CGc","true",442,0.177,0.1206,0.2976
2,"CGc","true",443,0.178,0.1022,0.2802
2,"CGc","true",444,0.1842,0.1042,0.2884
2,"CGc","true",445,0.1803,0.1143,0.2946
2,"CGc","true",446,0.1829,0.1056,0.2885
2,"CGc","true",447,0.1774,0.1084,0.2858
2,"CGc","true",448,0.1753,0.1211,0.2964
2,"CGc","true",449,0.1839,0.1199,0.3038
2,"CGc","true",450,0.1746,0.1162,0.2908
2,"CGc","true",451,0.1812,0.1026,0.2838
2,"CGc","true",452,0.1851,0.1252,0.3103
2,"CGc","true",453,0.1734,0.111,0.2844
2,"CGc","true",454,0.1753,0.1185,0.2938
2,"CGc","true",455,0.1842,0.1087,0.2929
2,"CGc","true",456,0.1743,0.1225,0.2968
2,"CGc","true",457,0.1704,0.1208,0.2912
2,"CGc","true",458,0.1816,0.1131,0.2947
2,"CGc","true",459,0.1709,0.1248,0.2957
2,"CGc","true",460,0.1806,0.1078,0.2884
2,"CGc","true",461,0.1795,0.106,0.2855
2,"CGc","true",462,0.1703,0.1208,0.2911
2,"CGc","true",463,0.1712,0.1184,0.2896
2,"CGc","true",464,0.1676,0.127,0.2946
2,"CGc","true",465,0.1849,0.1173,0.3022
2,"CGc","true",466,0.1632,0.1247,0.2879
2,"CGc","true",467,0.1749,0.1195,0.2944
2,"CGc","true",468,0.1911,0.0906,0.2817
2,"CGc","true",469,0.1901,0.1027,0.2928
2,"CGc","true",470,0.1809,0.1182,0.2991
2,"CGc","true",471,0.1789,0.1151,0.294
2,"CGc","true",472,0.1944,0.1067,0.3011
2,"CGc","true",473,0.1658,0.1153,0.2811
2,"CGc","true",474,0.1718,0.1084,0.2802
2,"CGc","true",475,0.1707,0.1135,0.2842
2,"CGc","true",476,0.1806,0.106,0.2866
2,"CGc","true",477,0.1784,0.1234,0.3018
2,"CGc","true",478,0.1843,0.0941,0.2784
2,"CGc","true",479,0.182,0.1127,0.2947
2,"CGc","true",480,0.1702,0.1271,0.2973
2,"CGc","true",481,0.1661,0.1091,0.2752
2,"CGc","true",482,0.1795,0.1085,0.288
2,"CGc","true",483,0.168,0.1181,0.2861
2,"CGc","true",484,0.1834,0.1136,0.297
2,"CGc","true",485,0.1837,0.1156,0.2993
2,"CGc","true",486,0.1764,0.1239,0.3003
2,"CGc","true",487,0.1627,0.133,0.2957
2,"CGc","true",488,0.1713,0.1165,0.2878
2,"CGc","true",489,0.1807,0.1296,0.3103
2,"CGc","true",490,0.1812,0.1005,0.2817
2,"CGc","true",491,0.1691,0.1256,0.2947
2,"CGc","true",492,0.1717,0.1135,0.2852
2,"CGc","true",493,0.1714,0.1217,0.2931
2,"CGc","true",494,0.1766,0.1171,0.2937
2,"CGc","true",495,0.1789,0.1122,0.2911
2,"CGc","true",496,0.167,0.0997,0.2667
2,"CGc","true",497,0.1647,0.1178,0.2825
2,"CGc","true",498,0.1787,0.1013,0.28
2,"CGc","true",499,0.1674,0.1146,0.282
2,"CGc","true",500,0.1692,0.1207,0.2899
