"scenario","rep","lambda0","omega","gamma0","rho","gamma1","eta","beta0","beta1","beta2","beta3","beta4","theta"
"CGaa",1,0.130770797331558,0.0333712844364121,-0.024101993130486,0.380813423703648,0.136883058345332,0.331256017620555,-0.929554457535589,0.846795381774993,-0.343590668889233,-0.342679392444435,-0.150665971416908,1.29581213860302
"CGaa",2,-0.0941459325741422,0.14074211263084,0.270903617275691,1.05879237088385,-0.0185137736502187,0.271083039553241,-1.67201399393847,0.271640469670289,-0.135370664996713,0.185417427402992,0.4495811846794,0.733740936938626
"CGaa",3,-0.408518973539049,0.274664495948643,0.350833622264206,0.462808448057439,0.163326115031296,0.176546252186333,-1.49437194122864,0.0967990441475574,0.801234817878332,0.457043737649621,-0.0262725582146002,0.689389184624451
"CGaa",4,-1.07872833540741,0.560590833498595,-0.079174968578536,0.616500124508677,0.11749862618731,0.224459084755186,-1.43819364763268,1.07686294559998,0.0122627912956386,-0.110032390424463,-0.228845817430639,1.29401103192189
"CGaa",5,-0.337632575317902,0.319030267189762,1.09370448347508,0.267238259815538,0.423550463914058,-0.0922334717947223,-0.165768801963416,-0.245451410053169,0.0412997054157625,0.142784959286223,0.36194968181643,0.416531523302553
"CGaa",6,-0.390480835314109,0.332405310946903,-0.0891757262264431,-0.0631961789247264,0.196041436171305,0.398708531975646,-2.54698107519614,2.28403338161103,0.327132126570655,-1.02733956682318,-0.65945714071597,2.62687585892273
"CGaa",7,-1.01861618931509,0.502996007645652,-0.417369410221961,0.557292226448308,0.0814340164042817,0.44637461294088,-2.7027526215264,1.82657224351541,-0.134078829814643,-0.706066336910133,0.187930130116158,1.7938676326484
"CGaa",8,-0.410421664952351,0.260681727751292,0.444140900273282,-0.16885920870831,0.545523496131243,0.0139264046475694,-1.46197803605281,1.36500138079411,0.431637750847284,-0.151750563531336,-0.0642212358145936,1.04369107710835
"CGaa",9,-0.658000410269875,0.382816746433002,-0.133220031066642,0.520970682870656,-0.0249842701966387,0.425580342945084,-2.0433830362017,1.25519957748141,0.180477358592863,0.698684594149917,0.164019648236271,0.214581680856845
"CGaa",10,-0.528211528456453,0.245343244598702,0.940990853862863,0.979167329963826,0.0738268513634264,0.091687139879094,-0.827803510357861,0.355216580459589,-0.158583151546183,0.380061455131421,-0.408057532233904,0.807127683762941
"CGaa",11,-0.55382939736722,0.33373031244831,-1.35414529986522,0.822809785860388,0.62446962287079,0.321248988448011,-1.46253611819091,0.634694972537181,0.114375803678509,-0.466762216777066,0.686098363989441,0.848136491036323
"CGaa",12,-0.627332434141964,0.322273487831287,-0.468927897069681,0.598333352581592,0.258626878880373,0.214787591432952,-1.65874657094632,1.35166595020664,1.02936712727679,0.132254787647603,0.152964240725168,0.543156951090471
"CGaa",13,-0.456084131613741,0.28488213251773,0.155360748519239,-0.141957628724159,0.351928756242229,0.218620609712521,-2.3887616828586,0.779558169743657,1.1928788450622,0.104823277680624,-0.22840980895553,1.35192024159298
"CGaa",14,-0.392307542202936,0.201787189655971,-0.396904064569771,0.731917863151858,-0.174598759529929,0.573328256544103,-1.09797179870321,1.06240520374054,-0.212813352139111,0.315565487638331,-0.310438940483018,0.823676751521265
"CGaa",15,-0.987638781798866,0.418133111068974,0.196513542434872,-0.449099089721809,0.640496461784207,0.0296291460397982,-1.24426031098375,1.01920005780471,0.525593154237872,-0.936764737217105,0.806218231054817,1.44365965700329
"CGaa",16,-0.0293887882236044,0.110523534452671,-0.617469951939268,0.475915986859598,0.642430939008241,0.0739302297048248,-3.19450678057248,0.314205946466477,0.697156321376756,0.737683422458194,0.391570983333069,0.464409602658589
"CGaa",17,-0.302194993903783,0.277527997139143,-0.416087465458638,0.392174523355082,0.393823166017362,0.264359296565646,-0.447989020645122,0.696723407420925,-0.852012920761204,0.871583265579742,-0.0656065631847792,0.0510112742250469
"CGaa",18,-0.535947025508377,0.302790016726413,-0.889088523064384,0.679415081768682,0.477220506959157,0.283404280686379,-2.0977812202887,-0.305810526476376,1.4630572902004,1.02699727958995,0.62641408380382,-0.0136537433357528
"CGaa",19,-0.377527526725753,0.240984959617196,0.340231104969622,0.691189210750048,-0.341472522821107,0.494526283833731,-0.924956696529905,0.162032394485877,0.638559761815323,0.331468143740868,0.825903337456187,0.0166132311088944
"CGaa",20,-0.739428568413923,0.364744471618569,-0.773089714431592,0.785154207106541,0.117870114901445,0.503779221768857,-2.25735624556388,-0.16295186497484,1.1195490299479,0.90866377617438,-0.116990022083876,0.55627162055301
"CGaa",21,-0.427595999609825,0.248176834396137,-0.196902067951146,0.80398353523819,0.0879714540454522,0.287220318378237,-1.55797431471054,0.998963554800625,-0.52347443653851,0.662594269746743,-0.226100144760203,0.626799983413298
"CGaa",22,-0.727695431723654,0.37132809430073,-1.43905883379,0.401787122196303,0.336391448482439,0.629282669222045,-0.944523850938935,1.03045622078153,0.217355259689388,0.742039676397013,0.0304041148666763,0.0367947625638638
"CGaa",23,-0.219032531629328,0.191618209016996,0.266879690919374,0.0396544322596683,-0.022285607324606,0.417499671550321,-1.34419808451997,1.57010951372036,0.411236168250263,0.808410097958969,0.232574395789792,0.180146134773091
"CGaa",24,-0.157540209859754,0.171767399672747,-0.154865385546528,0.399832919868953,-0.0410812489420923,0.462947754389776,-3.81807060559975,0.901031136530867,0.990983725782192,0.515998917323001,0.132686172660029,1.03350605804895
"CGaa",25,-0.219067697580104,0.176751616090452,-0.49768815168637,-0.155775519977289,0.317256145190422,0.459784719438118,-2.18501548502131,0.723972596932033,0.500291667164258,-0.643462600784555,0.688054146999424,1.73713524522935
"CGaa",26,-0.60673957631278,0.295500408301897,0.0602006221388816,0.950268888218454,0.0135262512561094,0.310893924560225,-2.36720022718274,1.09494146730972,0.97660068797616,0.152918496352071,0.0873037458805302,0.814222777525886
"CGaa",27,-0.690544821650899,0.337308756257736,-0.382446180532028,0.105513362471675,0.410060479211387,0.404826668294924,-1.60443439071029,0.584762519225661,-0.564142855488642,0.654427201188878,0.349889125230912,0.517135294363684
"CGaa",28,-0.0733227604704606,0.171787619726059,0.215389291589364,0.111554290181694,0.164164013588356,0.28059588682719,-2.94830170899981,1.27753145826113,0.663334693222689,0.494417169778184,0.334599983822,0.657838302118648
"CGaa",29,-0.35858326524097,0.255434595276419,-0.148255767935414,0.645097291864354,0.566352950377475,0.0127113272173739,-1.33622753514683,0.589768961376871,-0.460268840226371,-0.00246665186282207,-0.210792155622846,1.22191439576666
"CGaa",30,-0.643971612996179,0.267737650139551,0.812896924148968,-0.0870589127284897,0.28842683749443,0.0905589079971943,-0.602046627575458,0.997425380285205,-1.43337399963862,0.468837134067751,-0.231258448622007,0.770478331311313
"CGaa",31,-0.278499523584009,0.26514171832108,-0.809187946050455,0.388581222727933,0.436671208894378,0.411272023707537,-0.464416449265395,0.0686252110975232,-0.829059884282202,0.633365147491213,0.663874111507948,-0.0323442938214499
"CGaa",32,-0.141171750425966,0.229618132059243,-0.183546078269978,0.789725046909702,-0.208777602029002,0.627636763864391,-2.54734758594666,1.44820530446403,0.00727193105727702,-0.265728272351974,1.09950637821645,0.716071681773219
"CGaa",33,-0.635983221158869,0.294646377881312,-0.902026283400275,0.894556063726928,0.138005381118054,0.495102747289945,-1.38405460884704,0.605667645513539,0.416143867436378,-0.440352507438758,-0.0436105723774484,1.59586084050244
"CGaa",34,-0.182056681856166,0.204178111725574,0.304890311898636,0.44622551263709,-0.0577517785203391,0.420330320933928,-2.94843063245262,1.0388913508645,-0.23545393872655,1.10785002324042,-0.200665075222319,0.917596565662472
"CGaa",35,-0.522250499612057,0.321620613470985,-0.768296782247744,1.24290030940678,-0.287415932486754,0.821716579950779,-0.293760723098025,1.56975571118254,-1.37096287023736,0.399448957822466,0.879436641931769,-0.318340492947171
"CGaa",36,-0.345376631414067,0.241859293961936,-0.0562800079081488,0.477318242324839,-0.0346184557996581,0.414451743099247,-1.76496087155676,0.910476932043813,-0.336775413497247,1.1438420685697,0.20335170355612,-0.00270738982381281
"CGaa",37,-0.773980194332102,0.308766060184078,-0.731462932788781,-0.253427450133189,0.170431039285755,0.679222926527087,-1.57261226064472,0.285169652492907,-1.22999365737896,1.35463819325553,0.20819767983213,0.0524740242003729
"CGaa",38,-0.127569676730213,0.157374849994883,0.907996893206438,0.557566654453081,0.348151194968138,-0.0400351240664032,-1.92241060233643,0.728317071767573,0.473242112540336,-0.518224696720934,0.00372017685835003,1.50182948297969
"CGaa",39,-0.995984334679624,0.505707889082428,-0.576695235652561,0.565423243602075,0.353106741616011,0.161613335607132,-1.94132904496694,0.851790875262852,0.620306569419971,0.21990257769984,0.154769180549337,0.641220509791656
"CGaa",40,-0.496130122860565,0.277120616550199,0.128542156262338,0.27536358390151,0.0315749198718014,0.453525136236058,-1.06477865226241,0.583943857306573,-0.266417492792874,-0.0964290297098478,-0.487237683888374,1.40876765588481
"CGaa",41,-0.853590127690476,0.399750870193874,-0.471399817891552,-0.494038350404172,0.228215424252194,0.533358895829838,-1.0130599178029,1.01659165200038,0.36726663316218,0.468668082175049,0.0527034812350086,0.0771060915551436
"CGaa",42,-0.417631842395245,0.281085939207217,-0.742883539158684,0.442756111130568,-0.356662008153337,0.87823685037203,-0.110725941085797,-0.107842540797256,-0.0952758394388547,-0.278532626653748,0.673181624564482,0.69898147521628
"CGaa",43,-0.293795829723998,0.268038213556998,0.575461798127993,-0.0666271903800825,0.250847797620442,0.153128085404446,-1.24235387751522,0.669576509088311,0.242333445973602,0.947378981132123,-0.868672372972953,0.799246832429705
"CGaa",44,-0.553647933241699,0.312566296543689,0.221654460261604,-0.0197419818777016,0.482612021541026,0.154819237728499,-1.40946113982845,-0.302703682736475,0.642813993888812,-0.821515248132969,-0.700484056336312,2.45840137746121
"CGaa",45,-1.14214489916038,0.512670715558617,-0.341926050808674,0.50291567487426,-0.0928422518618046,0.579454355617033,-0.552138400297643,0.935602620456213,0.85872468553232,-0.360780565303269,0.00763760754204636,0.824332120808588
"CGaa",46,-0.672898530775207,0.337800236956704,-0.539873274993032,1.01723713147709,0.00935267998092532,0.482665357659781,-1.83616782456697,0.314356049293328,0.713224917166629,0.597087696463813,-0.195358274541305,0.63216571592763
"CGaa",47,-0.351274802260844,0.310501861308753,0.0889643439716357,0.91908623934913,0.340622191697692,0.00859262306515889,-0.275219809304961,0.218655597623808,-0.174122258016416,-0.433311350493846,0.500253656229363,0.804676605452757
"CGaa",48,-0.811311212345191,0.3471183992103,-0.188258422454873,0.340985347432613,0.172410100414615,0.377295816783677,-2.32301628855801,-0.0476943779643894,0.489472442754525,0.0802048173136467,0.293466964964517,1.19244179798445
"CGaa",49,-0.642157367853007,0.359691828789563,0.685438286186519,-0.422411441496766,0.372218072229751,0.0589492971265869,-0.93332882258313,0.247032145127642,0.352543955034214,0.364343911050853,-0.0198117241633687,0.740272617164714
"CGaa",50,-0.354072446084486,0.255816061062005,0.144999585790328,-0.329804868757651,0.224060401576189,0.281130516034962,-2.75932948064467,1.17715228762861,0.268807932279342,1.15038379906278,0.691068691030322,-0.0688733527958319
"CGaa",51,-0.518141679756417,0.31858217721896,-0.675919695385296,0.229942941104625,0.399196572663927,0.294717335731454,-1.27832365955003,0.103364638897806,0.352792057275485,0.0949428113433454,-0.29585519215925,1.17021190318171
"CGaa",52,-0.544361729421309,0.241672272432208,0.0559667205412883,0.179166893825999,-0.261802301796246,0.59307674185612,-2.45880541841164,1.15345073440035,-0.0642523323911884,0.772479856855627,0.477260676346998,0.181201632064091
"CGaa",53,-0.64349346554028,0.318076295247458,-0.608104260920132,0.387204019087527,0.00577666652401902,0.586911478555654,-1.05805419791365,1.17248330924272,-0.558379139316538,-1.1379405770976,0.302201702520082,1.98556509855087
"CGaa",54,-0.819706273219776,0.465584693540532,0.677299361629151,-0.351648424812418,0.222792856470126,0.24642420490226,-2.20167353808191,3.0659928580642,0.732275328708771,-1.93979617063988,-0.231851995397174,2.9290187943537
"CGaa",55,-0.62747157037178,0.334565883050039,-0.0373227334399422,1.12543782022052,-0.35082493662795,0.535814166178607,-3.30540600418411,0.785298992340128,0.814522959643215,0.670085409545477,-0.143892122713735,1.02363264089115
"CGaa",56,-0.454603861437298,0.320847485363182,-0.543464022184759,-0.0491256218062797,0.24093257617151,0.453721891088528,-1.70590375735895,1.6167773865677,0.241123153135622,-0.0668606134651115,0.427273530227413,0.604434802442554
"CGaa",57,-0.598919529396537,0.446431527568368,-0.55881145011018,0.392386329443691,0.16427194072476,0.507015395594871,-1.53024572353031,1.81274023591592,0.488477161933434,-0.521639110896669,0.0495810804049048,1.25857839834848
"CGaa",58,-0.35126353414621,0.244765855846746,-0.924057097585649,1.56903827965095,-0.0601260785619627,0.597077295665412,-1.153472393016,0.938149608961269,-0.789150517520367,0.208962690054902,0.804125569065273,0.317594450103141
"CGaa",59,-0.294424166694344,0.180392029452768,0.238310122453445,0.704584520666563,-0.0563965012224411,0.339377807299563,-1.28409934413338,0.374637485308414,0.829182191150518,1.23592968407089,-0.153189681612399,-0.218631110480687
"CGaa",60,-0.353687848781643,0.152949467230464,-0.321756607243388,0.119796376259183,0.0376242150691819,0.457352835085911,-1.08380232152942,2.15686253222653,2.24613818046659,0.190404363627222,-0.182075403465,0.330481051787141
"CGaa",61,-0.629964209689872,0.318361931694768,-0.40142659289074,0.401848591815115,0.00920167231564538,0.550857955383077,-0.952747684978024,-0.221051986183275,1.21279122427223,0.0709402668719619,0.0287772468105479,0.937498634389688
"CGaa",62,-0.970123261612377,0.421578013419049,0.0346461046517821,0.292119434879767,0.143307955939131,0.29317329960115,-2.10929452797477,0.638314089669253,0.903172212113528,-1.07889325915788,0.349166251519741,2.16569291708394
"CGaa",63,-0.474118477719222,0.308155275374334,-0.810910030125143,0.621216626144562,-0.11250291640672,0.638396762271543,-1.8968282280844,2.40431685475754,-0.659954173443438,2.34655310294569,0.823152571592573,-1.41676756768665
"CGaa",64,-0.956787980798227,0.425143395909082,-0.284693471469784,0.174811728275411,0.392949558059467,0.361197776038577,-1.50741829451504,1.5531462493778,0.849878101049853,-0.345738175408027,-0.205979301089805,1.22727007947468
"CGaa",65,-0.737307988970038,0.329876253036262,-1.07221909298188,1.02505166936996,-0.229169525532997,0.799056141416168,-0.814106127140943,0.00983835275422113,1.56921900878634,-0.101428223908466,0.0477630720709832,0.741623354475339
"CGaa",66,0.320141308409771,0.0708739465554998,-0.668729538947404,0.0268624391261093,0.29898350006803,0.393900072916485,-2.53866643576284,0.962216015276251,1.69080217568316,0.472826613200393,0.597026582399599,0.0955169080662639
"CGaa",67,-1.17597461519847,0.589130450876618,-0.131070612693558,0.217300751119168,0.392930825670438,0.0655841082206148,-1.01426420501759,-0.18822807456071,-1.1650996983071,0.842422298688541,0.530097780635162,0.571566705343867
"CGaa",68,-0.131618199249691,0.245339883671422,-0.834182049601639,0.622082959452119,-0.507058699096517,1.19033619823627,-1.02998229591131,0.68234124900635,-0.0208776602009041,0.413542699053812,0.810972936781628,-0.00559413054526594
"CGaa",69,-0.672339890484553,0.329121913782878,0.788712754554863,0.163696937367264,-0.0386589410378042,0.253046233120352,-3.05078226194487,1.86523921558765,0.292592193442595,1.22782733596981,0.952221024961679,-0.440276964962744
"CGaa",70,-0.231364545550929,0.168125621084274,-0.645034979313118,0.320655686411845,-0.24683408456583,0.749733797735603,-1.70258002634433,0.327609348001662,-0.0746831535652516,0.522699051807161,0.0343151808824053,0.845130971645978
"CGaa",71,-0.532134895811595,0.291246492383542,-0.47015261588201,0.421321702965153,0.104052701362938,0.515799512997984,-1.61471237596108,1.05562825046827,-0.5444799628691,-0.459272370857564,0.601388713807892,1.07081764550432
"CGaa",72,-0.96007826412002,0.382549047361375,-0.238347101590857,0.467612041679427,0.352962298069134,0.238553050044361,-1.23487583620289,0.342831698324459,0.329054065181927,0.25885376364498,-0.261120946342185,0.887790816016421
"CGaa",73,-1.01518984986443,0.456224467334888,0.139647255880942,0.809511066906644,0.0392363694977963,0.473724314155192,-0.971266546528847,2.58956866354249,-0.00239737278350771,-0.0272236811158458,0.605591902429481,0.247529970834899
"CGaa",74,-0.49015441468858,0.259784301189975,-0.339496649339286,0.197039533132049,-0.107464075739887,0.616619774411771,-1.48791523138372,0.346452341245362,2.20882968572077,1.30661379219345,0.533865534945223,-0.605261469920034
"CGaa",75,-0.502728844604649,0.272009947853373,-0.107009486951466,0.522559735430821,0.834558100220624,-0.146129465435645,-2.35877328490794,0.814214185485876,0.567602416448222,-0.145019035676681,0.64209114842609,0.702788387383917
"CGaa",76,-0.484658554155518,0.270732958418935,0.816540668316823,-0.0823968781943829,0.223571753621,0.134490274065077,-3.36488280601877,2.1110115225237,1.31652707084686,-0.185834132691376,0.611496516037679,0.979754438168615
"CGaa",77,-0.708295967588798,0.324833887325634,-0.309194688479072,1.70028302468785,-0.164548618896011,0.496201881616048,-3.31671134037999,1.01128677982868,0.696458048225829,0.727820371860164,-0.0366097349167244,0.83904487711876
"CGaa",78,-0.425430189633072,0.261703811874549,-0.997424976928045,1.11892487013149,0.189751416576415,0.425791220410177,-1.68130257257327,0.736635748148809,0.594775959404216,0.763330775895475,-0.0136955178775313,0.189417647608908
"CGaa",79,-0.289718968812228,0.177312335030628,0.215161471375144,0.683989576546669,-0.493392968763737,0.715883513372679,-1.4459346343224,0.232041597012726,0.656317317936611,1.22972201843355,-0.0775771233517832,-0.118537567465772
"CGaa",80,-0.113518405680394,0.209901939620757,-0.250769241661889,0.162965606015712,0.470014647847592,0.18030901839947,-4.0599375963187,1.91868414459888,0.448842218855176,0.958961144447538,-0.402734819403746,1.53276662240458
"CGaa",81,-0.624754586255162,0.364057051244546,-1.2080062361465,1.17694381454241,-0.0586168853872248,0.660458605789108,-1.19268824752195,0.868205137323143,0.439865656405746,0.810818654225679,0.0248718311939417,0.122630223498593
"CGaa",82,-0.7389986008443,0.282552831001766,0.587891882591035,0.407094788624479,-0.0731568516176289,0.338071838521219,-2.68209780038191,0.703007959214406,0.971267492691023,0.52704069023361,-0.0622047989907957,0.987203428340879
"CGaa",83,-1.0739375814009,0.495821720099127,-0.0248503015934,-0.20632984453808,0.316143817400021,0.177079875755347,-0.66767441861574,0.282093511287205,0.969573046949014,-0.430932424105118,0.83839631189478,0.777769651945944
"CGaa",84,-0.613441698659702,0.381132835031777,-0.628855759722765,-0.0435086284618628,0.0446817546311966,0.593445839534561,-1.38375053416293,1.55657019807007,1.77636206101462,0.378017897241728,0.00478357625507886,0.272947235851611
"CGaa",85,-0.776097155807375,0.402799483308867,0.273088141525085,0.473976417742037,0.245508847692293,0.105376925481914,-1.1261519162047,1.0406607699491,1.34066065781873,1.3079520476721,0.458823994772526,-0.764186142609554
"CGaa",86,-0.262695200550523,0.202724224050971,-0.704077162636845,0.116994935434023,0.326639594760233,0.422396257816546,-0.494854922590324,0.399249655028945,-0.357690682259653,0.41250432987361,0.494659268763362,0.0118271320562924
"CGaa",87,-0.377431321615541,0.279442224555427,0.405070809441652,0.764033769317427,-0.322422353892957,0.617579914201989,-1.80235380320814,2.25953549944124,-0.781252306862555,-1.05554225888996,0.968789385762243,1.52988886793791
"CGaa",88,-0.600603085307138,0.344767064010252,-0.149372062504654,0.760736294642849,0.0479317290248888,0.371750640185352,-1.08153184760297,1.3901011645205,0.158206625370132,-0.059352445570436,0.289362852043583,0.47762911598058
"CGaa",89,-0.371418456222184,0.268191110673689,0.495922873548466,0.195158905680292,0.296776860668736,0.072944032547712,-0.863496827346926,-0.0862686509586076,0.539353884313567,0.126244380673469,0.806482813280763,0.407906604837647
"CGaa",90,0.295187170056957,0.127097740338384,-0.318186369068574,0.261970311709881,-0.0262321739102182,0.61002991559161,-2.09432551043244,0.670864476267574,0.789364751268233,-0.0787101300893767,0.178835376552693,1.07642724331695
"CGaa",91,0.437573553826428,-0.00389818013151843,-0.618676093516543,0.580968188723674,0.22764551435473,0.402822007087107,-0.732439055314251,1.29030660181852,0.0833498835199515,0.360749395091266,-0.543652841568477,0.629392964841155
"CGaa",92,-0.356806336425956,0.164400259302795,0.859057733051476,0.0241150946441428,-0.195357369056418,0.326835852244824,-3.77427583618521,2.23584757435709,0.0178707181922456,0.737816287196538,0.478166470923562,0.674135999063284
"CGaa",93,0.456437407725594,0.031664390730869,-0.585800286310045,0.163783026187091,-0.135905601230367,0.687061124643863,-2.12513548170919,-0.42216411448453,1.25303169738935,0.577648711051516,-0.0698134627512995,0.868150403749579
"CGaa",94,-0.0596596917118349,0.191289332846962,-0.219567266007955,0.486603966032961,0.61375090872035,0.116768020672693,-2.15011578536442,0.35902833582288,-0.411688575093553,0.64683138669647,-0.607015434541604,1.25751458244701
"CGaa",95,-0.954305876834296,0.340213736218704,-0.163103939552024,0.0218967790639207,0.05803179245652,0.405563914818531,-3.4932356085705,1.03339318706459,1.57698175199453,0.0117821893027924,-1.05670535905232,2.04310280637683
"CGaa",96,-0.700486383407773,0.414033164285647,0.13195262160338,0.437567414105864,-0.302629489701422,0.588407510502375,-0.227195690329272,0.341451197979889,0.487089347651448,0.703535903092391,0.107033587772439,0.0214802777339397
"CGaa",97,-0.602312667819504,0.328678736426309,0.113554677165105,0.192299358829269,0.214276146023777,0.243672239409811,-2.92306142003589,0.612122518167891,0.161000515728101,-0.811731957032766,-0.747524883167757,3.15970278673672
"CGaa",98,-0.363531665420206,0.266180964770638,-0.931095732846855,-0.0299046059915963,0.510136342528272,0.340699014893085,-1.81430738393818,1.07379540597042,0.711701059936842,0.571364124535176,-0.0864814186625684,0.52773621124611
"CGaa",99,-0.794129532145656,0.390062232068453,-0.440770500859692,1.61747179950598,-0.304163042823236,0.610725614669594,-2.60268335940858,1.12569417995469,0.0590965189556012,0.285997189982509,-0.0824960577130722,1.1976237389558
"CGaa",100,-0.457345378631617,0.264224234830892,0.160963709117728,0.292020190435949,-0.0395315701190619,0.369150154857384,-1.49439614686299,0.703376684805282,-0.0890406221810579,0.411352566811587,0.505321439665781,0.167629298665147
"CGaa",101,-0.213246625612494,0.251356390799096,-0.46749063895263,0.310936433139105,0.507923324671253,0.0940978529050112,-0.982000228036057,0.0863645839991473,-2.17191405378756,0.984361617517688,0.441346150179135,0.661518849149402
"CGaa",102,-0.273054778869638,0.184294648126285,-0.740584077557966,0.551121636462135,0.330592108335634,0.371376315367566,-1.52943600894255,0.767882326817277,0.305634915284896,0.278755957133693,0.0166168280521135,0.65003756947874
"CGaa",103,-1.04492070452834,0.475428791813734,0.0993609767417427,-0.200052895935286,0.276337793612364,0.240973376287421,-1.34469282843406,0.661736307440828,0.106123272819281,-0.0834430429863364,0.234458947177755,0.78832813986537
"CGaa",104,-0.190717488781852,0.258898183521412,-0.785271806238288,0.420462416841228,-0.381317102332913,0.993878465602219,-2.55251888854436,1.5670326855288,0.709212597977934,0.0212768985794821,-0.0830768652016281,1.28939043846511
"CGaa",105,-0.385248032009367,0.29583086807372,0.366940901744302,0.398637904445089,0.232141207485086,0.176327355613654,-0.664464840760154,0.21042838379145,0.40870663109505,0.686546275961056,0.125701583660229,-0.00302668340405649
"CGaa",106,-0.73322176539761,0.293112568267052,-0.14698609300722,0.605792976582477,0.0925441638862343,0.369344198253357,-1.70824515861504,1.91053348981575,0.252306384116021,0.0985130232731489,0.0539440700001284,0.768852850032917
"CGaa",107,-0.762979226422202,0.424827156665872,1.13390245887413,1.36613726915852,-0.034593333593107,-0.0295715217906243,-1.41690505635883,-0.174960631527541,1.03199397808942,0.726547038970959,0.413019300245293,-0.0563064308340734
"CGaa",108,-0.109074844575994,0.156523211804296,0.0395652331657621,0.2085202178704,-0.0797190130120645,0.410390398246654,-0.891630993886805,-0.122737240771699,-0.063339337576467,0.785541666926971,0.0125594988777203,0.293288380163622
"CGaa",109,-0.186484869832451,0.208477228685664,-0.258322685914153,0.575222915560082,0.679915420578869,0.0610078580148632,-1.7939243263046,0.930112681628065,0.864779261194377,-0.0836162228761985,-0.47812840244238,1.4766428355791
"CGaa",110,-0.607165674101451,0.357534266999664,-0.0833590946951578,0.503839813364591,-0.134762822930857,0.550867941084805,-2.23324791595454,0.120280941797962,0.588936277720457,0.661950596299814,0.10156050097799,0.867650548508765
"CGaa",111,-0.385904374836722,0.244687405098558,-0.696033533681842,-0.167826040950326,0.363728029592492,0.524322125382894,-1.35176338298285,0.685107579548434,0.837833887149667,1.02469819271965,0.206249809399019,-0.305520848323838
"CGaa",112,-0.175085680334504,0.23080778820161,-0.120260825680274,0.283419374117785,0.0165288739823468,0.374591743575872,-0.972847227468344,-0.162655014182737,0.207596590590674,0.270886223843494,-0.0905226149429825,0.762687129872675
"CGaa",113,-0.492470511542946,0.290688802983669,-0.152023422893203,0.388064293203085,0.222752919790754,0.262857664855352,-1.11422101004018,-0.110811650533777,0.770977799778115,1.12449114952588,0.0170274070036008,-0.087470975745499
"CGaa",114,-1.316984847443,0.504694103021879,-0.519589617770037,0.577499959581376,-0.0591034323330681,0.416680340241103,-2.01438956927741,1.16204048286114,-0.74827039644337,0.426016879010167,1.27250745528119,0.211129950568278
"CGaa",115,-0.356637469551638,0.250071118388613,-0.793125772185961,0.779275333544171,0.0741609572512262,0.48906874289945,-1.77489789288225,0.8981074905939,0.183081141298438,-0.77678802975934,0.302668197096848,1.49399405912454
"CGaa",116,-1.02433518007508,0.447492511545754,-1.19214249841171,0.100982195294154,0.235499538951899,0.591412455752123,-2.22015478020293,0.559967447229829,1.30746195023971,1.19224492560346,0.275916855818461,-0.0881438618319408
"CGaa",117,-0.55976941574766,0.25825239851124,-0.046716336916554,-0.0533638021125454,0.394463657960097,0.27066866201005,-2.47816077814192,0.954124105829923,0.400927055419339,0.984613925138774,-0.135860538981681,0.256691462789028
"CGaa",118,-0.18154578345963,0.194229958937693,-0.134766994918549,0.86843870190971,0.0999827015121855,0.283237428345902,-2.14918218939866,0.361003564698181,1.36364472368779,-0.694637803628161,0.00426308823484749,2.07780953082204
"CGaa",119,0.149678735446533,0.0345346862750294,1.09893552928074,-0.227818162908061,0.185442705464893,0.032580295375948,-1.24594455988249,0.805918870189846,0.378549695667899,0.219106907807603,0.372119323777278,0.440962169675848
"CGaa",120,-0.365997066836443,0.238701561778978,-1.14425999056519,-0.0544375850129003,0.386511381995319,0.563572535718467,-4.00708883330194,0.968837377073884,-0.379152921630934,0.9936500019633,0.0957515997308496,0.869145682854748
"CGaa",121,-0.589780904533012,0.286972918441392,-0.432626114505961,0.536051640711568,-0.0513104880056662,0.487602115701831,-1.92588140059427,1.8346007477319,-0.171823539236265,-1.50652072606098,1.19762946320227,1.96400825201461
"CGaa",122,-0.352665916906334,0.339327868624148,0.583036323868996,0.310322284419089,0.365514473242216,-0.00157115511311428,-1.30743312472414,0.42373158310305,0.979025484838744,0.924745460832704,-0.190596931644104,0.0803887774392903
"CGaa",123,-0.472647809538759,0.278460222761356,1.16719755716631,0.0601395104220484,0.234119654042782,-0.00428749108896698,-1.02088195103255,-0.0300216917766726,0.020072745526901,1.03098193953017,-0.197492078062373,0.315419652566649
"CGaa",124,-0.615116666910036,0.397505140455499,-0.920826246520132,0.849447718349616,-0.0911664861516207,0.831189328838618,-0.425665611768599,-0.234048573626982,-0.501335740248489,-1.24997835971041,-0.0640670651565345,2.71058977467687
"CGaa",125,-0.556391567377731,0.361164951451336,-0.662722645967923,0.385866711746032,0.131028502755366,0.497093095671651,-1.6123787820402,0.869096213018053,0.282057794958783,0.562308114898869,0.208763045739699,0.236790400214569
"CGaa",126,-0.423152184470853,0.22324301150637,-0.184411340474988,0.832469286824406,0.0633097940430592,0.335635984090778,-0.925206042695094,0.816593042532071,0.470104190470589,0.17244093608957,0.46432539975875,0.26253797602893
"CGaa",127,-0.591867470436644,0.359386871209518,1.36874062021578,-0.606119360897894,0.306763955727282,-0.00880572249235631,-1.26004150409662,0.941159556776574,0.133012432317068,0.137127162347398,-0.112247513008178,0.745758268581229
"CGaa",128,-0.291246777283389,0.200702840862533,-0.864554093818795,0.327794773627839,0.0210989936655719,0.636508002298491,-1.86756292505757,0.755397535559755,0.840430031117964,0.39896771757321,-0.336662211421259,0.824653034935419
"CGaa",129,-0.687510443075453,0.376433193541563,0.0708733082860244,-0.385543751576624,0.384775319439774,0.251750830262512,-2.01041512781822,1.00025721654726,1.23756252987855,0.123167873493409,-0.0973394587802255,0.741266257376721
"CGaa",130,-0.218437564858774,0.319302868508496,0.440714073037757,0.317145407219755,0.296014374892759,0.0198412711224178,-1.51421128324075,1.16982844818217,0.359893275297442,0.594399363242984,0.84047978006974,-0.414855946216871
"CGaa",131,-0.446841359601247,0.259484392181949,0.0469517118195439,0.205141712807825,0.34692951098285,0.214154008716837,-1.49129144317901,1.00572131036538,-1.23112877862966,0.783686708156669,0.552605107841692,0.360922339408437
"CGaa",132,-1.33482092241142,0.541778837989015,-0.0602458877296035,0.102004921216284,0.415350280152341,0.264903097157286,-1.05285359638568,0.0944585899959686,0.835672480060784,0.649893631919524,0.0968385537659392,0.380037948083423
"CGaa",133,0.0709193988762168,0.16904487861363,-1.34331106992098,0.708098557175483,0.376004195777135,0.54747069600022,-2.71124142188703,0.369244734047098,0.780063002110352,1.1323742191178,0.225852537660687,0.108029195082252
"CGaa",134,-0.719649423906552,0.321158684413973,-0.218919760728037,0.0488364695907326,0.493963726627636,0.213604143423718,-1.99854097556551,1.01594601167683,-0.125175773815594,-0.364921259205974,0.0115010495401813,1.54718094862598
"CGaa",135,-0.496978568621067,0.235532691934326,-0.174772673793076,-1.28223254221655,0.35377974385978,0.443972427158111,-2.0794036185166,1.70123488938501,1.32109013051742,-0.15464756015259,-0.379305135965553,1.17477794277075
"CGaa",136,-0.185790098593396,0.160620162719793,-0.160610999680316,0.648987003116464,-0.1141529370346,0.489053991324136,-1.359857746175,1.31793048604715,-0.259974802924837,0.659290677335605,0.646304476072833,-0.154406041759093
"CGaa",137,-0.739379830838093,0.39532640583761,0.385479854306929,0.392050745832002,0.132970815676655,0.165669302932315,-1.1471386122128,-0.136887745462367,0.755283103649835,-0.250265104065791,1.01317582428115,0.481961673819463
"CGaa",138,-0.129649073866292,0.256087616178375,0.53026476194839,0.647606125428107,0.284616498207851,0.0610570500982127,-3.25034825771694,1.59508457896436,-0.145524988497237,-0.376593465610922,-0.213360563294289,1.96148569168785
"CGaa",139,-1.21618942851631,0.50936467448357,-0.650049261266509,0.191309671532674,0.424630911148832,0.379127495708972,-1.9398879228426,0.717794062885522,0.347037531590646,-0.0579973523273794,0.459486046884375,1.00855078040906
"CGaa",140,-0.0437389449454346,0.138893438582262,-0.44440772318732,0.157926270374014,0.189570992558816,0.470725695485541,0.418989225268721,0.244552611553114,0.00341632116395515,0.593705433327495,-0.282959621925171,0.238894428163702
"CGaa",141,-0.220810820926743,0.169484507762008,-1.37718101778618,0.88916752040937,-0.21959547716906,0.828035134639233,-1.78742697524844,1.57300580238939,1.06336053582458,0.514924809889369,-0.150976015789379,0.475461912300807
"CGaa",142,-0.800971998717921,0.414092863017176,-0.877695849883227,0.224585214106572,0.25704055260051,0.641626533213129,-0.521314414787195,0.284539071281966,0.648302034768411,0.832189466770902,0.0243286286417018,-0.210680709912529
"CGaa",143,-0.840923336243398,0.381775315535234,0.555992154549492,0.790192077070377,0.00876578447520571,0.201681940898649,-2.1292783456205,-0.0704606486825935,0.29839118128129,0.200088067438807,0.659099154177229,0.869457138545041
"CGaa",144,-0.67586348188713,0.384283455909153,-0.505141516148496,0.56898104893457,-0.105338989320641,0.600329326677914,-1.20378983990385,0.854893166577375,0.129345156230518,0.642440565567955,0.19481090986273,0.136059134667503
"CGaa",145,-0.504061788834508,0.303531096183164,-0.337680808754399,0.531411051534041,0.206088370923222,0.395594019840581,-1.3327557423617,1.13371940170961,0.374872615878724,0.125262958036275,0.280357886413684,0.622226102566282
"CGaa",146,-0.523197690633661,0.31740104731253,-1.35236002012435,0.25639206327419,-0.0342817828135948,0.894521068105605,-3.50382159917779,0.4912633378769,1.19674777059839,2.03027361791139,-1.10876456109544,0.686981981549027
"CGaa",147,-0.399358196002083,0.311392546359317,-0.506916387864867,0.678565979077274,-0.0671739861530919,0.558343961889899,-1.43711196369696,0.993234623341611,-0.546485465546467,0.463447452330164,0.498167555258303,0.364241714235188
"CGaa",148,-0.439433870986686,0.312808220194177,-0.289836524929691,0.863412512134012,-0.103070682175659,0.592977662891421,-1.89315698128097,0.319806986674592,1.01826052212144,0.758928146870088,-0.0228474629614575,0.344254431220405
"CGaa",149,-1.10689289962577,0.490929477710128,0.0839267896029469,0.182135594396495,0.0197241788902957,0.309004146502303,-3.06825021608804,-0.123458968033883,0.677690154146876,0.502156025941293,0.76774488771119,0.755877246232394
"CGaa",150,-0.683702433791651,0.368157051898183,0.03536844835125,0.335097341810852,0.12791493360095,0.300353017641801,-0.901290770212195,0.469924602634393,0.394000555929515,0.352675138608663,-0.0338119263508023,0.449861261389034
"CGaa",151,-0.326324014138843,0.295434278994541,-0.278780465991027,0.276794903500766,-0.262338443140184,0.620681750387564,-1.63686948164315,-1.02375490004821,-0.430030167719501,0.304262081632478,0.133636140483911,1.1349987794928
"CGaa",152,-0.790417276622453,0.436071038771964,0.456867298295356,-0.611688841332966,0.392177015459348,0.16249789459677,-1.35639206371359,0.182679123377475,0.685167656662915,-0.0568993640908822,0.255511286138241,0.92800214898637
"CGaa",153,-0.357848326516779,0.201454143529693,0.320750545369857,0.362122664953457,0.289123075224935,0.110329511273156,-3.53469081793253,2.28976856195108,1.70863811619992,0.530223166653584,0.431893786039191,0.443668067936676
"CGaa",154,0.300103711500294,-0.0219257230878157,-0.389777556763354,0.570758291587712,0.213203482437678,0.408276504291651,-0.774357021025086,1.0924725928694,0.136643772969395,0.144115099030804,-0.160466633042226,0.568619057131003
"CGaa",155,-0.645527526676006,0.365974968001537,0.335030136330262,-0.112212441383364,0.153702795775025,0.30092651775093,-2.28834753279733,0.684628328114034,0.900454092689191,0.177048664363138,0.00972265846112975,0.971538472363802
"CGaa",156,-0.718390877593317,0.329511702975296,-0.554796510690046,0.355498968323996,0.130124632435382,0.428600764309551,-2.30556150131042,1.48189432102288,0.168381889634521,1.57801359117009,-0.978894244340023,0.252066708323118
"CGaa",157,-0.544845673411436,0.308283779023377,-0.684984797618019,1.17795974486961,-0.0965087923034019,0.578665488341541,-1.98092721914372,0.965783120896273,0.93415944649131,0.958066098888532,0.489929241895238,-0.324807371239095
"CGaa",158,-1.18243051556412,0.44275307709828,0.930360040819283,-0.105016399587363,0.303867851402607,0.0464473205986434,-2.30684550212891,1.4364190247015,1.03061016586761,-0.297254433751882,0.206291450337055,1.19618668767593
"CGaa",159,-0.205181934451902,0.23397995346337,-0.0654202862033163,-0.133032382656636,0.348883413215078,0.307273845255023,-2.0725423693709,1.54935892294443,0.309388109224079,0.472104754121316,0.0980886786845221,0.229196676287206
"CGaa",160,-0.681739714577746,0.376406081801259,0.424899286153108,0.360025819659825,0.177020368249687,0.130436056970218,-0.934861206189248,2.45796399046217,-0.788128733863456,1.07218804575516,-0.345978246323947,0.0657507673013008
"CGaa",161,-0.584320160798805,0.35387922914437,0.128805514926087,0.939493141491789,-0.526931583419487,0.810750622774536,-3.4864940549107,1.69563343779241,0.757117712490447,0.943879000498803,-0.336279934252019,0.839847236975887
"CGaa",162,-0.634405521536849,0.394677873795869,0.512189656438028,0.933392766455356,0.28683717779853,0.0531412007365582,-2.4523747233974,2.68835236810361,-0.538918604983382,1.01521728964495,0.139763123745666,-0.051375135444453
"CGaa",163,-0.693660346580157,0.380036423879189,-0.187963248813729,-0.00588299204376926,-0.0964745896012249,0.626785638947209,-3.6361293243095,0.386045245848768,0.84054438593198,0.143320576656058,0.182907152472611,1.38319462123636
"CGaa",164,0.00762595777015283,0.14205381276674,-0.434661981201938,0.645733783308154,0.226971248068466,0.380665437860319,-0.345725717445781,0.806773743345067,-0.368738097148708,0.078354371469798,0.0945690300899135,0.430036616735518
"CGaa",165,-0.332267949891592,0.233156586732687,-0.969118813778708,0.806391006881519,0.277817861801677,0.317289374833524,-3.44028253233135,1.31820586675106,0.55130283866202,-0.588826539192937,0.085780764592116,1.90108466321388
"CGaa",166,-1.1084809461647,0.474778991535554,0.210337252468569,-0.398350038278356,0.281371761588748,0.339595016866668,-2.68437653399682,0.619767309781464,0.151359021024096,0.449445249242146,0.304573041118409,0.710192506961539
"CGaa",167,-0.872011985957599,0.41435505919894,0.00613180920074385,0.0534842672860132,0.160500541839156,0.308379768798287,-1.40789281443592,1.36483949502727,-0.645947854562998,1.00864282136582,0.342813674342393,-0.248392318483397
"CGaa",168,-0.762228636562758,0.411551659331159,-0.00268304920449661,0.447412788488969,-0.0276065319304087,0.471071349281104,-0.961215141026987,0.307238204686187,1.32457383619546,0.40147014025467,-0.134763980323861,0.561620585915727
"CGaa",169,-0.457760183280946,0.349851621940409,-0.331543068151227,-0.297408894318462,0.181320647823184,0.430013083140838,-1.22868450581998,1.43629898472513,0.323299894376209,0.0521162138092089,0.645206117249763,0.16845047268888
"CGaa",170,-0.318464656860917,0.198561442852987,-0.624100228352372,1.08520833796809,-0.377255588639734,0.770737801785222,-3.00994691973932,1.46378089704472,1.17103701035499,0.15280022342206,1.40829601638702,0.310606102428832
"CGaa",171,-0.520137725008666,0.310413989779926,-0.269308451924747,-0.597870158911333,0.229415212326612,0.402491824008222,-1.64378094095658,0.692484336921644,-0.00533659982955685,-0.127121641911539,0.456309245867402,0.7794145180276
"CGaa",172,-0.0261051468152561,0.205073702193775,0.123814940421136,0.199450697280825,0.398781144462136,0.115897856878505,-3.48904136403128,0.959028275943367,0.834702895529441,0.398257924091366,-0.101598795334805,1.26988114133764
"CGaa",173,-0.374594589692272,0.277144640127264,0.442492001854955,0.379777053003132,-0.0102101161744918,0.318979912981004,-4.01034919905788,0.972827585316513,1.55335934717603,-1.51111978592923,-0.868561826433474,3.91429386520263
"CGaa",174,-0.373717868849669,0.266490658844553,-0.362406414392406,-0.149250030476501,0.224664692920887,0.391091834940387,-1.7701155223412,0.517270691206954,0.0953499454015108,-0.272814769650612,-0.205357587947735,1.51512678890722
"CGaa",175,-1.07812472364066,0.472588605511504,-1.25836744616018,0.977034511286896,0.146667492583973,0.554189864157965,-0.846920593513419,-0.947842257562633,0.0418502878109764,1.32736286334878,0.146661538997644,-0.0996064626316762
"CGaa",176,-0.275406916974453,0.21921268304132,0.522507923961218,0.164807015183014,0.230296124559836,0.185525648903057,-1.43219028104061,0.928030317231934,0.578375156241941,0.413029688477776,0.173951633252585,0.393048477791715
"CGaa",177,-0.290099330884679,0.215733149010147,0.898610399051762,0.623440809227798,0.377551607914253,0.00499390826582274,-1.767832182812,0.255337776222983,-0.108644867900051,1.1370733905068,0.704631547780186,-0.0840382971697262
"CGaa",178,-0.987173919972157,0.459453118985597,0.482299134157775,0.236585641968778,0.202815874392028,0.183632682979769,-2.60908075523398,2.13269392638707,0.092925744172474,-1.8535158384055,-0.493535472683557,3.36315370819015
"CGaa",179,-0.507526325518304,0.333544566787963,-0.227086302152077,0.542484751748653,-0.0992724205746407,0.47863518227667,-0.791278318853104,1.00420647803003,-0.0119401206101906,0.104721657050549,-0.287350417721328,0.788610235003679
"CGaa",180,-0.344394236913365,0.214961398878282,-0.175554442111371,0.455492616173704,0.359306365281027,0.16894324504494,-1.79000489451257,1.20447837981645,1.09304011538755,0.510302884419026,0.709363292800634,0.0742722126994541
"CGaa",181,-0.828673025773924,0.389972252655612,0.507761834554498,-0.266202463684634,0.221848964355801,0.230776509673906,-0.733138405326687,0.452539539126562,0.62159291164556,0.832711207527403,0.359999581987737,-0.374545350057588
"CGaa",182,-0.561129384351514,0.331809630100223,0.471631698454349,1.00632279526147,-0.293115626974451,0.544959777044266,-3.28215403298056,1.87725868033693,-0.0388581691765008,-0.12629140156613,-0.796852245497815,2.26165943771479
"CGaa",183,-0.306662439012801,0.233453620389755,0.162291057817795,0.781078004772094,0.643028764866264,-0.0495383728932393,-1.12501672756345,0.107862156387894,0.0506848261343553,0.467965157563979,0.494096320291892,0.0869046196761392
"CGaa",184,-0.943580936627005,0.38706286027233,-0.469122436219339,0.162542409493864,0.0430880042469303,0.50022580563827,-3.18485115010515,2.10775518990789,0.52495140589686,0.811243206792019,0.190744299264104,0.420386893796789
"CGaa",185,0.324883336489974,0.0556980420164441,-0.190266287446261,-0.846022197274085,0.496579725572084,0.357082407848381,-0.144044258579584,-0.00017011416070025,-0.577379990206108,-0.286059317354084,0.393105984306325,0.880921196884187
"CGaa",186,-1.20293315443951,0.554594324498973,-1.05734074002622,1.15427893372196,-0.00974353639260142,0.626704726092396,-1.574005530263,-0.491828946934284,0.110588560370445,0.511938677465839,1.02553978367038,0.313751179346515
"CGaa",187,-0.642681932928166,0.338694912021998,0.105069111864986,0.0778070247852976,0.372020188261824,0.155210272924847,-2.40886492817301,0.0258296144904265,0.769477765630423,1.37457227197275,0.177241301149861,0.163580173349137
"CGaa",188,-0.185739606865141,0.207528626689966,-0.804644014844305,1.40298511998237,0.174079437031081,0.379631385583074,-0.957603739284358,-0.213826529603382,0.120904114940524,0.731114732904551,-0.122480613888399,0.261964797479078
"CGaa",189,-0.946469275243134,0.484943269541792,-0.407710251675617,0.0622407700180248,0.166164848182648,0.489201780570405,-1.89643342203198,1.47345518992637,1.43293856333173,0.340584427504383,0.0553766700483308,0.440518964473074
"CGaa",190,-1.02270362796015,0.455539613803396,0.222924734806942,0.433783642565303,-0.000361868748247059,0.304883946271668,-1.65346763013139,1.13027243492886,0.284646287421191,-0.166993043996747,1.45715727437683,0.591060304015232
"CGaa",191,-0.735682340408131,0.31473578338987,0.362920330692009,0.2284591235928,0.0334803411523566,0.181364492562983,-3.00826334916749,1.5431482902234,-0.266287753814549,1.03040728205727,0.716213676090924,0.295665462240021
"CGaa",192,0.126841894437959,0.167974204057139,-0.934270924789227,-0.4338631987588,0.504476182761158,0.33648216230303,-1.56842222094064,1.13547128331675,-0.460101197787963,-0.1415725865143,0.0931194015738158,1.06219271922559
"CGaa",193,-0.0804023699662407,0.200629254452222,-0.151564074073172,0.100720085477967,0.313260396238108,0.334248434022953,-0.417438205212282,-0.117020087637412,-0.579666778109353,-0.00349769903479625,0.110764061698269,0.873010676292995
"CGaa",194,-0.340022878492878,0.313442017555424,0.141301486985823,0.312386302635795,-0.0334892565722435,0.410097773717563,-0.167074375601822,1.45244952271994,0.329167496488876,-0.430994529699275,-0.0312660445266714,1.02587058864392
"CGaa",195,-0.411969162453238,0.267503127893543,-0.023203442012444,0.66168036826822,0.314121000196761,0.163703208989363,-1.95731951248066,0.954161157996353,0.727499928982155,0.112798602688183,0.567320318979021,0.58039377884255
"CGaa",196,-0.259784677747653,0.0184108893443141,0.90381878662675,0.265538699431277,0.235642169067301,0.0835292164280389,-3.46692372234719,1.91925400595139,0.0570557437984147,0.486722936551472,0.662030864095234,0.737781155314542
"CGaa",197,-0.970777288087518,0.479554643396175,-0.0259842379979573,0.0484515989511793,0.13253247564484,0.343388998550552,-1.30188111063322,1.19523489080742,-0.362285369087662,0.073330361210094,0.77419408862842,0.318568693431508
"CGaa",198,-0.320552929422318,0.252863963437246,-0.414164595169653,0.805933986096724,0.0666364224280048,0.382902664003102,-1.08106926424182,0.030412945838185,0.389167203579013,-0.158828162767734,0.0833529022601733,1.35783741669726
"CGaa",199,-0.173288196335209,0.178415912477979,0.414595886772986,-0.0735108023726,0.341466945209614,0.0685887238622011,-0.289464701796424,1.22623418094032,0.280381866951865,0.359846766133997,0.1047010268557,0.00380122660706885
"CGaa",200,-0.56316158318542,0.275709460635906,-0.350232009318086,0.226842032300212,0.541439513773784,0.168159666957319,-1.44668717548909,0.666494491091979,0.864097215271234,-0.139733173931132,0.0561979658745067,0.932637158968792
"CGaa",201,-0.16745096896484,0.200103453718221,0.108671481050031,0.0310015353383099,-0.1496214757546,0.531071886639071,-0.509314938680376,1.47944476444358,-0.843856263364145,-0.942037943574785,0.437949044646741,1.37453752346889
"CGaa",202,-0.460049890169319,0.294465588809203,0.645917309894367,0.106106168549193,0.080883848608796,0.167256255770055,-1.32083512630768,-0.605024173713138,0.0862910026482749,0.621395155959622,0.654867314959008,0.30787486999862
"CGaa",203,-0.792410991220139,0.369508691940371,-0.34373384794911,0.316759132423166,0.124623104470409,0.379112832900397,-2.62571888072833,2.05336967251491,-0.471475556333915,-0.157496004821854,-0.110337124973226,1.36709515641091
"CGaa",204,-0.397044616643724,0.230287149577605,-0.296684380587988,0.210655016036162,0.254657827608023,0.326374777246202,-1.63104921133188,1.991664494346,1.17169685951327,1.07955800367502,0.528727171254629,-0.509128251284654
"CGaa",205,-0.627322706296123,0.335035273410226,-0.233821553676454,0.700335422782106,-0.167184814672098,0.549165291899093,-2.87004961358879,1.00927515573155,1.66011695826419,0.329016908961021,-0.507085767366265,1.09865759198299
"CGaa",206,-0.860355386045585,0.394010310579666,-0.520156307390518,0.538594230696236,0.452556980797733,0.259374138141645,-1.73031076914856,0.778252080955428,0.495559613265568,0.257852156306219,0.180766838444917,0.564826536684805
"CGaa",207,0.430428894761535,0.0940381137192792,-0.890031281158815,0.308839184153465,0.160923806943459,0.512402129139467,-0.859632829921648,0.972353431406545,0.0429267305997359,0.562740507091336,0.703681841480103,-0.316734299535655
"CGaa",208,-0.989606072744129,0.427478280669665,0.112479687317549,0.475012763143959,0.488051214779232,0.0153678637501337,-0.441953322335888,0.942162928487437,-0.831125096731414,-0.192951047607679,0.29336232281316,0.764962497361163
"CGaa",209,-0.444659931604023,0.335081517781099,1.22239851951195,-0.203360259201317,0.584237204165337,-0.200429607956564,-1.43529565775185,0.789576957406877,-0.472370212350092,0.198611223791787,0.0875832232523055,0.930848209289443
"CGaa",210,-0.920091189152094,0.51813844424062,0.287374631640116,0.12788644089445,0.290370686042541,0.233933054396337,-4.23167085012507,1.47908122212901,0.526084774521696,0.440324903616333,0.476973047409558,0.967316477595361
"CGaa",211,-0.425208632051066,0.195598337819524,-0.578041963878236,0.52265856149573,0.0615926556180281,0.602533653616884,-0.923355093153231,0.724461916844202,-0.224942179120908,0.018169577447433,0.292603403141212,0.873620901500986
"CGaa",212,-0.121253278947106,0.0886015826159059,-0.510935629477643,-0.194422441112732,0.407740536213029,0.30877366646522,-1.13646227025166,0.230042423671788,0.531130966672148,0.211924653091665,0.722596684090265,0.31320605913962
"CGaa",213,-0.385710644896077,0.379804374594863,0.120375594324461,0.634465974729258,0.552999692916605,-0.0920373763943006,-0.419184127779631,0.891956621051006,-1.5457744612012,0.828787461888695,-0.479903829056067,0.752233534689912
"CGaa",214,-0.452915762406508,0.27503942353998,-0.295966189360166,0.279187327411218,0.0081978881477402,0.511061709845188,-2.86952565137344,1.75897345578198,3.2646493519975,-0.278113673797511,0.0534196481261999,1.48164337750606
"CGaa",215,-0.860475349847146,0.462609110233508,0.625000418157048,-0.315670627249218,0.261496569187806,0.137933508139653,-2.5762275644309,1.60968815436674,0.306767736073692,0.868244007915793,0.482922329936378,0.00375058345929709
"CGaa",216,-1.00670124917569,0.482865311276835,-0.336388460870355,0.341332791789588,0.150558187843513,0.304659253827473,-2.14533494662945,1.76526447025447,-0.544639724241086,0.243793362680845,0.247211804332239,0.818025348726901
"CGaa",217,-0.92176261857523,0.423775857943892,0.586378223523579,1.09671164247,0.30289684455495,-0.0369939401405517,-1.62415059908707,1.69704441397167,-0.642712192724402,1.20254812196992,-0.236706904078685,0.0399241580028802
"CGaa",218,-0.0267488076974825,0.0631860350268725,-0.666722965505205,-0.27156470399302,0.234121761234782,0.535160330619384,-1.45524890853495,1.89022561102667,0.870202892988913,0.0715909434326873,0.289101238974738,0.358967471752926
"CGaa",219,-0.790508676815235,0.438072947495747,-0.531987178538388,0.385432444049956,0.220846398735035,0.308907828297886,-1.44327667070336,0.999927227386324,1.35904089270366,-0.394076615367226,0.283553924197578,0.958867575383857
"CGaa",220,-0.665754665075731,0.418281651015798,-0.801271774686194,0.671944044773534,0.0635053410269167,0.596200394056317,-4.0077419032112,0.481817645798094,2.20499306413808,-1.68737079283453,-2.03432936673929,5.31243422664054
"CGaa",221,-0.941430516566265,0.414279741663336,0.126197079501432,0.86911733487147,-0.0487840426438323,0.31109406030844,-1.01866456185727,0.297149941009665,0.929069466253643,0.66255260360837,-0.524312574339672,0.527322117968411
"CGaa",222,-1.07460112641788,0.495649762503274,-0.678893802535275,-0.191790273557522,0.527424948828283,0.279185394189425,-2.22196863530365,0.282787565393303,-0.429359901891729,0.501885369173711,0.885732448588983,0.62691540579233
"CGaa",223,-0.467132885173003,0.325324486253164,-0.723511092552584,0.189641503759342,-0.0180522679477814,0.736452690415559,-1.12871058257717,0.211481787399016,0.101822802823979,0.892083393525394,0.165313233143883,0.0226363388742729
"CGaa",224,-0.780834217697525,0.420750591771732,0.264016188149935,-0.00170817510345833,0.0992815090727253,0.342565576048124,-1.98098052978175,2.32688083754409,0.272280181929368,0.468924165394702,0.285302562307479,0.149577236805717
"CGaa",225,-0.812386815549521,0.381521702901801,-0.764969527517208,0.153811433334077,0.147214884513434,0.508027405879669,-2.31513007864383,1.17214685165674,-0.239757027910959,0.91894758106693,0.603309808200119,-0.0110133615128103
"CGaa",226,-0.453362965419204,0.259486089015883,-0.709898735667441,0.659837045225256,0.0956753972508277,0.44047952347957,-1.32798436798727,1.29947092082653,-1.27611016716591,1.08644277100164,-0.196046627675198,0.257214073841032
"CGaa",227,-0.442831449249761,0.282298100602183,0.368897278344028,0.0224884198316647,-0.092668006166845,0.495701913596807,-2.63452257449004,1.82189410783329,0.43985902666711,-0.378935056516973,0.309123212637055,1.24470746252412
"CGaa",228,-0.235878602097103,0.208183074409272,1.20042981784913,0.0975125745153182,0.646242128977477,-0.220966007374556,-2.09144405383477,1.27160230540027,-0.244604028901048,-0.000611519209066373,0.337918978369138,0.732251106815304
"CGaa",229,-0.726868585644072,0.43171380489636,-0.333015026125603,0.113910520783704,-0.104128635469191,0.679809133670319,-0.771136197647293,0.0188490070532386,-0.0267063802669916,0.295451325489641,0.0159767689164888,0.780875287103564
"CGaa",230,-0.540476590842925,0.358118815119316,-0.113269460299334,0.853368451539861,0.440267683092866,-0.0150027503629042,-2.33212752716595,2.09603366593358,1.02753722367731,-0.26047278129611,-0.272222584930169,1.19379425814341
"CGaa",231,-0.170577286257242,0.203555487354887,0.140565576732273,0.244289893657318,0.400000501065296,0.0550579925750021,-0.878129611633068,2.05213718873224,-0.119727379735763,0.404313391150005,0.87836253850383,-0.286598082324194
"CGaa",232,-0.540741086576201,0.349421728371896,-0.652754262507767,0.374372099082243,-0.111128223345394,0.66329108624932,-0.473646652816852,1.68230323001621,0.346884878691206,0.844150715176706,1.32060591980787,-0.945617043109486
"CGaa",233,-0.208054605174188,0.180181775203036,-0.246072019127319,-0.069802265243217,0.288737522292862,0.321189890562909,-0.982661057066695,-1.2557006175519,0.624716943458311,-0.197712116009596,0.545352249575229,1.14352856436516
"CGaa",234,-1.24940985924206,0.48693779563087,-1.13392245825666,0.589123041533043,-0.329213253325054,0.945328867248164,-3.19373607895945,1.27004094812513,0.699426308324706,-0.924315264812922,0.210375569631597,2.21436271367529
"CGaa",235,-0.834922740002383,0.399984623179793,-0.170474287620167,0.505858923932148,0.314912893168336,0.368914781526785,-1.18363569547245,0.86468343737003,-0.384658637007973,0.278380580772603,-0.045024418687244,0.549809553449472
"CGaa",236,-1.32181191292684,0.613007358763525,-0.0422966808550218,0.0535823005200912,0.375789460684076,0.18396969589901,-2.27086909494022,1.70349763350522,1.62309001232308,-0.930050430071356,-0.0516514263173881,1.76179348274022
"CGaa",237,-0.29511462877554,0.281901409573121,-0.972058083438147,-0.222944804768987,0.0372947085821769,0.764278099804137,-1.25784091290693,2.26978513222789,0.0500972761213957,-0.277544564192388,0.533060945113326,0.485928721693658
"CGaa",238,-0.114666187428323,0.233760000130423,-0.676770152744835,0.0888283067287416,-0.273708186135653,0.868950564897693,-2.35832199862057,0.755301027110486,-0.793803749528394,0.691593435830043,0.656859095080142,0.445861422938611
"CGaa",239,-0.224460193034132,0.240089295805819,0.0693133596317739,0.0341760283109813,-0.200764018783183,0.540859608193411,-0.956630927975818,0.390665572420041,-0.640591603776341,0.529809357532914,-0.0384839482147485,0.641947072737956
"CGaa",240,0.371150986445868,0.116915573538457,0.261259500016314,-0.195915999067232,0.216308929691015,0.184108706340151,-2.84800446026021,0.492774191266324,0.641484079715661,-0.842007227925888,-0.317034698488234,2.73156541281094
"CGaa",241,-0.66383123295764,0.328946878282658,-0.213310644461235,0.374029539579968,0.108668993375078,0.376942103803334,-0.259404206742458,0.778209728272595,-0.68988777406646,0.37402885780943,0.219827660941052,0.256456582965845
"CGaa",242,-0.661719046426213,0.272243535540976,0.232914899816399,0.220177175600052,0.279981408525376,0.228048594218189,-1.64768790876373,1.1991148873216,1.54397002713954,1.00327762208651,-0.324960842260475,0.0935725037556679
"CGaa",243,-0.730085287135023,0.300647608003543,0.603366082066548,-0.737652726452138,0.0738200551819945,0.273710294789422,0.304853916252506,0.356155697319459,0.000957382482805571,0.248927635660797,0.402320796342994,0.0407273282622089
"CGaa",244,-0.705614983048541,0.31385061348023,-0.92443719900487,0.332717284643397,0.128213478472474,0.546242341434762,-0.78084700547697,1.22881498321629,0.292048973578916,0.189808066825539,0.279196894674021,0.38381525065024
"CGaa",245,-0.339755787323198,0.265433959337636,0.256854981064786,0.446061346630182,0.0817150203114483,0.312947448152996,-0.526724265971273,-0.794515780512974,-0.122489008242151,0.205336838153647,0.427364650164584,0.79916875926238
"CGaa",246,-0.655945762596593,0.330724784866448,-0.319968237457767,-0.12508827383823,-0.363585087826691,0.858410406024026,-2.22219251527788,0.133446625787512,0.958557918244461,0.511716716220802,0.115650759277549,0.690432296325171
"CGaa",247,-0.59276072430918,0.323210631402434,0.328454015891393,0.372096857316649,0.145671875196549,0.213463281981585,0.105196555139027,-0.571912041346344,0.725062928165264,0.55789545558784,0.0336067843656977,0.214351380120753
"CGaa",248,-0.122581752314989,0.140962887691517,0.124039246984119,-0.346440706074217,0.37848131294731,0.214279591022414,-0.440772659027586,0.622016977632442,-0.00966100470891125,0.779968967633967,0.570276517761368,-0.526122891734746
"CGaa",249,-0.509701583024163,0.328212563036416,0.142785412319169,0.397750609749146,0.0501925332758895,0.290067531672817,-0.65278210262236,1.42235559685555,0.30619074181475,0.175705355198432,0.573298743846904,0.186476238892875
"CGaa",250,-0.467400062775732,0.276056284951889,-0.648731390987013,0.719519616007337,0.0710788665267927,0.450697587416097,-1.29416461837548,1.73055541965894,-0.823948802853999,0.186757625586705,-0.0820729326149617,0.797653021197741
"CGaa",251,-0.690999406375885,0.346121254381096,-0.589214768883892,0.1345903912445,0.392733060660471,0.313158051483497,-2.47931983399346,2.15444743425788,-0.00205917453088163,1.51180326674451,0.152226261181577,-0.334089688143461
"CGaa",252,-0.981844789595785,0.473456568761286,-1.29883038408456,0.560632127346073,-0.0541682332504764,0.765474093590562,-1.63536648737756,0.925360219521646,1.26421467770784,-0.321272952987965,0.368954907113684,0.850411509035685
"CGaa",253,-0.698861341634207,0.336490416211499,0.276033404454973,0.75951705452631,0.159765757461605,0.155421549296485,-0.676832826700218,0.679744194124991,-0.238356704028989,0.519592964230686,0.220555199253107,0.0547281970363232
"CGaa",254,-0.380717191190662,0.230023965537792,-0.201880636406152,0.419714538368496,0.185702026781356,0.28760066607797,-2.82956197531889,1.58862721934732,-0.0269614729590404,0.348766702395281,0.144607029502449,0.866268346853806
"CGaa",255,-0.471675291573592,0.327033493715317,0.220210697513589,0.683514266571365,0.194316945897828,0.160560850495203,-0.75838271929146,1.31841596010648,0.055978680140468,0.790323056906984,0.0176083461638797,-0.00266806210894736
"CGaa",256,-0.79079096825137,0.44544449744291,-0.136920716643422,0.306590854804942,0.406729779065076,0.0756709391466394,-0.30017982615026,0.303888488153075,-0.204612601509437,-0.0501153830975786,0.221721410409749,0.700478358597331
"CGaa",257,-0.250465567682348,0.264786822010915,-0.169820065773605,0.667334151991668,0.0283875425526858,0.355421300475006,-1.65911486014876,1.3678622712198,0.810119847962921,-0.946249890354916,0.0769092252417784,1.75725094291358
"CGaa",258,-0.0777562762575316,0.077773657533949,0.0291539874065428,0.100392045176651,0.0193522047183191,0.380951479743952,-1.10300192440213,0.960741889754573,-0.0925817338675836,0.533716137466301,-0.685723621014186,0.702289336465766
"CGaa",259,-0.105148310608744,0.154032328190134,-0.00247714364867816,0.608433026997393,0.202532425144617,0.307300035719413,-1.68395577673301,0.648103835448774,0.58290871769239,-0.125212152071938,-0.0195075421120089,1.06361860724613
"CGaa",260,-1.04024332578741,0.464256972641582,-0.148975942304746,0.0358760764527584,0.24280679980406,0.359010473429831,-2.91652257538609,0.721428059876625,-0.25736936576154,0.969617491910242,0.236362382457693,0.478061538341882
"CGaa",261,-0.389497211720945,0.253010752999859,-1.07692214508924,0.288291471526902,0.287639369202222,0.588460713527727,-2.15777155498843,0.387886325324837,0.805086015083382,0.0996734683491725,0.276134021993613,0.927543717687533
"CGaa",262,-1.26932782433533,0.568264108339077,-0.475282505657947,0.574042065860971,0.549793468532982,0.120467533091399,-1.90867505200025,0.418376141582971,-0.108913063310162,1.0005920534739,0.579034012125176,-0.0192992475875931
"CGaa",263,-0.065386422478468,0.226227070219572,0.156015165647405,-0.120232525719253,0.272936508977422,0.299220805229213,-2.04726700361343,1.144736188121,0.894698432696742,-0.178281124980052,0.601226853381347,0.559455093281088
"CGaa",264,0.375181752167279,0.0783085965917841,0.186272225064631,1.03978230849043,0.529989169277847,-0.0842675254430437,-1.37471603300966,1.20869343197422,0.519322176125626,0.447994261914912,0.276340784848625,0.0662293974265031
"CGaa",265,-0.756040752042927,0.335747105318117,0.380998429513921,0.944759647839307,0.0526831392399429,0.221135369701538,-2.61144115009706,1.6031053907487,0.985493198923413,0.252530493151037,-0.145034095073055,1.20219676251545
"CGaa",266,-0.706042138996351,0.392728780118567,-0.103274959720131,0.4329060865346,0.116919381373694,0.358532571840072,-1.65146138153754,0.685425914586995,-0.519191575196813,-0.206787365292872,0.882101475641966,0.884094108363605
"CGaa",267,-0.684879540804899,0.360385519622183,-0.450852767435442,0.764452433485257,-0.497634581857159,0.935222088307753,-0.0531687064778156,-0.375092185891937,-0.863613105114204,-0.0860985258690591,0.157331448431036,1.24627652606552
"CGaa",268,-1.00141837580278,0.429543128229872,0.190710157386992,0.785421962657742,0.419587868771204,0.0371898563209442,0.118997366962509,-0.467570229998322,-0.268437253755577,0.739985083580476,0.203201753299487,0.0205225828597145
"CGaa",269,-0.516225662983273,0.307491604540081,-0.442823293399593,0.18075167249874,0.0234745510496903,0.58702136711232,-1.29785288805562,1.56287822273919,-1.08422191194233,0.632425724893936,0.0130015630401296,0.59337573024914
"CGaa",270,-1.16894145632139,0.495378330874604,-0.653315479915793,0.907830988556189,-0.184408428453945,0.770799330827711,-2.24257098957563,0.096683415552111,8,1.26683796074229,1.05207766530552,0.372789341837512
"CGaa",271,-0.343394821344528,0.247946158229483,-1.63387061418854,0.395195720200227,-0.026198514582732,0.862326134535901,-1.09839490220547,0.555060363743168,1.24216879661641,0.652924908748621,0.587281435135431,-0.17318848914335
"CGaa",272,-0.545956472474712,0.298662961903224,-0.409165301773397,0.335822621264006,0.380266262255768,0.227306834033075,-0.754691584972303,0.938600705710259,-0.408420382617864,0.05642662666808,0.391550650499371,0.638297781402032
"CGaa",273,-0.595177297874332,0.348313891606013,0.397338793338469,0.325126899497547,0.280255677444741,0.13884746027224,-2.2583428236545,1.37347473339942,-0.137346047689524,1.42154285690551,0.215058517056953,-0.194353537469604
"CGaa",274,-0.0483476386863137,0.200751719444924,0.30524752868365,0.0954790692138072,0.380669316313995,0.0110953059288116,-0.575910869640921,1.22689011626948,0.231898638507748,-0.249653580618226,0.398748736296721,0.545918695423285
"CGaa",275,-0.348952854622096,0.247472412573682,-0.996272432513538,0.911010422809494,0.0712154933715326,0.604263959476043,-2.91900713322856,0.621271153193555,-0.193008681410615,-0.643950601161411,-0.0926201600412829,2.27243218150083
"CGaa",276,-0.4774888904894,0.274493499187899,0.144487691492915,-0.0434760162190707,0.189416609528653,0.230738810859218,-0.61684580992294,0.345159105044782,0.640382578293281,0.0825223685061665,-0.33113824576147,0.885563438105122
"CGaa",277,-0.570599693752282,0.260803087385806,-0.59321450551804,0.470715036174279,0.429630747115791,0.269776680194007,-1.42179943304751,0.486503779483863,-0.7268275147141,0.852814521417075,-0.388579936676231,0.56417425886821
"CGaa",278,-1.01177015433764,0.430342169954534,0.00417627347212293,-0.47523259139254,0.137279972501902,0.405812001234746,-1.55805985452216,0.955754224599692,-0.174993422589235,-0.0157836158332993,0.117455097622983,0.959052545010898
"CGaa",279,-0.292549742160999,0.212798784913824,-0.499998239131082,0.986664713948486,0.0365982259555903,0.484278475649529,-2.32924144273136,2.63450119109818,0.637651475799307,0.526814982010371,0.540180654217111,-0.0958629055272414
"CGaa",280,-0.456913079392132,0.274163597217563,-0.883291970468551,0.210836187850134,-0.227603817928301,0.850573173194717,-1.57984707736328,0.624259804773878,0.127323688550437,0.766559646240113,0.107550502136212,0.187187402961456
"CGaa",281,-0.242736701591404,0.199479681634322,0.257577126966197,0.0346287704454795,-0.129415531120082,0.622155111700918,-1.51017339061895,0.839536741827117,0.196103978532598,0.486434836397202,-0.0277211329554252,0.480086532743337
"CGaa",282,-0.560767311022789,0.258678458656762,0.516469649097,0.454156574877652,0.261713975628166,0.0309735679377986,-2.82784576568924,1.99001290501135,0.510570525290612,-0.434762535950561,-0.251364280824533,1.76304547725279
"CGaa",283,-0.56571502867457,0.331353464363523,-0.178628100496489,0.14990642563948,-0.0230638675129374,0.623643036568024,-2.34681746511753,0.484971517642949,2.27014065974463,1.11400924600056,1.02346236002774,-0.656620168400877
"CGaa",284,0.0602520158156988,0.21256155088036,-0.295594127781667,0.730116629762167,-0.00971918920605381,0.461437531001965,-1.17472678735421,1.87122745047759,-0.721444330122963,-0.180781979105479,0.119364059104334,0.934391896308166
"CGaa",285,-0.227438484021819,0.235196296729254,-0.964850535478788,0.795008099877685,0.158401388046816,0.428029616811632,-2.05586659115691,1.20023818998275,-0.267456368822415,0.436840293915985,0.345539372909321,0.500661312609792
"CGaa",286,-0.852102509514855,0.405567767354837,-0.230539720111462,-0.189900666174426,0.321257519269824,0.355756783368824,-4.48658240266674,2.17820524353566,-0.399779038126905,0.732626751205925,0.103735047670461,1.28567393260107
"CGaa",287,-0.301715406586971,0.240742570037842,-0.00447124859785741,0.582662651909475,0.0252764939573954,0.31792822156872,-1.7832381277777,-0.111471448912604,0.709090849984166,0.844365706598825,-0.656281922628633,0.953279221507932
"CGaa",288,-0.341951700286735,0.294121327602616,0.0498491067652568,0.298431815835768,-0.0391891322816562,0.429410104988816,-1.83804049941174,0.470981351453039,1.35311019423658,0.788159680132188,-0.339705927108518,0.421544137120255
"CGaa",289,-0.298192550138571,0.241903681060876,-1.64719082196792,-0.0580400598038121,-0.0713681446659193,0.984834453652634,-1.25654965200002,-0.0554492057115627,0.550570829253441,-0.395032985990341,0.348538624142414,1.17585221191808
"CGaa",290,-0.204415022263778,0.186657163849271,-0.6684997880832,0.696712107202874,-0.147624913830763,0.611965218549323,-1.54945659648311,0.0955162146869016,-0.237037133192607,-0.118927399352775,-0.0476689231462658,1.44071712479382
"CGaa",291,-0.207155287823586,0.128524827528953,-0.204890514555601,0.544857059165911,0.330846485105296,0.150106824295334,-3.39920209262352,2.80640164219762,1.05165319687916,0.935517446852004,1.40819001421045,-0.00287839838435439
"CGaa",292,-0.533101210292104,0.321616311726991,-0.202901503303873,0.412243465218697,-0.148013578902902,0.542470067804596,-1.73813293976049,0.191404349193325,0.852454795219157,0.382203410783176,-0.303747890083415,0.84547180213722
"CGaa",293,-0.678642563854167,0.334401015794227,0.111442526204499,0.42495419341579,-0.0978216410966627,0.527793784254381,-1.25159545576388,0.574665583882544,0.120233228492546,0.431615877967769,0.346331004362325,0.412282101106014
"CGaa",294,0.084106858546259,0.176520576809417,-0.905353791206506,0.609169501776551,-0.0932459571253504,0.773974790752398,-0.630678798519952,0.205669696819282,0.365393305862375,1.20855187009936,0.403150311606287,-0.605171128380038
"CGaa",295,-1.14768251560291,0.506456486785485,-0.0557919873167588,-0.291434929558881,0.35485826758267,0.281586901925552,-1.5505994266675,0.187963506743732,-1.03821344377939,0.589997683791555,0.268376374327694,0.470216771293632
"CGaa",296,-0.43831481690967,0.32845014129331,0.0646781667242756,1.0827060696884,0.0925458410529502,0.186152339291102,-1.91295768739119,0.901331772012356,0.603221436051641,0.465822700523233,-0.150271857161321,0.77167390210969
"CGaa",297,-1.1626591794764,0.524319553555594,-0.928875520191979,0.792066087300112,-0.0735618266143237,0.701391429905171,-1.26677517611392,1.49122033518703,0.238391163507909,0.963411234872762,0.647111233092272,-0.381002857415343
"CGaa",298,-0.201889638000063,0.242154260025544,-0.362046402168397,-0.14238338850168,0.253479744534293,0.466945578748484,-2.24191811863505,1.25213302052541,1.0121716200045,1.00694286045833,0.205276843626753,-0.121200487159098
"CGaa",299,-0.273432992372521,0.219545240377781,0.567148178115384,0.112503259702351,0.388405420869823,0.0648336752432373,-2.06154914473385,0.922217171848359,0.33680022824622,-0.24612754215642,-0.471812579113092,1.71735431238358
"CGaa",300,-0.0409924324237136,0.0984093997995251,0.193793345602762,0.15557593323425,0.061272195129695,0.408267290194547,-1.52174308110044,1.2853731914625,0.561738602410777,1.2698068883497,0.483252693453862,-0.459200071932809
"CGaa",301,-0.37502309562205,0.298919902231732,-0.536321826408267,0.213198894409191,-0.045722588221639,0.656702901556179,-0.767932016127904,1.40596023628711,0.0115728853234558,0.416419501438359,0.242269532471684,0.0789021365323301
"CGaa",302,-0.137289206127859,0.223109553892936,-0.669455498730348,-0.354262110810912,0.455649149190523,0.41317081320248,-3.61202641380368,0.747891912169171,0.754662698302942,1.30561775668383,0.314640368123983,0.105361883639222
"CGaa",303,-0.745099473991015,0.320306113632042,-0.744659201683668,0.638262306878791,-0.0674856075727864,0.696884816816123,-0.861029907216313,1.14004606100766,0.158013259494529,1.43269412042529,-0.0485355235036102,-0.462772245838408
"CGaa",304,-0.522883663220987,0.326799589272633,-0.285761772422075,0.295274095457959,0.168785812831495,0.393092599022554,-1.85281216022026,0.894472945451986,0.80451937577655,0.159608746255401,0.84884336191297,0.397815015252249
"CGaa",305,-0.187105799185866,0.231136685937734,-0.822473367549119,0.367335265016173,0.0761505880972448,0.483485501891143,-2.24715290805003,1.02642478942041,1.35221233439517,0.494164518258617,-0.230937547674291,0.734771517992462
"CGaa",306,-0.702980667173433,0.394972032805417,-0.739378608179623,0.263873530329118,0.0447549581000595,0.496107293182016,-1.15040614424026,0.360875878815853,0.181814658411821,0.103738501070376,-0.103706935171272,0.936186640079573
"CGaa",307,-0.322226567840231,0.200274255569052,0.0786754372299749,-0.852878952474907,0.254167526746669,0.426250161298772,-0.962985903442264,0.486154222272035,0.0224772416772967,0.966940180077457,0.241418758954876,-0.104429086449615
"CGaa",308,-0.281600405599211,0.214528094763167,0.0607767559120054,0.434542467280184,0.00874766023921477,0.316173873165237,-2.43501360472926,0.733643422645354,0.550453948053864,0.847648235188076,0.154791131192683,0.38582846068798
"CGaa",309,-0.198404968394506,0.27783282441039,-0.350626237090511,0.290122884894743,0.323472074651784,0.255913003863697,-1.35382478957516,0.941641050066708,-0.179970193858137,0.277178663574284,-0.0575337886418431,0.738541921765983
"CGaa",310,-0.484757656540868,0.283544812247249,-0.046180867473379,-0.33870851902665,0.273988884567417,0.315606657857587,-2.19767138363337,1.25989079237177,0.180906709499426,0.354338483243561,-0.126422078624228,0.940891792068311
"CGaa",311,-0.156666304361604,0.0697568165759308,0.139158093095671,0.207851743227141,0.216511041885294,0.25134847145493,-2.37910554936833,1.33354283769817,0.150481412689344,0.342691563570907,-0.37375484792508,1.2112208094826
"CGaa",312,-0.403668336959007,0.256950231402586,0.144792345217609,-0.332275140404935,0.501240639911297,0.164880527895715,-1.29757498889619,0.253183319492456,0.249119300773491,0.087012128875459,0.19431096154991,0.740411789039307
"CGaa",313,-0.494535931387414,0.337329867806125,1.28260763727153,-0.0747152444972193,0.455231523088303,-0.0351295213776789,-2.15032739622692,-0.963645041234749,1.73958311648218,1.24206707409785,-0.784028472660212,1.29176863906825
"CGaa",314,-0.86323597998143,0.464754682322344,-0.265427224210396,-0.0907275930030469,0.669887662503945,0.153142549835842,-2.51736650762367,1.2975935090574,0.207229881049451,-0.0444488247455274,1.47358713454738,0.362571108411705
"CGaa",315,-0.427871686799722,0.319357342375811,0.543841401066762,0.311528199839339,0.0991202125693342,0.252474872130534,-2.39437246851243,-0.249977473354634,0.0642031595248038,0.779278552384671,0.555793736750937,0.452430601634482
"CGaa",316,-0.667646378479145,0.385184040815019,-0.234937651968017,0.570264963601973,0.100194614014846,0.364104692518756,-3.19598980312052,2.24704678306791,0.543891050734337,0.86650326175486,-0.323720182198815,0.851663521059916
"CGaa",317,-0.663435347372333,0.326429240471661,0.112682167905405,-0.205658428232158,0.116076006306808,0.413922940386914,-2.58744218811012,1.62838628752398,1.48165142363229,-0.585097375541326,-1.51348500491892,2.6677282334305
"CGaa",318,-0.436652562557481,0.302546001854467,-0.0911502689513845,0.0790351142024598,0.428524999488697,0.126931542880323,-1.04659870240612,1.09277047771261,0.390835580127845,0.76774325867823,-0.0400241371954282,0.0759753565296421
"CGaa",319,-0.573458305175378,0.297003363496655,-0.760363991633247,0.279794573570198,0.179680470316627,0.496610537852058,-2.25324669841667,1.020457405588,0.788403846748969,0.423363463422191,0.458846438084625,0.382502615979243
"CGaa",320,-0.480201457620848,0.24074291495913,0.0951326950212005,0.464703328415505,0.0869713754812106,0.309759071266224,-1.51227516340235,0.864706952266606,0.671120778304904,-0.0507940655120817,0.59085613697991,0.609339346812517
"CGaa",321,-0.169326380680701,0.189602605563279,-0.328739597352641,0.692991710911106,-0.177473101637603,0.577793680293626,-0.969747189129047,1.41861577366348,0.520043628692012,-0.424671785021144,0.0249973175399998,1.01707694691049
"CGaa",322,-0.205145503002793,0.17173521647999,-0.707758411422332,0.508268097071285,0.424327046595079,0.174655769210951,-1.30263165049656,1.20388264945953,1.233678145543,0.387728498397364,0.065001485048928,0.208283459148963
"CGaa",323,-0.468976613944766,0.219450380417839,-0.983281871375603,0.951854939061564,-0.467308662265187,1.06063184804511,-0.335914708319678,0.647884647762145,0.253441994253294,0.822307931848388,-0.0622856831084984,-0.0663613750576707
"CGaa",324,0.238207270742655,0.00840560085376924,-0.316501811642302,0.438628139857221,0.354341398867651,0.244562513687416,-0.415054602225293,1.17027526604675,-0.329594341756919,1.26602239221055,0.526762491401704,-0.674749843634795
"CGaa",325,-0.764507474835088,0.418447601394903,-0.0808753127856056,0.447217115577294,0.136115017685881,0.300343340928994,-0.518586827178313,0.39350005834236,0.403788319820609,0.131405178848768,0.128556976007133,0.378766627666973
"CGaa",326,-0.757164943216918,0.380122832683628,-0.353232204369833,0.173477717413612,0.419470978498391,0.25127943349847,-1.38555618269961,0.356278381095119,1.43640278278608,0.425846690314083,0.813354662469515,0.115649055963217
"CGaa",327,-0.866265854363998,0.361791146314198,0.58230491643213,0.287122224291664,0.163883233692835,0.0232360197128216,-1.0080233403439,0.908406934283189,-0.659836569676888,0.39104632183442,0.160784608947297,0.346509358528863
"CGaa",328,-0.457435177043248,0.31927035438806,0.0142218138943273,0.240240273356365,0.549688182862895,0.00690302820261963,-1.46985289649355,1.46586556097559,-0.219428394474903,0.0744972658577499,-0.387477719355412,1.05432444335823
"CGaa",329,-0.400127707349534,0.325661232378882,-0.322099532527434,0.39666695732551,0.334952844869452,0.190749498077588,-2.8078274077315,1.6508605655382,1.22808373996555,0.859880252945746,0.0586687925995415,0.18051198253146
"CGaa",330,-0.635901782329232,0.294620445379884,0.562815072479182,-0.0304467606077957,0.254405206290865,0.148185583692772,-1.63435827034671,1.41890702123192,0.944758830893256,-0.0492288491564891,0.231147083484513,0.665711787859265
"CGaa",331,-0.28463705124781,0.243983233027485,-0.188399202716017,0.840533588827179,0.137770081062285,0.356367081003775,-1.87461373495741,0.920079200962131,0.785986602611265,0.470307954790936,0.489264418464054,0.238822633488506
"CGaa",332,-0.33767592501072,0.310817015703881,-0.934029136680881,-0.16731523058825,-0.162174749270473,0.814587606324597,-1.4985916621069,0.647919100346495,1.1279083615755,0.30670504096498,0.596242185102505,0.425292128048168
"CGaa",333,0.31927551093673,0.0852127886151761,-0.125711871935902,0.170413148047057,-0.0321027675472578,0.474277628023477,-3.31795144539176,1.30409693704259,0.75432310090124,-0.691374117523937,0.278832362082426,1.74451889452608
"CGaa",334,-0.76656836860696,0.417157386679415,-0.268204359733855,0.707420358806344,0.0714952051250272,0.326963879708101,-0.633162301590426,0.557729258736353,-0.719308795148684,0.766628373161036,0.403728105948763,0.0204246753758119
"CGaa",335,-0.377330678738532,0.278904695803197,0.804122226426359,0.35731950947296,-0.160962636407203,0.360741463949227,-1.59788251172835,1.71467334030308,0.352202358443482,0.468327448700129,0.417587008427887,-0.0448349629806683
"CGaa",336,-0.514961301419237,0.272683716066183,0.157231497680334,0.610966403832015,0.0190503271601037,0.33394557845541,-0.403487119184766,0.615237382704194,-0.140786972131979,1.05202780598512,-0.132927754038126,-0.133312286083731
"CGaa",337,-0.247195997753889,0.255243143603106,-0.53491101199506,0.702689670115602,0.0645306574354177,0.389510802471229,-2.15675411303484,2.00669878960871,-0.135822262301661,0.814157970345655,-0.473376589578647,0.649902243007204
"CGaa",338,-0.33032196795444,0.225106581701232,-0.217374292808479,0.215494890827759,0.60451600461297,0.0255271981003331,-2.90811352170242,1.02404558776715,1.70162533241066,0.13161990352932,0.0866146675662267,1.19627021104421
"CGaa",339,-0.0103449490070841,0.167856636649732,-0.102462080043228,0.26997587326522,0.0165596450551977,0.428289008802121,-2.83324373484505,3.07631509938547,-1.05343971170455,0.952084675111971,-0.201060549138916,0.589601655300331
"CGaa",340,-0.407377586800163,0.317830735920309,-1.06286411883116,0.340876391028554,0.554474357672328,0.328813289536423,-1.73158818624114,0.173516894307387,0.647877571963597,1.59404309956266,0.802873147461743,-0.813611508058371
"CGaa",341,-0.155699616293332,0.142933391173696,-0.492066714557361,0.703239604942042,0.191552912148834,0.439409532848145,-2.18240829741984,0.897698060607882,0.907182456716906,0.172685242496663,-0.0662239940790993,1.04414226743778
"CGaa",342,-0.439211130071617,0.243704255710255,0.0520237265714699,0.399956504136634,0.458480291932948,0.0594539035037651,-2.30556908333577,1.92992495096933,-0.610570278255991,0.123320431684849,0.632964550435221,0.613216682326558
"CGaa",343,-1.23220926158721,0.47661414641189,-0.189254666129939,1.00053987895246,0.108825025985961,0.329900182947161,-1.2310591055905,0.942686989477585,0.713853794732837,0.133333383347878,-0.0804021033985588,0.82756832948123
"CGaa",344,-0.236668608650946,0.259501856197639,-0.808959358244663,-0.124121159071269,0.0622572901070103,0.665315303911627,-2.21303979673757,0.810071392732587,0.346206646000918,0.614908849924411,-0.0290706451517758,0.502743584961813
"CGaa",345,-0.688847051682999,0.305038145706233,-0.830676892946935,0.366717382221474,0.204510799043223,0.558211947012257,-2.35441430747877,0.421103655744764,0.396906950168138,1.92216721359801,-0.728204369742259,-0.13028210358358
"CGaa",346,-0.571918427364007,0.280203694714537,0.140791799620287,0.810926623298312,-0.0372689117682519,0.333631523309638,-1.87571249982172,0.778301369413559,0.779954163395977,0.836408811266142,-0.449833755162037,0.499865366433219
"CGaa",347,-0.72762424984317,0.437458455944983,-0.00444274565874726,0.570461111813538,0.316567871709884,0.116063833139894,-1.71764644582957,0.975826691000581,-0.729040991192574,0.0565148955443139,0.692276189786597,0.623296762463197
"CGaa",348,-0.794983355522118,0.319751958470391,-1.07442743043788,0.457369851868059,-0.046528825013238,0.630190448757707,-0.760538071351248,0.576975278515701,0.122244085420529,0.566550268495456,0.536378489451771,0.0922257143694527
"CGaa",349,-0.594459084996328,0.371654637023238,-0.00583634411156933,-0.0164101989124715,0.00659510241662792,0.446720004412679,-1.43600229593478,1.20243234781051,0.448070991939908,1.06019567012775,-0.174294469728018,-0.02374220543084
"CGaa",350,-0.702804561876231,0.327669850288771,-0.43677187051429,1.08632997170526,0.299133715047409,0.188706786743408,-2.00624310103106,1.25759341793011,0.228006459748543,0.0694297933996929,-0.0683167198844925,1.00183399551699
"CGaa",351,-0.217640550335922,0.183882376258826,-0.581775730994609,0.0596561371762263,-0.213690043321622,0.776322299587208,-2.61073705490942,0.956376397628944,0.987666409790913,-0.312467504442055,0.631308994903004,1.03305123163159
"CGaa",352,-0.633794992657802,0.336720546206605,0.031593013431005,-0.378869056300428,0.472152550605443,0.178720378304064,-0.409237827684236,1.45491671975515,0.480070246543292,0.782159408800288,-0.469939979183829,0.112436614185969
"CGaa",353,0.303341655889898,0.0811944762196623,-0.114655001893741,0.150132224357728,-0.198696455577804,0.611364604789899,-1.66684619438017,0.714788573734111,0.0763901059299845,0.729595567074167,0.00292305416462461,0.604243266671377
"CGaa",354,-0.241268239341329,0.274450773829828,0.880630140245758,0.367859018609689,0.495653538498146,-0.200255031026005,-0.992598972821124,1.33888278165017,0.238777154436462,-0.178210612248663,0.291264487782594,0.820894365372684
"CGaa",355,-0.202122507149185,0.17021764661218,-0.999967245605884,0.58106939686277,0.242115048282799,0.579226485453522,-1.35329275508216,1.30794372875027,0.387227920994947,-0.311276349560227,0.767447914882953,0.640101629703548
"CGaa",356,-0.189369507486495,0.252698478902947,0.172817483919551,-0.377887066079065,0.456538579854546,0.156200636329302,-2.57779147142045,2.12653493446539,0.685514645034143,0.185626634950378,0.0923049379801074,0.749911127256998
"CGaa",357,-0.41647349938088,0.287560731877563,0.19062502375819,0.183351449473945,-0.0199601597931822,0.354530431848122,-1.17955001355412,0.172104035294799,1.46316376114688,1.13763314429002,0.201800114071692,-0.280134272122359
"CGaa",358,-0.455171372399707,0.24750318116761,-0.330245439231704,0.990275546048013,0.176875227760086,0.283431168010937,-1.94303450978442,1.39782999530188,1.98766654377314,0.78290897880331,-0.626596576507717,0.58561494594299
"CGaa",359,-0.343453568189727,0.188669555110374,-0.616715834236476,0.546284857490252,0.0525186777550091,0.52552225454953,-1.3511017019865,0.693891657494736,0.000330070020525374,1.13290975926823,0.805655831943302,-0.421989689650496
"CGaa",360,-0.883503925457762,0.40126627001478,-1.07227223985122,0.0554026543223159,0.914446183002836,0.14414485264942,-0.540508453565874,2.13996158886733,-0.96677234987421,1.56821987838218,0.481777005774442,-1.02662054280826
"CGaa",361,-0.215890830080434,0.229001269308848,-0.585323352074193,0.27089789650042,-0.0303255498738919,0.535030422979494,-1.78981124914595,0.768102345904801,1.20914897067956,0.241986735781806,0.602666242644201,0.229706479581484
"CGaa",362,-0.439167373321038,0.309292019403699,0.616794749481943,-0.0802148877004975,0.707102122420482,-0.106722063702717,-0.341672470055116,-1.41179801644987,2.99249887040497,-0.0798347160806829,0.274467097447803,0.908449178361021
"CGaa",363,-0.0649787759221434,0.190520567187421,-0.235663197636556,-0.472968918191031,0.163711677987974,0.542982810600404,-1.54188376956882,-0.272009635997104,0.887334084871241,0.444286074436416,0.433439715522158,0.504431624426096
"CGaa",364,-0.823242091201699,0.386108166235022,-0.27565159791042,0.509265590474704,0.146782588485464,0.352893334940664,-0.920269701328026,-0.222306928821701,0.352351353720196,0.113140778186628,0.191337796258431,0.769464181836075
"CGaa",365,-0.67138134946517,0.34740945263982,0.47928204312785,0.0765459648299766,-0.102483721541797,0.501423250001909,-1.65158752852142,1.76572980167827,-0.71014815731225,0.0127579981603713,0.0861506959729478,0.964877975948797
"CGaa",366,-0.471418404509769,0.345487512529107,-0.88971870828913,0.52478934418875,-0.146252768798549,0.863780913087866,-1.83452424893578,1.6438283819274,0.700512716694253,0.10496460082024,0.0789785050529417,0.662489197579629
"CGaa",367,-0.300098101136455,0.265144038025588,-0.58158808518283,0.320939409973756,0.122508530911964,0.478081904275416,-1.26262677915597,1.18556881772619,-0.119860996888236,1.12790643031035,0.433466960772891,-0.490556989541608
"CGaa",368,-0.695900870132444,0.393892175200897,-0.274200154219459,0.465606017843315,0.104685388136874,0.403232233469217,-1.33957963083642,1.73485837755596,0.514145656416652,0.464599958467345,0.00996076298386884,0.373889210163018
"CGaa",369,-0.477004078870342,0.2757829760068,-0.71000260156792,1.00195355537004,0.203667496239317,0.409484326059919,-2.3460786369415,0.0109462617712005,0.0870352377444655,0.871777644159476,0.908824936983337,0.266710396788159
"CGaa",370,-0.916667822337783,0.397109025288489,-0.451015951941728,0.0236006043530694,-0.0609571642867551,0.65470012539259,-2.53335244832238,1.61168140418273,1.11785369413003,-0.688714697421214,-0.0100013543513466,1.82420510425042
"CGaa",371,-0.368299364021252,0.276399434935254,-0.856573922180735,0.2558166964083,-0.061479802129568,0.769438269342664,-1.54219723414519,0.829409306081925,0.59903610665751,0.2915316672386,-0.23911976606879,0.837800925361317
"CGaa",372,-0.517455974990039,0.336863538174843,-0.828388241714118,0.170777896155673,0.461810990621173,0.235210394527516,-1.38729468620297,0.900788120985016,0.0700950694970883,0.260187177989244,-0.125745642039688,0.845275546684878
"CGaa",373,-1.03666408841416,0.519989238892524,-0.162011900064529,0.0347329053257408,-0.0264625648021678,0.49698040454407,-0.330550554006329,0.342244263283255,0.299780990585589,0.913387869686896,0.756532876387626,-0.71431068456244
"CGaa",374,-0.308950213416052,0.267053087336886,0.76951033242422,-0.0118275732541574,-0.212871330437487,0.507870712273559,-1.27549829278786,1.48255705811005,0.603065521234589,0.614954358151308,0.0897611743623659,0.101028811309076
"CGaa",375,-0.57539175905505,0.283600741702227,0.337309459928802,0.378811910690142,0.032412956190227,0.352581514682025,-2.19289107035269,1.34760230763752,0.130782472103389,-0.221045725935725,0.678453356173683,0.962479468486255
"CGaa",376,0.012833570854331,0.243880741466778,0.659325660862792,-0.078931729128483,-0.412475726335751,0.666471646205602,-1.86667785355177,2.65157525319274,-0.587910716572498,-1.57265181755524,0.871992953655049,1.8093034713801
"CGaa",377,-0.155627109084275,0.244419729160337,0.773381559518776,-0.376415993642103,0.27823233490737,0.103798084725426,-0.169361854824893,0.168240086118139,0.45948346085528,0.42406966724134,-0.258767090123431,0.354779331138112
"CGaa",378,-1.26245557840286,0.556649369457623,-0.868025109429927,0.103659688311594,0.246563320317161,0.494712016049426,-1.40385209263513,0.837451096825174,1.17641641032946,-0.400218930676179,0.361337303618673,0.962866261328457
"CGaa",379,-0.606219972049076,0.317541625704369,-0.174115994912616,0.427596305449913,-0.177475382200661,0.631875292262549,-0.76596485302683,0.70380636190777,-0.175633234109763,0.838530490748852,0.66364987909453,-0.204423751112834
"CGaa",380,-0.00697567659203335,0.097073541727987,-0.168272150604212,0.222288412342428,0.22118421077168,0.317161219567456,-2.90043743548405,1.0988332187359,1.46352376191537,0.59011547523355,-0.31465976083865,0.72863213824612
"CGaa",381,-0.819099301279206,0.390392781734629,-0.176627457794211,-0.0721237832123369,0.658623911838064,0.0704105308530742,-1.94922375271559,-0.422778125337242,-0.239240608460648,-0.218226927251416,-0.25025805899231,1.83712904523479
"CGaa",382,-0.346010055830441,0.233686544436775,-0.0399284961469129,0.0273010965379209,-0.0308335224740665,0.561299393090456,-2.42182016260079,1.26942973846821,0.635367763084201,0.85032463950756,-0.214630176385075,0.44548230011743
"CGaa",383,-0.366016220420393,0.267385677836305,-0.604689889104407,0.0510851868891789,0.151504653430446,0.485085524572678,-2.17138774108602,1.22085176891064,-0.222026100806972,-0.753486566368783,0.133981029170168,1.80691390571953
"CGaa",384,-0.231962234071469,0.288524880688702,0.206555244858287,0.254534808151294,0.185615027031346,0.231162565349202,-2.06445554137064,-0.166642977178698,1.56363025812957,0.0568304377688155,0.254874044764306,1.055040975277
"CGaa",385,-0.171653722094952,0.188005499197674,0.100777101469222,-0.585448076031176,0.618063574008322,0.204318693263974,-2.55881683935989,1.33883904609892,0.318644379906989,-0.112426762594948,0.15116495631603,1.06599991744857
"CGaa",386,-0.500851747654475,0.283368687692553,-0.3023993431324,0.489624449606482,-0.0602488799284965,0.502216194158818,0.727616887693802,-0.86922854330431,-0.508321880484707,0.519682685579987,0.3661513571611,0.0821536616413617
"CGaa",387,-0.367198808258377,0.270785717463768,0.703789083916891,0.29575828353741,0.43479364056635,-0.0997724095383841,-2.26165475300143,0.996260614251261,0.195674364159881,0.140821996989915,-0.400262744720824,1.21108381633078
"CGaa",388,-0.488545491506186,0.324616669550334,-0.332369060699934,0.274031432284599,0.483823676548656,0.26356194052774,-2.1424393295565,1.57979420561405,1.15001119875755,-0.192180744927554,0.878361654091682,0.748525723220519
"CGaa",389,-0.903833190992525,0.392927457362624,0.0318483406609217,-0.0901925350602444,0.272509622336299,0.278659252678304,-1.34892252494325,0.723143102825714,0.877931373734449,0.315743768550197,-0.463462878583345,0.932129945716058
"CGaa",390,-0.0677318331540409,0.14403744812757,-0.183203517980838,0.363266980949859,0.278714588130082,0.226039286511245,-1.70840619041941,1.33857796853953,0.416818326332403,1.44233461817439,-0.27903466460355,-0.109544463965658
"CGaa",391,-0.122032919239672,0.202170536817067,-0.763486824227406,0.13463880592763,0.512574528202038,0.324811817433092,-1.06450728925276,0.116366200837714,0.0448047546772724,-0.867278581912046,0.545464834365041,1.55764892528608
"CGaa",392,-0.623482806714616,0.310447208654911,0.226748517676337,0.892184101011357,0.289906169826322,0.113444335354976,-2.35452702903717,1.83571206925885,0.195122120118773,-0.642047694899025,-0.0197262890880282,1.72920659413899
"CGaa",393,-0.460401820240984,0.310598472728207,0.117609056047606,0.117373094612476,-0.0014504733178433,0.390558127474513,-1.99454279613806,0.630679829049812,-0.319543566754752,1.23886175145212,0.580121147930879,-0.251314055908881
"CGaa",394,-0.776087313116902,0.417750670446899,-0.94618808370453,1.22500188126243,-0.0952206586328199,0.642857085861,-3.05150333250791,2.31643075139589,0.159296604396457,-0.0327429455822537,0.0263640885068108,1.3204196463175
"CGaa",395,-0.473682206148993,0.305051422405539,-0.209865922576517,0.49791863692067,-0.130967319173703,0.554007543864853,-0.958880249631939,1.66662291566267,-0.663557258101887,-0.136520853906471,0.138788728666728,0.849113876274487
"CGaa",396,-0.143921988552216,0.190682612624682,-0.414158739737322,0.0521956139475488,0.335135195090012,0.383175737533218,-1.61999103880151,-0.199999069134289,0.576416166352169,0.594233169694848,0.641225377344685,-0.0482133321440384
"CGaa",397,-0.161008452242999,0.150732084802357,-0.61547080615162,0.155222472518717,0.236285693065943,0.458164123082348,-1.1161671672548,0.489138253775891,-0.181007517192217,0.472746043576725,0.205386855054973,0.37885037876042
"CGaa",398,-0.500375127741994,0.323854416559561,-0.980113379485724,0.734767561449119,0.373543765862187,0.453603500756545,-1.61543995169492,-0.338536381498265,1.0663876883902,0.306857027231055,0.269333257810232,0.722236959388451
"CGaa",399,-0.140648498553262,0.215694756774259,0.193699682704867,0.0362898142255231,0.0440865879003393,0.395476222099016,-3.25972634726775,2.08488145154043,0.0365515743326663,-0.57814633841074,1.13364644904885,1.23773579767788
"CGaa",400,-0.132550280714723,0.128068982838159,-0.109618426314991,0.629434068711936,0.230751413097819,0.156039040185086,-0.954823321484797,1.36592656529293,0.0767150680282985,-0.330487569162597,-0.148800655848836,1.1687280213099
"CGaa",401,-1.2522231210533,0.514798982766921,-0.301042283348366,0.606440800050229,0.104127313225835,0.323767515977956,-1.01953500863566,0.816604827365492,-0.524369665026334,0.0308679762984292,0.222320675705167,0.633151659832164
"CGaa",402,-0.688206818512341,0.313861852934125,-1.17326461787564,0.889223671178695,-0.131815932822974,0.765349027586176,-0.493030739850081,-0.11705238057151,2.13884624695792,-0.210034108659609,-0.330973778542075,1.07669998478616
"CGaa",403,-0.541350098964413,0.412579396848588,0.701114958432826,0.663033821551019,0.23708011745492,-0.0264325740687299,-0.838201803258538,1.65433620230742,-0.306214844493847,1.01260164270503,0.300763349788978,-0.393873045206492
"CGaa",404,-0.317406451158406,0.250901605544147,-0.490026325663966,0.391651879059378,0.277779958048729,0.347380955885925,-0.949247064299966,1.04985164549421,0.209610527673948,0.505599395662725,-0.277761241527476,0.462025980248899
"CGaa",405,-0.909294762837375,0.421850427670945,-0.198236065346284,-0.0266773427084851,0.231962280251496,0.370268135901635,-2.7142260548759,0.63914915012963,0.428696063266498,-0.407388124805507,0.224435886762926,1.6602237541629
"CGaa",406,-0.089809689005497,0.115334032724828,0.380974992949387,-0.498848357592724,0.472424369732989,0.197883087704426,-1.34864919272596,0.890338990952513,-1.11342180638624,0.0548733533946068,0.0048929803466909,1.01398508537706
"CGaa",407,-0.561083484566004,0.309448656860382,-0.233784773730409,0.244532052729669,-0.00144256623649612,0.487691077964281,0.776586601095685,-0.565873555514823,-0.107911263773793,1.18798183479702,0.773026493629608,-0.694775455432631
"CGaa",408,-0.328152334630985,0.272214888069948,-0.349965081309233,1.13514114649669,0.146615353971258,0.311565235672265,-1.97093663662822,1.94418108836105,-0.0182181657242536,0.491873174880364,-0.0948452171111675,0.740997267926547
"CGaa",409,-0.628411915949418,0.309738588599139,-0.289350815011423,0.492952113797969,-0.341715258223508,0.678678763439121,-1.16897669874008,0.592580171984342,0.692586305537642,0.257408192863422,-0.447202317872293,0.967516615919317
"CGaa",410,-1.08661942996164,0.446411006666769,0.153693427571156,0.462911068327261,0.416655175897702,0.152760457977222,-1.78730752351492,0.901341852707789,0.989265368234386,0.821597957517172,0.544556565132994,-0.171062347104101
"CGaa",411,-0.834195816684359,0.418661979466985,-0.220223757241847,0.37073725251549,-0.202813322084185,0.573218386035157,-2.10849127705189,-0.0191113386956674,1.81892438410606,0.812227679648155,0.294315603510814,0.24025741071476
"CGaa",412,-0.562168191483484,0.314412624069658,-0.0539864814651116,0.330635635641431,0.20498223819254,0.280566888120287,-0.447389146914234,1.04603189524526,-0.60183704795366,0.411113213335082,-0.381999928370403,0.806446691024498
"CGaa",413,-0.486726593009847,0.299974847787926,-0.0906110950010109,0.558007844660664,0.247743317737761,0.263506931917745,-1.20962199562453,0.099319112494833,0.06213282047388,-1.34601913966901,0.557757362036307,2.29224464310642
"CGaa",414,-0.349908865812247,0.30122289078223,-0.728955075491208,0.242814959553333,0.525380509582812,0.17716987752976,-2.05203545899701,0.266997294487111,-0.508732610143353,0.980165850264431,0.0848871836649442,0.329093930507742
"CGaa",415,-0.560030437974308,0.322589860978212,-0.272557620027142,0.381005588167415,-0.00106210038125949,0.501892236716499,-1.67226678380382,1.50992170421875,0.960159241893053,-0.406422182755414,0.61481100412943,0.940810932550274
"CGaa",416,-0.383104941381498,0.310122677571631,0.0766846296698062,0.249004958788507,0.0537220522058687,0.287599739418343,-2.07161170596511,1.23081849111083,0.312736750875876,0.547362351208338,-0.0286708027304306,0.482211262981695
"CGaa",417,-0.23669240396594,0.175337877158281,-0.449510773237929,0.5140849261271,0.210959952865057,0.364431681236368,-2.06433356810743,0.46113599124603,0.662592322559982,0.847118583559243,0.437404645320233,0.265904697876699
"CGaa",418,-0.692325056355129,0.309087656447956,-0.185176533321831,0.752098357769937,0.360415463842261,0.228700059938798,-1.21166412315293,1.01698674568499,0.164192607145719,0.163611585008265,0.437624481091902,0.42934363724334
"CGaa",419,-0.286109423135596,0.241579445228546,-0.447667475974718,0.280057901127396,0.0238787764945032,0.53284816990104,-1.8740178188977,-0.0903915362256296,0.453204360598142,0.318650654917458,-0.242300758457381,1.25266505608948
"CGaa",420,-0.168186197890149,0.181372096104129,0.120802269195411,0.204762641048868,0.129368031482681,0.320356274530508,-4.46279351565193,0.0612555635092075,1.99441858130824,1.19061579493073,-0.404252894007653,1.28185608553685
"CGaa",421,-0.686997039050822,0.357096636548135,-0.870783781621441,0.330836272365412,0.0838501440075508,0.606783201873923,-2.15163384105726,0.535928272206128,0.812172387428211,-0.126275484017751,-0.363668064790704,1.51196425050569
"CGaa",422,-0.178167113843602,0.190454117931709,-0.494195847969025,0.492107845985596,-0.14770203903603,0.679339170390029,-1.65393379576409,1.67396154800723,0.217507928613696,0.76487552920965,-0.32175761573015,0.239951002474431
"CGaa",423,-0.766417832099233,0.403269661200084,-0.205776389406828,0.933136226515835,-0.164666493214069,0.622792955413631,-2.95014761638798,-0.671777230732226,0.328048631218544,2.29694797157804,0.691164998305938,-0.281801322527828
"CGaa",424,-0.470898494663989,0.26398172679646,-0.909711459683889,0.630088946307199,-0.332233060796761,0.817898544884064,-2.17012211427561,1.19138325360957,0.267912362636024,0.465710962625645,0.000868111408234987,0.625921927495054
"CGaa",425,-0.761909626346453,0.399412149197985,0.205993877614131,-0.500445360447548,0.219371719034667,0.324330346968766,-1.2176332786375,0.703333672190191,0.187569212185379,0.132119074392069,0.298981676257526,0.48095560322669
"CGaa",426,-0.6805406137112,0.381009221472187,-0.469115394562619,-0.369059541788952,0.102205972547288,0.69124638511903,-1.56060082608693,0.658758138362476,0.981972192279413,0.309373268753523,0.0819991540817464,0.338642275137828
"CGaa",427,-0.259760387752265,0.196556039509184,-0.515770684665125,0.157966138959621,0.249451064268288,0.430988711921561,-2.20094902965245,0.820286180533063,0.301882351188376,0.703163237894943,-0.134440290433382,0.714077401526973
"CGaa",428,-0.735418458739999,0.370443302934405,0.0703218710960254,0.621907723982938,-0.239531568147485,0.541537261072511,-1.00598158803973,0.808128943500863,1.04333454686537,0.461688902125114,-0.481423616636376,0.782413109728348
"CGaa",429,-0.824648550903226,0.40621191504821,-0.322722545027683,0.819536170215449,0.0705572289106682,0.317957349049692,-1.69160220750758,1.24508921483668,0.0257612119883005,0.0673989784082708,0.149408519160936,0.757017173345849
"CGaa",430,-0.869480525178811,0.467537951262539,-0.788760727554995,0.80572052834159,0.497374632195666,0.185092505322441,-0.896274925927555,0.313021864518477,0.710174815322671,0.992997333417733,0.961129359005518,-0.647844895531271
"CGaa",431,-0.941176597369589,0.49167848179534,0.386919716314619,-0.188119743156086,0.425699457981974,0.113447433720976,-0.987290933698966,0.594419110751065,0.233375032750708,0.404380495520335,-0.345548236369887,0.66712895478629
"CGaa",432,-0.427841745303817,0.339898413589527,0.0339384445758001,0.436288983764175,-0.114315314392695,0.44950659825513,-2.04993021880737,1.44559528281591,0.367935256939291,0.750578290643672,0.148724451319565,0.182779435336305
"CGaa",433,-0.200248097350204,0.23542196439526,-0.568219270683754,-0.404148844688694,0.63614175905164,0.187222471095391,-1.04740327821503,1.48270391077067,-0.387688240132846,1.30909922474245,0.783388282821873,-0.888487712364953
"CGaa",434,-0.0338576794882831,0.145621432092733,-0.142617697117336,-0.629972809780241,0.33739718415705,0.316518263445383,-0.0232643157340671,0.838932128247645,0.219685171195928,-0.246404351012647,0.170146526122234,0.611099244505075
"CGaa",435,-0.421340026757459,0.247759650372649,-0.272587097783573,0.694123219600263,0.183731678877149,0.351450381521176,-2.5694278355814,0.33831371744198,1.50736613610257,-0.0333893158939249,0.441417394260367,0.983411124017014
"CGaa",436,-0.65945249630704,0.349976828684423,-0.418251605588562,0.553645999725415,0.00782861404901267,0.528471477499075,-2.20035848954015,0.565972933044538,1.20411393949454,0.447095071902169,-0.174109107087643,0.88551827861589
"CGaa",437,-0.397807646487895,0.256131225745065,-0.326939159050148,0.554670853040425,-0.0991600928049076,0.56255474499709,-1.26649533454964,1.28609249649902,0.36451389350985,0.117351581604371,0.440727756183037,0.22941726981629
"CGaa",438,-1.15768293647558,0.494352251273955,0.048102266490906,0.461723770546076,0.0216640909783194,0.357326214874469,-1.63605746736467,0.144254573683219,0.841357598188312,0.412877882249275,0.0358371647640968,0.511600048194927
"CGaa",439,-0.938611244699859,0.488878589791353,-0.0392502595402845,0.533176647965047,0.34547126510814,0.137308065148325,-2.72753228740133,0.72288184826259,0.713808323724874,0.145535042940033,0.623700708563017,0.782248531449331
"CGaa",440,0.258930726363186,0.0507506375181728,0.308310205575962,-0.146498079392381,0.15373325178475,0.367176098542411,-2.58150277231639,1.40865161974082,-2.02773063310098,1.21840018335392,0.325955443614982,0.504465961378846
"CGaa",441,-0.649125993214047,0.398995009980244,-0.948917793045906,0.398592211604763,-0.0169366915596437,0.618885930247848,-1.68615335566503,0.864080089260588,0.537901321568173,0.201628092314068,0.440228477388496,0.372572692197652
"CGaa",442,0.160354014580115,0.0990332466916789,-0.740431152418839,0.379385111826336,-0.0327807092033835,0.682543427062508,-2.84949852888581,0.222952299116069,1.00442753938759,0.696634628267219,0.21828015677539,0.895526618073064
"CGaa",443,-0.803025901654049,0.397553392272554,-0.420781547928644,0.0367231135232358,0.12162483787448,0.516446262931015,-1.06921309558547,1.74924679916735,1.18412667757951,0.896184384747848,0.00832301535318192,-0.313914059500439
"CGaa",444,-0.490533561450777,0.30053169269534,-0.305954459763322,0.85642237896839,0.177944109018952,0.379543269126515,-1.72008273281739,1.8640954039653,-0.405118374077068,-0.252633071454865,0.210370826208343,0.804435908904795
"CGaa",445,-0.879970354542536,0.397714282448416,-0.298705919527797,-0.35390017004649,-0.106044256055151,0.714810748654074,-0.359977034855472,-0.28835634825585,-0.370056272197986,0.237832310210043,0.617394876023281,0.315622074696726
"CGaa",446,-0.376038596930263,0.208453714747159,0.0258646325475408,-0.338382034915971,-0.12155835291315,0.674878253300739,-1.09015709597072,1.13150084135944,0.40873563421724,0.25928704830664,0.0890678923400631,0.450551982187829
"CGaa",447,-0.463382732957031,0.329231325153277,0.599765387433738,0.561194126235423,0.343651598830238,0.0123897207940457,-2.53380227523271,1.26690065300743,2.26222202889185,-0.829132776297064,-0.219275980553526,2.22589407854555
"CGaa",448,-0.284296876293315,0.177716284414378,0.343721342500056,0.829135077025724,0.319272735015005,0.0623067097967029,-3.21564645632535,1.14397457153203,-0.170117317693652,-0.683689837641708,0.593431869130964,1.87247535078631
"CGaa",449,-0.647518797574851,0.32669697798918,-0.26834968749556,-0.070532470165278,0.0750650633054318,0.490180886362622,-1.31282165406667,1.10014651770081,-0.0805812413992507,0.676496768630376,-0.272522916028423,0.385832701966047
"CGaa",450,0.0481064608448365,0.126962213255113,0.0738889414130508,-0.445278077209383,-0.238861547534063,0.74190608119457,-2.33908753842535,0.634843643193398,0.297076131120405,0.913736325524776,0.395582756998181,0.196120889489819
"CGaa",451,-0.0773515156106043,0.0781016488651987,-0.218699702918873,-0.0014644328073225,0.378142185202832,0.185744801037748,-0.87451603253137,1.0856965115085,-0.594147204163683,0.637688295992054,0.783768433751179,-0.205492646758408
"CGaa",452,-0.397975529980671,0.215003481455242,0.0979726335901514,0.78974578742951,0.556653111825097,0.154199385600706,-1.41551566185747,-0.718372077694311,1.21300997030454,1.11140561735378,0.570158406893449,-0.145756970391283
"CGaa",453,-0.608197406581202,0.395742807849535,-1.04559022258675,0.646053708862049,0.438519101593098,0.391893254947248,-0.973905068805948,0.893587825777714,0.843009037663916,-0.047983805427636,0.13596652385541,0.545696763322713
"CGaa",454,-0.139797572032664,0.190431017700377,-0.0275832236824866,0.141471892081934,0.34170913368758,0.204860860807728,-1.53159550865405,0.640310991839749,0.0351996761794663,0.0974105135317653,0.00749985300704299,0.917410211712491
"CGaa",455,-0.65874140948298,0.35854625703863,-0.376995440480179,0.802037478288925,0.0532537469074672,0.368879526261303,-1.77064847721879,1.07532250052492,0.783813900465088,0.628070189677842,0.0867281128575636,0.25084182662394
"CGaa",456,-0.787005738166604,0.396054612044502,0.21089993698385,-0.103397010264501,0.0408185080613742,0.32872401396404,-0.716250259578755,0.827875628724657,-0.101259387302308,0.0596528407306173,0.518993244225785,0.454793364774614
"CGaa",457,-0.784007115449023,0.305209647341284,0.43916776863239,0.441600264152149,0.463724819433871,0.0212398800887603,-2.50002268651112,1.87989002741693,-0.102313278149904,0.617118637151986,0.314496857826134,0.17619791305083
"CGaa",458,-0.233668984687933,0.170733778030506,-0.870215040962225,0.549125613797564,0.226696797998774,0.407252567828424,-1.70857507973333,1.0527394927669,0.734136187176973,0.281300003101251,0.657134900578297,0.263044547430136
"CGaa",459,-0.211505672514881,0.10867059666889,-0.661226555535128,0.169867813702403,0.371341865000742,0.379288166010318,-1.74965203582198,0.305664979234387,0.0998916329065329,0.590821541153718,-0.13956571649026,0.696333026875187
"CGaa",460,-0.484855101244328,0.355417678834829,0.159612267656239,0.0930368176706574,0.0151226063463577,0.311112300682195,-2.15507956510812,1.32121797041262,1.36553939660849,0.33772920777055,-0.494138523813196,1.01250645967077
"CGaa",461,-0.437444323359568,0.322108246560528,-1.60095746447436,-0.515946660919446,0.126912297532368,0.988022326945676,-1.69183114515101,1.58750092425766,0.276512865180441,0.525997664406677,0.791989139197422,-0.0164616602814046
"CGaa",462,-1.14134824622108,0.467732445804701,-0.0468531975900257,1.06074004015548,0.404195275139692,0.0968757444129541,0.371008954707374,0.283276934827265,0.548143855176802,0.545162116166105,-0.373754110957067,0.358247105355242
"CGaa",463,-0.241969491773468,0.213625852424294,-0.837835935075109,0.561240413705721,0.0346534132793302,0.639284870708101,-1.02277086190594,0.565537928177461,0.331870073717244,0.441450260588037,0.0978170588038296,0.173142847576408
"CGaa",464,-0.395199104608878,0.191103253165138,-0.782950726508218,0.659754939031774,-0.200683915169715,0.755555270317525,-2.64144558413877,0.741740635203872,0.319400032586083,0.260711602584391,-0.237008260726944,1.16330796796773
"CGaa",465,-0.820672995710305,0.407591559797385,-0.524693802593348,-0.177477421286561,-0.0853426057220355,0.718711980706179,-1.23807666388505,1.69093842925434,-1.24606617242982,-1.22320152266445,1.22907746759126,1.48910861353003
"CGaa",466,-0.787516711620156,0.362716984302111,0.377553331099527,0.531021236851065,0.303185274770352,0.196536896818173,-1.17827947334454,0.924227217085573,0.680417482691909,1.05681667312593,-0.498026486159499,0.0100770948157959
"CGaa",467,-0.838316665427334,0.403362269585627,-1.01857584076011,0.190935582419375,0.0981251066129239,0.601063417464583,-1.21760104395017,1.60800040093955,-0.796926439117502,0.587473747948083,0.441391942773554,0.212969950984717
"CGaa",468,-0.995900956111968,0.399501673065773,-0.14022428615661,0.222098308929884,0.399540433832498,0.319830256113079,-0.33835038547597,-1.13866815672696,-0.874387167079909,0.485138632324899,0.366826224587518,0.925076839048896
"CGaa",469,-1.46532339843924,0.680160973228234,0.329491220046863,0.633447775619178,0.173829882279794,0.214780628458,-2.67096498121561,1.49403785829496,0.0791501087083032,0.845274457205137,0.68907450353579,-0.152738356018381
"CGaa",470,-0.0384939844333222,0.164377576970185,-1.87583756423912,0.606672432746565,-0.172209863953424,1.09192294620722,-2.3656088916793,1.17354446487754,0.716948350264002,-0.657962979124598,0.288451783818615,1.52425512525099
"CGaa",471,-0.381079645672116,0.281938466337198,-0.133880101480865,0.624879373168257,0.189384990506482,0.225377180695347,-0.907038149862735,1.16443876993427,-0.399843397643481,-0.247062738396289,0.733038588090566,0.652405685373136
"CGaa",472,-0.860161728895775,0.413574149150759,-0.874629188008645,0.0336554039385222,0.295112796126591,0.430469517613395,-2.41554023380937,1.21245078515242,0.52414426588687,0.339138407494074,0.227358271598154,0.613768620406752
"CGaa",473,-0.298455128610292,0.25622330294844,-0.893406105148773,0.769098385142605,-0.014924560216405,0.635606019633205,-1.59893827067018,0.675398211577229,0.409522409219051,-0.206786774702841,0.652923404886261,0.718918470856503
"CGaa",474,-0.559966385129908,0.356566454907956,-0.0484440452435507,-0.0591864179888995,0.41483464129249,0.0877162432266291,-4.38854836322931,2.37500127077522,-0.1887024410968,-2.56132961618399,-0.439954728364798,5.59870121705075
"CGaa",475,-0.356169987339307,0.192948801440486,-0.22824588566372,0.277432476151116,0.52022347048915,0.188220906913414,-4.14794009554824,0.726686150203838,1.87065188612055,0.520884682628657,-0.0270389036131989,1.29660542064734
"CGaa",476,-0.961842533993408,0.371223235197707,-0.480819477559395,0.802184026884445,0.0690815435671772,0.417167357197729,-2.47888817695426,0.876708511116953,1.14313950292164,0.581385253309744,-0.00844172589890684,0.683383459663578
"CGaa",477,-0.593302022446726,0.332279610878961,-0.0195295112608174,0.0318472441599248,0.43647130483427,0.204564138005145,0.29481004159251,0.0022644141484915,0.412124232781824,-0.2029858736204,-0.250824844863839,0.916843815110253
"CGaa",478,-0.98337477739834,0.49625311316455,0.0291813522800589,0.35941980286879,0.112299790211611,0.363621636129986,-2.49932295284348,1.09885223220172,0.452100181396112,-0.53899058592476,-0.308090669641436,1.98198833129081
"CGaa",479,-0.696703111291487,0.328471691395285,-0.616325317534459,0.369976145960796,0.0198777799328567,0.632837743011379,-0.905539243425619,0.571921007555015,-1.1674299907007,0.561079842886624,0.565225457318563,0.282899565019773
"CGaa",480,-0.85916984856697,0.368176915102455,0.210765380323277,0.824949505864378,-0.0579660269548329,0.350163009310576,-1.21104512005327,1.9017792793798,0.318136470095982,0.885279794144662,0.612849851012474,-0.463920584249824
"CGaa",481,-0.550342162586427,0.190730215409847,0.100927271166646,-0.0387568063768739,0.037835487280791,0.489795795449105,-1.14486806417739,1.59556261512676,0.717268639495264,1.38704247325117,0.613096778090051,-0.827713592733667
"CGaa",482,-0.709192699242278,0.292372325791308,-0.867996641559715,0.869689744184428,0.132847945803196,0.386077589193495,-1.84890057572661,2.03173094482324,-0.725638327934569,-0.178678345742323,0.114620306048153,1.15132803205909
"CGaa",483,-0.589092940667372,0.242414366988471,0.271278417118505,1.47514106670083,0.167706860904249,0.256146558867869,-0.204629617685928,0.407790257682638,-0.16495220916659,0.629867927134083,0.457967066758533,-0.0923294142890574
"CGaa",484,-0.541016907281551,0.262929988582127,-0.888146000971159,0.688092009291146,0.0208446961655153,0.573481715040888,-0.90056567560699,0.313210295073846,0.411265149577013,0.369031282906003,0.143138719147815,0.590793048148135
"CGaa",485,-0.129801546088723,0.132016794892777,0.837537893114135,0.17981879624376,0.0797747596162754,0.180626261483297,-0.904579753432393,-0.174069359801683,-0.0194191717601279,0.156714448288467,0.210116118403162,0.646458953667588
"CGaa",486,-0.303193051391382,0.230633279743384,0.0113093266189045,0.0814788797342931,0.757295200063658,-0.00481322962886424,-2.64789479659027,0.675106573069092,0.743438723608853,0.71461903398672,0.0185966779409313,0.535819747881032
"CGaa",487,-0.330827398779239,0.203442245336141,-0.746944361262998,-0.162515070136702,0.313126563420812,0.560316499497774,-2.11556319737088,0.286438724105239,0.631337095750223,0.715136049138906,0.360093740734544,0.379901774470972
"CGaa",488,-1.54536752643614,0.636651459847432,-0.403948485235856,0.11966965842078,0.0179328423586944,0.532644087226168,-0.565266272702481,0.940204549536313,0.627889287697144,0.353092227701607,0.801464598890932,-0.17573690890549
"CGaa",489,-1.11784996919887,0.504168970010561,-1.26218764078795,-0.310887458522368,0.1209266504545,0.780257857687176,-1.87452118022434,0.56271698520497,-0.266383389887767,0.705215485003412,0.686802041301112,0.108076619198708
"CGaa",490,-1.07985974877311,0.487676455003746,-0.534847556221678,0.126849615560366,0.260749211033126,0.430335936398608,-1.90583957909051,0.975242201411465,-0.18419072747135,0.677402025733846,0.19278429174734,0.420611192971977
"CGaa",491,-0.394613963119827,0.256419430068309,-0.0498758989803648,-0.760274225457798,-0.0379382478026084,0.656627357044621,-2.30157765355936,1.07509623458315,0.234661009082348,1.53848293985573,0.511985050779131,-0.295369477508439
"CGaa",492,-0.377974465631929,0.268387669212646,-0.607446677382371,0.502772247034474,0.316018255531271,0.32285816324337,-1.06245913602894,0.491570760576765,0.199048615559897,0.0544379082879875,0.634100929440872,0.533779245027881
"CGaa",493,-0.501520091830272,0.39960238103435,-0.427545658460131,0.342888304876027,-0.0813771865842132,0.673512500802208,-1.59369140157179,1.70804033173003,-0.152688767436669,0.279494596363135,-0.0793699283341382,0.611854811639348
"CGaa",494,-0.710107362075608,0.364403633278641,-0.412880903437108,0.0613592208326246,-0.0273087159427061,0.573893880022434,-2.03743351286455,1.14438959905536,1.11587720929728,0.0202692832091157,-0.176634939900624,1.24501238146397
"CGaa",495,-0.401680852390009,0.224960328720372,-1.4625145245485,0.443052662986793,0.0742931294834426,0.766663819531494,-0.904016736231461,0.856961933625725,0.268388475372801,-0.0196964911904305,0.101476811677518,0.587802874595675
"CGaa",496,-0.270988187583,0.241620999499953,0.0082883442673116,0.0153156796497375,0.538878161530148,0.0279972319099169,-0.399857133892231,-0.0990005071270023,0.143353535109166,0.856684707852594,0.624580696380617,-0.419776283778387
"CGaa",497,-0.376746573627924,0.276499776701627,-0.76998719821728,0.903551335730847,-0.134978927550729,0.706580835216083,-0.920863486664586,0.787566193999687,0.363793366971125,0.311606297038899,0.103194497570769,0.340913117538634
"CGaa",498,-0.427432249075708,0.28503227077683,0.392177824308683,0.939767233317597,0.741168139349993,-0.123748715819362,-2.26309893275878,1.09527304642624,-1.18869017649237,-1.02733829810513,0.0671695079480393,2.4589614887491
"CGaa",499,-0.796070204114914,0.365717483816241,-0.00724439094156874,0.263156158629917,0.360354244057509,0.153326478464523,-2.53299211064553,0.429235632801559,1.0507421665213,0.692757819677106,0.477567437386652,0.286236739372851
"CGaa",500,-0.764497755346255,0.400104324254064,-0.585256810826086,0.6456647984119,0.32092451128142,0.350183413919905,-1.22891424652598,0.441632331028261,1.10083188925671,0.902497976482928,1.04913848321151,-0.466477814086343
"CGbb",1,-0.179758789693877,0.170968122928852,-0.0418263242352305,0.548486033552302,0.734035885887914,-0.674212104158617,-1.58603734672918,0.854792567116665,0.352847230023474,0.792782892197272,0.566241947992051,0.00818882449607898
"CGbb",2,-0.438337801045056,0.0805484143640013,-0.146961336751805,0.588475233118847,0.899366319513911,-0.404759152818029,-1.00338409793807,0.302854989087199,0.0482599180243998,0.433883015076746,0.40883267232055,0.0469449346845401
"CGbb",3,-0.647557116729528,0.306313849092515,-0.0562522093730317,-0.211572115442486,0.533933505454331,-0.120382531901115,-1.32512209923594,0.531419650018691,0.175309233561987,-0.335211064575797,0.0879685006084745,1.10136457569188
"CGbb",4,-0.807756384231634,0.818716464972414,-0.181476486341419,0.422340988207527,-0.095206163235534,0.689408372122649,-1.92712165786019,1.11940630184524,0.445748524944455,0.34879842447062,0.423326543684511,0.495182605284842
"CGbb",5,-0.586052908770372,-0.51909331543602,-0.529653091570384,0.606731875942828,0.381105639757714,0.364300489175388,-1.88069113271598,1.08043853340971,0.367109532732061,0.319776566209303,0.267187862035266,0.638383514927671
"CGbb",6,-0.599492038285475,0.249052113764895,-0.268103082042203,0.0505518660133688,0.322017162378991,0.236368658064137,-1.25590852344732,0.663208364945433,0.212604813892155,0.2628555849242,-0.146429028451591,0.912570106902634
"CGbb",7,-0.315113612251272,-0.396770759207547,0.0880106400632086,0.83437707573574,0.433453739675865,0.10723736678314,-1.18749298325419,0.84897832286965,0.0228989838402172,0.988191373432493,-0.227098585647676,0.0527215360472504
"CGbb",8,-0.553173904562969,0.347250271785238,-0.227852322811444,0.113226919957024,0.914360454817139,0.18784044884465,-1.42230310353406,0.769642268782499,0.69360288405145,-0.173074848660104,0.289274239529164,0.726547567790556
"CGbb",9,-0.353395913674234,0.070040832660277,0.0124129774341062,0.153832555960127,0.0406568620608004,0.248805040370326,-1.33065006750241,0.614280311106085,-0.118833768452062,0.477661959092663,-0.0147707541464003,0.979734992900663
"CGbb",10,-0.201463669028816,-0.278423171293969,-0.0491516728765679,-0.0133518900753815,0.548148488373527,0.042088214100571,-1.28156933253052,0.183732324586699,0.0725714061545881,0.270533288845738,0.293832061941554,0.928792422734371
"CGbb",11,-0.66340425164181,0.629400102648746,0.142488031826932,-0.0968720520790379,0.00224517337719336,0.243107418840656,-1.34878411228697,0.499078857567622,0.320900379592776,-0.00377614100163934,0.679444267809272,0.511323685251044
"CGbb",12,-0.673142648151294,0.550170941151919,-0.145387765183205,0.106463651940745,0.436424597633134,0.112000201388792,-1.70648618921916,0.483035934042022,0.769171447420026,0.0955295567522504,0.247424618012628,1.40912352681383
"CGbb",13,-0.483917000510415,0.558503503654469,0.0624565990005379,0.323925199589555,0.252306584291239,0.0642852309456093,-1.30582145010996,0.798411760391571,-0.0575254832518752,-0.00275098949081526,0.750731510857604,0.45624016116884
"CGbb",14,-0.362730335146911,0.192749677454477,-0.423396224878468,0.299333047815373,0.0600026130325179,0.44038160860036,-2.24393375061301,1.34871690028363,0.433348663214635,-0.0794743207477602,0.298643094043829,1.23949208045837
"CGbb",15,-0.365949221737783,0.532048315243627,0.17099185406906,0.283393167790146,-0.0315376808153025,0.176749759338089,-0.960037166996555,0.878194684533329,-0.216172395630489,0.575835100746073,0.567941378678098,-0.457439025893245
"CGbb",16,-0.533817643279343,-0.139145889375349,-0.652834543473121,0.789517720215808,0.475939948788957,0.614131321022084,-1.39875908625949,1.29910123118546,0.477856852336036,0.0862528292521182,-0.0422510952422219,0.844192017543665
"CGbb",17,-0.546041028888429,0.346834279611201,0.193626168862674,0.147743119161179,0.0100992372986292,0.431305170993911,-1.07060681713254,0.46937261047185,-0.0904046531887049,1.32974418102704,0.56608543685387,-0.693089236570743
"CGbb",18,-0.577856924388093,0.494125519219838,0.128594662632827,0.32043980323116,-0.164360027663655,0.183736935247448,-1.58249481337165,0.338288521570802,0.602875869289097,0.869489858058339,-0.0544961449188066,0.316249288924107
"CGbb",19,-0.227477954593828,-0.135851351563905,-0.266191412948573,0.139163886619423,0.226086693868225,0.615397302872081,-1.64796383327627,0.673945809561053,1.10314420085045,0.0574480609017794,0.20327247788672,0.778100411451368
"CGbb",20,-0.103029897773591,-0.22828912232811,-0.154095300374513,0.172795956512245,0.122193221338596,0.279811900799485,-1.02405147171252,0.554809028583104,0.416596981177731,-0.735058280544612,0.846662386340049,0.56327364127824
"CGbb",21,-0.412274493363815,0.189993658032139,-0.0105385878193379,0.0842748171756558,-0.63237074720136,0.804079203043867,-1.67358748477884,1.43432678656837,0.353811651179777,0.0963198115857419,0.804782515692777,-0.132789551269275
"CGbb",22,-0.536924805094546,0.354415174309871,-0.472229440394792,0.611614962911565,0.046330514061264,0.544300086531633,-1.26798037980616,0.58165510688511,-0.0296838657758554,0.329468954246033,0.0814503112199561,0.510897922931057
"CGbb",23,-0.389984472737903,0.365048497565273,-0.0915264741439036,0.476649004397811,0.45015711689108,0.167703662307741,-1.6963559261641,0.779596859780089,0.370398945280341,0.615312434688652,-0.0642283271594938,0.615960311553915
"CGbb",24,-0.647463297263809,0.908336799435196,-0.367461001583101,0.455679503475741,0.236877917400782,0.563619490804526,-1.72787553447373,0.815971912479034,-0.0197774973501916,0.660778946827567,0.641815856699886,0.0394141070733842
"CGbb",25,-0.702382987307343,0.696000149423057,0.120098563030893,-0.419181495950754,0.434213622498491,0.213276565051563,-1.2888367634431,0.63596708116839,0.136706038368552,0.346149973154545,0.199780744826164,0.623794384093162
"CGbb",26,-0.641586430404047,0.493416484119535,0.435041247281507,-0.129879495649321,-0.132885438685112,-0.0597077475631418,-1.3030994121476,0.224773307111884,0.349497966186347,0.46257320094097,0.52318566820174,0.384142256103656
"CGbb",27,-0.657555257776685,0.397419831012084,-0.0504058401319516,-0.199484228759359,0.343983270073078,0.312931826421384,-1.82057182880253,0.986700521014675,0.704443545287161,0.206780669175116,0.427996870547918,0.125356801244297
"CGbb",28,-0.292505649468242,0.113463446338547,0.0880024810999182,-0.0359590928691226,0.0824653095376023,0.373362889553343,-1.42053604432055,1.03574820795104,0.615837614958832,0.549057248347267,0.0927618404381375,0.046925225553716
"CGbb",29,-0.460699234999511,0.491572822432878,0.124217692918816,-0.0105262024530889,-0.150472986226831,0.636524841464479,-1.55082060989981,0.989746891323733,0.377194860875347,0.208972096213415,0.0715565199819546,0.430651904339992
"CGbb",30,-0.469499832551688,0.434603662914614,-0.0742223153254783,0.138415818190744,-0.295044151739516,0.67868027327565,-1.43969418402105,0.868729895820804,0.210980020997664,0.231632396111356,0.579268506699544,-0.0123624962273664
"CGbb",31,-0.682075780616825,0.471752313443244,-0.154872641128512,0.536630390084243,0.0261502062438844,0.33342610366273,-1.8242623847067,0.95839350824985,0.352811345163254,0.397153299561108,-0.0667972468847048,0.540560985123802
"CGbb",32,-0.386062973331558,0.333763196988805,-0.105474870048425,0.0806422334454391,0.343470801043277,0.184496256592821,-1.58539856468206,1.26271784028643,-0.207005408751367,0.587704245878702,0.347242909096779,0.256917778907865
"CGbb",33,-0.425071792180138,0.196607836109938,-0.776577867389333,0.948563577932346,0.00657379491157446,0.575658081009581,-1.78494503586583,1.19314841961371,0.11913574972498,0.562800692331782,0.705244435436959,0.652970856773519
"CGbb",34,-0.741031975811272,0.484552489526812,-0.201183073357171,0.255221533095652,0.610287037923092,0.218342059909945,-1.62829457245021,1.10607594475394,-0.0566456294295775,0.512065245969483,-0.240255001795417,0.824468205966828
"CGbb",35,-0.403564282601093,-0.123328675758269,-0.2853686524574,0.82614352266659,0.939756987345538,-0.16763244299115,-1.90890388798829,1.00599848363998,0.089309075209185,0.597216695699167,-0.433409770862228,0.985496398937478
"CGbb",36,-0.66702314904601,0.853668909099417,-0.380906992089893,0.385905679827514,-0.0868074077085447,0.708223225343817,-1.28753868588785,0.811754594236791,0.566484821885137,0.543103488703282,0.261323405552617,0.0585227488030919
"CGbb",37,-0.40098074560981,0.134348154917458,-0.446674667821348,0.620805148838298,-0.0533371652584236,0.574763893205059,-1.23659191475713,0.456773913411569,0.0931741123554785,0.791034540543272,0.0464357688413391,-0.036660572498931
"CGbb",38,-0.64701496095352,0.0850500961127177,-0.0416567912805159,0.0330926078036702,0.241778947939954,0.176771016004582,-1.62502515779502,0.936060957692578,0.142118313096439,0.115456288315522,0.708952970515759,0.50669823273308
"CGbb",39,-0.27481059005037,0.0280142518038502,-0.298083832247427,0.436438606928561,0.6447133128232,-0.0345787611255875,-1.40199248735782,0.784366819903699,0.0676779994621736,-0.13809058164671,0.303654081622306,1.17784549699187
"CGbb",40,-0.174812278063048,-0.325542414584399,-0.378233039350706,0.24720593904284,0.206226415242993,0.333239554233749,-1.3289938772287,1.07496800039036,-0.219484820178538,0.21981918449003,0.0708917197746476,0.532757580789065
"CGbb",41,-0.576450617597017,0.36957441966959,-0.382508982358553,0.157472910058704,0.314275452171149,0.264439538266117,-1.45359759494072,1.01575157035196,0.267336371405171,0.260857028484722,0.148708483657678,0.631874476464927
"CGbb",42,-0.657822549050306,0.378880519579629,-0.133734680804534,-0.17002227393228,0.895768051724474,0.0740734524612949,-1.73866662002843,0.587423559808601,0.157062134791219,-0.0682598527323887,0.335360191505716,1.26977636242059
"CGbb",43,-0.540685760805831,0.445982695958923,-0.397649756380081,0.426508150999243,0.662061962935799,-0.00682297172433542,-0.927719859820105,0.967719442949389,0.0446286932788248,0.538212762351343,0.17404392981045,-0.241856039033465
"CGbb",44,-0.508644930055272,0.110331890437159,0.150122757467137,0.281099055241482,0.26280679824205,0.247974777937472,-1.51228104443936,1.08775271025512,0.355738669887811,0.1753812369384,0.433026073039196,0.590648802957154
"CGbb",45,-0.856947503344897,1.07758110604618,-0.0645577951229254,-0.0239340752421713,0.408966787250596,0.112410538082123,-1.30538279154712,1.10809825602656,0.0476477722338438,0.59059332312751,0.405278501668724,-0.0288532120837252
"CGbb",46,-0.658215523008298,0.52318332232373,-0.160279921713423,0.0331568450323484,-0.0506244278881315,0.575917665923556,-1.38736430605841,1.34969323732749,-0.0763191344384948,0.0758585452675938,0.192299600877671,0.419357402598982
"CGbb",47,-0.300396863612886,0.452764204743992,-0.264055277530296,0.336213817967965,-0.0805250260819745,0.536468671530619,-0.86564005795558,0.480598817906296,-0.205970721854497,0.0587378637718154,0.584561184499985,0.630108894961943
"CGbb",48,-0.413344373128705,0.177119276795326,-0.298291960134272,0.770502173347259,-0.104342860772945,0.459277331961153,-2.07429388050784,1.35211170484141,0.280874904201724,0.562173762220666,-0.299643098856617,0.828801203693105
"CGbb",49,-0.873428150612038,0.901511259822104,-0.213642165698341,0.0668809715553231,0.11980512851506,0.523244914644421,-1.28092310510989,0.659791857714758,-0.194595955977327,0.601380803736732,0.264025749149445,0.414405767571631
"CGbb",50,-0.588213167771118,0.139344356358907,-0.15049649427132,0.409291560754457,0.0816876317799805,0.324580159080578,-1.38852489498841,1.35036749451935,-0.598181089071716,-0.413342686034541,0.840162906088607,1.06855312825093
"CGbb",51,-0.236269019767005,-0.0562247448888064,-0.0184349923191211,0.278119203165205,0.00923708777959099,0.368489867895514,-1.3641856767446,0.88603615609791,0.0276066729275749,-0.229075175187154,0.268240562707543,1.05542921628065
"CGbb",52,-0.666486355592889,0.71794950071451,0.120357551487109,0.157527215295844,0.480115796069499,0.0187962015836247,-1.70299141144425,0.744965452024197,0.182852424181794,0.960134790846737,-0.0315399694400853,0.794617807715875
"CGbb",53,-0.272938489897129,-0.595283497280008,-0.1184250154605,0.0574113341874966,0.162270325147314,0.702674610305066,-1.67971612163545,0.953628789702999,0.609246345965745,0.80986822116447,0.0104100086869787,0.17659603777322
"CGbb",54,-0.0756022640201084,-0.0100942276778029,-0.166049653320971,0.686090516560655,0.642183031805006,-0.295013558236677,-1.0610558773028,0.442623431082157,-0.273925505491644,0.391293805155857,0.318839377930272,0.540988844917071
"CGbb",55,-0.589145839878757,0.297649984732305,0.0492513257159847,0.0893856200051643,0.290348797825032,0.351127445989367,-1.67156723532575,0.650704967571184,0.383996338999052,0.704999066616267,-0.0256790566179673,0.527857342052779
"CGbb",56,-0.873056598251262,0.449305481406587,-0.19313411306835,0.404545322849199,0.406457461479996,0.526844305862113,-0.839035031271567,0.220386094149859,0.313336890827994,0.438087894044401,0.361671939388348,0.206022061452545
"CGbb",57,-0.541987155602129,0.17387454340009,-0.203785356864086,0.347242801308472,-0.131410118052138,0.600191383184631,-1.48248612764691,0.990346316516892,0.738585349998234,0.17949431942522,0.242802842524931,0.389326366887095
"CGbb",58,-0.366120123303581,0.496782777114982,0.375260364772681,-0.214895068641143,0.265773675429999,-0.105853423538663,-0.857760221339156,0.756083047456991,0.094799375174672,0.597158983552198,0.275386896223577,-0.561730098017957
"CGbb",59,-0.274341568096362,0.222390698156183,-0.0851622163477951,-0.234645601520466,0.430892434561784,0.410667115537906,-1.52198671051659,0.830430880979721,0.336478088697284,0.0834273264006844,0.331478423362399,0.70295859607414
"CGbb",60,-0.3916531293184,0.522615635501273,-0.251614793213196,0.62018457492252,-0.173768918736626,0.378584405338492,-1.76636779692757,1.0031383038657,0.119619319187573,0.402515820077536,0.0374065576907874,1.07608122461222
"CGbb",61,-0.446794477050236,0.196699835250301,-0.0266354652932981,0.483185844321992,-0.0753230043068939,0.466017029559054,-1.20354091854333,0.58301598026813,0.0114488657219079,0.667980560207291,0.00240821216759898,0.349091753464797
"CGbb",62,-0.653744360453317,-0.0319872652990985,-0.0417712705212786,-0.00893075380180338,0.580832523961195,0.2991519548683,-2.43932196790537,1.60841625674515,0.838892465708989,0.557112837385838,0.917726126591065,-0.177900799775407
"CGbb",63,-0.451474837606787,0.18535323693298,0.114667726835645,0.130493265172375,0.436393605459804,0.296902259784607,-2.08360131789623,0.775676737775737,0.261487815002299,0.156866538583441,0.74448158641902,1.0886587717647
"CGbb",64,-0.49066308760382,0.331053802569564,-0.234386804897808,0.275674492447884,0.027571377093298,0.281687832018084,-1.83755276435948,0.911298269880879,0.611582720426024,0.342030314010222,0.482203706949214,0.459934897656225
"CGbb",65,-0.706073364165791,-0.00579096605704382,0.0825608390279389,-0.0310233468499546,0.157306389529275,0.020350112752377,-1.71120416615652,1.37838600221919,0.0808322811425803,-0.385221304224792,0.853562826410041,0.716641194734368
"CGbb",66,-0.735632285662612,-0.0564031470079073,0.0330320426171421,0.0912317489920641,0.288807669907709,-0.152256691521361,-1.86343142451823,1.37638246071783,0.497340528629406,0.100902758486318,0.615255033501275,0.715320222652321
"CGbb",67,-0.506965488887536,0.169971277844805,-0.227007976467626,0.0812087901183013,0.579254716378096,0.409179270485458,-1.06114514196421,0.898460587796364,-0.060728546581675,0.613337626466451,-0.174352310573338,0.28546059107866
"CGbb",68,-0.523220488750731,0.201684408756689,-0.507744599194641,0.989093009871002,-0.292540956862119,0.670509023753255,-1.22247809086969,0.777469957765242,0.626933165220075,-0.580288297025657,0.063487238468628,1.4016556475995
"CGbb",69,-0.585228570876364,0.227847448812627,-0.152273915626456,-0.246888483785564,0.286105983022693,0.246335085002207,-2.17858715467692,1.12277254794945,0.802233774994367,0.502734276874016,1.03593192722518,0.219149481313777
"CGbb",70,-0.397545765122141,0.079442081966666,-0.646129460091864,0.745716441954093,-0.491893027941113,1.26938089540202,-1.53970701859026,0.594149116105153,0.40274452513938,0.990360358074282,-0.258478287751087,0.0326620153354335
"CGbb",71,-0.455581875942324,0.409993688408154,-0.0441557061879246,-0.102890492967657,0.11828214631588,0.349997525329246,-1.42019602494653,0.817996838164078,0.591361733909088,0.494198206540176,0.0994712876596865,0.239448515763028
"CGbb",72,-0.378965985833784,0.0369094062181159,-0.564397567517563,1.06506643195598,-0.387518526906978,1.00817404720737,-1.61362550842188,0.551215678538865,0.884670849417248,0.20196418514459,0.141762222178384,0.604518719550562
"CGbb",73,-0.949337300151643,0.386051692560043,-0.217077657270982,0.00387084107608593,0.493144064465806,0.510803211121978,-1.26288418756299,0.117369378685183,-0.214755891256422,-0.133556295850736,0.711016765246151,1.15970141644605
"CGbb",74,-0.597375763479261,0.558881489700027,-0.318906807448316,0.800004741747001,-0.386102384266681,0.48221196288154,-1.36557716697484,0.634742873468997,0.555094554686602,0.411951405043634,0.352161471704601,0.359303177755912
"CGbb",75,-0.474561269989711,0.351079237897219,-0.59617180307617,0.550056711841723,-0.309835998004345,0.924915421495054,-1.73547908024347,0.908464443420434,-0.0111584883053182,0.482036165531564,1.00235905587777,0.367870111750377
"CGbb",76,-0.163082854445977,-0.251330303097448,0.177427717197663,-0.143111228568205,-0.315649681874501,0.464815595018303,-1.55542197132863,0.797437365329293,0.0847216882239269,0.121993973331579,0.60405104303381,0.450585324314103
"CGbb",77,-0.304681981436978,-0.108448492690732,-0.347796954102278,-0.103794755013333,-0.0468146719545209,0.947127919483049,-1.36086126585874,0.887384042291675,0.337640234196357,0.211132020567597,0.508760989707704,0.298463978919788
"CGbb",78,-0.337994439994,0.204231341886768,-0.399177897798667,0.359349627062981,0.576432851616263,0.115416840280022,-1.32899007945253,0.409541551249052,0.658490666284452,0.363064877978009,0.419517593217794,0.111826518748881
"CGbb",79,-0.507479778076394,0.212136947303813,-0.357234870303107,0.760392834230882,0.0126468125110689,0.261238195791754,-1.50482354630914,0.876046449830721,0.138481251913913,0.582009745169698,0.518266635524362,0.258022887471712
"CGbb",80,-0.676851206082042,0.576790444793025,-0.0803009066613708,0.0526714933744701,0.111034167444692,0.17505876153654,-1.26736373938543,0.430408873315219,0.686717282282687,-0.112579105208723,0.211761517447104,0.663047465974032
"CGbb",81,-0.407055881440894,0.312440800079234,-0.574589253900387,1.06302381039649,0.391184634652737,0.649286261661357,-1.07362037244056,0.661387816779397,0.0455248079137269,0.0588484972656567,0.652995134226843,0.393511783101712
"CGbb",82,-0.120508462632019,-0.225812991220564,-0.509500627619178,0.415322932919414,0.388913740233867,0.252695199923321,-1.85594333725298,0.968266692128295,-0.30379291494616,0.277362567146947,0.18245013342859,0.991490935446422
"CGbb",83,-0.567025571258111,0.141697939270517,-0.240239342211931,-0.223081601284164,-0.596290994383905,0.986766965156722,-1.49491286850253,1.26515469629022,1.11397969985514,0.622096775194925,0.954091864090329,-0.740626883873739
"CGbb",84,-0.64313465842492,0.247819572885404,-0.373307629263529,0.337973752781774,0.197395338567343,0.270780317648093,-1.72083688704076,0.719209157304516,0.49592405363159,1.37238634081109,0.451405990470439,-0.565089375995966
"CGbb",85,-0.586048017239898,0.240846593110046,0.0805720899341319,0.614593299168776,0.0593845828615517,0.076973559116125,-1.30887066744752,0.885768098279344,-0.0243867601656768,0.408309949266652,0.615765136462171,0.100084662390609
"CGbb",86,-0.58985791930382,0.181594987962592,-0.168242908345405,0.457030017610612,0.303729494386609,0.299556938701399,-1.92718613339916,0.95202837721811,1.05551114832015,0.566771162241615,0.342404341255212,0.516164819910979
"CGbb",87,-0.333255063537482,0.205181129919535,-0.467736634268814,0.479437410637357,0.477982993046708,0.123431765265849,-1.82983910420345,0.767973075905296,0.887915477491171,1.102306864472,0.000912052111510597,0.238287637423515
"CGbb",88,-0.405870418799001,-0.109084146533005,-0.393457214982665,0.583487955152582,-0.251637527794892,0.598298384467235,-1.40134235594856,0.756549050017987,0.173534524742728,0.356148369821242,0.145181791074109,0.16519316440626
"CGbb",89,-0.518088244237119,0.214163247329969,-0.194612803573088,0.213995496303349,0.140485396822575,0.744923056524285,-1.3287061528192,0.282686957259641,1.00905498678188,0.349736732282258,-0.253348684175217,0.595700128507341
"CGbb",90,-0.583098825722351,0.705504968640922,-0.249805711204307,0.793871272661021,0.405534346204143,-0.0551929190167974,-1.48953033037222,0.415539577637091,0.878244405812561,1.0354656431153,-0.00069474419089562,-0.146407998069733
"CGbb",91,-0.330067686675167,0.0726820652878621,-0.253540957601671,0.223344182361303,0.102151823321288,0.29251649954162,-1.88382346399349,1.0128802887009,0.746852508739097,1.44703963661453,-0.816435418816384,-0.0990551594876856
"CGbb",92,-0.539706304353356,0.577144684381859,-0.0954754306868786,0.475170176019554,0.191764803994381,0.0583201443272854,-1.15945873620946,0.472544973262557,-0.221828999791805,0.528572391774802,0.346264962142578,0.597763272770213
"CGbb",93,-0.526808368042358,0.386025536922688,-0.11173941205889,0.629162269803616,-0.0734437190611069,0.728286456523925,-1.72767784116016,0.785937056101363,0.421351215867257,0.463386425927174,0.0432872133556031,0.930466945895875
"CGbb",94,-0.424428543180306,0.373907580682365,-0.0882528860846435,0.469097695740941,0.277987364340138,0.0287773324756592,-1.7277615822593,1.0110520657058,0.524838120532464,0.979467790139469,0.2068447886381,-0.306891008989365
"CGbb",95,-0.440375289897185,0.336017987349844,-0.269080844595595,0.260941894687785,0.594565190610732,0.345548291027605,-1.74188707122923,1.01849721547824,0.308603947872414,0.263125046347534,0.856603109756153,0.106267234764659
"CGbb",96,-0.545702229551134,0.116456078265466,-0.0424724393053211,0.439798598472268,0.37360987792268,0.241925799902417,-1.89106067466293,1.25152244440452,0.191904559313842,0.235182340803101,-0.257957816508677,1.4005844555405
"CGbb",97,-0.756487992643916,0.706107132669714,-0.0403585706903873,0.077404625263594,-0.214928241389242,0.513585817441933,-1.57942542334231,1.6266025963524,0.456842571113926,0.106765188330227,-0.210894284713365,0.96957169983211
"CGbb",98,-0.648982984233732,0.457649537178472,-0.108217526805986,0.268246237249416,0.199206615067943,0.396668724626599,-1.63544259180085,0.382962883029064,0.282030927545513,0.219094068544601,0.393047457066806,1.13288415171599
"CGbb",99,-0.385022081523967,0.287237333860539,-0.0210935176118171,0.101256213551635,-0.188153791743251,0.548720703709504,-1.43942095645764,1.04539219750012,0.100959482207005,0.708808532444546,0.322967353498557,-0.321714927103467
"CGbb",100,-0.408979021265646,-0.173722445714623,-0.423706826867534,0.0401409766785806,0.276906844408787,0.671696988746012,-1.7710515766375,1.04953830818942,0.599928155423387,0.182182065166487,0.125818406765968,0.360086839654279
"CGbb",101,-0.37171049542772,0.289927483400303,-0.334577414492197,0.366800976424342,0.580628177817358,-0.149742891810859,-1.30730773327864,0.502964721525446,-0.0196587298943086,0.34681887027588,0.237495838199028,0.590290052261655
"CGbb",102,-0.530858868382985,0.202074651267372,-0.340928835446975,0.69476536685393,-0.0989481339807688,0.54064662393313,-1.78045608069976,0.810963706341004,0.591547443179905,0.0366763642503648,0.90366559393104,0.591528664420744
"CGbb",103,-0.547360871130187,0.331811454858397,-0.00119787271067221,0.187025982378744,0.284112633308138,-0.261440691757093,-1.18826226948078,0.740053669523659,0.0875323913332972,-0.266587399940806,0.29704401581305,0.568570191678997
"CGbb",104,-0.704425180003737,0.797853726451097,-0.19368406485566,0.696569116877425,0.197690685988662,0.164824627873659,-1.44051026345619,0.801297624151412,0.473257460677778,0.596112185905861,-0.023743288612236,0.286496344174526
"CGbb",105,-0.367680773037558,0.150610661688002,-0.302997590716152,0.487200677111535,0.183664140346162,0.15104731725306,-1.28166606423897,0.714365268415887,0.510838516607741,0.442760924286148,-0.584030766490999,0.497502116901234
"CGbb",106,-0.54364662917286,0.186944003567599,-0.143591421439026,0.187163843157951,0.428508450765862,0.0137079363450827,-1.46714950752002,0.715392753573469,-0.0122851613717981,-0.170383356645328,0.552390944289329,0.720462019411438
"CGbb",107,-0.430453817872519,0.0689604203087667,-0.339527193610819,0.584305510108873,0.258738981382154,0.329626331930751,-1.85047058553358,1.02489480180085,0.506496492665849,0.41427696083402,0.376034320541054,0.39935602617287
"CGbb",108,-0.582797459716207,0.293548021835628,-0.175360001557274,0.426490830964075,0.329545909368613,0.354456141296073,-1.52485260951997,1.040704833845,0.446679258032986,0.74071281715293,-0.136364102593739,0.326509457556379
"CGbb",109,-0.588706375756212,0.0349362558531273,-0.219432480469381,0.459883594198547,0.104204363112007,0.194282232554891,-1.87621522375143,1.32268709722599,0.447571188831998,0.326375698484647,0.324890839584462,0.117084802710583
"CGbb",110,-0.525479116256254,0.189372984957638,-0.261062720952833,0.504936611028284,0.285306543374211,0.239163853606731,-1.6413911902383,1.10046470193293,0.600403226681913,1.39907264600378,0.529621384120518,-0.135004829004906
"CGbb",111,-0.0915481254258524,-0.0200924858166531,-0.367093922405946,0.600352806002198,-0.0380531771038424,0.453316118256231,-1.52495039598874,0.537532343348976,0.719593450989849,0.409168192063999,0.0336958153895144,0.402690298560919
"CGbb",112,-0.304947528222133,0.473589306570146,-0.132417400511775,0.419440055377948,0.426423219339953,-0.029823463201388,-1.82930408956293,1.92900646091955,-0.0980486881285925,-0.139992210460695,0.140364566797354,0.769080054638317
"CGbb",113,-0.458415657029245,0.404154056681265,-0.145094239744368,-0.186737337646291,0.228165392495868,0.352067367130624,-1.38625270404208,0.539204770451112,0.56262049682459,0.291594082006998,0.676915187089699,0.0597806501589382
"CGbb",114,-0.492277231449448,0.215700587981957,-0.579272670158473,0.272409473248065,0.137339739660894,0.687031518633253,-1.69613057005879,1.39090749471149,0.229159942789963,-0.0780997378047275,0.369456455116123,0.53431397207772
"CGbb",115,-0.275239377707341,-0.0617826404245228,-0.203133702020722,-0.206260895999928,-0.0570796815646865,0.801074994030854,-1.80726552846926,1.26935888513095,0.693863442487708,-0.29133667326419,0.298362007924455,0.976396283668367
"CGbb",116,-0.12647552237582,0.0585816753734748,-0.619935598324221,0.120792645504094,-0.071369242359138,1.24065021620673,-1.20153779770999,0.546345726221358,0.1390989098321,0.268233719676141,0.472282312898763,0.481362642339604
"CGbb",117,-0.484842415461056,0.390995687024377,0.076167510950391,0.0243750257459403,0.126585924672441,0.0660031668727064,-2.26723405457074,1.46933610295812,0.307767856697521,0.66472709121107,0.349249324649429,-0.0202052321572068
"CGbb",118,-0.221657228531007,-0.207542970780709,-0.261736059502173,0.559642503102988,-0.30627643817674,0.794750288334541,-1.77579412546028,1.19003768611165,0.618483173706056,0.403434291721352,0.422723229660075,-0.176187266519042
"CGbb",119,-0.560705823226137,0.377548266988388,-0.0107267473452496,0.0820669469353977,0.688871522982005,-0.390774016959046,-1.6167464787841,1.05455172415186,0.619377512723419,-0.0012809600465433,0.0700586984122341,0.823111570935328
"CGbb",120,-0.302280871872936,4.17720669077995e-16,-0.283150410499491,0.513500207362623,-0.108241671732198,0.593281137345299,-1.492793378491,1.08578869037943,-0.056994164947861,0.14275649716402,0.471335475384521,0.462713488916111
"CGbb",121,-0.45017248290899,0.159586111903651,-0.442956252599143,0.849597668916006,-0.479555540940471,0.909796839916685,-1.19235175260366,0.739492423066652,0.123381716487899,-0.0615358774390539,0.135867515292006,0.873540359169512
"CGbb",122,-0.425605764868815,0.186701055758051,-0.0775014539833951,0.437114393901317,0.0789592416284636,0.27291747455589,-0.7726083167659,0.116306306669543,-0.254844516017004,0.209944981023726,0.471983166220442,0.174429841182849
"CGbb",123,-0.63298252549372,0.537616782795018,-0.225825794437821,0.449418140354817,0.189731242898824,0.46433112450926,-0.855468657457716,0.266279698800744,0.268425022826737,0.152829305406832,0.311054082608909,-0.0350493837670466
"CGbb",124,-0.761622010659072,0.654578120283096,-0.291685187930128,0.185324505412354,0.346351738160001,0.473772149737356,-1.1229544401649,0.918510185869613,-0.193415820433597,0.944943227063592,0.215185005715778,-0.524734446062585
"CGbb",125,-0.26459158688299,-0.417397206670772,-0.386021026761552,0.0846143433110344,0.931983194095943,0.107623639112692,-1.47815675971848,0.945767626364062,0.211996961763495,0.333370206842272,0.164369225456153,0.507923208495798
"CGbb",126,-0.557595481297596,0.275901164466263,-0.440824520294529,0.277401230539047,0.448859890220233,0.550870032751501,-1.34395260688029,0.906172619250198,0.158129855084281,1.11152090633379,-0.317506796201411,-0.0244437576120202
"CGbb",127,-0.158507148620359,0.122750744075285,0.480547428859111,-0.53944533157242,0.174779528193045,0.183145760225913,-1.62643819057531,0.945993836242037,0.347812870634743,0.469542076597194,-0.0946951834533614,0.480493192088081
"CGbb",128,-0.501911753140501,0.551026636828224,-0.392903575387053,0.0845161923559202,0.175250532112545,0.795807406629325,-1.28591205406267,0.649000203098479,0.0920709650195272,1.09991140724641,0.0107615287611731,-0.0916455415578166
"CGbb",129,-0.83110687745178,0.451471316741691,-0.285304232005677,0.622171575679623,0.156244255010119,0.120305822319178,-1.04197104221101,0.56815244204125,0.252672016501351,0.0570431953936597,0.106025099334364,0.802907670500659
"CGbb",130,-0.551529729795776,-0.00571342596896206,-0.166708703666244,0.391912708724244,0.0187312602640982,0.564071371108266,-1.53674598896674,1.15984400516895,0.352805040978068,1.02340943050393,0.840402711800357,-0.320102541512783
"CGbb",131,-0.368379013994133,0.322865030767822,0.0899557627478057,0.180648453693785,0.0134440518952388,0.18826748331378,-1.42841350682712,1.08346994396821,0.376656377573264,0.056740096845602,-0.0593329745688043,0.603814204403529
"CGbb",132,-0.467789163006949,-0.136976555724467,-0.380242895111932,0.320076532780011,-0.297276887868998,0.63751398108714,-1.05645479068757,0.779934704815746,0.130983709077708,0.698751682418185,-0.0886482471356452,0.289960171527609
"CGbb",133,-0.150133151842671,-0.0232246934512977,-0.333109215905847,0.584950079070582,0.204250032902123,0.27164691578877,-1.53990667925036,0.607307708659916,0.390471278177774,0.280302098973209,0.858373114294754,-0.0591098810226524
"CGbb",134,-0.397143129101539,0.118479596718661,0.00127552980894276,-0.0189064292600502,0.186863757518042,0.151670514340904,-1.47323473591539,1.26077295846536,0.713730827895073,-0.0821072146191799,0.413110229470695,0.289708328044216
"CGbb",135,-0.662195969178789,0.23150007506399,-0.248207369812248,0.585937903004626,-0.284344153809471,0.450511314239955,-1.85149694020442,0.873526448162468,0.336670678956643,0.306136362483255,0.463326622259005,0.712051360766354
"CGbb",136,-0.665991098525276,0.392251057248278,0.0591037713977711,0.244407808255404,0.575169926490068,-0.0623803126392276,-1.01152877197746,0.75750272705577,0.232399997423157,0.267983659408943,0.0385194056379357,0.190075606819078
"CGbb",137,-0.74033380432735,0.241117276920228,-0.303459861310215,0.694270815180121,-0.054496547449689,0.576474146966528,-0.766282577944225,0.848221102529672,-0.141955293060387,0.17535383317643,-0.22449432159879,0.303021050663313
"CGbb",138,-0.622475286422454,0.38685927284385,-0.106159914949437,0.0953601938082997,0.532625895494185,0.483066491071018,-1.91542141323482,0.567658909870977,0.654473306288656,0.454800543222756,0.467106674667661,0.748695882442679
"CGbb",139,-0.308280076760576,0.386798740412524,-0.318726819588894,0.0104452169871863,0.0613410042982206,0.662097202085135,-1.52453411468712,0.789100643834284,0.212709954262652,0.385059214063092,0.441035786297102,-0.058966355952819
"CGbb",140,-0.297627616429564,0.0866473758487381,-0.508621034036509,0.101403850275654,0.535746918588501,0.47486190562921,-1.59486822047408,0.628738112283476,0.92684837870231,-0.0227110004440251,0.275685166555108,0.691557827587198
"CGbb",141,-0.548984036777891,0.372660787792718,-0.344520351889678,0.437943547952205,-0.0677960939518608,0.602382112056971,-1.43884863519672,0.503957690518158,0.435025155560545,-0.277345320062633,0.784484741908288,0.651217491870603
"CGbb",142,-0.689999504740516,0.50697762413337,0.0455033829524089,-0.358273832551917,0.500739982400462,0.26441049852449,-1.68934551868575,1.09891769839683,0.562258126900194,0.284850666006343,0.148543236324426,0.525687186663621
"CGbb",143,-0.4210156528832,0.298548516080832,-0.0257347237168128,0.209365146014233,0.116804254959458,0.559799460158717,-1.81748032936264,0.929837273152089,1.18856681222455,0.361372365729364,0.571145882463494,0.145771391162739
"CGbb",144,-0.548713691015584,0.247986228568231,-0.379020267539417,0.577664425464375,0.180023419343009,0.474138323101301,-1.95263964480965,1.19815532740831,0.130339490326249,0.122337278758667,0.485689875837979,0.890617021711418
"CGbb",145,-0.112742462937326,0.180517123026115,-0.440607138444322,0.584468032717463,0.311521670372991,0.325579361334089,-1.40664636811323,0.937488891328222,0.0860902655178874,0.4486974761918,0.421424097889135,-0.0993420944372798
"CGbb",146,-0.532498425655423,0.500666604592699,-0.0117671007867043,-0.357923517287125,0.337321093248057,0.527108356172063,-1.25535351269168,0.551195555048429,-0.216374297709594,0.365032943363096,0.513124811263073,0.016519420608064
"CGbb",147,-0.799566382680229,0.680720539998874,-0.193536549348306,0.712419953219321,-0.0469126593535603,0.406300032408636,-1.18389304032148,0.518913826477527,0.398513293128571,0.345868180761542,0.237496884054408,0.387059579814619
"CGbb",148,-0.483733731015887,0.375889460717445,-0.266745346979932,0.94614889066482,-0.370278730404848,0.227530937241644,-1.10992828399037,0.584253902430608,0.324920555947365,-0.0466814964279023,0.359170180078923,0.449157665543126
"CGbb",149,-0.516116832295817,-0.376435724856074,-0.094388216263009,0.821843156823601,0.48992387486668,-0.233380732378583,-1.38682969169682,0.732142346817557,0.392370921143621,0.122049441312498,0.321003920829179,0.764265074583056
"CGbb",150,-0.394802957442595,0.171705210229041,-0.335391873170112,-0.178978725521417,0.447476579195565,0.278179073866884,-1.39541962636583,0.65782669934792,0.130329406843573,0.521260599049161,1.11105111087986,-0.230829243795393
"CGbb",151,-0.687750065224205,0.404152727387804,0.081375346987298,0.151767714364015,-0.310618698695708,0.0405871603503037,-1.37919143671595,0.795978341982453,0.196083821738689,-0.113914678706459,0.0953855056432895,1.09922394390798
"CGbb",152,-0.421808133128507,0.0417326868636798,-0.373184037850624,0.744390203485179,-0.0781767303676855,0.235757488755162,-1.49956945658174,0.45468741221616,0.886298374634711,0.486724463715022,-0.318571942803268,0.418414391029715
"CGbb",153,-0.720141333196115,0.819547316650952,-0.463258531503884,0.553003325385832,0.259625312202272,0.130372050919149,-1.28512870811755,1.13231211291395,-0.476939185433999,0.220998399933001,0.321257682880117,0.355461349398619
"CGbb",154,-0.572946296146304,0.0553356653586457,-0.0314380006932204,0.432732724734319,0.288171478583479,-0.155277562517764,-1.41963847746786,0.507226432622189,0.225267615431426,0.148958532779887,0.302415490875873,0.736812910161029
"CGbb",155,-0.637345622032913,0.440414034421067,-0.268671668432665,-0.0492638385622212,-0.14183771658087,0.514838958269168,-1.62364466677625,0.589265425326921,0.460091511033385,0.0174630696676709,0.394126953002573,0.99804097860003
"CGbb",156,-0.694793291289232,0.415764351233878,-0.207421467598067,0.262165844299195,0.202945646400846,0.112960362291274,-1.38078471173958,0.940996562772329,0.219641499759034,0.744167493906046,-0.167620111510584,0.310406096132617
"CGbb",157,-0.604118653755184,0.0178686234864336,-0.0114316073263667,0.826074059417617,0.51956768568434,-0.391026606190831,-1.54882897669817,0.614592579885263,0.448186823368639,-0.115755441085876,0.493878175847594,0.939437292598424
"CGbb",158,-0.238007811511362,0.154692765896654,-0.340573180473739,0.486481457920515,0.481489262560318,0.013150676787841,-1.06620298683613,0.886124181618091,-0.173879628524189,-0.0371610872805788,0.219957094285664,0.532555315230128
"CGbb",159,-0.455422518697323,0.325672347212362,-0.0191933139737416,0.145741822533641,-0.103268403270517,0.532417631929614,-1.31897442067068,0.90841581740285,0.161546086160001,0.0798387531313832,0.481180320308326,0.515642726911343
"CGbb",160,-0.882161666090506,0.775269657086411,-0.575626550687492,0.310208810217325,0.481631418923988,0.598092239744251,-1.7690805387681,0.770236702315122,0.506219377232444,0.475557795440121,0.255804796801002,0.392981782866785
"CGbb",161,-0.960135802351196,0.71638653861046,-0.404646210162041,0.710806156846328,0.564680456195358,0.117238172300781,-2.05612570564591,1.31696745791757,0.587475078006414,-0.473989825304807,0.43196732744152,1.39363325347082
"CGbb",162,-0.648752420313646,0.514402997734983,-0.123556848633292,0.141395525641663,0.972248748882725,0.171083193228789,-0.876671487181213,0.350043428230308,-0.0185017056368578,0.413085869323962,-0.0493342374337132,0.255170070064009
"CGbb",163,-0.560894031935887,0.434907214211632,-0.483241765308758,0.697328199992687,0.673699466653381,0.32102997398042,-1.43926563199241,0.728732696261135,0.0354840910417849,0.105024524418516,-0.0629735653333947,1.0933827521583
"CGbb",164,-0.526980974090702,0.214093945703618,-0.286275206737442,0.420603362298568,-0.220146339280338,0.450957937020941,-1.12861476084453,0.555094346212563,0.266169357423658,-0.0107645980791383,0.0341451932983616,0.939789211698843
"CGbb",165,-0.508610861185095,0.413577256720964,-0.103357487518075,0.144416734449735,0.128903627510638,0.35138095639695,-1.37662507712834,0.322505186773426,-0.199373784389951,0.627159554494293,-0.0450154014108968,0.616410728875505
"CGbb",166,-0.678195944684371,0.544912398806214,0.0389225605990335,-0.149603484421645,-0.175099067686222,0.496983170491003,-1.75641124226712,1.09086244011023,0.518404930001063,0.445267653782657,0.117244844637389,0.452176254706752
"CGbb",167,-0.704757061049825,0.646716109680742,-0.149739746133406,-0.0119951833397532,0.256159955841686,0.549631410197678,-1.78499450828026,0.702331754646593,0.69221177180554,0.262639177491347,0.185917420442822,0.976209193439959
"CGbb",168,-0.516713916744764,0.184405027797193,0.0807150425932381,0.1089988478488,-0.00459299592038978,0.0351854603284102,-2.22640748705157,1.49166050917333,0.582238051087183,0.602850508826829,0.507805466270132,-0.117315276041999
"CGbb",169,-0.529679985075317,-0.00668177657291105,-0.258062750442866,0.409124846127827,0.370688884982471,0.248145935730215,-1.95247176689897,1.31434201686749,0.466052988519943,0.625467038974062,-0.283100765136401,0.612338898994149
"CGbb",170,-0.364205408458576,0.141072889733239,0.237290143916014,0.280891434666924,0.123204546027633,-0.115505263545126,-1.18162537500102,0.893126241492587,-0.0943510943764681,0.297119975169319,0.0473702189424466,0.327489893152744
"CGbb",171,-0.646848591516612,0.190890954386206,-0.0429895672622268,0.0170690616557611,-0.0404645145239213,0.274022729920519,-1.4430760745273,0.39114041312662,0.295296539803394,0.578665106450041,-0.422005026721354,0.986043811669807
"CGbb",172,-0.58369632419862,0.542109390463223,0.000276901977611783,0.190225898235753,0.348442741322466,-0.138740213331704,-1.27427596197083,0.98884902847412,0.0259935426239708,0.436548175042734,0.484705342225929,0.100122254932489
"CGbb",173,-0.594387462920856,-0.167403736105854,0.0255683888936882,0.548192006259372,0.116827864593729,-0.237003550489225,-1.91407150938538,1.08376559939364,0.816036650866822,0.371262735689106,0.559444364964808,0.201740957606646
"CGbb",174,-0.724793824536204,0.249183321270491,-0.102604273256996,0.0199042777787064,0.168246602507039,0.483273052314674,-1.36641219701797,0.866861014244252,0.13974753019553,0.331131253383537,0.717939732664879,0.0782952346805748
"CGbb",175,-0.50935061825298,0.4295387524389,-0.198969620746359,0.433401612448232,0.210350339567415,-0.0830991334231734,-1.27460596707898,0.830631094557717,0.238137931588711,0.965090166761554,-0.332220670046059,-0.0271244258713666
"CGbb",176,-0.375554260761007,0.0771716131381939,-0.63537648646433,1.10115046412183,-0.111512132588487,0.773802908792323,-1.64468122477101,0.998364587073858,0.206890046453057,0.769634296301942,0.418702926062433,0.0127747404039151
"CGbb",177,-0.440658805491111,0.0360891192558735,-0.189905836616103,0.518858746901913,0.270737020572594,0.0046290658767173,-1.73693183985731,0.96875601611559,0.353653242815519,0.527452921554789,0.0745470235245967,0.631035252064567
"CGbb",178,-0.475528872070903,0.391217514227155,-0.352407504245171,0.427654198316521,-0.00998583320165141,0.427510716577282,-1.29205634886967,0.353671990808746,0.361362392319472,0.571104448376411,0.400967827809185,0.23754263117074
"CGbb",179,-0.175352212463749,0.0318964216065819,-0.278689081955609,0.165005026120356,-0.0947711197822133,0.386013255919469,-1.12267876523018,0.444848725121837,-0.579480531737578,0.139061212643303,0.298491605688227,0.854555464062094
"CGbb",180,-0.266862779084034,0.223323475980854,-0.20921634476573,0.600974002767261,0.64001962643723,-0.1770018271438,-1.69562285827097,0.728818523565881,0.33202633122919,0.0560544056013044,0.652127493415047,0.715407251877684
"CGbb",181,-0.613834153964255,0.318073508335577,-0.19661853023005,0.52778504147927,0.317223684252837,0.696200574976274,-1.5659631722135,1.31424684900997,0.0137177420259494,-0.332469056413725,0.16148668997891,1.33341655824055
"CGbb",182,-0.527325481191863,0.526329337386377,-0.404065168356737,0.766333218487383,0.476299912535582,0.189154754203095,-1.34206735563034,0.565674460136427,0.628033219863214,0.124784760386323,0.0122866411886401,0.741518503777451
"CGbb",183,-0.327477937260586,0.222529381539329,-0.0389432067693067,0.283000193027299,0.42358209859915,-0.266583054784442,-1.64189144546218,1.84287091753921,-0.17066055236558,0.0702893635408669,0.236461613271044,0.483127329431813
"CGbb",184,-0.541621037085241,0.435854828548216,0.00540338758217848,0.449095477156222,-0.0753583021759096,0.399567113410982,-1.58644487750581,0.618000035692157,0.697871864860516,0.166590504850239,-0.141804117239502,0.986454412805521
"CGbb",185,-0.863769236700165,0.683096011272371,-0.172976681953846,0.0342695576677058,0.276023456749257,0.448557773696135,-1.93890837452804,1.20330632482461,-0.188699109665337,0.186093673630012,0.598186014734671,0.57708698859368
"CGbb",186,-0.652188128611245,-0.0338176678065047,-0.315212706855765,0.774154954073371,0.456554727324458,0.0180429871500263,-1.43773037007947,0.617082945686726,0.0459258018960392,0.414662079470726,0.130651420647484,0.392330450568772
"CGbb",187,-0.738945375723748,0.507405337939226,-0.393467691137631,0.15838257294028,-0.116910271946463,1.04952757798711,-1.06979432513362,0.878342033457309,0.0856459901253564,0.023782199228616,0.172930839590018,0.688713783106663
"CGbb",188,-0.446013597622001,0.494508185871876,-0.455738342592506,0.582320408898118,0.164806536842646,0.621189937484554,-1.43273080809656,0.754914083679519,0.735558221132122,0.560909222590609,0.247795407423596,-0.00513509331043847
"CGbb",189,-0.469482239257584,-0.248930609382876,-0.0115124686017398,0.197597299962542,0.306201979308728,0.23425931988576,-2.24630056232697,1.67522410853824,0.287610154024204,0.471671275807199,-0.946716201123618,1.10022289303972
"CGbb",190,-0.508262950943381,0.565855293215032,-0.496192379885312,0.258606989177101,0.335125176594314,0.397666669630401,-1.6650772683436,0.957673401829158,-0.207305478074631,0.481033898041201,0.738736007623549,0.216014100616972
"CGbb",191,-0.494727918776117,0.0615699654366867,-0.110586490497143,-0.467730109837545,0.349063446530534,0.41428137246965,-1.13710588938042,1.20055424817421,0.464827266062286,-0.0700040817278865,0.215220684721097,0.252393351621542
"CGbb",192,-0.446411215010345,-0.200164281908698,-0.296436790528366,0.45998171384257,0.0682051077254692,0.428172379831357,-1.62070342931865,0.776179190515248,0.562638479588835,-0.311465845463393,0.786211325216834,0.822925502922603
"CGbb",193,-0.583141575149296,0.454895271441705,0.0389184500860644,0.377152556720472,0.143980525893981,0.0600134095779968,-1.59141576876275,0.734696248399713,0.349722191911408,0.366537090249436,0.52452416511636,0.391597990804133
"CGbb",194,-0.627688335624892,0.144689181325762,0.0801103342900623,0.0366926227081022,0.441686109534552,-0.00428662294977699,-1.48185201317065,0.57691585024657,0.398212351053813,0.286299888164297,0.0779999062817246,0.497778332830157
"CGbb",195,-0.249324018298256,0.0181186110856782,0.111765453305212,0.622741819203487,0.129373679826415,-0.0473880668927228,-1.40299032930672,0.0509774233014067,0.151153616820657,1.10293846723172,0.0293589971166543,0.579817139879722
"CGbb",196,-0.569582036037107,0.241333981542038,-0.0648816981472858,0.389739197499469,-0.0446615695597494,0.240567882522693,-1.57502579987306,1.01343107562308,0.652338352068125,0.894457813759326,0.314570240192616,-0.353923002402393
"CGbb",197,-0.596736734526166,0.061353444190803,0.00367464886164932,0.563714617951137,0.00409118926954613,0.314697245279403,-1.75875176712018,0.570685595658621,0.81813439370799,1.5934269715918,0.269779662585483,-0.465152229698477
"CGbb",198,-0.436764004869777,-0.0289871835132448,-0.196327974798526,0.276796266203525,-0.149166178524202,0.635277839759087,-1.49654993816677,1.27807370218804,0.132317416923693,0.323002437700519,0.123583724243268,0.283327087880667
"CGbb",199,-1.00627195344005,1.13293231010666,0.0685448235359906,-0.405209452665392,0.245318881521785,0.426665233747037,-1.7111893655989,0.66536186703052,0.487926411378915,0.116594257206715,0.15856243966493,0.967168282961563
"CGbb",200,-0.401404364404825,0.0406554099478888,0.217061249390943,0.383162963003171,0.0894505042910012,0.00109563293619259,-1.67830554712232,1.06325117771257,0.425642064820194,0.87885290135361,-0.301361651324208,0.123288548996981
"CGbb",201,-0.630887951896879,-0.0315367894228903,-0.51025178337444,0.560858343862408,-0.175743927910975,0.840464866677598,-1.10310675719088,0.423869748003714,0.287040184684837,0.960460227525808,-0.245167063398954,-0.00272135356446966
"CGbb",202,-0.86156469280108,0.941150969378891,0.0587778527171368,-0.175111586718394,0.0796255942338192,0.43761160356096,-1.22749260923259,0.46364747626285,0.457590717207457,0.183231056684191,-0.335877483956223,1.02913220632169
"CGbb",203,-0.454887992208335,0.295294918856151,-0.508470063182029,0.548332532186225,-0.133951975511478,0.727852290479051,-1.2421167300153,0.414205887863431,0.488962093587931,0.259095806503563,0.565306473825068,0.30414001519987
"CGbb",204,-0.518390596277433,0.433151333825193,-0.0295325234958092,0.295858253970182,-0.246005573725816,0.704010707533409,-0.919188564655342,0.39464859011214,-0.328311375524597,0.844837434562781,-0.102055468034446,0.316090600478329
"CGbb",205,-0.437063794713356,-0.0281633471614211,-0.573635631364094,0.665856879755813,0.498350014012242,0.365028445485621,-1.10162143205818,0.397825811093974,0.348846001423256,0.0136720967216061,0.0866116303201823,0.860356426420106
"CGbb",206,-0.910366162603679,0.206601388695581,-0.044743226402626,0.156810526809725,0.0779436351288161,0.334990780254869,-1.48498018459848,0.724281870533158,-0.148256146410311,0.200227844992431,0.377850759556976,0.645807753195847
"CGbb",207,-0.439571149115711,0.511926535783682,-0.192898305977555,0.354157734454352,0.565603132247845,-0.177485282504706,-1.64810861549638,0.893384055541729,0.859818579962766,0.501626250744616,0.630085089386957,0.145479774248367
"CGbb",208,-0.710216391054293,0.535252567064021,-0.419900847056887,0.0872191481214376,0.187939051684812,0.315685402462618,-1.63418479802914,0.898597753523969,0.514323954442083,0.146417883588503,-0.2913792968353,1.08592236582603
"CGbb",209,-0.70316087176038,0.592563771449021,-0.213016904266593,-0.381389741092622,0.243735002524319,0.397823562255111,-1.98805124569029,1.36313498656463,1.0802771094377,0.371930787947607,0.289942037961692,0.0529546472257721
"CGbb",210,-0.192525289487847,-0.0678147483019225,-0.762515973742177,0.550004344626569,-0.164412525914837,0.760500168251959,-1.54998874980189,0.789645958902198,-0.0739856112581412,0.891672346134503,0.306521699870175,0.0665532454188317
"CGbb",211,-0.280570481464233,0.18680903611757,0.00104491185757268,-0.0039993386082717,0.27728323123741,-0.06622097336843,-1.3553731542492,0.89022656588244,0.281932504762527,0.142159520835603,0.494460854316499,0.279684236621489
"CGbb",212,-0.686454049649973,0.764621876963989,0.228751118797981,0.268402272208273,-0.338081010026014,0.243839368284413,-1.47396481305703,0.893508521208268,0.33023098898489,0.557407124410268,0.447352597881329,-0.0133216635130007
"CGbb",213,-0.449475217154327,0.483076014610676,-0.145059355957055,-0.328846463794081,0.387222981773773,0.630990856485622,-1.33916085111865,0.632007253615496,0.370580613305198,0.275781547020177,0.729963474887711,0.042887709016349
"CGbb",214,-0.62415330640284,0.35557702334079,-0.499320621618171,0.594158469633282,0.276196596919454,0.423273336704655,-1.24318777028833,0.510306880188029,-0.149691438037428,0.606429030724319,0.693107888922178,0.169913312241019
"CGbb",215,-0.776184306637905,1.04670113501445,-0.27630457651713,0.377073595900708,0.292175424399364,0.464399151381563,-1.73807616806694,0.993577313122423,0.964192334233131,0.589618743096337,0.258323223560617,0.0783555750958892
"CGbb",216,-0.426460065992937,0.000289801680105813,-0.515833232536279,-0.0335845853406253,0.654351951923179,0.475509842338332,-1.36645507937746,0.642107257968916,0.595112049351277,0.351341091178745,0.0307201744948101,0.679327607328608
"CGbb",217,-0.37805374035382,0.405097276927379,-0.358403923094672,0.265957530276218,0.307419486896539,0.493425558257724,-1.26659085639252,0.733394302130282,0.508416087021928,0.521021065238655,0.354720992465916,0.11639647924681
"CGbb",218,-0.793579288964825,-0.232982689167841,-0.0524924402575501,-0.240450853330633,0.156896011372318,0.71134183502204,-2.21487221676656,1.05059935022895,0.682976474161007,0.389470927731998,0.223032682293775,0.880507203222179
"CGbb",219,-0.47443858396682,-0.0467549590008552,-0.0242287270109889,0.0185556687953779,0.163646260694781,0.318604075007288,-1.53020695700773,0.65245668033393,-0.287117184271243,1.08330423501502,0.306451078131998,0.419663746168937
"CGbb",220,-0.524769080820867,-0.0780986147823555,0.142663583930461,0.0484597452317264,0.304323038203307,0.0948313196235814,-1.55611120938467,0.976098417782277,0.315656068473973,0.314794829154298,-0.338610954177193,0.823042958891872
"CGbb",221,-0.811251849854125,0.515194242969463,-0.0881730329048653,-0.265013981077274,-0.0786814809565444,0.641245291394303,-1.32293230369499,0.949138777696504,0.188570142351333,-0.179913902126446,0.219583339667526,0.829126631556793
"CGbb",222,-0.405205765044519,0.370133656492769,-0.00475781740451693,-0.213665231945654,0.229983076198842,0.3046570825903,-1.28086668818655,0.52260012902974,0.60825192314517,0.756554446994486,-0.0763841015633677,0.155624159793746
"CGbb",223,-0.585326704455213,0.348685459258046,0.0784383493566128,0.180339863133581,0.55420671276985,-0.299105258367047,-1.52914443695463,0.687289103457185,0.643453399413887,0.864348561983906,0.756477667497595,-0.138184431771483
"CGbb",224,-0.319293364137908,0.25036540574102,-0.430100588913836,0.716327082002159,0.217706799121927,0.168561411593733,-1.38620510375317,0.941651169045766,-0.00900587439761461,-0.280039679181405,-0.24216333398076,1.49324205944664
"CGbb",225,-0.487916027899048,0.218515421105771,-0.387225179868779,0.395949267946449,0.138173167377618,0.529899032814668,-1.4854993407022,1.23325239353639,0.146912108414945,0.225172674713676,-0.0789079653260472,0.571857903429581
"CGbb",226,-0.491827797033486,0.412797437508512,-0.829497816960332,0.773762110810257,-0.192747033599376,1.29982390697428,-1.63725677546958,0.997345489722121,-0.0090650194007292,0.431203802804302,0.161993358811288,0.636316870998407
"CGbb",227,-0.545657181561423,0.46914334977399,-0.367842743217222,0.625265135978351,0.160843062767986,0.358271692786059,-1.33811629577594,0.761076842665448,0.190239127989948,0.62604535325819,0.299735039090185,0.162944682556373
"CGbb",228,-0.757530541680625,0.113855124565659,-0.0474675446201146,0.231699429656705,0.144939709831782,0.571577195556454,-1.35177095104013,1.01215250022639,0.314065821783757,-0.560937103009384,0.834669154394516,1.30537986133994
"CGbb",229,-0.841294694076357,0.4425904413043,0.1093787003327,0.199455509439841,0.550964496101725,-0.46410687973961,-1.40783275594834,0.957413155678737,0.303111891818539,0.464927498495581,0.367921080602892,-0.0732922190174155
"CGbb",230,-0.307229716259416,0.142614535302035,-0.0134445295000347,0.226612811863102,0.0064303559408366,0.0213782785296319,-1.18084926282206,0.294102490008051,0.332777599108066,0.383317231665093,0.588603103903559,0.0233439906821089
"CGbb",231,-0.364749377459555,-0.353227961891616,-0.161368244489461,0.694614482640937,0.528372244645272,-0.125242121595969,-1.32183366568526,1.11908725303799,-0.01680526935146,0.873504414377743,-0.378761063844379,0.432179126907967
"CGbb",232,-0.587252826308501,0.724767477688751,-0.0129058111476938,0.592081947743163,-0.53092612773109,0.680622968874905,-1.4548396067191,0.616034703249612,0.275560886325085,-0.427405569490879,0.314854669150896,1.13854256031158
"CGbb",233,-0.54964288159737,0.504576485218853,-0.0769762342692789,0.199175318021899,-0.0892182078280299,0.354049505166272,-1.05108314755748,0.735348301930993,0.125939743320873,-0.136534606040903,0.00374852143876295,0.991891221840707
"CGbb",234,-0.586165630666712,0.290140832811822,0.122617371019415,-0.14871315923458,0.0508743773700397,0.45894385632468,-0.924573842159228,0.561017789420716,0.379903453672206,0.0591276755443662,0.263853893395949,0.497793405437753
"CGbb",235,-0.941217594628377,1.04994262454078,-0.510807003262961,0.393246039782857,-0.0314844246115122,0.737971681097235,-1.20817646765472,0.407575462409891,0.242945658101565,0.777749943480879,-0.157722185591226,0.341959790093657
"CGbb",236,-0.649986829026275,0.196835718922905,0.0442486141331913,-0.365464181871132,0.278768499141889,0.397205511721979,-0.952667742060754,0.641028100261737,0.178683696521298,-0.126827327750945,0.42376485749747,0.657649558114609
"CGbb",237,-0.748612903933929,0.177474005266756,-0.0102591052623024,0.464140506704459,0.245301511496551,-0.043939700739853,-1.20340146144365,0.825757658130722,0.337346001626281,0.323148129135988,-0.0578414494035429,0.503072874161331
"CGbb",238,-0.48758638748201,0.340657975990583,0.0632298640490328,0.454661692837612,-0.29962869392066,0.105451060600692,-1.9687607800567,0.84819978853105,0.574446657051294,0.455576218353821,-0.0636584735408875,1.09081963924888
"CGbb",239,-0.620170960510892,0.413503589306146,-0.273677582759958,0.266675421241976,0.264530596428535,0.298265957854817,-1.52401533629597,0.364825992213476,0.331767928083947,0.907958287476402,0.189026483587214,0.357817583803028
"CGbb",240,-0.688414857175071,-0.0701573698593542,-0.341523487862045,0.0649479831059194,0.247401686108259,0.186070175379841,-1.20004745320767,0.803250743683906,-0.164919976954741,0.23920861345385,0.608651707764016,0.323454992479242
"CGbb",241,-0.397589415797575,0.180332281499551,-0.316852366175436,0.876867531725551,0.184859441082026,0.367819066456201,-1.3850909787199,0.89284204956489,0.154514119388934,0.887446056527416,0.43071283577102,-0.346506324246449
"CGbb",242,-0.227144634796151,-0.0794254556341805,-0.0902242032267157,0.435890876464374,-0.345977227904811,0.386726864493713,-1.35152071458502,0.731805612917314,0.529048218814167,0.563626241898343,0.107195990217603,0.316449342479241
"CGbb",243,-0.235357256537079,-0.0133550114539172,0.071430164698316,0.225071187305095,0.154926485785885,0.00950465694197647,-1.64118906207646,1.22814504868786,-0.0111076917540161,0.185736091079154,0.00174650218462179,0.792961699123895
"CGbb",244,-0.68335775117287,0.285383510926349,-0.0784621867222257,0.642206401597689,-0.00317444722467934,0.312832604589851,-1.79390981791608,0.913137973046481,0.678811687712699,-0.229056949358424,0.0135913523604029,1.30569215397331
"CGbb",245,-0.688821921296285,0.371846572140708,0.277707614000278,0.339385003817073,0.0280923462344427,-0.12005470108546,-1.4043586851396,0.662030785640261,0.441250491303698,0.0695500696456406,0.124767792266109,0.66884199243164
"CGbb",246,-0.470090034915708,0.422761607130188,-0.405928669582941,0.786524485975941,0.395115762869895,0.243950194851951,-1.33727795569857,0.948985266939923,0.00660926411620128,0.572580739292472,0.066968958598675,0.071043688512593
"CGbb",247,-0.468043535554563,0.543928430056383,0.0750562979875112,-0.0436120739243999,-0.0704886286224914,0.418375621899186,-1.11046909813786,0.803965783882922,0.247161399006075,0.10388368332733,0.937949668194099,0.153374638400965
"CGbb",248,-0.426043465886105,0.302479193084066,-0.396311236656614,0.505925816885269,0.683698171559517,-0.0396166018603983,-2.31806200146056,1.12872344521584,0.577306353148232,0.233679497731796,0.672107829896959,0.236820611317317
"CGbb",249,-0.766883408916007,1.05216318651432,0.145043988144764,0.0933683929157176,0.229793064270736,0.0501819731491146,-1.98184099019471,1.72115760365872,0.275618627773788,0.943078928191352,0.0437157705335567,-0.342648207435582
"CGbb",250,-0.313885273898489,0.332340560545027,-0.467973469761827,0.528528609775959,0.259536517442866,0.629254465811108,-1.58863389425508,1.31334328547574,0.162423901349856,-0.0210606223257215,0.419318405978314,0.687161655300108
"CGbb",251,-0.791963905803051,0.408533640864225,-0.0753102140581471,0.398399260996979,-0.222352016384224,0.663605386365229,-1.41317941417057,0.864570284535737,0.243894441665383,-0.0691586062719486,0.554172234747076,0.719630448756693
"CGbb",252,-0.777257592199333,0.664095004869105,0.0208407134130286,0.062609218207305,0.584579973170796,-0.0529398991955159,-1.4913952714711,0.714931682799511,0.241867792786065,0.652739897667339,0.389796915351682,0.228378191970615
"CGbb",253,-0.0847107907848385,-0.639719814955438,0.186129336189341,-0.387604213675016,0.112738278737289,0.20976641393439,-1.43468503751906,1.17657644376432,0.235509504145065,1.19978533920847,-0.0731430336221167,-0.395558492586757
"CGbb",254,-0.462960229811881,0.181593788011408,-0.317565996065211,0.348163018138164,0.0958300674538698,0.580194919670704,-1.34628619287086,0.608088104674571,0.688099185871635,0.52888044311558,0.29919848930963,0.218259856160278
"CGbb",255,-0.563250059848964,0.100509714161056,0.0371000533410499,0.177336986481045,0.107489604200864,0.0490017498442228,-1.13814400407163,0.890811827165645,-0.0453262917252234,0.0262421073368212,0.540988516207465,0.173699226135495
"CGbb",256,-0.513614202557653,0.0628785463433196,-0.247855897776529,0.125309208001516,-0.00149450993116124,0.241317227496164,-1.66905970042177,0.867331622832617,-0.0971348828549846,1.10929669986159,0.503297634750469,0.0380362850121769
"CGbb",257,-0.749510434090821,0.497688449686092,-0.408404972012078,0.316932980859111,-0.47815990947365,1.2042506080815,-1.49321144071155,1.29508401108126,0.619630149891519,0.97927335948609,0.880836708445758,-0.688863364739303
"CGbb",258,-0.317032440324074,-0.0622303965268547,-0.172230579787523,-0.198763078833012,0.190031967331466,0.633021456243377,-1.34758933344769,0.565240729197213,0.0957647342768444,0.664619565494945,0.152158158007054,0.340063716514495
"CGbb",259,-0.989390895577458,0.799338860748029,-0.0702601594129637,0.572568943311928,0.639965639534148,-0.379372151690443,-1.16571259990493,0.864768608722615,0.015859136883496,0.414552280881148,0.182813921056455,0.389813275616703
"CGbb",260,-0.484164956853405,0.238285699009251,-0.161634604417047,0.0145002992314382,-0.0232236941921571,0.691874161667061,-1.70317511760143,0.788377070524478,0.279513748509652,0.185454998076708,0.648963496805221,0.73053843396867
"CGbb",261,-0.629842856341325,0.447836546743641,-0.426397776653709,0.31227002246318,-0.134698777088555,0.886358467036201,-1.08630344951422,0.836786762615823,-0.0362084107942993,0.399073963644961,0.3986019164085,0.072296995441698
"CGbb",262,-0.729776042251132,0.394180375134081,-0.0978402303050299,-0.0586571410477574,1.13120044031528,0.0627030650114362,-1.1841590210745,0.789392681890247,0.341359784474411,-0.1774172589189,0.592312869840149,0.484762126681571
"CGbb",263,-0.615010504529231,0.491745896086396,-0.220956705280167,0.317655174189416,-0.0585131961456478,0.627690015189361,-1.70193521960125,0.789190468454756,0.309084338290083,0.343786878155054,-0.147110272112612,0.819927487785318
"CGbb",264,-0.706776958238887,0.120366349558448,-0.268081534679168,0.402331632833435,-0.0405511956578611,0.414409575330775,-1.61111048454405,1.19426256107232,0.276298696895942,0.304280184825713,0.245852554817377,0.568098092833586
"CGbb",265,-0.420025024663177,0.363208319484071,-0.088414551400198,0.446836651254452,0.14902982367261,0.358180629589746,-1.47592438126959,1.01389093339398,0.0136777026923918,0.277201724175144,0.450130927705357,0.394547798948676
"CGbb",266,-0.882025137521056,0.922297176272748,-0.498168743116937,0.640730772747113,0.219127849337921,0.218474423370462,-1.61505054344155,0.983326865123344,0.24017980701743,0.648488718276395,0.676967124991423,-0.42909865609776
"CGbb",267,-0.307434550278144,0.233133370836357,-0.086342355803497,1.15299979610577,0.554067920166198,-0.181143329918609,-1.00823171668576,0.354468652306092,0.244360251375092,0.4211539768933,0.278498355306981,-0.166091022285523
"CGbb",268,-0.381813508296132,0.378928009483992,-0.0460608123382897,0.729782914117367,0.0465896526945147,0.286678069465208,-2.04499448974082,1.05258035762346,0.125530494758171,0.313471082255961,0.103542205739945,0.870057844722882
"CGbb",269,-0.6300647413405,0.34880733436123,-0.357667160722691,0.586422859036925,0.0368617154283068,0.849361870449503,-1.43912365997866,0.836061988465917,0.194922645605564,0.470546850731059,0.234827275755638,0.156051492271168
"CGbb",270,-0.349217712146002,-0.0394800986868284,-0.0263208800096493,-0.20568751881507,-0.333563245579584,0.469445267182045,-1.0317814117914,0.801031955868381,0.214930848052629,0.088881385508454,0.629619308337676,0.240688247959196
"CGbb",271,-0.500813726662995,0.386171421752794,-0.188757494385236,0.132863307899473,-0.0816795534734363,0.757304740907036,-0.949385939049974,0.555144547024134,-0.0290055167436765,-0.0868358047389672,0.38235912940777,0.616678972992708
"CGbb",272,-0.595228410062436,0.656688016308645,-0.0332654970671072,-0.0431616071388545,0.0803064753106385,0.389470511759417,-1.65233200113284,0.547525441947043,0.430933282215568,0.135442301644795,0.31638368687275,0.950426652497384
"CGbb",273,-0.884998839634281,0.643732480416105,-0.302228275349365,0.189852310125165,0.157003757679375,0.654910191740003,-1.18829881932899,0.823788150611143,0.470517231047566,0.644860035242199,0.0211848346432006,-0.0901405965711091
"CGbb",274,-0.182045363241247,-0.170968763408867,-0.374682492258439,0.267415369305798,-0.232298530629174,0.648792443595613,-1.82126040620942,0.839884437113213,0.84207447012489,0.56866273594285,-0.0834822497671992,0.726787279773098
"CGbb",275,-0.601656147640891,0.541760982310235,0.0720933997405468,0.156922359283016,-0.0588212099872736,0.0884276653298161,-1.94323339996309,0.903541940504502,0.50395165743654,0.297978045690576,0.52421801208,0.242854963249461
"CGbb",276,-0.490581772224437,0.339879754756172,-0.258817474941137,0.171906320285971,-0.0647351902862633,0.352335945106021,-1.59967255564093,0.685915492181279,0.378625678606973,0.761559180825518,-0.233778878935342,0.753566621400727
"CGbb",277,-0.694594811935558,0.789329278609301,-0.490356380519624,0.419624561677042,0.122458671503927,0.712361524216135,-1.22160991373778,0.490163897490821,-0.0127185776237932,0.191860917378809,0.170618414266036,0.524246305107743
"CGbb",278,-0.117098675601332,0.205005815973146,0.103621958287027,-0.182615385549603,-0.0525033457580436,0.242337335703981,-1.24805914652324,0.532474920071579,0.186343976390742,-0.0649339446430348,0.215220117374156,0.95321639631675
"CGbb",279,-0.442466829784141,-0.0644573313114604,-0.00251517507739808,0.559028074348126,-0.219273992307732,0.166273407101347,-1.45997751068704,0.490068115205267,0.711979167147169,0.214211506648617,-0.74658020936201,1.60183826492675
"CGbb",280,-0.45943444880556,0.530075063176727,-0.49299777210096,0.696829020667661,0.51547533235005,0.305970544036487,-1.51278685282827,1.17804700106708,-0.438080492730017,0.138183455013621,0.41139797423762,0.730382085704944
"CGbb",281,-0.403914319962355,0.141172665840926,0.132226951774316,-0.106160226856955,0.0525004278400683,0.347611460413179,-1.60444520415421,0.850147948010733,0.67109006703673,0.504021239594508,0.0699993009771782,0.466126313328246
"CGbb",282,-0.329855227625714,-0.240139545920298,-0.540979632175637,0.654939424858796,0.0668196152463699,0.389553795931971,-0.959600442463,0.463047951901819,-0.107236899260364,-0.238803515073896,0.333218025541742,0.737892777623601
"CGbb",283,-0.675960794452276,0.22227357202678,0.0632575009138634,0.140692908175327,0.0286539943999671,0.171672136612239,-1.97214546276182,1.00224463883821,0.582961614089877,0.619583294996191,0.824323109707801,0.249766539448977
"CGbb",284,-0.288835114149875,0.345345327241336,-0.213197096126968,-0.409469233207367,0.157796562682552,0.842166529457616,-1.10330797694934,0.793991662932802,0.274967458821728,0.175431193865552,0.303314924827732,0.354914191978234
"CGbb",285,-0.364697843431727,0.0478193903700152,-0.0673893865504165,-0.428454057065817,-0.0612606191052102,0.569021560428492,-1.55332652932502,0.715371609682167,0.374896743968154,0.17653358836231,0.240031912175106,0.607694267803809
"CGbb",286,-0.569463640882979,0.305165560725256,-0.0707503002362257,0.223082246860526,0.141538685106351,0.643287019585723,-1.41936042915695,0.564461508433442,0.341742422034638,0.609952379793083,0.20868558135677,0.207585604000257
"CGbb",287,-0.563334869166555,0.519680361193115,-0.0188698559908352,0.286447634047571,0.376352975638704,0.00681775323358448,-1.32595475352123,0.522635013794453,0.125771341988717,0.976787775517597,-0.255274817082839,0.265683463124759
"CGbb",288,-0.468903454162882,0.15096112597832,-0.0861859666022981,0.215127048511658,0.916519098782872,0.0496892668506942,-2.13467690653555,1.406811058349,0.487308063706147,0.414239088775948,0.539861169163724,0.235286243759864
"CGbb",289,-0.707633716164729,0.758240695941013,0.182004141588047,0.435714882013361,-0.32051432387395,0.301114052065941,-1.28456360618745,0.461111476459712,0.453387792972866,0.432868512081842,0.16266619988861,0.310707788235506
"CGbb",290,-0.144681955966482,0.053853402147669,0.0979550329640494,-0.0924094908725499,-0.0240508465684542,0.445992855376406,-1.4211404536909,0.768092749846169,-0.0519930499005759,0.413483511911581,-0.220993658828917,1.10313698128587
"CGbb",291,-0.591795697394149,0.637140936333396,-0.17562985997818,-0.0712652015484824,0.247944377477184,0.417755659914452,-1.57302076736518,1.45797632147917,-0.350924611386667,0.647534648737342,0.318101164432718,-0.0505195023025884
"CGbb",292,-0.620932577376388,0.734743542622113,0.131821605762139,0.590573630053122,0.045402681853194,0.0230906121301353,-2.27937995492406,1.60965039933414,-0.141840840147279,1.07566357385745,0.579841171470282,-0.486691743247219
"CGbb",293,-0.267889836946074,0.202032801678848,-0.136417646850392,0.444007084372719,-0.0195463807672292,0.46109209182693,-1.59683690443306,1.1404223091988,0.105688636655783,0.342084921944842,-0.0106855124743734,0.859838926078706
"CGbb",294,-0.372687536445924,0.372398221630602,-0.642709407092009,0.788716244189796,0.476826761574339,0.0048771184180716,-1.88039498865214,1.56492710057311,0.279341092094183,1.0061948044416,0.148344443014362,-0.397671082736172
"CGbb",295,-0.372367069603319,-0.162414721674812,-0.0441697718775829,0.626581857339395,-0.330644212215793,0.390666802268787,-1.68682432415061,1.00195152392307,0.861268472823678,0.677633786242679,0.00519124159802656,0.0984496846166757
"CGbb",296,-0.747956571461047,0.834023100912469,-0.483103431967711,0.444955794382431,1.14043253376408,-0.121779756282383,-1.11600226552788,0.192415496944534,0.646244413125252,0.727408042131085,0.579430541187501,-0.424341512392162
"CGbb",297,-0.457127890880933,0.266462420061094,-0.216438764023581,0.186993455730896,-0.799202593072677,1.62855102564106,-1.5174088980413,0.573221054599894,0.777652455454973,0.659628293630653,0.327327013680589,0.321543777123891
"CGbb",298,-0.464591005086836,0.278080777702805,-0.762168155174891,0.496557696133614,0.321864262596615,0.806509397092816,-1.20456729305888,0.684410301101544,0.550336929149861,0.479265298319004,0.165909630251134,0.261605729639212
"CGbb",299,-0.115301344098119,0.167420595878924,-0.317064426031512,0.390359404619546,-0.198925382583809,0.817273449945214,-1.21945611246538,0.626340211477801,-0.263778082816702,0.31464602735278,0.584233414520879,0.445120938011147
"CGbb",300,-0.413682378508674,-0.174918908764412,-0.221276035113654,0.498938381175705,0.198599676858056,0.232097934148641,-0.808084409473722,0.421770738666341,0.1313114548231,0.332263845438006,-0.541167058059126,0.321888706873959
"CGbb",301,-0.551246912379699,0.324047437357896,-0.0683133454323039,0.181337364935734,0.353899518503646,0.187836914056097,-0.983265021466483,0.952015628361304,-0.803652491549968,0.475001531672765,0.227777376359852,0.236634597126644
"CGbb",302,-0.387212057074915,0.223580048611481,-0.457079816052769,0.585864068081801,-0.0731374953163944,0.758188930650685,-1.11444434380971,0.433397938529211,-0.113695038194186,0.256732716858506,0.351285070362804,0.418974907296177
"CGbb",303,-0.527340458750456,0.289876252443815,-0.645407000751569,0.345154518207823,0.299071770763854,1.06243536997318,-1.68165356224128,1.10564248413721,0.14369143338042,0.426062846655428,0.608767272171308,0.266950243069008
"CGbb",304,-0.631901675553919,0.135561834508234,-0.0438081422454922,0.177532150285361,0.0919423767076975,0.0773999846225592,-1.87387693701568,0.842476640812456,0.274464891510514,0.667667967589811,0.270186506643565,0.722153785139272
"CGbb",305,-0.917501424962689,0.724345814129064,-0.06681199724597,-0.0786464145796807,0.124533635667964,0.305402221597115,-1.25867103484369,0.79619239250509,-0.1071337714677,0.761273193529272,0.296837787519502,0.419017077792147
"CGbb",306,-0.0680894305301219,-0.0257217974981072,-0.127364930234523,0.590571453284663,0.439807211483759,0.0756430949659684,-1.21886367443888,0.589235116098929,0.175835531758667,0.589320346123235,-0.587197623821759,0.766344161688453
"CGbb",307,-0.21483740796151,-0.0660716260318452,-0.538387243841752,0.00970718527271812,0.827051942239616,0.602673891072596,-1.67233930535713,0.817290080013323,0.41364525435317,0.468964486772194,-0.716730219611833,0.853669929000109
"CGbb",308,-0.411766484198469,0.273555683562272,-0.236109705057818,0.279958432400496,0.207063961901817,0.538673039854015,-1.38306560058192,0.95597992242081,0.359096145428531,0.3973617374013,0.00636450664771528,0.376143524322175
"CGbb",309,-0.336285475728104,0.13169210132365,-0.28506220129707,0.637568014398998,0.0408561918807973,0.274529526348189,-1.68702253041692,0.798966001973854,1.03564081421899,0.328677197927433,-0.00411689079090567,0.537227855236466
"CGbb",310,-0.19169487154752,-0.225435154711772,-0.368521409013492,0.477810802334473,0.06983938210089,0.520199639430832,-1.5310401124501,1.00662021044419,0.158836309937898,0.652694001607558,0.154956269952339,0.124359165731816
"CGbb",311,-0.599057261942196,0.317086691010533,-0.304440367602322,-0.0292168507402509,0.749900816167441,0.110787785893667,-1.46133901055414,0.650997608973575,0.542984712449697,-0.0191238730416186,-0.0114322123987452,0.963995261223082
"CGbb",312,-0.531630501213142,0.261178719064959,-0.200065557275271,1.22096546499327,0.154613799308635,0.219898890612053,-1.94172730734904,1.10585508256803,0.304459963202714,0.158519971736577,-0.0256450147760998,1.01556365667353
"CGbb",313,-0.757669537946328,0.424589458489186,-0.00571033973072263,0.127642374601171,0.329628340067816,0.330467752808481,-1.72224964420486,1.07619356748659,0.210214387497724,0.440555501433136,0.113784938866888,0.367758403038368
"CGbb",314,-0.702478771975378,0.399434587522261,-0.314749710588135,0.621234236370789,0.354881503433553,0.38478199681113,-1.14213207100703,0.689715036373815,0.0171953214377142,0.479496164149591,0.173416467446641,-0.164534060059504
"CGbb",315,-0.450933164827861,0.323454710828034,0.276696461288453,0.123458576854435,0.737024792053669,-0.262413467021364,-2.02934042005076,1.6332423956625,0.411823394640773,0.688638957239244,-0.325533625444118,0.287698024961772
"CGbb",316,-0.368104731670264,0.160814081604758,-0.061994679490605,0.238774692561918,0.364167297316173,0.281726558489642,-1.6388918539396,0.648429101402728,0.468895460094521,0.969344316580905,-0.59499616691512,0.365240846249508
"CGbb",317,-0.656495786723554,-0.0855836326638947,-0.190861760700984,-0.065279046524365,-0.088050095771065,0.469740783114441,-1.37323288239534,0.839307321180057,0.0172067492336088,0.61955299889718,0.703555697854808,-0.34861658803366
"CGbb",318,-0.551180015629028,-0.0698612944176446,0.158715973829498,-0.414185499309123,0.198850742537265,0.218572796695991,-2.31593359935171,1.78867419265816,0.850765629262194,0.498523506619239,0.178490749481041,0.060598349943885
"CGbb",319,-0.473161221330718,0.542770453478562,0.159623422002894,0.0814339910964062,-0.0503508918178349,0.282399841371223,-1.22514612601842,1.20844110293462,-0.143100951587499,1.3304496689193,0.109670518058443,-0.834113964387625
"CGbb",320,-0.419428262403848,0.18310409615785,-0.151758009861118,0.173591185334274,-0.167638861868544,0.573318416618451,-1.97280941116272,1.06290038684625,0.833014984661071,0.880624435886156,-0.0480529874325775,0.225948306445185
"CGbb",321,-0.184712586236232,-0.0855970747833764,0.0180057781274962,0.065694358769122,-0.200239850264984,0.309596189860514,-1.55921646662713,1.01656678885464,0.529620697474678,0.291304998636586,0.0152649976271358,0.615303101176883
"CGbb",322,-0.282062526384674,0.000454554313593532,-0.254355237751948,0.630024398469464,0.233055328834105,0.224503561578171,-1.14087058381014,0.0500870061644025,0.576355340716897,0.57647645823451,0.645223436274146,-0.309978641424238
"CGbb",323,-0.301335811947707,0.185698685230117,-0.469265385687041,0.502997875534386,0.195590436653517,0.77738459652957,-1.61929433340586,0.594729092652978,0.404722624342908,-0.0239093325176277,0.959726569577051,0.638128207797936
"CGbb",324,-0.384149247814354,-0.105415204621067,-0.101030618493989,-0.0825462189544972,-0.120351241707607,0.805320713587287,-1.25794367242656,0.990903884256672,-0.102141162891392,0.0113057676288138,0.636174582752495,0.364576791459502
"CGbb",325,-0.525503775746835,0.148020544964907,-0.0558653588200234,-0.386794546590709,0.572890255755049,0.456132670529665,-1.86249008419134,1.12969274282208,0.772881844093055,0.5438183634703,-0.070657548356523,0.36380736386908
"CGbb",326,-0.33341113973726,0.283212647101008,-0.15308942560169,0.711298116724923,0.44543784027265,-0.216015908538764,-0.94919501837517,0.916718366512149,-0.479016714200013,0.648718197924099,-0.0935451026201011,0.388072844285257
"CGbb",327,-0.347736579769662,0.0636963875663331,-0.353356333531567,0.517176796260948,0.239872947369778,0.316663987528831,-1.69030216311981,1.19587972494512,0.220267472065532,-0.344931629143301,0.514751496299055,1.08267199581472
"CGbb",328,-0.364585795333132,0.240180453219464,-0.270420216333919,0.540711098715137,0.247357043118439,0.104430610343029,-1.43247953603998,0.91190874047099,0.189114538403264,0.157121783609467,0.77121889757918,0.117157079365783
"CGbb",329,-0.227137645353671,0.188373219066644,-0.19246700186713,0.539151048348549,0.375388653789857,0.119455205072123,-2.06120761769189,1.37786734389827,0.284718392139273,0.179464637484749,0.425629326743973,0.570972016701325
"CGbb",330,-0.413056660724258,-0.161906031663466,-0.275325031757201,0.0949970557028467,0.404190496165125,0.579017050053752,-1.50838877326992,0.941407854374991,0.556237657504307,0.144826833642937,0.203619581040559,0.346338121103365
"CGbb",331,-0.397846619192307,-0.0200934682026848,0.395646981608598,-0.489861015446039,0.120853243078762,-0.00201742738200913,-2.20630177401161,1.60477753236255,0.846748800236801,-0.0223872620356606,0.818156311696374,0.218223433230804
"CGbb",332,-0.661424067477451,0.0601676686609506,0.12743197407405,-0.0817434994479771,0.049146108403519,0.0453131577485498,-1.46487899409835,0.644448715159188,0.314224722858441,0.540812750663324,0.450649924387182,-0.0612989681943137
"CGbb",333,-0.72635600806729,0.535811317593481,-0.0354223055097898,-0.24808001084617,-0.0636956377001211,0.880348532015973,-1.42641818644959,0.966862140067685,0.0336970344165484,0.170774874822358,0.581907853465666,0.56618698165368
"CGbb",334,-0.203798708052542,0.0902879088708128,-0.195390305770902,0.462792532977543,0.106197999983433,0.274462232085478,-1.8758050436127,0.845841813838453,0.619701076499905,-0.16588131175121,-0.275055307629581,1.65550134388613
"CGbb",335,-0.525682757526318,0.0476294520271636,-0.739395097049435,0.707877655435945,0.195072833056813,0.572809838096414,-1.38918135213737,1.18030356078507,0.135726399310649,1.5276862501422,0.270744467701596,-0.616829100271438
"CGbb",336,-0.467752020118554,-0.0618512528137387,-0.0293561571615425,0.0645663234580834,0.493282986330963,-0.166670072002125,-1.80733831110785,1.29966643593373,0.563045824261236,0.238412343148912,0.807194351245852,0.324103693808615
"CGbb",337,-0.298926527180619,-0.00945609998938523,0.332018228264091,-0.410816387042622,0.12540025592325,-0.0768079584950836,-1.34947747606864,0.763618696402424,0.210413286127941,-0.0473384750171022,0.162757642622984,0.790307374409073
"CGbb",338,-0.315438403424317,-0.416995299651556,-0.170238535561239,-0.0462880144863739,-0.274677853780746,0.906970940970898,-1.79251121818992,0.903594526767478,0.79549353690657,0.656141831391567,0.46521449826394,-0.0947491835614913
"CGbb",339,-0.502753027730503,0.135188255567723,-0.00627406829705936,-0.016453361258066,0.0833781578670305,0.311669232613718,-1.56591485665886,1.02693453656527,0.521412968408793,-0.0725983992821241,0.413057709605235,0.514650503842229
"CGbb",340,-0.162119996350758,0.0496759108669197,-0.187291004775933,0.444118069275226,0.187381630440543,0.368975360445051,-1.80109633814332,1.14562722906141,0.420318062293132,0.570593064167419,0.297953283790487,-0.213965393425634
"CGbb",341,-0.37444181165045,0.0271560518991296,-0.414487789454522,0.171048412170196,0.605833666106052,0.359246330130317,-1.40582885086171,1.36934278497185,0.146726306600592,0.67922098028425,0.689677000975868,-0.260531576324676
"CGbb",342,-0.446127418795319,0.351755819853281,0.0994919242242093,0.530342534295987,0.456193667318425,-0.0386474945192635,-1.75715849406029,1.01948866718096,0.710574242802103,0.277798369324154,0.259239192338921,0.377553116376291
"CGbb",343,-0.67355501656731,0.902689072541841,-0.389450421650505,0.228878840396873,0.661160708259157,-0.203867099461876,-1.2871777257099,0.996058137858224,0.336529126355437,0.494725149883795,0.328119302038181,0.0865789124887213
"CGbb",344,-0.385962076458063,0.194668058151182,-0.248006263001639,0.381418372944413,0.33000326388936,0.203167584849864,-1.59126653024087,1.20897443690675,0.326272442900813,0.0445452803647867,-0.0911450226534894,0.886601515757938
"CGbb",345,-0.485142893754145,0.444172349497099,0.22421284463485,0.0173027987572777,0.135206755438482,-0.0577257671947864,-0.892100759476375,0.545910234214782,-0.159396304264391,0.692041190867582,0.13475237177482,-0.180276229073892
"CGbb",346,-0.744567990366678,0.661780697698104,-0.0690649834653035,0.0990936218675351,-0.084773445088235,0.426784902580915,-1.36549035876816,0.983914910712016,-0.0875531528053055,0.763585632465484,0.307772803685919,-0.0909647813036108
"CGbb",347,-0.862770480706375,0.380590849897762,-0.106268710952782,0.181918933777173,0.053508694196931,-0.0710947708620328,-1.8772725869553,1.02817316382518,0.65532050985084,0.508577978871042,0.086824664500349,0.546577063309399
"CGbb",348,-0.924503098113522,0.375138748791371,0.0135597738284729,-0.139779044258692,0.942083114666032,-0.0681518501442409,-1.54128108168123,0.823839638661262,0.57667530430686,0.078074268282689,-0.381704652541754,1.19930692455448
"CGbb",349,-0.532780185708775,0.654542941777159,-0.249457887344309,0.293253312845399,0.0436672842011,0.219141987886952,-1.40739958965609,0.551555272408816,-0.118863654946906,0.639717574417079,0.401501065916252,0.0896788797742333
"CGbb",350,-0.569782255163305,0.547281286321973,0.127142491920465,0.201403791712665,0.241134007474341,0.109661226060092,-1.54602817407753,0.673707842710055,0.201772647437569,0.310429517382371,0.130379467371182,0.997415280552047
"CGbb",351,-0.681409486160446,0.729811357824269,-0.250332023246702,0.409812371565865,0.3051168807588,0.231038635028261,-1.4900985887339,0.929907318729509,0.103838221675934,-0.0398081033033592,-0.00451495413339922,1.13118108365427
"CGbb",352,-0.284782325682433,-0.100925051482951,-0.0288928117860552,0.128263504321105,0.046169478033928,0.149613781329464,-1.77053935251961,1.29208977081637,0.277387752404089,0.477753962994277,0.605991878971147,0.133132858434955
"CGbb",353,-0.643875939167683,0.206194514418727,-0.0871652523870745,0.398636758202638,-0.274310915771526,0.0287661457194987,-1.31830073116849,0.667942927862392,0.0416867642013459,-0.185975337266658,0.156972434291839,1.05392816246864
"CGbb",354,-0.767883260424603,0.584706585364519,-0.396587332403881,0.561925986982709,-0.0430776302859652,0.738341410277086,-1.59698361721733,0.615062521598022,0.258039156259473,0.432995786301871,0.486368175722343,0.806616392432602
"CGbb",355,-0.545913285444841,0.351084630904644,-0.0192863107232559,0.414863122663261,-0.0869376704814852,0.0981966509124629,-1.97779249083822,1.54768835771385,-0.410742525150126,-0.0895334246203623,0.973219237585391,0.903033952271383
"CGbb",356,-0.332791989215588,0.246437249903876,-0.294469524890077,0.432103727032754,0.581264434177392,0.189547358863287,-1.19594255524371,0.624906976506406,0.257063225687073,0.212135049536698,0.534447387465377,0.166375601514902
"CGbb",357,-0.586714646332712,0.690151389847662,-0.325559544696457,0.429149042264149,-0.43098474778083,0.788885163021432,-1.48991227345687,0.548188991344001,0.388749972547478,0.713832589349398,0.0020990636144356,0.19206695651278
"CGbb",358,-0.309749351320451,0.0152253476105004,-0.147418968843722,0.583861676377993,0.312501702455352,0.17394131298808,-2.25797800125935,1.1349722057867,0.601280715536947,0.430663232396967,0.842349497481598,0.0129915281316536
"CGbb",359,-0.587797121879912,0.646022143311463,-0.0711829132240887,0.124908163182366,0.585541364533072,-0.0404335760231164,-1.57691913581148,1.31447141288211,0.193152881638224,0.721677468618316,-0.080968498417338,0.176937496978604
"CGbb",360,-0.508306846187219,-0.276450232312584,-0.161571633583147,-0.381502291575102,0.680296579755092,0.150325550627754,-1.41321703870684,0.748059603191749,0.490990110320919,0.0445603684504897,0.242175616445093,0.853650997067531
"CGbb",361,-0.719486899198834,0.643808766033199,-0.41916688417397,0.693537240772443,0.155019582029499,0.270970789867282,-1.154425350165,0.478409177491671,-0.0996968813095161,-0.192744243043021,0.683672553662685,0.583481497236966
"CGbb",362,-0.315902336220548,-0.610264078986565,-0.351659427048041,0.590200022316929,-0.148891191496502,0.596863820822574,-1.77329634791076,1.14526494979193,0.624652133591155,0.667563938111607,-0.110262273379288,-0.0638926165509646
"CGbb",363,-0.30423820575483,0.205662312435114,0.513746031728146,-0.136324579549926,0.014304507708731,0.159012855542354,-1.74152465829211,1.19564877274062,0.514583650996954,-0.140683332497064,0.00575865199393873,1.02896060090973
"CGbb",364,-0.475933604969802,-0.102744908818856,-0.210441740366492,0.661740585104178,-0.0451195043927925,0.560820439435213,-2.19091870660272,1.20173728577594,0.318191416345961,-0.119962361923,0.295799068945346,1.48223603448389
"CGbb",365,-0.660545668563396,0.470371885020213,0.218513152611221,-0.111327533635633,0.786957136361035,0.00410277959074839,-1.41557556486153,1.04076012830961,-0.0429876841912075,0.168636640452882,0.34577917053878,0.653507830786496
"CGbb",366,-0.616166795248723,-0.00833785118450455,-0.132912435791198,0.430158312123576,0.463517271909151,0.319723030909431,-1.30453072913006,0.696906561408314,0.365646546774501,0.24255207516281,-0.0571804903198413,0.662379396421936
"CGbb",367,-0.784717465255317,0.370424196623864,-0.454865533860917,0.523209759755735,-0.184325973043991,0.730815364171793,-1.21244049863064,0.494405473749222,0.375208103350843,0.597745833882497,-0.0530256688167765,0.594030498923846
"CGbb",368,-0.673521396270486,0.723125484553998,-0.0915021348762928,0.432441678902063,0.434196560011291,0.039873742275593,-1.35359082651233,0.726104349405692,0.455821231643937,0.232646072351956,-0.308947892841528,0.94252175759873
"CGbb",369,-0.538309459533548,0.0766717837423044,-0.1349104398099,0.251615499207636,0.248036728306288,0.244306345535377,-1.17029419055437,0.850472334135548,0.260909737587483,0.416638486214891,0.1842933776276,0.00233783820832221
"CGbb",370,-0.378459309315484,0.315715496973015,-0.330474474604488,-0.174405370300058,0.078279495747999,0.53136514582779,-1.13061929773049,-0.0484236513789213,0.392468532289456,0.322836747027462,0.287850055881388,0.674407477523507
"CGbb",371,-0.608492052791034,0.331737220049438,-0.187315176754253,0.433599956162259,-0.862615975307496,0.659392159179627,-1.75395900455974,1.06963206912855,0.309527831095774,0.4239202337489,0.705782307745824,-0.0830304654796685
"CGbb",372,-0.803787457933654,0.289455142359607,-0.215034174708502,0.173881997560189,0.545532284953355,0.338754438824603,-1.72784791745983,0.664756383264124,0.293262941870573,0.189911914084203,0.211571887633492,1.08699684737136
"CGbb",373,-0.486792806677746,0.316644337647105,-0.365954425952812,0.399431977437932,0.794154683191461,0.067348993804329,-1.97595511491563,1.43159718783019,0.437077394606359,0.689071810459977,0.484639598260438,-0.355775744072984
"CGbb",374,-0.369521394536496,0.421822579969968,-0.111188188418493,0.622413783062542,0.194588043525956,0.30005838437359,-1.88831809318285,0.593937047578473,0.388324046811989,0.513081838730521,0.610990446750541,0.301361358562349
"CGbb",375,-0.480934578341594,0.218603253424738,-0.506421632579832,0.43945930635917,0.234526116986823,0.465434478493562,-1.84005476875731,0.773258064175362,0.769188032296312,0.287240600798947,0.434061651514755,0.598737924647749
"CGbb",376,-0.752474474291846,0.588465587148035,-0.393992581482797,0.474373659665166,0.0510239994807689,0.603485857218085,-1.7667445881982,0.936759741640273,0.662406767396398,0.916554929702183,0.0314611663339699,-0.00591910582860864
"CGbb",377,-0.830286263136049,0.564997468814207,-0.149971556590698,0.203433503340194,0.376096332240489,0.268775155571893,-1.58505493514841,0.835352067819292,1.05789434009486,0.571056291092474,-0.069406412265684,-0.0317109703062739
"CGbb",378,-0.460423607831777,0.306894487993182,-0.188595391862594,0.39454048383227,0.347395956661812,0.213838456910966,-1.40071109594285,0.70680138449305,0.456122559665107,0.455864528103938,-0.101214198157362,0.840679335961439
"CGbb",379,-0.171177559868926,0.343257061158808,-0.531289615513419,0.162621304228089,0.221796018675722,0.924645311144918,-1.18310040804651,1.03084753363072,0.182613660315433,0.195624363944258,0.279305925027711,-0.0736902887477929
"CGbb",380,-0.354728728911424,-0.0220358642341611,-0.0592235577636807,0.526135149679897,0.462615171921638,-0.0626140768173275,-1.17478137997525,0.304332421404427,0.23975635707925,0.608129055754457,0.40009399059186,0.154468170904722
"CGbb",381,-0.362673210318699,0.422461727341453,-0.176172852046929,0.570732455514591,0.952719249168807,0.228188029645893,-1.82902101328859,1.17363136805988,0.168714773900932,0.153494293983702,0.217896239888995,0.517964390668066
"CGbb",382,-0.425895534722219,-0.00117686882722697,0.137793021175433,-0.107777929523982,0.200672817364966,0.204962869702653,-1.19281331950702,0.619375098128811,0.903662392950321,0.27472877151927,1.02455205262126,-0.0445954186416362
"CGbb",383,-0.702439186363368,0.164104098915936,0.0056073715506737,0.742687497861244,0.113846122553694,-0.0558561516842204,-1.57066956264683,0.724901815326438,0.184550827799506,0.677486394243849,0.334430346933091,0.127177394509524
"CGbb",384,-0.27311320655264,0.308423950999623,-0.26701958226502,0.50677533841051,0.248508785950217,0.0888558599119593,-1.32316306486694,0.98787099102343,0.528515547098256,0.482816311114378,0.287472264752957,0.0304329242651699
"CGbb",385,-0.594042293727671,0.654886172135743,-0.381439756161028,0.544606219932612,-0.0607550062554517,0.358025680541636,-1.63397707664763,1.06110271710866,0.49480605770801,-0.883666420876206,0.0867003214210925,1.64872464380762
"CGbb",386,-0.455585197972102,0.328054969962476,-0.368271545979208,0.740776053714685,-0.28668297232018,0.789770776718242,-1.06809557760687,0.465730243754905,0.35678857505886,0.642778920738994,-0.016357063353722,-0.183087191295183
"CGbb",387,-0.825726137209482,0.598899620584933,-0.0100893139087745,0.117988482977843,0.364094611160189,0.315819625666046,-1.64381176543262,0.930747062970046,0.131828321273927,0.409247234386635,-0.0428145598624041,0.586117596503075
"CGbb",388,-0.437970875161622,0.461908329567661,-0.180699763271138,0.368584922251212,0.473119882133565,-0.100909685306381,-0.856578231928537,0.845441353835721,-0.101104749212051,0.434792071360059,0.708798344760478,-0.481941360332432
"CGbb",389,-0.652134270808611,0.466340054256508,-0.172174879172591,0.479173995177961,0.654507243605669,-0.246297713757888,-1.73603702979788,1.27519202050557,0.406854292796539,-0.119141668643541,0.32773662197325,0.566673430047268
"CGbb",390,-0.493076451814502,0.422248210530582,-0.39010214561205,0.563429774218475,0.393490508933536,0.348508621103624,-1.55573517852167,0.670449599839275,0.322451406450729,0.955540549365153,0.515090658514228,-0.0286537826105305
"CGbb",391,-0.242514760174763,0.130018094152209,-0.552799811427574,0.729904875915662,0.157345679442991,0.521760965913869,-1.4575232491246,0.491201241729661,0.432323310635462,0.271037504797684,-0.0815476295668105,0.933358796314843
"CGbb",392,-0.722182872475277,0.461144893294348,-0.316046917561968,0.0215311122854464,-0.324251729773002,1.15545477367761,-1.66541977876009,1.17825661218149,0.36412811745436,0.322509180774319,0.111665446216598,0.284193943909386
"CGbb",393,-0.245250127852402,-0.255068635189086,-0.280069230702647,0.254892543359743,0.359273837711402,0.214405214496717,-0.953641430699175,0.67423111529274,-0.0298904494210903,0.453874516990889,0.337881131395252,0.0931927680195147
"CGbb",394,-0.353961762314628,0.111451478158659,-0.345098189674121,1.1289278866711,-0.434856937581325,0.502360372927567,-1.22371049391537,0.450182754796795,0.119888595880566,0.358820238720109,0.0936676136359351,0.35283576049284
"CGbb",395,-0.367587840888667,0.238757812160804,0.0392275769916117,0.174874326714283,0.106173089367806,0.207698747084868,-1.03563794925294,0.540752265929147,0.298332440789254,0.144885282970325,0.339169050008362,0.304288300652621
"CGbb",396,-0.374921490950356,0.591558518598818,-0.0696980479375319,-0.145464536901126,-0.402530898659126,1.01018309995251,-1.68999194899843,1.04043052033534,0.64647987615169,-0.00016705743476966,0.156807942748306,0.466692102403124
"CGbb",397,-0.55654832678318,0.535706887792049,-0.202215191256927,0.813470584704633,0.298689023102871,0.225477365279003,-1.5853881795749,0.722666088639419,0.59390143977984,0.630441151033705,0.577813066396759,-0.00636679531384058
"CGbb",398,-0.520417818220578,0.343712941900153,-0.637756929062131,0.955199906325341,0.861592704783676,-0.0977954830942834,-1.20157901912058,0.226574180521907,0.258220457313505,0.529674829708983,-0.0892800211130475,0.880374791767347
"CGbb",399,-0.296252982305029,0.630634054398198,-0.503943305914361,0.641352321983667,0.0485504025007185,0.4715230680732,-1.19431466224368,1.06671535357066,0.0587285245387432,0.504273649788476,0.0167819262638263,0.247251075882002
"CGbb",400,-0.609975880030123,0.100509356006674,-0.0952229634239646,0.124526867463024,-0.252271299622012,0.76049448567648,-0.959681162808726,1.09294220892109,-0.125326585610635,0.037010118751782,0.0267973369854518,0.544873852547706
"CGbb",401,-0.764526414392596,0.740583534346946,0.0863077857032635,-0.194126978612029,0.546194167597703,-0.0706653075521268,-0.867404225179995,0.4113628905827,0.507475035688126,0.472540802086801,0.162166799659998,0.0847957978593466
"CGbb",402,-0.600565257995238,-0.110071732973392,-0.469533521012784,0.0986682590496092,-0.0586722221018952,0.721275799531939,-2.09570760394483,1.10359706224663,0.960793925891425,0.762884129509004,0.267923979593298,-0.272988199616135
"CGbb",403,-0.260447816591534,-0.112519557156947,-0.31665965546031,0.290409263274416,0.381948424016088,0.538447969687726,-1.2859791553926,1.08140518470305,0.21639494479902,0.274495951010989,0.266112010288045,-0.0541645653625004
"CGbb",404,-0.679965036429588,0.522019827301788,-0.192261806439651,0.652774535851179,0.183709147399513,0.104172149265261,-1.36607523387075,0.824812917957166,0.662973383640884,0.394298881892721,0.233652501083688,0.207737323957855
"CGbb",405,-0.329425642469071,0.358968109819851,-0.507520737965826,0.76482221775141,0.360853707690567,0.141539898389615,-1.40967202660228,0.787820019825604,0.517596483662991,-0.219936765247952,0.255606797185459,0.718901636577809
"CGbb",406,-0.525822521181871,0.168980278682899,-0.0141480932173341,-0.0777065704628723,0.135451468381746,0.332786488263772,-1.43715213053359,0.938686292472951,0.48206272060002,0.192665733434359,0.0874234711885978,0.414879556836956
"CGbb",407,-0.68265433444037,0.748287855398511,0.176254273833777,-0.0633394220593894,0.128233550315404,0.242411545242899,-1.40377234277886,0.689432762390096,-0.122590198866186,0.0912062536564321,0.640945780785514,0.652453170555874
"CGbb",408,-0.236712281414502,0.167090213851886,-0.285219850900738,0.584398724614769,0.625543601921032,0.0759047828754723,-1.36342715257224,0.704971053663071,0.237084633881052,0.226361005665969,0.0953747935451806,0.62968137365875
"CGbb",409,-0.324631184525599,0.0542926253710583,-0.211809677813216,0.475465244191328,0.0743911317181221,0.525927696957162,-1.56721399580009,0.59465005810009,1.00156446560849,0.168520468835405,0.737646693522111,0.59317151888756
"CGbb",410,-0.513862744040858,0.165775142008514,-0.12971952915272,-0.109277054740978,0.052170703664066,0.299264664057758,-1.58724167037558,0.973000347895733,0.345631767703272,0.631682903022408,0.21406042927654,-0.0149842437926207
"CGbb",411,-0.454425375344672,0.397548935727417,-0.177431099204756,0.535690692218348,0.421711559939324,-0.0777214618671713,-1.5674953496692,0.772849933697749,-0.317375717841451,0.339600574664992,0.201020230955501,0.560439214991974
"CGbb",412,-0.439329451558193,0.374062457531205,-0.347498016506687,0.34750393221715,0.366402908133922,0.287809737554351,-1.58717131933635,0.955558275971062,0.334272117131705,0.29679195778868,-0.24052211684672,1.02271714658996
"CGbb",413,-0.63466932901173,0.732891534642187,0.167825765741482,0.0800903940132662,0.322513964899431,-0.140396198857892,-0.935344385029281,0.576099494251418,-0.201716339295538,-0.143042369742065,0.532105484939421,0.659414722829259
"CGbb",414,-0.633108467279939,0.534043098224059,-0.547880209884594,0.894328639437416,-0.108255461656508,0.655129531707414,-2.30213203640304,1.75807221981807,0.450032538960726,0.555564195200403,-0.277138191724494,0.419496495309578
"CGbb",415,-0.707248337362288,0.413414915909253,0.100978265156999,0.36529744003064,0.754760464526189,-0.260349085934963,-1.73004774784894,1.38715293813829,-0.0502065704954533,-0.307817600598169,0.653126768782146,0.98252230184001
"CGbb",416,-0.389989362628771,0.556196262308341,-0.474047077595182,0.404252149142134,0.212021390151742,0.545567513497857,-1.36067095814177,0.974896391598129,0.0351777361967717,0.458614589297029,0.627936038673654,-0.119734456063425
"CGbb",417,-0.519908640928337,0.622605581408633,0.064132300428987,0.41654418701297,-0.580301228705323,0.677570046326562,-1.49654736832952,0.574974642326576,0.257170436353755,0.174468694319695,0.513773504192887,0.634424779476547
"CGbb",418,-0.214178745623048,0.0763164744406975,-0.088127293228973,0.67353160963403,-0.150620370505535,0.339458799895155,-1.28107565422742,0.135987362432274,0.12861360258988,0.306741861406154,0.0257484934974109,1.03663637938906
"CGbb",419,-0.155501724563801,-0.288741316191881,-0.172509134855245,0.247000865768952,0.386963477896145,0.116315047047499,-1.2151900078166,0.933854544163039,-0.158791650444979,-0.00648296847706053,0.12707368944777,0.450212043592101
"CGbb",420,-0.292856582702661,0.0252525119259921,-0.313882763688952,0.281944890266593,0.0970058256789089,0.440877142109115,-1.39804630108993,1.09508647868745,0.0440754660687403,0.443427755043503,-0.111685624758059,0.141997523545922
"CGbb",421,-0.367660210114436,-0.0397235982999746,-0.44417464276131,0.293000762312939,0.330730969431133,0.911058133062925,-1.41293598816656,0.317703983890789,0.505202256123448,0.207158422025864,0.362619237729627,0.592510816753846
"CGbb",422,-0.647087130635306,0.831523195184714,-0.0873903688234875,-0.335381953023365,0.160403694057753,0.445301354862242,-1.37283710327303,1.00270750810515,0.493292635746611,0.232639018144387,0.228177882296233,0.0825983250611857
"CGbb",423,-0.563026475800215,0.507139024906607,-0.498694176885843,0.302919032053114,-0.0073715731981092,0.906568273266268,-1.15397970244344,1.22481981890011,0.123734269406386,0.574696768683024,0.331929162412711,0.165793792824299
"CGbb",424,-0.63356496760429,0.802018431098291,-0.47150943906454,0.468996800517426,0.526928695352258,0.0304583578134734,-1.20145732128062,0.973509813585793,-0.0951780653547251,0.493843519706524,0.516012786804507,-0.295424061832175
"CGbb",425,-0.816686229696174,0.649995080771005,-0.0351892032584848,-0.409983986068102,0.334148444925961,0.656121721023985,-0.770986479701878,0.620227232379299,0.21782362006738,0.41167606428246,0.0532358237694775,0.048208520430358
"CGbb",426,-0.0882869683339967,-0.248349654433348,0.0310710150718412,-0.432465068254614,0.245645876503957,0.520190679300687,-1.91292943346183,0.650389983048822,0.638551021718412,0.870980325325672,0.00294993390819072,0.244298074943407
"CGbb",427,-0.687520275645228,0.722647099263494,-0.267479593635012,0.0796341658984258,0.139321489237155,0.181105623514846,-1.38876743683035,0.821415517339763,0.036480783931817,0.487450837342666,0.249259621672818,0.0357699026488282
"CGbb",428,-0.334113606645512,-0.0222591234125561,-0.242118927222409,0.391964090175455,0.0832566317559576,0.237414066193121,-1.47193397108532,1.14775692563067,-0.197318311036473,-0.391367664760835,0.855314510375817,1.03850271866656
"CGbb",429,-0.765920866222648,0.187514820826015,-0.106625669522868,0.054829784367954,-0.339409708307363,0.377276538943837,-1.68190654946734,0.757174326034387,0.2993933533063,0.233657114567481,0.705476908952239,-0.0161826254926675
"CGbb",430,-0.667743504939155,0.677230534943949,-0.0703826631241649,0.680399865362229,0.478324635028252,0.0108975426086883,-1.65932966400777,1.24975731088663,0.671940600621019,0.0930321993773439,0.130950746573316,0.269360845570271
"CGbb",431,-0.859113888868335,0.759588009559129,0.129029974302907,-0.0574291356395078,-0.162239830690813,0.147042561749227,-1.63010732219373,0.746851159020544,0.606199597315331,0.337250285398365,0.0852314882199943,0.749591384314305
"CGbb",432,-0.401762299221165,0.181492106810419,-0.00543513750818753,0.402797205379842,0.335995609549307,-0.104428945192188,-1.6585367884386,1.11445617798411,0.452080195065734,0.78130290030309,0.344047120007846,-0.0896663227523925
"CGbb",433,-0.340901301278635,-0.0610651155181546,-0.355897358689228,0.56554678161412,-0.0636366634944081,0.583837369764737,-1.9172707730231,0.897234467991003,0.366562468539997,0.121071446228179,0.344666429514056,0.748635372814451
"CGbb",434,-0.602063250893343,0.508124656299157,0.0225834122108062,-0.0639754755429261,0.519741997511435,0.731183419050978,-1.35702790091319,0.690119753895676,0.646375550168401,0.43470359563301,-0.539702193377807,0.930795377274076
"CGbb",435,-0.422786564619054,0.282854933761453,-0.491004218638869,0.106776073914583,0.0419861875508862,0.697954781693554,-1.75733526563319,0.774771561617865,0.990976964966984,0.617902561633923,0.490350613184058,-0.311285185079052
"CGbb",436,-0.413285873393615,0.266901010246103,-0.389505530967875,0.390459865752317,-0.556521803397547,1.32097001230375,-1.3638899526572,0.814292708608238,0.412483561823093,-0.063257493505382,0.499406947943252,0.347582555781549
"CGbb",437,-0.567296938322381,0.544886849810899,0.0233435495898428,0.45826044423324,-0.0677596103434295,0.176053379101702,-1.52180167277398,0.692097794300864,0.663021219251616,0.551841242285554,-0.184077032501935,0.429310093095848
"CGbb",438,-0.573576620274385,0.0571503461173814,-0.191659666506381,-0.0574734535845587,0.225213807111988,0.530295180410426,-1.44409414294428,0.788541687608561,-0.0578344293146224,0.699158161560336,0.173657506002655,0.361706722294078
"CGbb",439,-0.276096144644935,0.036006087403467,-0.0429048273188148,0.245497263320517,0.631364757090809,0.00717034455530614,-1.95855433031228,0.926813987228625,0.319702373996218,0.691701520818926,0.414237830227679,0.193360346858495
"CGbb",440,-0.708378483087933,0.19804886618851,-0.373012372997871,0.509785961412426,-0.0634784076154273,0.405437583943654,-1.69991089269051,0.961771191362312,-0.0601662396176842,1.02216817606313,-0.349123980962194,0.45220762717145
"CGbb",441,-0.821667576726912,0.704287870519401,-0.166847356635197,0.134157256595175,-0.0628707165507257,0.615721627420297,-2.21878122746184,1.01347191328572,0.856036810043512,0.788889527778068,0.199711542276013,0.0502993609236784
"CGbb",442,-0.595187850626158,0.341306212774405,0.237076342883586,-0.105447013544403,0.000762896410293456,0.360153086656151,-2.09151921517715,1.32732643111285,0.440825082157629,0.467288133225086,0.103085921961963,0.454279005471979
"CGbb",443,-0.680494928366274,0.487262343709427,-0.405130222098168,0.448114431294326,-0.241962538126189,0.781702786255918,-1.78364865354661,1.37093902238485,0.393087991257522,0.0308530708452923,0.636762588102531,0.375590618688667
"CGbb",444,-0.651599323980356,0.731710751784729,-0.600698837565213,0.682755335888435,0.128542256686076,0.697557296124862,-1.28732071222934,0.615988297674745,0.202150260573092,0.339334348064833,0.127278689699134,0.55853913700721
"CGbb",445,-0.402885954733801,0.24197640942731,-0.340901037508487,0.574321939330452,-0.301490416901264,0.52605267377821,-1.75857151791845,1.06566819876403,0.388465811924681,0.646641586741764,0.0915616515062366,0.250777838113241
"CGbb",446,-0.551238327274869,0.124426514925983,-0.519919885827139,0.771763565067503,0.524513059834327,-0.0312517299263158,-1.5135119394257,1.36589416991389,0.139123636855834,0.253125433089477,0.827855110153682,0.105406391288661
"CGbb",447,-0.46527591550477,0.542073197906072,-0.308332644995576,0.70610120909877,0.169440355214969,0.438796211007905,-1.63370783259131,1.02936309809434,0.528303906359405,-0.0472871585625215,0.316230600180091,0.942414662451171
"CGbb",448,-0.517183893068964,0.490269413417018,-0.157640396907366,0.26096466157158,0.246537748713996,0.358752238751507,-1.36973825303551,0.64179681771717,-0.0468113488927775,0.421622996929732,0.23858299078827,0.017422331691559
"CGbb",449,-0.451666267375084,0.44731502031054,-0.167697300447368,0.526088781877082,-0.392776240072629,0.7135576202744,-1.5598133364572,0.705541427192835,0.246789491496326,-0.0643057973880778,0.775839860659128,0.393302557270776
"CGbb",450,-0.41069907227742,0.277821627894203,-0.146608208524641,0.11404365635848,0.444771626714197,0.0987203011680435,-1.57645972969337,0.963506315136511,0.642602073870296,0.00446890517330024,-0.358410334592791,1.07854070116165
"CGbb",451,-0.121191447702844,0.126050104700908,0.335693267440931,-0.195356332061716,-0.00734047078989408,0.154621979718399,-1.53639390169182,0.748104793371194,0.443473937531576,0.177323143477563,0.209465082513236,0.499257711615275
"CGbb",452,-0.719804272696072,0.231599058916456,-0.537687076441488,0.188658833417264,0.244928822009622,0.680214289869957,-1.1224667310217,0.658915949296659,0.387670327384915,-0.141180294781153,0.537891207782413,0.432671091570714
"CGbb",453,-0.389296115107208,-0.0421861580972498,-0.00717882269647625,0.140523065006272,0.0890556406663723,0.234561905174801,-1.93734626813935,1.13223885828952,0.790778321203352,0.14606529469428,0.417254738765153,0.274404825067122
"CGbb",454,-0.73626648417385,0.927800214501599,0.0315712610885603,0.295053695315399,-0.0840371828614225,0.191120150062258,-1.61532323785731,1.29747156823465,0.283682899631694,1.34918148868847,0.355617961565188,-0.747685162136551
"CGbb",455,-0.47165092509767,-0.100330126395378,-0.421406908111148,0.597535334434127,-0.134743621947542,0.592065937951162,-1.70859744411025,0.776028729520388,0.389165909796535,0.874366375492123,-0.0724264308871373,0.037284973675865
"CGbb",456,-0.48053845466437,0.639486734892792,-0.249938067198796,0.314212704708845,0.35956793993098,0.139839176882264,-1.73787088859753,0.926390983741094,0.939344560738644,-0.106436867002919,-0.0598413822225988,0.999028499143208
"CGbb",457,-0.439408000369618,0.179180610472432,-0.583951581033319,0.278142680559555,-0.14076446797356,0.991431368560484,-1.28385114171164,0.351278004306201,0.295174459820632,0.540549741169345,0.400389531725283,-0.162584024149082
"CGbb",458,-0.221861558522067,-0.0516484438140619,-0.133167848123036,0.150013795155279,0.125157239045978,0.402838158334848,-1.3387902692733,0.878534675820006,0.274063969679204,-0.0246279752974234,0.510273148007202,0.463596342604906
"CGbb",459,-0.675794565339947,-0.0325087469499413,0.230695077756164,-0.0150140304778182,0.208093451203748,0.308367729341507,-1.669354969141,0.858307990090646,0.186070180083094,1.01614645525429,0.522847518567896,0.181731318984561
"CGbb",460,-0.48240816250084,0.303329800156939,-0.0481690702829444,0.439730796467553,0.396764542994218,0.221765107864627,-1.2958309202199,0.422119208492608,0.346862022548785,0.0593289741888004,0.645611599731007,0.659051750260752
"CGbb",461,-0.34636580453643,0.175296681694426,-0.101721442365747,0.444974099497551,-0.0190884481232204,0.32230166208672,-1.13149919454877,0.31904012836463,0.292090582274803,0.608049520599506,0.321571650272529,0.0848639695729893
"CGbb",462,-0.543252787145967,0.420407329292082,-0.157267425082596,0.696469492880711,-0.162734217468103,0.571223389068544,-1.10840266803979,0.914666149284037,0.459550796577787,-0.0232489655155668,-0.126782238019344,0.69967140438539
"CGbb",463,-0.258043271599497,0.101357409462473,-0.24723061707161,0.522510856204746,-0.0396222269878276,0.45781491508809,-0.922680374326314,0.68916938015219,-0.10505515724055,-0.10980633993919,0.515837109497244,0.329402618422415
"CGbb",464,-0.146218992489063,-0.121798752915026,-0.0604891183561825,0.289634157433351,0.0894822571979736,0.236790375865238,-1.69168607959146,0.900316041480168,0.219909911469964,0.338363947866592,0.748946114502125,-0.0751287929585105
"CGbb",465,-0.565435573032921,0.175113457797733,-0.0443804389115576,0.185884129924321,0.112319614956505,0.341854037102969,-1.9452364863656,0.771872588393007,1.10029601898359,0.751794243518075,0.168140704331226,0.368801505787472
"CGbb",466,-0.387170121265767,0.233996507974865,-0.179074605348393,-0.127847370211391,0.477753969948162,0.319232288450207,-1.56326714696994,0.848259889550228,0.48339911523683,-0.0826152034742688,-0.0209512156484703,0.70898763102778
"CGbb",467,-0.532970326648356,0.169219992648864,-0.267203222921945,0.723963707275054,0.0591637151199795,0.331321464718581,-2.19556465341104,1.35879701641637,0.613481875389296,-0.0136067607988654,0.223635989182933,0.993518935706867
"CGbb",468,-0.605572634325503,0.128645449168631,-0.40421699397966,0.605710586932667,0.0584379787481365,0.553069257821262,-1.49632739119335,0.214905797810665,0.451237339274133,0.588829375613627,0.525786966847744,0.353904857367025
"CGbb",469,-0.467072954136126,-0.197370654471797,-0.399762374102033,0.710163242096465,-0.299528971851448,0.747592779176214,-1.62546596333099,0.611910464567803,0.588794642165439,0.744940638674514,0.845362255521398,-0.19229016087813
"CGbb",470,-0.360029643155226,0.300058878692253,-0.257404295422893,0.472045866262669,0.138352856576312,0.458708688157935,-1.71372508727232,1.20975966682941,0.624095909689062,0.955969997393896,-0.249931786983342,0.374989645712887
"CGbb",471,-0.565741513470386,0.679413941698738,0.565296062668399,-0.243691456899053,-0.0660208177272447,0.125920356220817,-1.34538852878177,1.07744311333785,0.253579083828469,0.161040240891679,0.260121751847763,0.565620174784699
"CGbb",472,-0.342668155852992,0.291101189561792,-0.26861861687144,0.13047464027745,0.635542159311185,0.325031949361754,-1.66730076970327,0.781087976454762,1.00233389444101,-0.0153988651043621,-0.0641143786679435,1.05006659236993
"CGbb",473,-0.351449407036722,-0.0266879261586778,-0.301144075750986,0.456301764039977,0.00968746592070198,0.368378546396278,-1.67673995960603,1.17273477259464,0.13771854554438,-0.0954132155996719,0.460005230937269,0.635089233861758
"CGbb",474,-0.389292131020667,0.293773469639322,-0.396251924381784,0.511289767470394,-0.138768863675932,0.781504103893197,-1.79339702178585,1.69703330776229,0.351790335790891,0.831366217136237,0.675463073755652,-0.782012006736752
"CGbb",475,-0.435306759939847,0.187679709689577,-0.438211157010004,0.605248604203882,0.404044364381645,0.316495613472575,-1.25129213774077,1.10268042849706,-0.00135496365462376,1.76751388966797,0.387746014623397,-1.34219729020426
"CGbb",476,-0.638976237369669,0.250185026753275,-0.289168398276963,0.192799292868723,0.0750867466425358,0.496655735626612,-1.69779442403121,0.605336498613534,0.11077261348037,0.473117482157105,0.369323587473375,0.471158000760242
"CGbb",477,-0.75270891995222,0.578028816242909,-0.14530948819576,0.252220010278396,-0.0329589829750953,0.570904882975185,-1.77977992174967,1.07404715768584,0.0723764157180708,0.238276370864542,0.653777877620025,0.739940989788026
"CGbb",478,-0.311001059392788,0.113183900824737,-0.384768335437469,0.593910753159345,-0.454306476564107,0.697516961607149,-1.52145955023538,1.25505852700592,0.252812068209722,0.681817151348933,0.792158382018493,-0.863015187564061
"CGbb",479,-0.403890387019233,-0.0538128111915471,-0.426833283784575,0.224850125982601,0.856289747178351,0.301162474025886,-2.22670843653415,1.39874838863381,0.6399761441729,0.838558006601745,0.332436548300157,-0.183241151254651
"CGbb",480,-0.579620807327906,0.522902780461163,-0.262596598875703,0.745286265587304,0.144448034048495,0.334037863984571,-1.72683437297883,1.16611804214153,0.124209458648105,0.524953567173304,0.636010607375831,-0.151014318937585
"CGbb",481,-0.232273148616842,-0.0214530851637137,-0.157417425855693,0.254230431517657,-0.103948851231956,0.33883699776828,-1.35330873421831,1.07954546139851,-0.18349604146227,0.680966547274592,0.188276054337158,-0.373285032498424
"CGbb",482,-0.26026870737443,0.0476564101244246,-0.197074025327124,0.335260966633072,0.0382305996967111,0.489062988484042,-1.45602800250703,0.875936043592183,0.00473991357904123,0.129844548396293,-0.268854801854746,1.42238540416613
"CGbb",483,-0.197487958723529,0.307284677236988,-0.00488084118659202,0.166274510101739,0.257672217640077,-0.179387670027632,-1.61353040145414,1.17355808634616,-0.132897598639377,0.473213418604661,0.301635428842043,0.608700503718385
"CGbb",484,-0.610422723463714,0.588446758443791,-0.251906163221917,0.704826783004269,-0.417984018885909,0.748416868307219,-1.5381721489238,0.702202827508343,0.130757197395554,0.402079181016461,0.592435498625749,0.468714508822681
"CGbb",485,-0.23264393500771,0.0999065912403077,-0.521909132350213,1.29097957468891,0.611370241346426,-0.211730124891529,-1.37654143993755,0.375464284602326,0.344188127410756,0.871391852128846,0.138747658850708,-0.16736319734954
"CGbb",486,-0.018905417925895,-0.00246126481153588,-0.400013612471259,0.464241068532292,0.014557186694544,0.391630676070729,-1.94736242364904,1.24940395263923,0.443635511653966,0.698522757658665,0.167103649837586,0.159211251324489
"CGbb",487,-0.565530377013407,0.487552933674904,-0.196997035240961,-0.099091644205008,0.124451907130889,0.536096773125291,-1.75126514648628,1.00612653922476,0.0578291258476629,0.781557901026124,-0.0863579086203595,0.276848640260004
"CGbb",488,-0.176315465207118,0.276727427635745,0.138764925715527,0.0354393945913333,0.411303789054728,-0.40949743353648,-1.410231211539,0.430907190821487,0.987544904728017,0.520975143700862,-0.113047071267852,0.0783618170830492
"CGbb",489,-0.562652048309652,0.188862233321137,0.1310400032872,-0.0811694528848491,0.580641347869367,-0.202957695112781,-1.8336162896397,1.03362050989154,0.466483337501549,0.638291219584621,0.392466763135802,0.156546325990208
"CGbb",490,-0.339702183502417,-0.0859915744687498,0.0547608510960702,0.113153342213111,0.217940169616614,0.37449103077913,-1.39670216127798,1.09178201702634,-0.0832228680552312,0.00254799588613673,0.0332382621299266,0.69613426195107
"CGbb",491,-0.827188819959308,0.425739896860642,-0.141461944895926,0.222049070123988,0.101587905897184,0.445967057889746,-1.45595784548961,0.951576616910063,-0.587799183332575,0.54029930820496,-0.223869731109202,0.529676421637046
"CGbb",492,-0.496432295080611,-0.105091586842471,-0.140271809301743,0.292352070376577,0.0255632704158577,0.318745755371794,-1.40206747875158,1.07061793116695,0.465136008036246,0.29523045241933,0.246237465875038,0.0275942147062603
"CGbb",493,-0.414255385218757,0.531112034818739,-0.556683900957144,0.656017936704619,0.296714228365817,-0.131868464959055,-1.94669270928274,1.2050804153898,0.0303934185733579,0.349499449796663,1.053630553851,-0.0236374478982072
"CGbb",494,-0.711162922434672,0.876009702548042,-0.139112331631441,0.168227025886025,0.0779209688149328,0.203658198401909,-1.20730408207499,0.633058896062871,0.695437058843921,0.426085069169423,0.100574539297133,-0.0980914500231513
"CGbb",495,-0.477231968020793,-0.170421111689069,0.166325709699418,0.239875274880079,0.362482324270527,0.173318919094502,-1.45083350235886,1.07245852703236,-0.224058938283522,-0.662357450133183,0.572497881623716,1.75842211938493
"CGbb",496,-0.408287079908674,-0.103799509988534,0.0612757135271255,0.4212935792537,0.739486943222065,-0.129859257103586,-0.960238528500323,0.598958311471486,0.0420832573187821,-0.179666425591666,0.635623305805396,0.518084124939221
"CGbb",497,-0.277327454429713,-0.0642938091816816,-0.457993525741617,0.739857102706336,0.0388181852593075,0.420352045502354,-1.40260502016346,0.875867075158817,0.471291148100707,0.114047592257111,-0.320357750145133,0.925998509274955
"CGbb",498,-0.424037923104272,0.57730581186587,-0.29073165411681,0.470366120563158,-0.144530383353256,0.58685409586453,-1.48783243323317,0.632676661514001,0.649218904340348,0.485403432063933,-0.0293638961026778,0.306600988483468
"CGbb",499,-0.780943289340326,0.63369953522202,-0.548614853292114,0.415718517347607,0.0180628949072912,0.74530467899236,-1.46516847095689,0.61150594682151,-0.0836714696947362,0.0461152980770275,-0.0452215953963698,1.09381103268168
"CGbb",500,-0.247552913924745,0.249054175258446,0.121201305115922,0.517034654490593,0.189667482191786,-0.122608021138263,-1.55410422695015,0.96056008254161,0.182173878614868,0.208180411977654,0.00830918176187619,0.745598294964301
"CGcc",1,-0.408518973539049,0.274664495948643,-0.361878600789495,0.231148244786769,0.347790630235143,0.32612364949279,-1.00759007166674,0.706906348685634,-0.0165356945571128,0.469828030288526,0.354314199640886,0.16779135612546
"CGcc",2,-1.07872833540741,0.560590833498595,-0.278706030839358,0.332034650087416,0.1383759517397,0.29394606663849,-1.556646113558,0.276015732166014,0.481631573557267,0.045615188684009,0.799394237854823,0.418766287450698
"CGcc",3,-0.337632575317902,0.319030267189762,0.251041853838735,0.181338038809486,0.46453046241803,0.207837022762372,-2.05589866265564,0.993757645887857,0.706097021085334,1.1506303414261,-0.94198093658174,0.485312351783752
"CGcc",4,-0.390480835314109,0.332405310946903,-0.11327847516738,0.138277810520168,-0.15572997784717,0.434916662301455,-1.30010095934766,0.539567593162718,0.513107040886221,0.244439306475266,0.501006937475988,0.284071651514342
"CGcc",5,-1.01861618931509,0.502996007645652,-0.460776158385581,0.648621710350286,0.211098643252806,0.355424799157978,-0.995678806145119,0.183646401678831,0.522911760123347,-0.315244786503761,0.642291179608166,0.36574178179572
"CGcc",6,-0.410421664952351,0.260681727751292,-0.0324481111920732,0.17104771573419,0.136416817572143,0.310010615568889,-0.446249058990511,0.514027951615124,0.266354793390404,0.569591121569659,0.607242747156362,0.0291313284704775
"CGcc",7,-0.658000410269875,0.382816746433002,-0.41032934405275,0.396986010901031,0.441850785364043,0.330890845043875,-2.12435156177605,1.22789705900866,0.123488546418703,-0.194241213862172,1.0310993127911,0.513873757814655
"CGcc",8,-0.528211528456453,0.245343244598702,-0.0748300348741167,0.63874750836495,0.214626248911639,0.255422928814222,-0.958053768108446,0.461307840290771,0.23847283527926,0.272628897373381,0.479332118845119,0.25418157338145
"CGcc",9,-0.55382939736722,0.33373031244831,-0.599019392023574,0.819926255511654,0.230304148174853,0.257415318306231,-3.10480628521906,1.02441056076747,0.758055976592792,-1.02169468113887,1.32462881297136,0.77464896450261
"CGcc",10,-0.627332434141964,0.322273487831287,0.159318230884831,0.650509114203751,0.25652027148746,0.112407985558403,-1.77673150569738,1.00411474162854,1.26206448196223,0.147502420035294,0.312457822196863,0.329292613439141
"CGcc",11,-0.456084131613741,0.28488213251773,-0.0784054191310289,-0.0547986228953552,0.134501859606708,0.23466416617919,-2.19593370822823,1.18827700497921,-0.289458778037292,0.0239161378391605,0.946728612301455,0.564973752535606
"CGcc",12,-0.392307542202936,0.201787189655971,0.198394323377164,-0.0066385126658155,-0.092435223651877,0.292670756205746,-1.43695956887966,1.42203537811091,0.38538048137295,0.452058421635557,0.13016837859937,0.208005210357037
"CGcc",13,-0.987638781798866,0.418133111068974,-0.232578319244012,0.253254371156506,0.0110417477271106,0.298574364654378,-1.76215682654231,0.79652463291026,0.640470805101816,0.791186392064633,0.520617101790972,0.318475667732875
"CGcc",14,-0.0293887882236044,0.110523534452671,-0.693515095230136,0.316622580577906,0.0479477168369762,0.423598115066429,-1.7375300379693,0.549333921499887,0.429850734840472,0.294435229949141,0.0591552721384485,0.417681479931867
"CGcc",15,-0.302194993903783,0.277527997139143,-0.359940558618904,0.19803877207782,1.24432125814973,0.277928624857259,-1.37032769803635,0.487472838592049,0.508909709401675,1.03329135050206,-0.0422307215025929,0.283133293659582
"CGcc",16,-0.535947025508377,0.302790016726413,-0.839960494390385,0.668695314928003,0.650874470572111,0.405127568437735,-1.27605377456422,0.446119395308384,0.307996507329106,0.663108904410663,0.373729913080121,0.306137688044678
"CGcc",17,-0.377527526725753,0.240984959617196,-0.269828324636205,0.180735856255595,-0.385545847489954,0.462986129101919,-1.38303238783026,0.277952284522205,0.319282753752888,0.24552055756232,0.107230835625772,0.451550280005303
"CGcc",18,-0.739428568413923,0.364744471618569,-0.682723736933148,0.394170046937158,0.204862940204594,0.501674029817285,-1.01524547483593,0.547057741196409,0.146740995857077,0.836735855395517,0.613354693514781,0.181523396142365
"CGcc",19,-0.427595999609825,0.248176834396137,-0.4867892901757,0.417901107723721,0.81644439690592,0.209866999135789,-0.795598510082762,0.75092948916453,-0.212521639448539,0.838261159349479,-0.170370518222734,0.192733317504135
"CGcc",20,-0.727695431723654,0.37132809430073,-0.796599681610175,0.830734691043946,0.135007762438568,0.36977182220488,-1.29302226087469,0.245837952834502,0.0968428640117708,0.773906306052645,-0.133897929643512,0.361611825607337
"CGcc",21,-0.219032531629328,0.191618209016996,0.266292780724841,-0.154291543989615,-0.251535193996472,0.333839491792878,-1.16895281023357,0.886464807032417,-0.0865031461634157,0.239652634856794,1.27018545489845,0.178886754737148
"CGcc",22,-0.157540209859754,0.171767399672747,-0.0604427872174183,-0.00754570323064765,0.271754229638613,0.341593607564019,-1.42540951314431,0.464934122678672,0.544077734108611,0.811398637814497,-0.192315855791952,0.38522610143416
"CGcc",23,-0.219067697580104,0.176751616090452,-0.65926813194921,-0.409232616126491,0.397186377772855,0.601421959015443,-2.61084574129735,0.950880521306945,0.1769787190061,0.414277289111246,0.135201553838111,0.644797345005415
"CGcc",24,-0.60673957631278,0.295500408301897,-0.666166136764503,0.547654010146477,0.661707569230931,0.358071575404924,-1.53044994385514,0.769455209833563,0.16776394065632,1.2361394803083,-0.605331337532353,0.342116284350287
"CGcc",25,-0.690544821650899,0.337308756257736,-0.279732716489923,-0.52444211872591,0.421445726594667,0.465711690626222,-0.933065525913859,0.699633945429849,0.649973685559579,0.885394314536982,0.261703051170211,0.110488666841555
"CGcc",26,-0.0733227604704606,0.171787619726059,0.00660215616745697,0.421911781728725,0.207361769163352,0.234974252501059,-1.86513122142898,1.14760849507184,0.508591184762521,0.568844379856416,-0.0433466722390877,0.233431235920687
"CGcc",27,-0.35858326524097,0.255434595276419,-0.334753428312613,0.419619886626554,0.330379834483441,0.296348044809353,-1.73109797286396,0.658905022643195,-0.0334101025524843,0.444306138343074,0.666353213476184,0.418725258977646
"CGcc",28,-0.643971612996179,0.267737650139551,1.11704900732298,-0.0804960205371761,-0.170186971218055,0.100585640063359,-1.91373189899278,0.384747185719278,0.557089258393725,0.375033858610213,0.685754897720685,0.438194291866233
"CGcc",29,-0.278499523584009,0.26514171832108,-0.243885203597327,0.131429145452942,0.514653506703813,0.312669540441624,-2.10496685620297,0.799030148232997,0.213572737701301,0.465835268206878,0.120860553605612,0.522422462971345
"CGcc",30,-0.141171750425966,0.229618132059243,-0.643999931579113,0.662438795319649,-0.4045455118472,0.50704610560852,-1.66527781671719,0.735150853208117,0.149354999959085,-0.512109761030525,0.971878007856714,0.471165835142227
"CGcc",31,-0.635983221158869,0.294646377881312,-0.73037380111172,0.522556041723908,-0.0442633628480474,0.465925607058918,-2.25053229324934,1.855518947897,-0.486351286108643,0.981102502670938,0.0885620510370129,0.322534842310523
"CGcc",32,-0.182056681856166,0.204178111725574,0.513162280677855,0.441024768369539,-0.0106330227174106,0.18752281804574,-1.20365312410066,0.868992020779614,0.283357336042916,0.660134689610527,-0.0277288377238133,0.28612470464542
"CGcc",33,-0.522250499612057,0.321620613470985,-0.873129364581779,0.574999915434102,0.286117836050964,0.481628473611411,-0.967421572381843,0.873243789139252,0.511868934564126,0.0599751771689943,0.40236276882032,0.168667284761994
"CGcc",34,-0.345376631414067,0.241859293961936,-0.0776012714486336,0.265837609242631,0.722821262662135,0.223643410101038,-2.04110222263654,0.544436929137465,0.584166018730326,0.400756233411831,0.339203063098483,0.44869237195698
"CGcc",35,-0.773980194332102,0.308766060184078,-0.0237709881351665,-0.0556005653650214,0.056224911208038,0.366649327514984,-1.41426763860045,0.955466960253926,0.485698409956246,0.617191307862981,0.268599826694072,0.1871652375253
"CGcc",36,-0.127569676730213,0.157374849994883,0.248985156084357,0.615857701593974,0.274831421923722,0.183834635986206,-2.20667405697469,0.592033071913458,0.551337381952429,0.537544268905443,-0.418552876790938,0.617894275300184
"CGcc",37,-0.995984334679624,0.505707889082428,-0.693165674227306,0.616961881274909,0.0112180951403576,0.365259949690078,-1.87035463937469,1.18468293053057,0.0143986822338087,0.492458282121092,0.00587999523726174,0.428868240937485
"CGcc",38,-0.496130122860565,0.277120616550199,-0.194629282071042,0.229306185080189,-0.178037719962661,0.447642505924969,-2.46132593766425,1.55300671372082,0.361087297861296,0.825226762189236,0.0366059293680415,0.326408011739176
"CGcc",39,-0.853590127690476,0.399750870193874,0.0562814435708644,-0.280614640373223,0.0806511361490345,0.383683984958205,-1.69851919407322,0.977892177525116,0.322493742349295,0.224187040776045,0.278073049981525,0.421077936098339
"CGcc",40,-0.417631842395245,0.281085939207217,-0.400735430708198,0.435536025218747,0.0582309555627988,0.38179112381176,-1.2740879641603,0.352042375626644,0.435594254877001,0.446825779783971,-0.26460980217132,0.434107572363528
"CGcc",41,-0.293795829723998,0.268038213556998,0.211909532481355,0.0117857136271396,0.306003424614502,0.212560315291778,-2.2690787045648,1.25165347734963,0.468100428437709,0.800171272674214,-0.409944662209455,0.469894644879528
"CGcc",42,-0.553647933241699,0.312566296543689,0.3483440581996,0.0669804552787259,0.0700598507414934,0.218353001359269,-1.05316235132995,0.735663605386281,0.273108396891131,0.356505415329696,0.112323983339984,0.156807724819979
"CGcc",43,-1.14214489916038,0.512670715558617,-0.465648715315074,0.0478765960949289,0.344604678707405,0.439648079116373,-1.163095209954,0.913240129682852,0.205397901715802,0.0192053006506465,0.597309784590091,0.205404172756026
"CGcc",44,-0.672898530775207,0.337800236956704,0.411624930748763,0.836944610052293,0.564640286524669,0.0118935402931113,-0.808667289879055,-0.0156803726438393,0.288394256636718,0.502792621747643,0.611036128935849,0.327481221783788
"CGcc",45,-0.351274802260844,0.310501861308753,-0.355446486215175,0.912527960979348,0.392475365671849,0.208568807764075,-1.35534060851253,0.830498192797171,0.0559543639200388,0.22541516192469,0.614841116045547,0.258047426839197
"CGcc",46,-0.811311212345191,0.3471183992103,-0.324453692373164,0.363308102961053,0.0277772890724201,0.386040322535766,-2.21902557509664,1.38000195323548,0.572533842134789,0.167333418301802,0.480097530417494,0.331957948490271
"CGcc",47,-0.642157367853007,0.359691828789563,-0.267539005469511,-0.083869104195305,0.450764396171208,0.315578605056762,-1.95184119268429,1.43263561254204,0.128543839926266,0.584505054147471,0.563397934601335,0.256066353587562
"CGcc",48,-0.354072446084486,0.255816061062005,-0.22711921713219,-0.00428868007472824,0.667648456527918,0.280438687119781,-0.941207358820122,0.171337587352557,0.0736486281786544,0.586257768886148,0.304804802510291,0.314466466794115
"CGcc",49,-0.518141679756417,0.31858217721896,-0.401733491923862,0.0500386855131879,0.0646619958928187,0.390451755627201,-1.42108763543334,0.875032131297701,0.617587062698453,0.229775217555421,0.630539708815717,0.246563463072201
"CGcc",50,-0.544361729421309,0.241672272432208,0.194124468615271,0.220864451314619,0.516319974178627,0.150887116007509,-1.06129818292257,0.650128892566521,0.276926398042342,0.785828118786956,0.0873532902007081,0.120174716400875
"CGcc",51,-0.64349346554028,0.318076295247458,-0.475493844914667,0.241618516655835,0.0579736884360872,0.412822142343349,-1.49086349608552,0.499863102944175,-0.246522244482099,0.951683048388443,-0.00169614529327275,0.394976147301234
"CGcc",52,-0.819706273219776,0.465584693540532,0.0896633396169697,0.106399599060037,0.538051014410101,0.255158298642878,-1.41057637944855,0.358078912935181,0.293266789426658,-0.0540860731176585,0.93249837539055,0.417428605639551
"CGcc",53,-0.62747157037178,0.334565883050039,-0.360644720318562,0.963867045147127,-0.639708605288322,0.441690912036608,-1.48190989180799,0.958568160395114,-0.07756575697462,0.447845819608596,0.100014358773708,0.304221061373909
"CGcc",54,-0.454603861437298,0.320847485363182,-0.0596460352880691,-0.114042288187664,0.437720671604206,0.277905221896163,-1.35730806354716,1.06251216526852,-0.0167334702077621,-0.221468676083606,1.41369524164525,0.2993570288393
"CGcc",55,-0.598919529396537,0.446431527568368,-0.225381402496388,0.51478014161883,0.0401681462632542,0.381877090051079,-1.85674076716594,1.14279939599449,0.896061474872612,0.252392709351165,0.457012755408724,0.187757012778957
"CGcc",56,-0.35126353414621,0.244765855846746,-0.273991002399605,0.802509074120103,-0.276509102483797,0.330609927459617,-2.24339430294312,1.60157223965695,0.548239076201333,0.7181985412826,0.594399671991232,0.234768579383863
"CGcc",57,-0.294424166694344,0.180392029452768,-0.844168288182454,0.826635493976253,0.342725640667127,0.337818279998322,-0.591527648424902,0.332095796901358,0.305011654210351,0.730648396596202,-0.131083875803096,0.199182590577587
"CGcc",58,-0.353687848781643,0.152949467230464,-0.676731336625025,0.318726724695565,-0.229389158951389,0.43183342880604,-1.28565453762887,0.609922632181945,0.396686828386237,0.464663790674098,0.13138953806776,0.260541234135344
"CGcc",59,-0.629964209689872,0.318361931694768,-0.0691466210784153,0.346900577006994,0.360003028421905,0.201739421628449,-1.69025206970159,1.28755907494616,0.138169004737651,0.878654135970024,0.293419486006728,0.273976761493784
"CGcc",60,-0.970123261612377,0.421578013419049,0.142855948316912,-0.36491764403193,0.534427079396669,0.269393077977406,-1.43021454425565,0.962387938168782,0.13659852420428,0.579402514999402,0.748586315597461,0.252264857891014
"CGcc",61,-0.474118477719222,0.308155275374334,-0.073336993576464,-0.0275941934307075,0.475561889844386,0.236670787546608,-1.61009749444933,1.1353996482174,0.549837037991064,0.157413276489373,0.656320932839975,0.169838738943897
"CGcc",62,-0.956787980798227,0.425143395909082,-0.134648333319856,0.95902841924159,0.21207417770999,0.188895354464635,-1.38600680420595,0.439141811989845,-0.316905257486796,0.519075129291008,0.0334551347202409,0.567582439741358
"CGcc",63,-0.737307988970038,0.329876253036262,-0.386877229263338,1.0309490848322,0.248455612183943,0.28843340055923,-1.43970146083501,0.225619888155862,0.562706624038482,0.283912163756784,0.543531871110192,0.344640828424783
"CGcc",64,0.320141308409771,0.0708739465554998,-0.730476388801984,0.286406951083067,-0.301221849728647,0.482744369509904,-2.57367069473634,1.35812538119945,0.497019297228887,0.534745250413641,0.351782154933369,0.404913820490392
"CGcc",65,-1.17597461519847,0.589130450876618,-0.833189222355884,0.0242598724867181,0.143075054756976,0.455352237138942,-2.2171587998798,1.01345586135738,0.1519696494325,-0.158441851601151,0.96753952256079,0.51130025518697
"CGcc",66,-0.131618199249691,0.245339883671422,-0.178377981595956,-0.0589626946979783,0.22852987440598,0.441585323896151,-0.777268049117511,0.142954163594689,0.57113717558324,0.553423392015491,-0.0756735278020928,0.269351903696389
"CGcc",67,-0.672339890484553,0.329121913782878,0.189451982209088,-0.106697542071973,-0.0566975920432563,0.29837497046479,-1.04298955616325,0.464253189658623,0.0262679082224615,0.671968654309148,0.318989145233255,0.227491041647047
"CGcc",68,-0.231364545550929,0.168125621084274,-0.987967040301371,0.452570041709666,-0.171607256524415,0.548444625772133,-1.3473359756907,1.00985871302448,0.187930335324485,0.961097528051116,-0.0110520848678744,0.189763384124876
"CGcc",69,-0.532134895811595,0.291246492383542,-0.631109336600882,0.409973043352611,0.0781856679179548,0.480426112720406,-1.82415716926817,1.06474556128782,0.0885523790986587,0.267060467606465,0.0658282084625545,0.50976701510235
"CGcc",70,-0.96007826412002,0.382549047361375,0.0650535023132238,0.195028099684589,0.757207480618478,0.192722032263565,-1.32139205759508,0.636482611514814,0.167151879297468,0.727365014466539,-0.103513267576797,0.282151612453671
"CGcc",71,-1.01518984986443,0.456224467334888,0.259192723118948,0.710056703186976,0.627458239200991,0.190008610471803,-1.12988181867626,0.856399975515844,0.753574788585407,0.453090498381232,0.154858128842525,0.157623508957179
"CGcc",72,-0.49015441468858,0.259784301189975,-0.475911171991727,0.229443848435317,0.392022531300935,0.391948518615966,-1.87812225261191,1.04175213041785,0.304990585859579,0.839291696336215,-0.457458818176523,0.353512781306053
"CGcc",73,-0.502728844604649,0.272009947853373,-0.206571573849157,0.107353504141037,0.243801814690904,0.292255734264285,-2.48432000689345,0.591555266444104,0.232720535888229,0.191750980632105,0.792372097788717,0.717332608416397
"CGcc",74,-0.484658554155518,0.270732958418935,0.0762808455740051,-0.0795846656103502,0.300079690727063,0.281140891491725,-2.16962908687611,0.802511239850563,0.277696525145937,-0.00219711535544199,0.65269198704396,0.488787542760017
"CGcc",75,-0.708295967588798,0.324833887325634,0.144813616761236,1.19040603449103,0.199910203898252,0.136191154954894,-1.74926192567084,1.25367227457854,0.0958197821497694,0.641350139509988,0.437731034820365,0.315944425315396
"CGcc",76,-0.425430189633072,0.261703811874549,-0.464623998162051,0.83352828801509,0.579203291484523,0.170369198024639,-1.14614949615314,0.120946316690755,0.317526293058438,-0.0503576641299505,0.405315247860719,0.473532119471064
"CGcc",77,-0.289718968812228,0.177312335030628,-0.350628459196632,0.915746983973916,-0.335790467793075,0.417033979771184,-0.797546123848419,0.672080267437858,0.244657238783329,0.281855471187469,0.090400040433778,0.287849369673635
"CGcc",78,-0.113518405680394,0.209901939620757,0.153658806231084,0.0616187563947108,0.431790891913968,0.129726678691943,-1.66966191605277,0.854155932016246,0.093547273744601,0.235976808780224,0.50768441911702,0.458789367303971
"CGcc",79,-0.624754586255162,0.364057051244546,-0.903480008267768,0.692037857121142,0.0609726068960809,0.39667819033632,-1.5395917888141,0.918539120800946,0.141202222738826,0.871662391357339,-0.080424888323806,0.307687822118346
"CGcc",80,-0.7389986008443,0.282552831001766,0.393283430321875,0.434097148208829,0.616719355557709,0.217476670536052,-1.55750829956134,0.624385165897214,0.226469364610547,0.721654839350233,0.542610474929344,0.293726764271497
"CGcc",81,-1.0739375814009,0.495821720099127,-0.340417311445502,-0.0373152941069865,-0.079979843907685,0.388851730120741,-2.08646048426615,1.15661006960823,0.276277412069856,0.291528177314627,0.597382714791659,0.440446973113313
"CGcc",82,-0.613441698659702,0.381132835031777,-0.934195589797108,0.044658918739089,0.232903287419061,0.487568731913462,-0.777525520159316,0.356232758986302,0.601906576515804,0.127420070338359,0.75071781755139,0.111077168970929
"CGcc",83,-0.776097155807375,0.402799483308867,-0.319566791871807,0.37100698301649,0.277930006086755,0.285239941909453,-1.41368401949041,0.700994918435108,-0.0133253124006938,0.936462280812049,-0.303352368333765,0.327248450549615
"CGcc",84,-0.262695200550523,0.202724224050971,-0.4278282343613,0.169476315400075,0.0978198626204882,0.411725878647244,-1.45756343835516,0.618824284359137,1.23732812784318,0.0988521592416302,0.552144936936412,0.248901013017099
"CGcc",85,-0.377431321615541,0.279442224555427,0.405255314171675,0.37498005650271,0.0806004537367046,0.239994157906149,-1.05445421137438,1.45466854591943,0.437048376225902,0.241292587942304,0.388789798727461,0.140338042485509
"CGcc",86,-0.600603085307138,0.344767064010252,0.0650644051305252,0.248330540133528,-0.264986396751903,0.342443962450362,-1.93712766846312,0.764645477821176,0.566023691083496,0.408668415682187,0.996020052157319,0.305353960798202
"CGcc",87,-0.371418456222184,0.268191110673689,0.269866404863101,-0.18013459613364,0.37565772886676,0.246276273798164,-0.76897748842496,0.624944973145338,0.658866700901394,0.0211912144650394,0.587835091442985,0.132241295810899
"CGcc",88,0.295187170056957,0.127097740338384,-0.612825270883515,0.358013704824812,0.361314019483818,0.414505301085603,-1.01156818275756,0.63806003548982,-0.39317788212088,0.233145452436394,0.364215699308341,0.303864648541632
"CGcc",89,0.437573553826428,-0.00389818013151843,-0.615341403303758,0.43879010019633,0.175172016101102,0.437882928888099,-1.08889569042291,0.916715233377828,0.194290358667165,0.399087662083995,0.39678768322372,0.0768216350677078
"CGcc",90,-0.356806336425956,0.164400259302795,-0.0566836313628989,0.197371516868072,0.00845013972060088,0.249037687931079,-2.41953881096373,1.58015797397414,0.906832021704321,0.452579830240858,0.799329396009851,0.317344619693303
"CGcc",91,0.456437407725594,0.031664390730869,-0.941187395963935,0.272469054084793,0.388870601087526,0.50037032085068,-1.14282359391142,0.809289135471481,0.42578233887372,0.150583627573127,0.240699782582472,0.274893958184983
"CGcc",92,-0.0596596917118349,0.191289332846962,-0.0692056633328091,-0.133461730644135,0.725389395559404,0.405456379859427,-2.01718482548615,1.02981094415604,0.00645716487099101,1.0814373113727,-0.471219059726781,0.427321358203237
"CGcc",93,-0.954305876834296,0.340213736218704,-0.582940457859078,0.308222765279464,0.152025146707335,0.414366560904714,-1.4489065727835,0.537680167550667,-0.172699696993351,0.704463568999309,0.521580899915605,0.397678258046636
"CGcc",94,-0.700486383407773,0.414033164285647,-0.454877188893399,0.46853097154516,0.132195658135412,0.353857223356921,-2.28475912555091,1.74830188582877,0.0826938653961658,0.310575088485513,0.659058591419143,0.339477133064227
"CGcc",95,-0.602312667819504,0.328678736426309,0.068201181343151,-0.0307447374906075,0.491723156489667,0.270319134555343,-1.65831262759897,1.07888434522014,0.20890379318522,0.891404041105467,0.322823504543569,0.280015356704878
"CGcc",96,-0.363531665420206,0.266180964770638,-1.0789302362629,0.502169435121858,0.462078606998473,0.467164091274913,-1.21612916042436,1.32486050897944,0.21129258397433,1.23032403311362,-0.363734421651959,0.0966986103473033
"CGcc",97,-0.794129532145656,0.390062232068453,-0.262413128725307,1.10282489732651,0.388966271187162,0.213708226593403,-1.74409797082081,1.62499441657672,-0.0188574145021922,0.483566957281108,-0.356098822050971,0.327790352080171
"CGcc",98,-0.457345378631617,0.264224234830892,-0.317053662488771,0.265218066223087,-0.0507644875413222,0.318266164114002,-0.869470801427613,0.687184732197376,-0.45249278370351,0.00302603621866387,0.589194337391231,0.337871678315319
"CGcc",99,-0.213246625612494,0.251356390799096,-0.367612703458749,0.0190922976628248,0.39493715291769,0.317529130682669,-2.27634268916264,0.432961428795101,0.349391498349842,0.320639032982695,0.508108510149669,0.54221479463049
"CGcc",100,-0.273054778869638,0.184294648126285,-0.590076672529172,0.708366543273291,0.5470464757917,0.372196200760481,-1.83040468255564,0.902225618043762,0.358823427443031,1.13950504880107,0.185198460170302,0.286893490325491
"CGcc",101,-1.04492070452834,0.475428791813734,-0.645461076667407,0.125526942416453,0.194984709699117,0.486349490049552,-1.27149459075512,0.707554703523865,0.13323122481102,0.413093009360939,0.233251978292385,0.298702616541181
"CGcc",102,-0.190717488781852,0.258898183521412,-0.121530909124762,0.277691016750662,0.122283696979335,0.327256309280006,-1.74575924745264,1.10652274866409,-0.210555406472213,0.321002838162526,0.354105067168041,0.381726467001834
"CGcc",103,-0.385248032009367,0.29583086807372,0.790158013985501,0.224733420930932,0.892296330941619,0.00172863186831092,-1.69035018931941,1.08568959418714,0.211459206308625,0.63046565521163,0.0566471357830557,0.32405466862027
"CGcc",104,-0.73322176539761,0.293112568267052,-0.0438710399295388,0.163822583257571,0.2973862697658,0.26774371937536,-2.13093049922871,0.732461349624677,0.195453604744093,1.06214739456542,-0.148156482068244,0.472447489496659
"CGcc",105,-0.762979226422202,0.424827156665872,0.768906587757113,1.04283477440753,0.153025350849093,-0.108807162247736,-2.04880853838622,1.2995735576159,0.593432315875249,0.696599471629371,-0.124235878602033,0.259220220123173
"CGcc",106,-0.109074844575994,0.156523211804296,-0.0642596037476327,0.334387247592372,0.187202034928239,0.28908154284582,-1.54917704338016,1.30170593438191,0.537780689982402,0.435981770385484,0.335137620668072,0.149480402072075
"CGcc",107,-0.186484869832451,0.208477228685664,-1.1428245873623,1.04104530469114,0.319539270236208,0.495742663044991,-0.775956233276506,0.409842205402978,0.146137304689951,0.245841917727365,0.991639335952324,0.150578833491166
"CGcc",108,-0.607165674101451,0.357534266999664,-0.51417226971337,0.134675232329933,-0.554169754360492,0.559782249771896,-1.80750854749634,0.724938462530453,-0.377935257704748,0.234620650116255,0.353005779768253,0.518025966427291
"CGcc",109,-0.385904374836722,0.244687405098558,-0.188980982830802,-0.183831570392946,0.0352737538203413,0.489172455660366,-1.17167506398506,1.13324944397443,0.547266741742887,0.96582212870594,-0.241504084236438,0.0181084124930997
"CGcc",110,-0.175085680334504,0.23080778820161,-0.601588416082044,0.341161398734775,0.0310280485737643,0.389811148571181,-1.37176977490489,-0.180895855059883,-0.234631085714691,0.28726564894001,0.635371091111928,0.54956516108289
"CGcc",111,-0.492470511542946,0.290688802983669,-0.105146785668309,0.199728915913597,0.109482239432851,0.312114827541034,-0.879633401212865,0.788376791378146,-0.116760769238265,0.577687604085731,0.640423199230971,0.199110627286976
"CGcc",112,-1.316984847443,0.504694103021879,-0.452368212623172,0.398268074694339,0.290910276294024,0.25130036609318,-1.45607798849534,1.23876889041928,-0.0316086337751782,-0.312039115080683,0.427001053523764,0.412294960901627
"CGcc",113,-0.356637469551638,0.250071118388613,-0.551680360916815,0.458441428843539,0.353036180856145,0.358668038968603,-1.51262798587182,1.04538865872024,0.0874455521137239,0.02212762782647,0.558157064286162,0.332803483709268
"CGcc",114,-1.02433518007508,0.447492511545754,-0.787690649016352,0.431019396294561,0.0901574257260326,0.450143947673148,-1.83056623273869,1.06662626634381,0.409336954708779,0.0503877237236749,0.503347219851434,0.410536723783491
"CGcc",115,-0.55976941574766,0.25825239851124,-0.0487057125097031,0.229351739796928,0.667423751557268,0.252147665619991,-1.64112863681044,0.868390782341283,-0.0361868709563704,0.894548334857899,-0.2084367399144,0.386262558479755
"CGcc",116,-0.18154578345963,0.194229958937693,-0.300628354221734,0.798198151789277,0.275745696518947,0.193544455549959,-2.5017057739919,0.723981765822018,0.873549838176938,0.855128487351857,0.398685849068333,0.489567990363751
"CGcc",117,0.149678735446533,0.0345346862750294,0.370765497809545,-0.079189728301216,0.678678180659116,0.114058476103039,-1.42832818539667,0.648345660212363,0.748607546271424,0.248963722319193,0.0735191828067336,0.328865959121745
"CGcc",118,-0.365997066836443,0.238701561778978,-0.0750330661841078,0.372344736178933,0.114154479505317,0.286389635978994,-2.23463310976237,0.559727459365888,0.372131088845287,0.608402962795588,0.554324715889186,0.518521944967111
"CGcc",119,-0.589780904533012,0.286972918441392,-0.2833953799602,0.294993009186893,-0.124401831783523,0.376458147034352,-1.44731947543379,0.526340068724248,0.523193258699811,0.39803139331222,0.685762756039642,0.219944206629569
"CGcc",120,-0.352665916906334,0.339327868624148,0.48571530179871,0.0175758859406495,0.314722502022026,0.160825681727662,-0.649908061654015,0.182450583182734,-0.0978522757406848,0.259119838021268,0.44032569719671,0.283447820836
"CGcc",121,-0.472647809538759,0.278460222761356,0.220232154167,0.230491325415653,0.225598500500524,0.187761058969719,-1.70172236717723,0.419140399083077,0.363163435438523,0.669996047753218,0.336943147958654,0.408852839158807
"CGcc",122,-0.615116666910036,0.397505140455499,-0.165815496933787,0.593481551015543,-0.253017386538934,0.380092788748181,-1.57305252339264,0.774584690987297,-0.323199508197826,0.0180390150429126,0.0897483854965652,0.546208729388953
"CGcc",123,-0.556391567377731,0.361164951451336,-0.496815333775055,0.468423981254281,0.267762463121209,0.422277497979914,-0.76739033383966,0.187031934172595,0.045916376245588,-0.086199533525673,0.766411736899505,0.372792136098757
"CGcc",124,-0.423152184470853,0.22324301150637,-0.122229998054496,1.12503341807739,0.261443620052858,0.185823091661784,-1.21791999212264,1.09816259223137,-0.145818068359787,0.0321390073804359,0.86405961821968,0.32664020452743
"CGcc",125,-0.591867470436644,0.359386871209518,0.918668690877679,-0.059988059899239,0.0952093544239435,0.121724275940041,-2.40216670717841,1.09487147168778,0.543266018341981,0.391940278532689,0.303427904239869,0.519353746798097
"CGcc",126,-0.291246777283389,0.200702840862533,-0.74373148929372,0.646220676764077,0.590394760686984,0.364855412246333,-2.28870670456764,0.969099056851934,0.400114635407691,0.120633012752482,0.760096594320776,0.592432178369169
"CGcc",127,-0.687510443075453,0.376433193541563,-0.166325945412115,-0.184608898363409,0.415412795520661,0.363734213683764,-0.994099076615381,0.82257571153038,0.196754988556611,0.929599052094466,-0.222318878203519,0.151833305528546
"CGcc",128,-0.218437564858774,0.319302868508496,0.334265663067108,-0.00110900163111744,-0.0564430341152275,0.197758517729586,-1.31896370024942,0.563949070887898,-0.168220028178817,0.36704028729653,0.363471979350132,0.401768842629321
"CGcc",129,-0.446841359601247,0.259484392181949,0.607046163576598,0.358747400712101,-0.141264362142822,0.165488712651755,-1.13992862624988,0.647688535480333,0.54691279538209,-0.280026860393953,1.43679057177319,0.251485080018673
"CGcc",130,-1.33482092241142,0.541778837989015,-0.0953424270586165,0.324684668989426,0.0365700844845972,0.31550186308283,-0.851904530827256,0.713490428653101,0.200548849504967,0.0420098284214075,0.302631340138494,0.209133670499754
"CGcc",131,0.0709193988762168,0.16904487861363,-0.792562372382135,0.71053552578702,0.644931802130332,0.27797673031924,-1.34457307257111,0.872455230140366,0.452231815242159,0.563316032578677,0.43116192568213,0.175606451177364
"CGcc",132,-0.719649423906552,0.321158684413973,0.106219146194731,0.53251256734792,0.190591386323356,0.179052476966007,-1.22212569299315,0.730283706629499,0.363707154739485,0.00897160631579448,0.453224488469679,0.314835838410693
"CGcc",133,-0.496978568621067,0.235532691934326,-0.64344750797033,-1.00539489582924,0.333943819061195,0.616471628946651,-1.14040847746847,0.673741698852792,0.329861269921293,0.540185564683022,0.626190999550291,0.18546762478298
"CGcc",134,-0.185790098593396,0.160620162719793,-0.910702088122877,0.357008665256654,-0.540463377168525,0.637731545134521,-1.79947192810088,1.10905155614939,0.429816196670092,0.49414977796106,0.315118656346391,0.30038934934865
"CGcc",135,-0.739379830838093,0.39532640583761,-0.00948965862503968,0.537408661735541,0.323775642564574,0.170456673247501,-0.892601325089057,0.416955302875962,0.0387741595377427,1.07362963945479,-0.0833762134689339,0.234671354274113
"CGcc",136,-0.129649073866292,0.256087616178375,0.245224402531982,0.756323120158536,0.675470480874965,0.0843589274625162,-0.88472108107501,-0.660568285596058,0.84574577541565,0.990543313561769,-0.298254977325379,0.358646586071567
"CGcc",137,-1.21618942851631,0.50936467448357,-0.628796546649925,0.357746697692004,0.112242760356837,0.467431866664047,-1.92809179115546,1.32420102425266,-0.0195139777220234,0.581359077102378,0.538503036240866,0.402953220085774
"CGcc",138,-0.0437389449454346,0.138893438582262,-0.207621251713405,0.0794531804371151,0.166584601205079,0.390742959439667,-1.60133661718942,0.991637184721614,0.236506814239315,0.182843748907403,0.165170530139485,0.402064566718238
"CGcc",139,-0.220810820926743,0.169484507762008,-0.897287166755121,0.485410334779543,0.140499829721095,0.458239940374686,-1.85796421789493,1.31292832578028,0.124153943304311,0.100280326384717,0.634979853284645,0.402867455252365
"CGcc",140,-0.800971998717921,0.414092863017176,-0.0859277404553891,0.144904117616574,-0.0801895013078204,0.364104592571011,-1.63203479276166,0.932522231877066,0.420230948772374,0.360608186357519,0.349397404450294,0.194900499126592
"CGcc",141,-0.840923336243398,0.381775315535234,0.0328290061083634,-0.122200626938196,0.588149347750932,0.214362214926353,-2.09123812121176,1.10503014797926,0.632817426729333,1.17200033049114,0.216907935106128,0.268299106010821
"CGcc",142,-0.67586348188713,0.384283455909153,-0.63848678314073,0.175203997846552,0.409358944853374,0.373715204718619,-1.83301811724278,0.881977354623911,0.246518439052636,0.496839109319977,0.449866117137925,0.361350010472438
"CGcc",143,-0.504061788834508,0.303531096183164,0.350362027188699,0.19595329222862,0.263879799709564,0.239370765917973,-1.81193213701437,1.08807045569206,0.521113516558312,0.65597900515199,0.33494516737483,0.289593390851355
"CGcc",144,-0.523197690633661,0.31740104731253,-1.01275770970128,0.214160323136267,-0.050978680506951,0.652689637695546,-1.80455242786819,0.68369296651389,0.226045527765913,1.22090151917105,-0.594527614900789,0.370238263412312
"CGcc",145,-0.399358196002083,0.311392546359317,-0.61733541130674,0.947926658346156,0.489133546682021,0.237170438850552,-2.11957539824704,0.663990338757127,0.120694405050028,0.257365742037951,0.353609114941647,0.621343349497815
"CGcc",146,-0.439433870986686,0.312808220194177,-0.0474619873607281,0.518330931633485,-0.14056167656956,0.361038303638618,-2.07851179368359,1.36212713557491,0.575025962386899,0.708887516926955,-0.129652373194224,0.263708713322383
"CGcc",147,-1.10689289962577,0.490929477710128,-0.443313185996456,0.274815672059344,-0.102202568263203,0.401642170051021,-1.74842498993147,1.10917842435126,0.377838297852055,0.534689513949054,0.399081848058964,0.265392726240051
"CGcc",148,-0.683702433791651,0.368157051898183,0.2546236403033,0.0147403284344233,-0.119170703416334,0.236667936645264,-1.25819969026633,0.737717889608189,0.782107495084056,0.767749338306844,0.380579933310864,0.0936149585951833
"CGcc",149,-0.326324014138843,0.295434278994541,-0.262567916543102,0.29938708726105,0.837597359961934,0.173089954914813,-1.50196536763598,0.588584656358412,-0.010235856318679,0.177203580930227,0.854044716711724,0.421393411300222
"CGcc",150,-0.790417276622453,0.436071038771964,0.231959986329345,-0.345616675138042,0.448910024085618,0.245469570735264,-1.03701628936282,0.0546315629897146,0.0550381038947595,0.384329301892826,0.479638919411185,0.307142072024443
"CGcc",151,-0.357848326516779,0.201454143529693,0.227002307559062,0.202170587340811,-0.17361854185191,0.242734688493437,-2.79118528773592,1.52813112979542,1.00420544059459,0.472440876731793,-0.026195231535102,0.42076042185716
"CGcc",152,0.300103711500294,-0.0219257230878157,-0.501846781056229,0.266522902715479,0.486614260370218,0.442515196257599,-2.20386940531987,0.713752371485937,0.0591984682839177,1.37243706266302,-0.245214944088464,0.485303818356356
"CGcc",153,-0.645527526676006,0.365974968001537,0.264094845457547,-0.057564304452495,-0.301708770920176,0.322529314343297,-1.66183879549367,0.938848717854681,0.00511133326846583,0.213556062494953,-0.0131090599452865,0.537157571737065
"CGcc",154,-0.718390877593317,0.329511702975296,-0.570932166736244,0.240811226211492,0.253632299494251,0.386978272434088,-1.23604094514403,0.774163000412315,-0.00383985476343555,0.847362744745131,-0.273289656018765,0.293384485717623
"CGcc",155,-0.544845673411436,0.308283779023377,-0.617771362835148,0.704934111695722,0.44976076860839,0.330731098082178,-1.42892109225432,0.839123694553366,0.462486459287082,0.490962210678276,0.321461259300472,0.255484087296235
"CGcc",156,-1.18243051556412,0.44275307709828,0.691881990273757,0.0829146922505854,0.489095917311525,0.0905267982870039,-1.84693553781786,0.318207243352264,0.175304171722968,0.215877585700698,0.396906569111879,0.556797007708218
"CGcc",157,-0.205181934451902,0.23397995346337,-0.030238360302332,0.498068087501816,0.317722003572247,0.236324984821832,-1.20879904510125,1.04372657707071,-0.478649436929679,0.528749072026114,0.130467333685488,0.28428406155428
"CGcc",158,-0.681739714577746,0.376406081801259,0.0888093112639184,0.523965525327207,0.120389240395986,0.162822299346908,-1.10136611862394,1.01436669079524,0.0136727667766965,0.794227512604241,-0.251986213600841,0.241891040127682
"CGcc",159,-0.584320160798805,0.35387922914437,0.666002393037352,0.0372618084646912,0.0731742997237049,0.198223832919448,-1.59053322416023,0.818601129238031,0.581149285721882,0.708687987864349,-0.0810390945473811,0.306781627382077
"CGcc",160,-0.634405521536849,0.394677873795869,0.313701574101179,0.377571814814154,0.235469990146779,0.182673918519038,-2.26822633242354,0.971552635844184,0.974282880366743,0.711631372035153,-0.28330361270353,0.420024545087648
"CGcc",161,-0.693660346580157,0.380036423879189,-0.150327078498137,0.0492130645202692,0.339674718972797,0.331003365296934,-1.71853644255389,0.9568557471867,0.523107866681898,0.666633730371269,-0.197003949888196,0.31191016514136
"CGcc",162,0.00762595777015283,0.14205381276674,-0.394299516088554,0.335257512021369,0.174582951634138,0.411035403253164,-2.19634458536168,1.33571625334762,0.310330622596431,0.718356084777976,-0.634917672800272,0.502148336842511
"CGcc",163,-0.332267949891592,0.233156586732687,-0.688509714149852,0.554004517858741,-0.0466088409652228,0.384758507309046,-1.3109266193006,0.671835729007235,0.591700773050841,1.06771274698318,0.0541879505313274,0.0726059444999556
"CGcc",164,-1.1084809461647,0.474778991535554,-0.0637231988583297,-0.0311835088945604,0.664102477960079,0.281676675726164,-0.991671465520502,0.606511116965128,-0.0377996238122366,0.254310594054836,0.658343110582708,0.249418660604437
"CGcc",165,-0.872011985957599,0.41435505919894,-0.201383525264765,-0.0394345468243637,0.47261241756513,0.282981500391496,-1.56375511652305,1.38532731641828,0.232923014836059,0.619224499171796,0.0605219832945346,0.25107579081386
"CGcc",166,-0.762228636562758,0.411551659331159,-0.1393323622781,0.25947684062389,0.522539849073572,0.241109087723967,-1.18561056332394,1.09175559925021,0.11485105839906,0.825173751160468,0.022159570848776,0.148737215780726
"CGcc",167,-0.457760183280946,0.349851621940409,-0.665967259160854,-0.214591055943785,-0.0898522833331758,0.525104710066767,-1.83326590282337,0.665525694173316,0.268748795086665,0.550621903022115,0.371971474621871,0.402069155396386
"CGcc",168,-0.318464656860917,0.198561442852987,-0.801578875546296,1.10864445255185,0.0448594588769775,0.363662902616638,-2.2878479898434,1.03078369021306,0.396756829346405,0.356000397087301,0.402546997620956,0.513014639700166
"CGcc",169,-0.520137725008666,0.310413989779926,-0.0290009927222471,-0.429123248379019,-0.0434570239260405,0.385753175174517,-1.75363149140817,1.13303207713413,0.0166230768772636,-0.181055007732071,0.965108301711844,0.433188309950765
"CGcc",170,-0.0261051468152561,0.205073702193775,-0.199407125771467,-0.140821295224683,0.188891681425984,0.346152593382148,-1.45782127074933,0.73358166048093,0.205387149061595,0.110793048410559,0.699446363615669,0.350155382750639
"CGcc",171,-0.374594589692272,0.277144640127264,0.245715187018922,0.498573990831121,-0.109529973174357,0.224818444909701,-1.6697503753632,0.741673809929887,0.0922662666998259,0.313830870585261,0.489288896443006,0.405321912900995
"CGcc",172,-0.373717868849669,0.266490658844553,-0.331490315416154,0.203579506759591,-0.168191643365624,0.430623033385421,-1.52274069145959,0.559978706842771,0.921203728313541,0.309088770065221,0.454274121002088,0.253022332794461
"CGcc",173,-1.07812472364066,0.472588605511504,-1.17645274599747,1.09720683386924,-0.0847541990782019,0.557230735421393,-1.39049333175335,0.633920790093882,0.865501261511272,1.11304446820447,-0.24476142720374,0.197859421783323
"CGcc",174,-0.275406916974453,0.21921268304132,0.525823190865326,0.453917962597646,-0.17665368320089,0.159586594209846,-1.36534346649142,0.10646600661234,0.26557464386215,0.835367456484,-0.535455492431398,0.529234702790755
"CGcc",175,-0.290099330884679,0.215733149010147,0.408800695043164,0.691099222130048,0.496430983129066,0.161183429074332,-1.0485237410765,0.951664165357385,-0.187581114316293,0.800750619353689,0.698922850494615,0.155630433215208
"CGcc",176,-0.987173919972157,0.459453118985597,0.436611880661984,0.0545802215113004,0.295690926329406,0.178834359289041,-2.63077396091622,1.51159794956344,0.0468648107123748,0.448874591026841,0.412954003151592,0.496352741907026
"CGcc",177,-0.507526325518304,0.333544566787963,-0.845057362048643,0.79717779928015,0.147817114949806,0.387675928130357,-1.98042303470934,0.924030348352578,0.485819268856703,0.138818370495063,0.609100889964132,0.412861517679598
"CGcc",178,-0.344394236913365,0.214961398878282,-0.301313440074278,0.632060517153576,0.194579551506198,0.290614093654025,-1.4438799726669,0.588773116217855,-0.266923403919943,0.88154620095217,-0.0867594350502767,0.388643940467277
"CGcc",179,-0.828673025773924,0.389972252655612,0.873417842757689,-0.367991092429648,0.309434034453411,0.148017076022288,-1.90105978603634,1.08575758012518,0.681654546112725,0.0111036769443867,0.80768423145638,0.364842216640937
"CGcc",180,-0.561129384351514,0.331809630100223,0.288641399062124,0.618438431113989,-0.117913259661423,0.300259878386136,-1.61593331949444,1.01275960208958,-0.0407012480009493,0.305847882432785,0.257602641421552,0.360362069754419
"CGcc",181,-0.306662439012801,0.233453620389755,-0.0925658825302215,0.472240778328176,-0.170846243173095,0.34222542963121,-1.37053638916387,1.06658590183572,-0.208603979196843,0.287500368902753,0.577073854414067,0.194827440356708
"CGcc",182,-0.943580936627005,0.38706286027233,-0.256327230219564,0.0155925567902492,0.0450270477067276,0.407097178706177,-1.74712634200512,0.398333781300264,0.171894011715155,1.23316441503317,-0.333076539407088,0.613416187430611
"CGcc",183,0.324883336489974,0.0556980420164441,-0.823374453337673,0.000735135782131016,0.100851338474132,0.543071391803349,-1.44711949903471,1.19716927235766,0.29476054805403,1.56970436248629,-0.907761424581023,0.235543314050041
"CGcc",184,-1.20293315443951,0.554594324498973,-1.62560448500992,1.04529297510008,0.804974914457905,0.626125885307386,-1.88003315806677,0.873246705407247,0.200591918262809,0.75031248040093,0.347792606981998,0.305301557187564
"CGcc",185,-0.642681932928166,0.338694912021998,-0.239533251354898,0.215112592020798,0.407366794309006,0.277966254860459,-0.778692562807349,0.41559323051392,-0.0651416151633427,0.134922155283668,0.808412142734229,0.305637814370836
"CGcc",186,-0.185739606865141,0.207528626689966,-0.563558381437808,1.12176550078522,0.445351401204459,0.258083137905604,-0.435913428536997,0.832001708249664,-0.329086624973318,1.00747105785748,-0.36288592414561,0.108748653785334
"CGcc",187,-0.946469275243134,0.484943269541792,-0.349713298241219,0.185576091172937,0.50784513601767,0.335430942213938,-1.91946234492173,0.84421816175751,0.614232814109489,0.643999378545076,0.47321048002383,0.324781209628092
"CGcc",188,-1.02270362796015,0.455539613803396,-0.374215673920405,0.662200379487178,0.371688864147375,0.239272208159535,-1.80881535914608,0.542685501763822,1.06057453289171,0.310343321279764,0.952823934934651,0.307024097035657
"CGcc",189,-0.735682340408131,0.31473578338987,0.0471926913100581,0.223321950116681,0.233732676499599,0.193369974003658,-2.31049937554303,0.991969226135215,0.3605879159245,0.554491323096426,0.673638637332023,0.439986336975907
"CGcc",190,0.126841894437959,0.167974204057139,-1.10206480813423,0.568019341950183,0.567434974894546,0.397595001128452,-1.18479234954432,0.701484310481508,0.0242308078372948,0.596209830808949,0.721704038312005,0.243824713860262
"CGcc",191,-0.0804023699662407,0.200629254452222,-0.400279595731306,-0.311104129247093,0.803698774948969,0.415043893033725,-0.928180832463297,0.439450984558617,0.64530113264616,0.332649119747719,-0.00305853243390586,0.277024287693395
"CGcc",192,-0.340022878492878,0.313442017555424,-0.279291940406832,0.238610850207896,-0.110208607048871,0.36663331709472,-1.26116062738477,1.01261142708788,-0.416988797673302,0.545192507747004,0.188323690959274,0.290673434677654
"CGcc",193,-0.411969162453238,0.267503127893543,-0.00154492521280346,0.789266512328963,0.214784144951893,0.202419290512349,-1.06389565840935,1.05098363145089,0.585401182093385,-0.0515006029243417,0.814372714154557,0.104480239352632
"CGcc",194,-0.259784677747653,0.0184108893443141,0.933292134985243,0.487008427779065,0.144422820066038,0.0516261570299252,-0.928161375809448,0.394916616782606,0.278508646853836,-0.00726180527635195,0.994813341502974,0.346940007307707
"CGcc",195,-0.970777288087518,0.479554643396175,-0.207401408374523,0.114542107020641,-0.0543946447246254,0.385702117804703,-1.14969216043745,0.838019529809311,-0.0134785398081279,-0.104756277611738,0.930927311045061,0.184149751764243
"CGcc",196,-0.320552929422318,0.252863963437246,-0.812470263444541,0.791986602303995,0.4623572943942,0.344927118378014,-1.75191516095915,1.35714376474075,-0.0292329305163476,0.739549154777476,-0.408436485098904,0.355324937581225
"CGcc",197,-0.173288196335209,0.178415912477979,0.642771116015572,0.0609280750117168,0.0819213280463221,0.106817236413585,-0.656431604224014,0.716943428818622,0.467000665235459,0.255179582186325,0.280538798470091,0.122369466180606
"CGcc",198,-0.56316158318542,0.275709460635906,0.291399204276025,0.0114071323749064,0.444835496618813,0.212632960880874,-1.97899926148841,1.38703450148625,0.707233831674976,0.516026684722068,-0.217695090011429,0.301666927700513
"CGcc",199,-0.16745096896484,0.200103453718221,-0.0240196581155285,-0.11400061869996,0.360284491265923,0.284651689023335,-1.756701255308,0.523846699198639,0.566840143990594,0.576083692711138,0.197898792059245,0.330981737168582
"CGcc",200,-0.460049890169319,0.294465588809203,0.40453100135135,0.0301928054800485,0.171344064114236,0.171425170263663,-1.20601259942602,1.38115581083976,-0.23640669000527,0.763595634691704,0.126320013354392,0.0789541512687087
"CGcc",201,-0.792410991220139,0.369508691940371,-0.123624518849541,0.154426878972687,-0.256949544617129,0.351000015205326,-1.26412560440265,0.591414786218258,0.030704753748862,0.629256588889245,0.33514944384731,0.275568979494163
"CGcc",202,-0.397044616643724,0.230287149577605,0.0254102353774956,0.302825043763576,0.0188815413103117,0.309950470857604,-1.05447796807648,0.817063133726811,-0.156317672033741,0.316854449020768,0.845289815268765,0.242252628192814
"CGcc",203,-0.627322706296123,0.335035273410226,0.0671570425674811,0.311660079277434,0.284571940403349,0.27461090655128,-1.11426093694328,0.893956952646995,-0.186195886989936,0.68745879067829,0.198576545816358,0.195644175671289
"CGcc",204,-0.860355386045585,0.394010310579666,0.00685704513858306,0.0145072720594159,0.18945086888179,0.346084957138772,-1.80459198421878,1.38354838726156,-0.0630861115307642,-0.0195596953573918,0.829389423229605,0.343232601270973
"CGcc",205,0.430428894761535,0.0940381137192792,-0.537702852959705,0.589493139724437,0.597907450608304,0.217555800422015,-1.93436112311696,0.929140257937187,0.848500375681695,0.672482242988035,0.169954985399931,0.268131604693856
"CGcc",206,-0.989606072744129,0.427478280669665,0.189838569052762,-0.135049106379616,0.163740204324274,0.248987096307412,-1.51352181294203,0.522806775030566,-0.137122471968229,0.87839693652568,0.599660600297295,0.286746741695281
"CGcc",207,-0.444659931604023,0.335081517781099,0.492436154506915,-0.0773484257290828,0.574178664730406,0.0571690048797455,-2.06593484688833,0.953865421289709,0.781412965066447,0.726028418267785,0.263653252093503,0.322677930288627
"CGcc",208,-0.920091189152094,0.51813844424062,-0.246142050230516,0.929547615461632,0.0993600613674275,0.177416534177806,-1.37190837950096,0.911183796635411,0.214408719639837,1.1115598040693,-0.86400189983085,0.391920566212782
"CGcc",209,-0.425208632051066,0.195598337819524,-0.581418146033776,0.664362498293043,-0.4136604018406,0.471737688820016,-2.200660263375,1.10327095411558,0.626696587979288,0.24028514245853,0.136684070398005,0.513268651381051
"CGcc",210,-0.121253278947106,0.0886015826159059,-0.468548729210138,0.0837042019687765,0.535717913295954,0.323883824556808,-1.09844475141504,0.163542794181566,0.355239186825972,0.247524333763528,0.396179431677133,0.359801486494656
"CGcc",211,-0.385710644896077,0.379804374594863,0.0836183145697215,0.947520169101096,0.0216077856292204,0.148717572737426,-0.996643768868998,0.582745149626656,0.0204305474689085,0.633424430996211,0.11998840142869,0.234362984844914
"CGcc",212,-0.452915762406508,0.27503942353998,0.0272414267514681,0.128355834033204,0.503229073436937,0.212943352928136,-1.32507026767943,0.698349360707625,0.516028214176652,0.346214941662569,0.455915281306175,0.219844415928247
"CGcc",213,-0.860475349847146,0.462609110233508,0.469793198528687,0.00129658291077516,0.492306358854418,0.152094884806226,-1.60378653710484,0.554209938932476,0.339126188376263,0.466298045744205,0.283153185455673,0.443003273809353
"CGcc",214,-1.00670124917569,0.482865311276835,-0.540344406823146,0.679253509634974,0.273753699223741,0.271575254914275,-1.87192710350318,0.855674206259056,0.43713257101845,0.595766092239367,0.322433078826782,0.396478600151788
"CGcc",215,-0.92176261857523,0.423775857943892,0.0374094285279028,1.4131450218119,0.439248625275495,0.082370079113524,-1.69987211277898,0.818111356272443,0.0324484355503005,0.613484037244332,0.0557402307562173,0.490791589869256
"CGcc",216,-0.0267488076974825,0.0631860350268725,-0.660889220345329,-0.18520495240777,0.153859962395144,0.507769605293435,-1.34836090893529,0.61299986827546,0.339848758336767,0.463612728725206,0.273265796596584,0.294086244600026
"CGcc",217,-0.790508676815235,0.438072947495747,-0.340808598612137,0.146167987442203,0.64342726265032,0.209296489643281,-1.87871162697844,0.545560437098476,0.475308579757738,0.383703433231328,0.0389128586302257,0.481342016841236
"CGcc",218,-0.665754665075731,0.418281651015798,-0.916665008523976,0.991176873251385,0.440759557235277,0.367441015095758,-2.37201981329955,1.36465012243068,0.573039798675173,1.1339870497254,-0.251453367826646,0.400131256864665
"CGcc",219,-0.941430516566265,0.414279741663336,-0.19188013198295,0.362579360688022,-0.168000614021086,0.314651004597128,-0.810324598359313,0.962413407474105,0.477770527715656,0.380502913604819,0.396995246272101,0.0854728536241728
"CGcc",220,-1.07460112641788,0.495649762503274,-0.519732133317841,0.0896993023322439,0.447982329912838,0.381545728034171,-1.15376730244376,1.21982675364833,0.358208139298207,0.275571380500491,1.33764190453902,0.0752711855589419
"CGcc",221,-0.467132885173003,0.325324486253164,-1.00100297007833,0.339927429856286,0.782511505073883,0.49894412798543,-1.12750797834514,0.429273029240299,-0.155465870463997,0.0926746966873674,0.525123897821594,0.359220245388288
"CGcc",222,-0.780834217697525,0.420750591771732,0.00883214349826606,-0.0822367015849124,0.299900492151372,0.288107420640261,-1.65511307300193,0.46552623670043,0.265948436298515,0.678644549847391,0.40300618627263,0.417841919234208
"CGcc",223,-0.812386815549521,0.381521702901801,-0.570329960906906,0.173177457771263,0.0486999391361624,0.423730643002829,-1.01850804212317,0.648028788970979,0.702011468207992,-0.0532620780119085,0.438064431912036,0.292072684353879
"CGcc",224,-0.453362965419204,0.259486089015883,-0.793070667491536,0.250014770424869,0.0367525034810129,0.448501101296223,-1.59956407390576,0.802200643424288,0.109631816889265,0.586328412534038,0.065770529251698,0.42398781658343
"CGcc",225,-0.442831449249761,0.282298100602183,0.126280060215411,0.172680569553569,0.0704539468483122,0.333990483367239,-1.06654662058394,0.75701158477644,0.229877003049445,0.747631505838207,-0.111563629454619,0.176842462010852
"CGcc",226,-0.235878602097103,0.208183074409272,0.590336098567914,0.458266705200126,0.345288559719419,0.081692547285339,-0.997045303250392,0.396366543450466,0.787219667451423,0.846267845772615,0.279327405810123,0.0775547876219059
"CGcc",227,-0.726868585644072,0.43171380489636,-0.234880649063808,0.419705596744316,0.467361191178337,0.286487465105034,-1.07948431449254,1.18887394410709,0.610658360066868,-0.16305152764153,0.626712441137059,0.0788037705146735
"CGcc",228,-0.540476590842925,0.358118815119316,-0.223888227017261,0.118180464556144,0.617238776148282,0.197671432854411,-1.04388985143542,0.922777905775486,-0.308698545724937,0.510562753890313,-0.19726861551373,0.288040200283198
"CGcc",229,-0.170577286257242,0.203555487354887,0.20510637783846,0.167518432973972,0.399765646516067,0.106247621725938,-1.20725325278453,1.17808548425242,0.589881065163112,0.363838732489028,0.354677094949703,0.1527286388104
"CGcc",230,-0.540741086576201,0.349421728371896,-0.0512270763075116,-0.0827019549647584,-0.118451153277673,0.388443154891816,-0.933761232554221,0.781800374178167,0.152615222311099,0.57016320466081,0.107874635234101,0.0732670504509375
"CGcc",231,-0.208054605174188,0.180181775203036,-0.217485526688877,-0.113631035825352,0.229424014195424,0.304194227531464,-1.62295317458923,1.00099059640089,0.256682544509831,-0.0365423218311277,0.44574145130324,0.361348734584888
"CGcc",232,-1.24940985924206,0.48693779563087,-0.369332909283299,0.470163320862518,-0.167803998811182,0.342564725226073,-1.50613758696281,1.08431771155033,-0.386466574482997,0.418206205504565,0.97583809049481,0.294355748798628
"CGcc",233,-0.834922740002383,0.399984623179793,0.250136805631195,0.165142251866609,0.0391159780365437,0.242314049243566,-0.432167195427955,-0.217175980429056,0.198704698689409,0.723980638679502,-0.0980445587263131,0.138379328576543
"CGcc",234,-1.32181191292684,0.613007358763525,-0.180842802800239,0.289996985768554,0.0325406222633989,0.346483053925292,-1.14642029502873,0.31868772417636,0.522787285617915,0.328916288268283,-0.106400682563521,0.297972600053686
"CGcc",235,-0.29511462877554,0.281901409573121,-1.18588452883703,0.0883439063665718,0.671922255523341,0.566034950558101,-1.70953933665136,0.688507428357796,0.292640054849646,0.540985428626734,-0.299658207625691,0.421945674900368
"CGcc",236,-0.114666187428323,0.233760000130423,-0.593538005641929,0.272739219314044,-0.194838682840494,0.468908050055614,-1.59339098437336,1.0349745953178,0.252720603681245,0.618470881338657,0.260874613024689,0.24677603048256
"CGcc",237,-0.224460193034132,0.240089295805819,-0.0852523874068061,0.00932902287485938,-0.284432524891303,0.381059780603122,-2.21242827415974,1.04530274063256,0.495450025618765,0.663420201655524,0.387999070761335,0.329600066099863
"CGcc",238,0.371150986445868,0.116915573538457,0.228035164639035,-0.359730846729701,0.571383216530594,0.194314358722883,-1.49927539505385,1.04681294025274,0.235862476223872,0.416537720659833,0.379106293174833,0.209388470294538
"CGcc",239,-0.66383123295764,0.328946878282658,-0.643534128438464,0.707041280579862,0.122129337262854,0.359318551787603,-1.87041438724807,0.0924347341829926,-0.0633675087030207,0.653073972841492,-0.0300946018268141,0.628204586409116
"CGcc",240,-0.661719046426213,0.272243535540976,-0.115009343309986,0.612012436519658,0.609377641914741,0.191037359986867,-1.35173940746336,0.795043120416444,0.416768269017863,0.497466983739104,0.442949114535645,0.293333902172377
"CGcc",241,-0.730085287135023,0.300647608003543,-0.155068219023989,-0.634503417113837,-0.235174155942544,0.456802820356796,-0.990233633668971,-0.147273320743637,0.165870353444425,0.866270881829868,-0.158419987432017,0.417770829945849
"CGcc",242,-0.705614983048541,0.31385061348023,-0.173154007114198,0.227247695921766,-0.00902647437209899,0.252440559239092,-2.05097221992497,1.14306212329237,-0.0478728447787523,0.850901008904128,0.0390586236132623,0.402060808697996
"CGcc",243,-0.339755787323198,0.265433959337636,-0.0763644214484957,0.465882142600238,0.497404982561975,0.262182570609605,-1.58837706848513,0.837747079138902,0.595624992661888,0.0494976536852824,0.991422741665917,0.212051009690175
"CGcc",244,-0.655945762596593,0.330724784866448,-0.0879020476870034,-0.287915987492279,0.316558924117685,0.262641246752102,-1.00986134734845,0.483763102747764,0.0307995161797835,0.351359694268709,0.656988613079618,0.148596134657026
"CGcc",245,-0.59276072430918,0.323210631402434,0.531617415043056,0.329688542207929,0.380961890276483,0.1365823830059,-1.06483388467587,0.781892543080143,-0.227241470623039,0.773165402428601,-0.095401820580165,0.225554711660843
"CGcc",246,-0.122581752314989,0.140962887691517,0.0532579562102033,-0.375974022072666,0.11602022570852,0.334155334893459,-0.976780566300045,0.157178822468794,0.0966111993989228,0.203370030671485,0.48986314604961,0.36529146204358
"CGcc",247,-0.509701583024163,0.328212563036416,0.0462452908794931,0.3463321151856,0.0255784218021237,0.224003792944277,-2.19747758688424,0.658231218834616,0.907964746757618,0.752244488889601,0.0860198480524285,0.458590514893971
"CGcc",248,-0.467400062775732,0.276056284951889,-0.352267260111634,0.533245333138266,0.529275980000629,0.217043690285282,-0.948321386144774,0.686411515409377,0.489223271251548,0.728177687025215,0.0800751623572761,0.134015118082133
"CGcc",249,-0.690999406375885,0.346121254381096,-0.105474799958049,0.240904110894887,0.563602658997074,0.246549352053191,-0.678825612170444,-0.0851791286042052,-0.188137362985854,0.795751770342452,0.062344862546313,0.317201036902283
"CGcc",250,-0.981844789595785,0.473456568761286,-1.26159369810135,0.304844462114364,0.543046852089799,0.571903042945722,-1.70545424966308,0.636823864873381,0.152615773629426,0.588207743689681,0.561617274076977,0.359843140787809
"CGcc",251,-0.698861341634207,0.336490416211499,0.154316871244525,0.232782468332544,-0.128590845421265,0.232689611333003,-1.54040879771366,0.259438079945146,0.53440376565148,1.06282520522547,-0.184443734653633,0.346515476607439
"CGcc",252,-0.380717191190662,0.230023965537792,-0.312888750589358,0.0572463604422086,-0.200185496443669,0.401521317849845,-1.3809554985636,0.723208200026052,0.195036019247265,0.451149338987948,0.333107949727458,0.298038362809217
"CGcc",253,-0.471675291573592,0.327033493715317,0.0987616732897699,0.625224741102727,-0.356784386784652,0.33296192205971,-0.7482001704361,0.269918017259055,0.86214695746491,0.385413766402671,0.381644026185985,0.171210047187976
"CGcc",254,-0.79079096825137,0.44544449744291,-0.0093797253909159,0.23477834072718,0.248672540202438,0.210481151312187,-1.50112320596094,1.02827509644324,-0.0798911510730503,0.688723723596109,-0.180442666141655,0.329039114168435
"CGcc",255,-0.250465567682348,0.264786822010915,-0.0847283961781186,0.619818178254765,0.149917843749273,0.265321547067181,-1.85101095476163,0.632198087946304,0.245523182912912,0.534251310640078,0.19269550999407,0.497099695661481
"CGcc",256,-0.0777562762575316,0.077773657533949,-0.274256575352628,0.148418266475524,0.974700460640175,0.296608176172567,-1.26593081935328,0.928408443358293,0.431278360766745,0.569354098136235,0.175218017516508,0.213793946589494
"CGcc",257,-0.105148310608744,0.154032328190134,-0.261544858033542,0.251301826639214,0.368275452607301,0.332867785325503,-1.82084974441973,1.12599100267393,0.459513225089457,0.510236045494788,0.383449854553957,0.294815875533053
"CGcc",258,-1.04024332578741,0.464256972641582,-0.145573204678809,0.354437860879918,0.0208458859601,0.328052366835607,-1.19534678904849,0.323897607907148,0.071341585558914,0.133845528787987,0.498838638756317,0.393361947576254
"CGcc",259,-0.389497211720945,0.253010752999859,-0.532761694617465,0.50206550275433,-0.1103138531787,0.413951281009743,-1.66903804061306,0.587559101169406,0.809361617435661,0.744381859184355,0.0538506471965042,0.340334690523405
"CGcc",260,-1.26932782433533,0.568264108339077,-0.650618234604803,0.319813673508048,0.642110059573145,0.366420567106923,-0.794966488510308,0.454671854279739,-0.155141658225422,0.63961461854236,-0.106053900878698,0.22954017784245
"CGcc",261,-0.065386422478468,0.226227070219572,0.0441250676136925,0.267151841987584,0.0253462249136974,0.30212658041999,-1.34865516735482,0.170010210989268,0.595962872731157,0.419874414795415,0.518961258887655,0.285241907837474
"CGcc",262,0.375181752167279,0.0783085965917841,-0.278211579596951,0.757967025733623,0.473098878260356,0.250578750546243,-1.6746288323962,0.453231024315256,-0.0276563383194834,0.69730630612491,0.156247322909142,0.49624825987877
"CGcc",263,-0.756040752042927,0.335747105318117,-0.0153628622440243,0.693650300880235,0.183037129302445,0.215893261406324,-1.1982198473656,1.24571777038445,0.28972966708638,1.046584539462,0.0422696229290295,0.112684936054551
"CGcc",264,-0.706042138996351,0.392728780118567,-0.784840638653803,0.309627587960693,0.231965835936498,0.490043760017019,-1.68590126911842,0.86914995121172,-0.385263440050933,0.333196516322793,0.39109777004857,0.454614422744681
"CGcc",265,-0.684879540804899,0.360385519622183,0.00617185862523809,0.522787872865264,0.158265799219674,0.255058051646631,-1.95046897875491,0.828403328891818,0.447115148587556,1.32133457935095,-0.5540030190504,0.332823680621364
"CGcc",266,-1.00141837580278,0.429543128229872,0.311503689586035,0.919642572520207,0.00967096326116233,0.181294154207275,-1.12175476881248,1.02407353422686,-0.0361613584918049,-0.339704689078231,0.952715700769007,0.303898117939486
"CGcc",267,-0.516225662983273,0.307491604540081,0.10635904011542,0.0435331380139612,0.335105663445177,0.257131804848798,-2.15423356319642,0.653738354018784,0.823354638694589,0.0581033544029448,0.275377686530597,0.511907732284169
"CGcc",268,-1.16894145632139,0.495378330874604,-0.359380842662589,0.119598524336974,1.35297599841824,0.363396540113323,-1.63100161496704,1.12397310584477,0.681069979870543,2.08181335884202,-0.513755450843497,0.181448294835954
"CGcc",269,-0.343394821344528,0.247946158229483,-1.7640839767932,0.321476479117867,0.686647942380756,0.712226012724376,-0.692787456759313,-0.284987979992332,0.460895738554049,0.507862373036232,0.727618498061035,0.192001908348266
"CGcc",270,-0.545956472474712,0.298662961903224,-0.41474248122324,0.0715048840806494,0.37278863793583,0.390191985531163,-1.72989587876769,0.579314820447187,0.340058288802387,0.159799928844117,0.790824401487337,0.48493714081456
"CGcc",271,-0.595177297874332,0.348313891606013,-0.220599041827752,0.590578587812858,0.182511487394799,0.258516680824512,-1.75228675278008,1.05562262789925,-0.297031804085,0.0481431189145484,0.724478103556972,0.457858718368699
"CGcc",272,-0.0483476386863137,0.200751719444924,0.706496387885159,-0.0529725112645492,0.352955424998431,0.0556537621553352,-0.959581314006004,0.598603328299674,0.0652165551221452,0.319757880170011,0.443506999542699,0.162391388771023
"CGcc",273,-0.348952854622096,0.247472412573682,-1.25953763821545,1.35022013164316,-0.173015507802865,0.506056102416513,-1.68978940120235,0.457750739612194,0.962291504494641,1.12100761713465,0.369140541305012,0.303492324155227
"CGcc",274,-0.4774888904894,0.274493499187899,-0.109691132632135,0.268411344099454,0.206131119482899,0.240435614792432,-1.16228930069628,0.139348494594507,0.503523577969877,0.930825168244109,-0.117133844163058,0.268494612528522
"CGcc",275,-0.570599693752282,0.260803087385806,-0.514856749044992,0.340674971877852,0.529814631646638,0.318632404058249,-1.52856394017278,0.916648026477984,0.194186813733896,0.397445814377289,0.222595870385464,0.372161363723445
"CGcc",276,-1.01177015433764,0.430342169954534,0.0872828296724913,-0.0171464046231054,0.0672692277680331,0.265535403658097,-1.33997160081565,0.67559899565681,0.714684241643203,1.30025946829794,-0.746179966021633,0.289325437950323
"CGcc",277,-0.292549742160999,0.212798784913824,-0.435834844452975,0.426009070541168,0.313801558041006,0.306128980587743,-1.40273020532566,1.02342782777705,-0.0607879061588222,0.491550800049078,0.159920182026459,0.374806755372152
"CGcc",278,-0.456913079392132,0.274163597217563,-0.0454462609982077,-0.123055463360458,-0.203373288586447,0.39389392715395,-1.77551310183684,0.295394877361298,-0.287685844841051,1.19388966909953,0.0607258599583716,0.479499633968741
"CGcc",279,-0.242736701591404,0.199479681634322,0.143517830662002,-0.0780915410094163,0.56421999862957,0.321569551355405,-1.53543113052279,0.431428709867995,0.517801185907932,0.920766225053167,-0.516814068557973,0.315706006241856
"CGcc",280,-0.560767311022789,0.258678458656762,0.152414311294358,0.227592159508637,0.659160760313263,0.11097663701932,-1.55902699986697,0.661030571442262,0.361632590737382,0.962154289848872,-0.581243478447668,0.412230930857854
"CGcc",281,-0.56571502867457,0.331353464363523,-0.22767225447094,0.186159045033157,-0.488462264254453,0.493707265887146,-1.30240346685548,-0.203362884917483,0.196614917691395,0.0414630474069107,0.465947686995017,0.53524695966795
"CGcc",282,0.0602520158156988,0.21256155088036,-0.164785431791733,0.577470890255025,0.757590581197217,0.174216204766862,-1.70981519470929,0.539619412083507,-0.20063604416721,0.0963469309501334,1.05187827994121,0.604249661685107
"CGcc",283,-0.227438484021819,0.235196296729254,-1.09479933618499,0.566468563219979,0.743892593768519,0.412421928880678,-1.45885313920111,1.08632487725086,0.237527783900183,0.650632673172417,0.101129475523907,0.160694201524744
"CGcc",284,-0.852102509514855,0.405567767354837,-0.478235475053921,-0.00190287840155082,-0.129869504478517,0.478797298160141,-1.52515714293744,0.591888066893899,0.331198789560812,-0.201073901137751,0.566848290592401,0.376198787893212
"CGcc",285,-0.301715406586971,0.240742570037842,0.0677506779990396,0.709227302303552,0.461459920839292,0.138811566727319,-1.5982358780545,0.312420403117766,0.625115946353655,-0.109204693426054,0.910445777017422,0.380726600735375
"CGcc",286,-0.341951700286735,0.294121327602616,-0.218771272880546,0.214760443225423,0.206425963070631,0.283779051645868,-1.5987891633846,0.504979059502558,0.424159706528681,-0.0325680594226047,0.644978978905611,0.375981482946895
"CGcc",287,-0.298192550138571,0.241903681060876,-0.552334310850023,0.166033482808671,0.285551492139655,0.365054744359927,-1.96447736320043,0.959860080171677,0.179942056159673,-0.157780089088039,0.505296477267264,0.546275071526671
"CGcc",288,-0.204415022263778,0.186657163849271,-0.461838424184001,0.175801084232863,-0.0132791395992601,0.424823065692142,-1.86701830564569,0.91827317958861,0.133783548822607,0.336839422667658,0.600803725886693,0.444109482405261
"CGcc",289,-0.207155287823586,0.128524827528953,-0.385848748483476,0.560036903916589,0.756641781071597,0.205737753117605,-1.93479658085707,0.547354362014891,0.144291515434813,0.749561676098939,0.341282462881931,0.48498391597578
"CGcc",290,-0.533101210292104,0.321616311726991,-0.226382040597076,0.0101465668173793,-0.0134059631343909,0.40269052362079,-1.5972852538037,0.615417515274115,0.450890447446324,0.839948351190587,0.168748667807932,0.350933411735608
"CGcc",291,-0.678642563854167,0.334401015794227,-0.333887874614538,0.262043445304261,-0.0693316964123006,0.442558800330402,-1.30291457883509,1.05173476967999,0.759755382322022,0.367017409111509,-0.254725214105672,0.28502028348198
"CGcc",292,0.084106858546259,0.176520576809417,-0.604854026942875,0.803152013817298,0.2671969645454,0.455018321372243,-1.37690481084662,0.0753835354117554,0.130487303887665,0.102038137466695,0.766693880990596,0.414589688569614
"CGcc",293,-1.14768251560291,0.506456486785485,0.803088277056206,-0.380115726833022,0.0813809919135631,0.163245970173682,-1.12440236681827,0.797592470130297,0.25236904491103,0.518028057756409,0.180151796657324,0.233554551181038
"CGcc",294,-0.43831481690967,0.32845014129331,0.460227897612241,1.2590549018333,-0.00618257608522871,0.017592681017238,-2.1232882547611,1.35589378775853,0.579542798444319,0.998910397795369,-0.296011113268334,0.338751221909348
"CGcc",295,-1.1626591794764,0.524319553555594,-0.575007420275365,0.775937147366701,0.449831592228325,0.316696893513035,-1.56587680916566,1.05952695747997,0.0714236651643775,0.721360338152916,-0.603558003547976,0.319209304365472
"CGcc",296,-0.201889638000063,0.242154260025544,-0.202314137029942,0.105380530354047,-0.199876575074516,0.425885206631189,-0.278988844299661,1.23016858405022,-0.307077289328493,0.49603808189963,0.881068957942449,-0.0611594254451587
"CGcc",297,-0.273432992372521,0.219545240377781,0.662570180507016,0.098986725983259,0.110531682485426,0.150303694524204,-1.34999130879622,0.25642883864492,0.452746792406037,0.578059731634894,-0.028985001403946,0.415845851203995
"CGcc",298,-0.0409924324237136,0.0984093997995251,0.243271582185031,-0.156561747410281,0.394375327796926,0.255083205252881,-1.17570236079846,0.990138948773608,0.0756771680309548,0.929246261465997,0.457983732652314,0.0612794697977941
"CGcc",299,-0.37502309562205,0.298919902231732,-0.409080140300027,0.282719076288311,0.0158646054921169,0.366801493325609,-1.6336841296542,0.737589160257859,0.764591959353139,0.212108146997208,0.0973209729008273,0.298219298541411
"CGcc",300,-0.137289206127859,0.223109553892936,-0.46878379849808,0.0194128564640816,0.754981055165814,0.365598590132434,-0.799266127882364,0.638444022194955,-0.546714534986785,-0.0679123840124075,1.29488815075942,0.24866221742355
"CGcc",301,-0.745099473991015,0.320306113632042,-0.309816373144655,0.176752977082594,0.497190801936092,0.415579342474511,-1.17662151195802,0.85625046543121,-0.153441842166552,0.655861995943289,0.123578192872941,0.21322148228725
"CGcc",302,-0.522883663220987,0.326799589272633,-0.298200383033406,0.314982211685353,0.372425602758075,0.347367699108429,-1.4477436880708,0.34804402427423,0.0312678949231888,0.790280381697423,0.381171263501272,0.422369037580077
"CGcc",303,-0.187105799185866,0.231136685937734,-0.502693015200039,0.448741384646327,0.304874861584974,0.288547825743582,-2.23421914047061,1.43952086868399,0.682931021747429,0.107222523975896,1.33437013569562,0.237798975978602
"CGcc",304,-0.702980667173433,0.394972032805417,-0.962874488157256,0.334673828187232,0.145733532800268,0.456640853890348,-1.48623941174987,1.00233163051664,-0.0222269355360893,0.768186961771691,0.494343999408407,0.19283527699807
"CGcc",305,-0.322226567840231,0.200274255569052,-0.41282275520347,0.0273455654438041,0.807263710330842,0.356217032236444,-1.56928770577274,1.04617051177749,-0.257600794513117,0.941304231070309,-0.323687265605622,0.346815359662831
"CGcc",306,-0.281600405599211,0.214528094763167,-0.205625938731336,0.289662036416244,0.563811400796823,0.195754885466075,-1.83718523523044,1.45009105996722,-0.523324440670923,0.217483794829911,0.647569822349652,0.425403344271702
"CGcc",307,-0.198404968394506,0.27783282441039,-0.0684408549172621,0.303492581278512,0.555271232329747,0.24322725563288,-0.946238842653288,0.785695349040418,-0.962200542791166,0.396059776033573,0.172200372936483,0.468577858449572
"CGcc",308,-0.484757656540868,0.283544812247249,0.0172111165372938,-0.116442886338615,0.547702019266856,0.239265930788062,-1.90052039948731,0.99517683052953,0.595767782495007,0.277145391480634,0.850987711598568,0.27868541629822
"CGcc",309,-0.156666304361604,0.0697568165759308,-0.0406536668600266,0.311504208425108,0.204326329028997,0.269956659464216,-1.49435908500765,0.3069612258412,-0.126928768545183,0.422236476692335,0.25969174666622,0.53198909806986
"CGcc",310,-0.403668336959007,0.256950231402586,-0.119414743505005,0.204240396767924,0.753365483284531,0.212214669757957,-1.67146199046273,0.763870467267659,-0.227136473313828,0.462202455930969,0.062323662649622,0.497607234359948
"CGcc",311,-0.494535931387414,0.337329867806125,0.903427297756785,0.214032399525186,0.651464879725104,0.122920415775996,-1.73959542108996,0.147617633552349,0.987342953403703,0.0816066544252484,1.29074218344312,0.446400180773493
"CGcc",312,-0.86323597998143,0.464754682322344,0.137076346164167,0.156905191911103,0.265296338249627,0.220590198583025,-1.29950299034342,0.645495940534884,0.70505283018134,0.0217076709002527,0.626604386760614,0.25986328756246
"CGcc",313,-0.427871686799722,0.319357342375811,0.113437698017538,0.359476627028662,0.0139603350449502,0.289085328480234,-1.75741980641037,0.62726422690676,0.0577512617670989,0.374376378186196,-0.205155439190648,0.509781316941699
"CGcc",314,-0.667646378479145,0.385184040815019,0.383614046602187,0.664984388422091,-0.12352310931609,0.187894038459072,-2.13152668840314,1.26060674946373,0.579464623732903,0.195196283906434,0.218988370008601,0.347520598079405
"CGcc",315,-0.663435347372333,0.326429240471661,-0.071787060340411,0.328811597347006,0.299943477089462,0.222882345865623,-2.0784739691077,1.13127998579184,1.12336694724796,0.455718884816917,0.096961935744187,0.228309326740696
"CGcc",316,-0.436652562557481,0.302546001854467,-0.241435520634621,0.374533161328741,0.454753927356862,0.305945548099179,-0.87837708742809,-0.297794898400386,0.637218060694543,0.948691201297852,-0.0729982460173434,0.189147978455751
"CGcc",317,-0.573458305175378,0.297003363496655,-0.642261912088942,0.139806493587885,0.515428295244423,0.396813108493978,-1.99371827754173,0.861163273296772,0.857204632521065,0.67072441304658,-0.0290330663494562,0.397546330291015
"CGcc",318,-0.480201457620848,0.24074291495913,0.224645078498597,-0.149440176194349,0.197624137363011,0.256679603029995,-1.15386832897254,0.734631698247593,0.343993614507903,0.712295056017988,0.374190923557341,0.154171697413879
"CGcc",319,-0.169326380680701,0.189602605563279,-1.04339760111357,0.847633965808752,0.0322096437386405,0.47243454575124,-1.64095782836155,1.5288555897074,-0.101455715798728,0.258860534148296,0.64286945114023,0.272313416559849
"CGcc",320,-0.205145503002793,0.17173521647999,-1.20513150346561,0.390174318151566,0.269979402236394,0.538329775317024,-0.954747484961303,1.28164735870278,0.0422340239179683,0.197863999165549,0.402142648218518,0.174729693313345
"CGcc",321,-0.468976613944766,0.219450380417839,0.460757037802585,0.423152729483523,-0.451999860011828,0.244942716322051,-2.34635515326519,0.732800459825926,0.130609925826853,0.691522593909808,-0.0547868414566359,0.591520031605614
"CGcc",322,0.238207270742655,0.00840560085376924,-0.271991037974471,0.775602526245474,0.551324747202862,0.213861270430888,-1.71802781496559,0.799111862983916,0.423804056255593,1.08629543676992,-0.0714880046540593,0.244246283723622
"CGcc",323,-0.764507474835088,0.418447601394903,-0.2977768388372,0.495062283169159,0.337508441733277,0.225840823998718,-1.52533391419553,1.08423137261639,-0.00260336546074174,0.166724897165333,0.475456017972698,0.352583833000627
"CGcc",324,-0.757164943216918,0.380122832683628,-0.148565695824354,0.298855020192219,0.95279967069502,0.197950119071779,-1.24179347685449,0.673552777573448,0.0896765159225641,0.457591349322965,0.184172106344446,0.354025519856595
"CGcc",325,-0.866265854363998,0.361791146314198,0.400921987672436,-0.0078454298577676,0.247452554436238,0.0701622457046774,-0.696084371610716,0.275170754097658,0.00338443704958626,0.871618945187063,0.236282502731346,0.10340534044088
"CGcc",326,-0.457435177043248,0.31927035438806,-0.181921267686198,0.457526292438582,0.764734849865835,0.195539983727267,-1.7014816025397,0.434670180940136,0.254355342854858,1.02970834047962,0.0558386875820815,0.375580309053434
"CGcc",327,-0.400127707349534,0.325661232378882,-0.528574334543149,0.528512940129402,0.253125528912351,0.314467483196469,-1.9801987124422,0.568305973549414,0.983930617404267,0.157091296777488,0.338464226605576,0.429045697846724
"CGcc",328,-0.635901782329232,0.294620445379884,0.600405357050541,-0.126861832423813,-0.029814885287217,0.217228880399537,-1.51261048670916,0.175371845374442,0.595969471459734,0.424837428767674,0.100397801534114,0.483545454690221
"CGcc",329,-0.28463705124781,0.243983233027485,-0.42495498669571,0.797356847401046,0.0747526602090193,0.361800711789187,-1.42071308868576,0.997136822112133,0.61549093009721,0.137466487413059,0.286200170576311,0.290045510947791
"CGcc",330,-0.33767592501072,0.310817015703881,-1.24233984378019,-0.456696036370412,0.345780122212222,0.676125917352135,-1.47256695943957,0.624907308062416,0.428379893220297,0.356527807964531,0.0747159250982554,0.418179754039926
"CGcc",331,0.31927551093673,0.0852127886151761,-0.373398118399368,0.36787453491346,-0.0859606682125809,0.396967384854872,-1.21309861794517,0.497031869940734,-0.452657319806502,0.909067705868181,0.227801117875086,0.412219658254134
"CGcc",332,-0.76656836860696,0.417157386679415,-0.467724067938395,0.534642162656627,0.290793258486612,0.267910657774167,-1.98806142237201,1.08392089057423,0.853484737188212,0.653240333514728,0.569201692996304,0.196398784721299
"CGcc",333,-0.377330678738532,0.278904695803197,0.371839106748492,-0.192237020293465,-0.161396719141373,0.288016092912131,-0.637192024458142,0.315494116174335,0.589890006027365,0.223346195784626,0.195673964013806,0.183388422720366
"CGcc",334,-0.514961301419237,0.272683716066183,-0.468103082922242,1.04484654186821,0.535159853581688,0.31447609333359,-1.28721943028819,1.41122597243502,-0.128468596788332,0.656754890957105,0.0616633986849948,0.167613010193916
"CGcc",335,-0.247195997753889,0.255243143603106,-1.03975974467461,0.948291356316571,0.142034027411635,0.373374527284336,-1.39683326614124,1.26499353196828,0.084918914713857,0.193274860688741,0.334158510428484,0.273325461864422
"CGcc",336,-0.33032196795444,0.225106581701232,0.146127656781961,-0.0800477961485168,0.258908788399867,0.213832796221215,-1.73913085658187,0.766263956638734,0.128711804096079,0.247110633323636,0.517934670247367,0.428925846226596
"CGcc",337,-0.0103449490070841,0.167856636649732,-0.414371933248748,-0.0934222206636603,0.184305879703752,0.452206251416529,-1.90328789743234,1.55293761581344,0.689924258328778,1.19932703626181,-0.505169569241301,0.182399868533995
"CGcc",338,-0.407377586800163,0.317830735920309,-0.786326308753447,0.506085382652428,-0.0595192210429012,0.449965879967151,-1.45674221521883,0.76244084963684,0.126937533155266,0.0505787338450639,0.771858616245562,0.305779833401805
"CGcc",339,-0.155699616293332,0.142933391173696,-0.618146718843404,0.756763035152425,0.324310686324336,0.399446847714687,-1.68957834730804,0.916386670802644,1.03977627706326,0.0952553028476173,0.21838501920319,0.266577927949533
"CGcc",340,-0.439211130071617,0.243704255710255,-0.472134313807982,1.04146358256246,0.22715312022455,0.221570510553457,-1.14410389668391,0.49248476349362,0.639686643186926,0.761916245853258,0.253709530242222,0.244374592966633
"CGcc",341,-1.23220926158721,0.47661414641189,0.173442759579425,0.723706008322307,0.0670106061774535,0.187895350088826,-2.26332796640699,1.66744322761194,0.506508418755379,0.690057621497545,-0.00668405130877571,0.370669601898103
"CGcc",342,-0.236668608650946,0.259501856197639,-0.866279125492315,0.252429881968631,-0.122297108212915,0.562466244321425,-1.01381701589396,1.33215588886847,-0.309812821587833,0.262035886679641,0.465888630728875,0.118684754016664
"CGcc",343,-0.688847051682999,0.305038145706233,-0.104418295226927,0.146917259273169,-0.056978003312109,0.382995038089052,-1.97537665333078,0.901726914825933,0.509197897264052,0.427276475143596,0.189694662264402,0.381732511145914
"CGcc",344,-0.571918427364007,0.280203694714537,0.179946096858241,0.312646546505763,0.799309828864125,0.112134001254355,-0.517590068523803,0.510341255355221,0.082782620238283,1.18249999738544,-0.315922830147325,0.0631030883733758
"CGcc",345,-0.72762424984317,0.437458455944983,-0.183307165643274,0.807202796338966,0.382386512803412,0.120164059194108,-1.80156808131353,0.833839192386406,0.578187792102435,0.247534649610447,0.243199838479339,0.351614172051824
"CGcc",346,-0.794983355522118,0.319751958470391,-0.882294022020373,0.0515834829049825,-0.309635579552014,0.579203545865049,-1.89586937103214,0.263389449073571,0.315984541004907,0.820859806688364,0.577550896749815,0.497766758266459
"CGcc",347,-0.594459084996328,0.371654637023238,0.118403257941031,0.12096352708784,0.0996014965969671,0.234379453039016,-1.31169320474934,1.14857242978117,0.604916764030282,1.1392462889453,-0.927221020312169,0.271966610287734
"CGcc",348,-0.702804561876231,0.327669850288771,-0.283468232529271,1.21253887369876,0.11351173972995,0.206293474142621,-2.07268277311164,0.800858397829077,0.751722513672412,-0.142551713644967,0.968334645574317,0.417125502453144
"CGcc",349,-0.217640550335922,0.183882376258826,-0.762512513756859,0.449449379856158,0.0959418496169513,0.508164256223873,-2.57047895722049,1.12234387192385,0.108190643565846,0.183439884644637,0.734842012518612,0.624515814924809
"CGcc",350,-0.633794992657802,0.336720546206605,0.353666751823216,-0.0775537416621171,0.0546149438751561,0.265448836804936,-1.11231570415842,1.04973763178142,0.519844794260502,0.520000948133589,-0.00397461647961344,0.183092925644541
"CGcc",351,0.303341655889898,0.0811944762196623,-0.13041469399112,0.020134640260881,0.0993265272293387,0.354599877576724,-1.71657694647141,1.11126666489386,0.284489773332906,0.177538977502109,0.419753979262626,0.350554910832106
"CGcc",352,-0.241268239341329,0.274450773829828,-0.160741810651109,0.403585210943385,0.123371757646087,0.237667708041794,-1.72385900250233,1.14167038704301,0.188532283799565,0.224739603108569,0.328176656791718,0.299383682913982
"CGcc",353,-0.202122507149185,0.17021764661218,-0.243377092641614,0.621251063591018,0.296440238978598,0.314097922821023,-1.89808943159559,0.9680620457502,0.0733957426566745,0.932430696448647,0.313160273871852,0.298107409948817
"CGcc",354,-0.189369507486495,0.252698478902947,0.159584131099418,-0.0306785140906773,0.130987255128568,0.217555499370567,-2.29329024728641,1.19142390796789,0.366008479843802,0.612257031150113,-0.230154315128248,0.583337213135467
"CGcc",355,-0.41647349938088,0.287560731877563,0.135884188361616,-0.0295948330036485,0.0922694293248345,0.257244335801711,-0.437352925972554,-0.206718022544577,0.296638975984987,0.792236883206735,0.0618476240719754,0.216016516795859
"CGcc",356,-0.455171372399707,0.24750318116761,-0.0934328359259827,0.493976110872601,0.11956661047336,0.193989640523646,-1.83843644924725,1.18414351126473,0.601931102796575,0.448670567960368,0.177839011719595,0.326700208711597
"CGcc",357,-0.343453568189727,0.188669555110374,-1.5381290430184,0.568845187845382,-0.17189309790714,0.714987849209112,-2.49470873760503,1.22396083023353,0.512954964163555,0.515598128031212,0.627353470499001,0.344829812210483
"CGcc",358,-0.883503925457762,0.40126627001478,-0.827237495089313,-0.153140763293885,0.688349851169608,0.450485794385796,-1.23276611713392,0.331242537212833,0.205547145947432,0.630989864347112,0.195093850710147,0.31123781461748
"CGcc",359,-0.215890830080434,0.229001269308848,-0.185831955371574,0.444530326277139,-0.328220943118654,0.300294894614363,-1.70962388475496,0.757077784256392,0.199630494640748,0.664765131398273,0.581093308558196,0.33903715907896
"CGcc",360,-0.439167373321038,0.309292019403699,-0.364188615838085,0.181582410541086,0.0305345967443463,0.427201758488118,-0.95143749205364,0.850991031075163,-0.0389603746161097,0.61884510792448,0.0186332997639167,0.165582782195005
"CGcc",361,-0.0649787759221434,0.190520567187421,-0.193386891484643,-0.451661177384214,0.624781224331955,0.385718706962815,-2.10816183255521,1.05847266748498,0.490387551636911,0.546775472829551,0.0973471471050477,0.400304809483097
"CGcc",362,-0.823242091201699,0.386108166235022,-0.822178091157345,0.255916638298931,0.495475852094958,0.44347130227421,-1.9028319204664,0.699186233280097,0.604920700104725,0.248833017360364,0.425642795414499,0.37030088452489
"CGcc",363,-0.67138134946517,0.34740945263982,0.985418548730604,0.00028333841110323,-0.308496738877706,0.20521161168425,-2.05409511947268,0.901405631815562,0.855490371028263,0.461361948706226,0.272046649996386,0.364969147663441
"CGcc",364,-0.471418404509769,0.345487512529107,-0.860908033649403,0.587888815373146,0.347292464608478,0.473302566120802,-1.67518868914014,-0.0242869261486584,0.00166813094701984,0.56840199839668,0.702090283147455,0.547628372556164
"CGcc",365,-0.300098101136455,0.265144038025588,0.0169640870198451,0.163252900722659,0.237917737943386,0.257027257213456,-0.996344611526576,0.582347988687424,0.198063299108109,0.870209694759743,-0.0595862986531125,0.145148185400092
"CGcc",366,-0.695900870132444,0.393892175200897,-0.415217281849634,0.66175504617327,0.352589370322312,0.260862801897681,-1.74768034726406,0.529618641044447,-0.038597152412861,0.699526331819188,0.0370681140609418,0.461044451187206
"CGcc",367,-0.477004078870342,0.2757829760068,-0.488407805795517,0.515209481746833,0.766821205031697,0.314506687419638,-1.42046914496308,0.939793274437693,-0.00256646423932785,0.652804625467067,-0.526459727772989,0.454346744903527
"CGcc",368,-0.916667822337783,0.397109025288489,-0.229692915018035,0.037943074092721,0.0472834130167783,0.401732535235858,-1.40710027065669,0.930463096623507,-0.311229962616041,0.469673694881468,1.27570923332392,0.325859421707261
"CGcc",369,-0.368299364021252,0.276399434935254,-0.403864895637241,0.26988268641536,0.20321982479121,0.385249428480815,-1.21069405816104,1.36330953685795,0.251683529396418,0.174529494810177,0.396092396454467,0.225704163121003
"CGcc",370,-0.517455974990039,0.336863538174843,-0.850633724687791,-0.0901704348077246,-0.0237864295882951,0.559204896878559,-1.61875687451548,1.09836934571361,0.415609686674404,0.20570777363656,0.663872128552977,0.244667144021646
"CGcc",371,-1.03666408841416,0.519989238892524,-0.44943957424711,-0.218498718769868,0.12819333822322,0.462506478590988,-1.78587052824262,1.27860111167362,0.367703700911366,0.784722403537418,-0.677045273617854,0.384916317862884
"CGcc",372,-0.308950213416052,0.267053087336886,0.179794658263151,0.347292317626406,0.294596578913962,0.24928939414416,-1.74376885921246,0.714581345173848,0.247781937229245,0.678902283831268,-0.362885846319113,0.494113644626569
"CGcc",373,-0.57539175905505,0.283600741702227,0.0858877749195079,0.265832105447334,0.157298426327279,0.316906415200791,-1.75334361615503,1.18296612397358,0.311040577268202,0.419751476439387,0.395541422757226,0.26456568638979
"CGcc",374,0.012833570854331,0.243880741466778,0.929345503607,-0.307946394591874,0.166416041940043,0.0993596148525995,-2.47404489791985,0.85231369572205,0.855648049558439,0.834533691670117,0.300155962329197,0.47846976773546
"CGcc",375,-0.155627109084275,0.244419729160337,0.0452933215718596,-0.209864058340685,0.133738732299625,0.347810435562687,-2.1690575388005,1.4529074929316,0.152708860389182,0.159714191084533,0.314062065507273,0.381610904558501
"CGcc",376,-1.26245557840286,0.556649369457623,-0.559951143474045,-0.0316849302280046,0.750984668228749,0.381482103689548,-1.21753707001531,0.0641299779230468,0.336076759172583,0.540792030532557,0.621583886783307,0.347736115520704
"CGcc",377,-0.606219972049076,0.317541625704369,-0.244119389375355,0.110102844198786,0.247420968435737,0.361149274411467,-1.55443919996258,1.52548770963747,0.401661545078717,0.712435061105943,0.304269642798341,0.087978043667427
"CGcc",378,-0.00697567659203335,0.097073541727987,-0.560693919584786,0.111731614093659,0.270306858461124,0.422196084527429,-1.1545144657932,1.1470646576462,0.347499968915972,0.298595332164643,-0.084687163833599,0.223436177942274
"CGcc",379,-0.819099301279206,0.390392781734629,-0.0537195343261742,-0.0266499071198617,0.275325703925582,0.254599392147081,-1.25652294761191,1.25184824597918,0.231964216460928,0.810416120578608,-0.0166822783012266,0.117286104197166
"CGcc",380,-0.346010055830441,0.233686544436775,-0.00954027369933353,-0.306885883908542,0.328033789203079,0.377414796802243,-1.38278596236483,1.02471184932025,0.0492129856653554,0.998667724785896,-0.302636861618222,0.319572750000529
"CGcc",381,-0.366016220420393,0.267385677836305,-0.677823652571665,0.413251371518385,0.244211893745041,0.412460638761547,-1.42450601877754,0.53135854779616,0.12088178860324,1.11002798405806,-0.189954050380264,0.335090237163305
"CGcc",382,-0.231962234071469,0.288524880688702,0.151682821408477,0.0628970855446367,0.0796223596487026,0.305346139432017,-1.86680880113323,1.08468476659914,0.0600454671689543,0.548465220628779,-0.00418383501073369,0.411579797614036
"CGcc",383,-0.171653722094952,0.188005499197674,0.00629043776378872,0.333750691179042,0.0430734268334501,0.352839545564227,-1.16779153243831,0.312775453903187,0.614040962795188,-0.165998142684694,1.22530011663045,0.218277767122041
"CGcc",384,-0.500851747654475,0.283368687692553,-0.343869035687786,0.464012498584828,0.0296697437330971,0.348483501012933,-1.29574987061233,0.806814209823068,0.74050649686435,0.366774313694778,0.157895047919649,0.134182645189782
"CGcc",385,-0.367198808258377,0.270785717463768,0.517878528252078,0.110665566202137,0.267909091783925,0.147704006215498,-0.980066741487813,0.135196972048749,-0.142340293249613,-0.0723951566058939,0.542671626345347,0.436920233491004
"CGcc",386,-0.488545491506186,0.324616669550334,-0.349291622789198,-0.0951986515418898,0.745922505339593,0.405440602413115,-2.11595834894957,1.22958013286845,1.05319470553037,0.5535979299236,0.082591810148425,0.308377605230063
"CGcc",387,-0.903833190992525,0.392927457362624,0.0876803866439246,0.128000865542371,0.262915319738367,0.255967479637863,-1.79956966210564,0.630629748637193,-0.0142674099113989,0.0425957955013305,0.497027156740648,0.52245329395655
"CGcc",388,-0.0677318331540409,0.14403744812757,-0.568304932974261,0.550280365096565,-0.312340106665251,0.437170688406028,-0.524016806263593,1.09334021754225,-0.110129800973417,0.267950335545939,0.530931957353434,0.123396661157034
"CGcc",389,-0.122032919239672,0.202170536817067,-1.15481776620308,0.478020407362897,0.131916277228794,0.572586694809994,-1.21560433250124,0.149799048096005,0.369423378136252,0.501817484841425,-0.213670413410869,0.405471335628687
"CGcc",390,-0.623482806714616,0.310447208654911,-0.257067065611551,0.910264101178789,0.375106967567782,0.294243379306297,-1.46268187350304,0.463304820626714,0.349381053809138,0.547452314170394,0.590134640657932,0.30863158093547
"CGcc",391,-0.460401820240984,0.310598472728207,0.194235111693994,0.181391735628257,0.478803958965937,0.147575788080889,-1.35190005847732,0.816209626561487,0.226458576528103,0.432251992245948,0.336801696083389,0.171298677697309
"CGcc",392,-0.776087313116902,0.417750670446899,-0.123488808237524,0.724035858226084,-0.214791096107142,0.321010015848536,-1.4805581662262,0.714351127979615,-0.0966081440607577,0.393019852885796,0.247146316586754,0.357096204827047
"CGcc",393,-0.473682206148993,0.305051422405539,-0.176969095355281,-0.152343793304553,-0.187474036177067,0.40809634286851,-2.04165019321256,0.912837703682847,0.26636951962066,0.353971386500045,0.558563176283845,0.410921707394103
"CGcc",394,-0.143921988552216,0.190682612624682,-0.0853519347334372,0.319525907985112,0.527509150538627,0.193537852195905,-1.10477793784355,0.825641225264734,0.226152315299873,0.258329308813537,0.405606770487917,0.153645792774286
"CGcc",395,-0.161008452242999,0.150732084802357,-0.0445963688516352,0.126226057725227,0.43935979415183,0.228501820417975,-2.08251918093021,1.32224366197466,-0.247476529426171,-0.00911559164598144,0.340706344767727,0.578738044225212
"CGcc",396,-0.500375127741994,0.323854416559561,-0.637490276715568,0.179599658493135,-0.00403011498992944,0.567644443283685,-1.4846676950904,0.0794940559461324,0.408400282437351,0.726032173428122,0.277055492418903,0.350383892364168
"CGcc",397,-0.140648498553262,0.215694756774259,0.408859598562069,-0.0514754183210117,-0.0820658951732171,0.206275240862767,-1.33937690308439,0.655301500730445,0.258517989361347,0.298607333571655,0.379865487157579,0.310850436344147
"CGcc",398,-0.132550280714723,0.128068982838159,0.0513006971151153,0.484001226788923,0.359891984344376,0.205944442316722,-1.08787338655074,0.671958700763881,-0.0879138549983063,0.745607981165906,0.217742921801639,0.275066966151838
"CGcc",399,-1.2522231210533,0.514798982766921,-0.118551121333751,0.567755325147789,0.659585321221333,0.150193383105068,-0.946908390586481,0.585942194151911,-0.173339683488725,0.325711976231913,0.488331634206183,0.239975798604998
"CGcc",400,-0.688206818512341,0.313861852934125,-0.262170076346537,0.656815554351399,0.276902387570364,0.239993285524268,-0.603636926111523,0.573763613583457,0.0929294461974854,0.528335104234858,-0.0863664647788719,0.138902267384062
"CGcc",401,-0.541350098964413,0.412579396848588,-0.0212871746314787,0.585774781800203,0.542190079208046,0.128884367648299,-1.86405520437819,1.11004862641152,0.691594149353188,0.375346106945208,0.497427245792257,0.317164767277985
"CGcc",402,-0.317406451158406,0.250901605544147,-0.431255265142742,0.330336170934555,0.127740773199544,0.413007457043619,-1.49221270954761,1.08479598111596,0.721974695766105,0.603525177975569,-0.0065341911340762,0.204256794949825
"CGcc",403,-0.909294762837375,0.421850427670945,-0.213599865666989,-0.00141226127321176,0.440185726161117,0.337919848920761,-1.80708424512953,0.79688163382882,0.399431564234012,0.30335788601885,0.619169938443471,0.320671052940095
"CGcc",404,-0.089809689005497,0.115334032724828,0.433954123981335,-0.0586995307893836,0.388729601375641,0.1904214860768,-1.01116421912309,1.04981891806919,0.439909605830517,0.274002100960448,0.419764192532428,0.085167564998233
"CGcc",405,-0.561083484566004,0.309448656860382,-0.668768404601601,0.535734100122971,0.261897242765998,0.350822799110462,-1.63130228753928,1.0952336020668,0.292315710179632,1.29186372606672,-0.0863793922507699,0.230640277422297
"CGcc",406,-0.328152334630985,0.272214888069948,-0.193782841863938,0.774675073136801,-0.190388237575508,0.302932139305516,-1.99691245778625,0.831783739058767,0.397872046173766,0.59573511426732,0.359252218000338,0.332257758428311
"CGcc",407,-0.628411915949418,0.309738588599139,-0.72113889482811,0.222055339289777,-0.00958334787660359,0.498855779423121,-1.66395386369399,0.340921688480108,0.117511759007381,0.635516876974181,0.27460137463145,0.423613456983563
"CGcc",408,-1.08661942996164,0.446411006666769,0.125204057465736,0.546165098787175,0.603228784565281,0.235163956685048,-1.15827305326168,0.504673051724161,0.0947845812210456,0.544265691382248,0.493632932546043,0.288061244201898
"CGcc",409,-0.834195816684359,0.418661979466985,-0.0621526973866739,0.186491020829597,0.130902214404283,0.272432382951149,-1.98467055808689,1.21196472025331,0.0488615313122889,0.589570088117258,0.00158436171214433,0.396966394948247
"CGcc",410,-0.562168191483484,0.314412624069658,-0.102704453784889,0.135407319550574,-0.214435161871015,0.388224239168746,-2.43784485237329,1.30648652061916,0.641072522761873,0.425600193764547,0.0557178776901421,0.442682474420439
"CGcc",411,-0.486726593009847,0.299974847787926,-0.494515960674166,0.646540231181125,0.319157075671774,0.357955660479121,-1.51282668400395,0.776273494901461,0.218101801704108,0.182892559282047,0.576700125181021,0.300452955061568
"CGcc",412,-0.349908865812247,0.30122289078223,-0.7633422635747,-0.326940563199522,0.23355377087189,0.569419738306351,-2.31731949585006,0.798678530113783,0.530539535258737,0.725337308460297,-0.327618643430497,0.578749389664996
"CGcc",413,-0.560030437974308,0.322589860978212,0.0986134840515945,-0.221322188609711,-0.176606482484241,0.430739150672375,-2.43262413796465,1.78885509403608,0.804564367759412,0.203300244548694,0.509438526844162,0.372101776174159
"CGcc",414,-0.383104941381498,0.310122677571631,0.379158150710038,0.0946150510474164,0.217500078590535,0.0975390397785512,-0.683888948317228,0.636383778819042,-0.145871042619757,0.257894612185071,0.541202241098478,0.159382594958905
"CGcc",415,-0.23669240396594,0.175337877158281,-1.21991472635154,0.725384802607033,0.248129508063313,0.592641996620738,-1.2191029498706,0.96693209555433,-0.0383697401433595,0.825343435054618,0.0120719043517172,0.180627771564878
"CGcc",416,-0.692325056355129,0.309087656447956,-0.25947438926735,0.465833436571294,0.743246515542148,0.267118267026953,-1.46121339460162,0.733338095943732,0.649209405265208,1.04819487263509,-0.754397712762602,0.313603474982884
"CGcc",417,-0.286109423135596,0.241579445228546,-0.994180212073849,0.321804644609999,0.608497424028325,0.489773131464759,-1.72849631953853,1.47233869632452,-0.661740135560529,0.549411610759275,0.036356726871892,0.432723307492738
"CGcc",418,-0.168186197890149,0.181372096104129,0.0550373147649865,0.00626403979060465,0.0397426810476699,0.314870264779227,-1.06529570918156,0.449604848254184,0.226947294214655,0.301836801097529,0.538665553610819,0.258729446347248
"CGcc",419,-0.686997039050822,0.357096636548135,-0.95783631199031,0.447753713193865,0.559588326620227,0.437579316149885,-1.04652972559157,0.675998421571497,0.267482331557826,0.203424018523139,0.48203298746653,0.246853056402249
"CGcc",420,-0.178167113843602,0.190454117931709,-0.0299472266256312,0.682119399850426,0.108765657231645,0.303495893085771,-0.809364653145406,0.0750814557453324,0.587186858498637,0.745714235879339,-0.150644758763368,0.21731592342345
"CGcc",421,-0.766417832099233,0.403269661200084,0.181932553907006,0.0250106051031257,0.0590773346512609,0.324885107046081,-0.882767010435901,0.172894063725678,-0.0690961914535905,0.128477870234892,0.951864209699976,0.341964794675311
"CGcc",422,-0.470898494663989,0.26398172679646,-0.782225976561862,0.477867689589237,0.0979525084608066,0.493155179201171,-0.864787651998291,0.469661081017417,0.020742353755709,0.86262684357047,0.791118254728668,0.125171294206736
"CGcc",423,-0.761909626346453,0.399412149197985,-0.060836604346385,-0.521849466495197,0.172675318142688,0.368185181430924,-1.69139883177828,0.930767096854921,-0.029238707660775,0.225420455167385,0.424561202223232,0.307157069542204
"CGcc",424,-0.6805406137112,0.381009221472187,0.0130315335448509,-0.161680221107157,0.47857711970125,0.328820437459392,-1.18645212387017,0.0765097855914413,0.355762412957022,0.0908362341566857,0.226570710068496,0.442398266723487
"CGcc",425,-0.259760387752265,0.196556039509184,-0.0765527328714675,0.0103455423735116,0.41194708471968,0.256708395953826,-2.06071514257324,1.30703488016432,0.691740127389496,0.732274006134132,0.279836492311416,0.304935216908037
"CGcc",426,-0.735418458739999,0.370443302934405,-0.0881909597066996,0.562082953842794,0.107576599835839,0.184663286537713,-1.46120497586959,0.524487574450474,-0.490906324108811,1.3421868092262,0.15728087320201,0.410986915901336
"CGcc",427,-0.824648550903226,0.40621191504821,-0.531067950272635,0.866637488629428,0.274391987025151,0.29153324659183,-1.17189218757632,0.585949046283007,-0.490051886611645,0.852914662792596,0.477139641406002,0.30105482953132
"CGcc",428,-0.869480525178811,0.467537951262539,-0.393894527577249,0.673595302742256,0.0976096764546647,0.262875096134286,-1.29920913000296,0.721585965081911,0.607599350803287,0.0276196660367641,0.207681362870842,0.3127810492344
"CGcc",429,-0.941176597369589,0.49167848179534,0.278406552677593,-0.0699651520216994,0.330446292346648,0.243545597508998,-0.392879641079209,0.0320523121310129,0.0250231579214077,0.671549346497948,0.27730992962622,0.240024543630672
"CGcc",430,-0.427841745303817,0.339898413589527,-0.0292930395584402,0.511813495301563,0.0372777168109731,0.173001245672098,-0.505822108484583,0.990370321106981,-0.058301499861644,0.822153203140884,-0.0544491166613184,0.0961808191647099
"CGcc",431,-0.200248097350204,0.23542196439526,-0.169167979671729,-0.208231079711197,0.184189265295923,0.3343724850602,-1.60336742946326,0.816750678748922,0.377476317396225,0.67557658870007,-0.229403458663008,0.338917886320185
"CGcc",432,-0.0338576794882831,0.145621432092733,-0.683563173762646,-0.230064669718244,-0.0116399595515265,0.540030914308059,-1.70362597517752,0.699699159191804,0.112773257104287,0.290273451816692,0.0877318032360999,0.500709301222679
"CGcc",433,-0.421340026757459,0.247759650372649,-0.0991207454697368,0.135626385361499,0.539149833178968,0.249761592026659,-1.35614362200959,1.14401701093405,0.330616283238304,0.57868349660231,0.127050121277757,0.262003137879223
"CGcc",434,-0.65945249630704,0.349976828684423,-0.503628406991592,0.660952279774653,0.286220598854208,0.291620343599624,-1.18843199354751,0.138903140984347,0.915085926181353,0.585659421208207,0.110518326737297,0.246822920346837
"CGcc",435,-0.397807646487895,0.256131225745065,-0.172147881624361,0.589842876347366,-0.0254443067881927,0.364460870421673,-1.41470154213772,0.361511682509492,0.351736582498529,0.21253369537383,0.67356041240463,0.344422255498441
"CGcc",436,-1.15768293647558,0.494352251273955,0.00209536116644919,0.695148777154676,0.471394551177189,0.185125279426581,-1.1806524371659,0.558510758989275,0.257607680949409,1.12676104365622,-0.133900231740345,0.164488439646877
"CGcc",437,-0.938611244699859,0.488878589791353,0.0591968748222837,0.631009526864332,0.510655293761946,0.0573299218410418,-1.59261877148255,1.16560106404139,0.0928302318384166,0.749574716309644,0.0688513193543299,0.310809074872155
"CGcc",438,0.258930726363186,0.0507506375181728,0.00625277658046429,-0.107963395378504,0.465829052327966,0.343510772077391,-1.95578737330459,0.778856880900678,0.610926509008816,0.668983374663287,-0.0407667448786372,0.284035431904905
"CGcc",439,-0.649125993214047,0.398995009980244,-0.689965659693471,-0.0122697323163269,0.233623961329184,0.491967588060473,-1.72912991554825,0.769063397141219,0.348904619184436,0.332926401332072,0.409051245741908,0.364928233561986
"CGcc",440,0.160354014580115,0.0990332466916789,-0.150976898735658,0.379103123530067,0.376209486199943,0.31118015692755,-1.73001161438985,0.718804349485948,0.313515458468968,0.787690425118781,-0.47958623419353,0.456140455992218
"CGcc",441,-0.803025901654049,0.397553392272554,-0.291343610245521,0.586582327794089,0.320990078852434,0.301230266521791,-1.14873895872467,1.15050307046633,0.0211654107148027,0.353882348858408,0.412260624248334,0.32845530842334
"CGcc",442,-0.490533561450777,0.30053169269534,-0.334044976471671,0.762791099813675,0.218322297364601,0.381122246841125,-1.2227985316837,0.904498669153415,-0.333625034269622,0.247947596609931,0.24992524442814,0.374418599123985
"CGcc",443,-0.879970354542536,0.397714282448416,0.0972375591579287,-0.0102213333060478,0.0661698993633885,0.300122773281194,-1.1824311579626,0.5708041446598,0.0241320909687676,0.796932681324403,0.176975431730861,0.169403436953098
"CGcc",444,-0.376038596930263,0.208453714747159,-0.291183407126164,-0.191833097871044,0.00184905315853819,0.440810333524623,-1.57989756494262,0.588585911216117,0.780550516712933,0.52421356043739,0.371497183418618,0.317207076510869
"CGcc",445,-0.463382732957031,0.329231325153277,0.199569727962805,0.887999955250042,0.43134194501044,0.0390171601156794,-2.18288760149311,1.23276518013205,-0.379703050065672,0.523380919625682,-0.0471515448418329,0.603707195370163
"CGcc",446,-0.284296876293315,0.177716284414378,-0.350933264316436,0.485522627278575,0.0608043330057513,0.412142235736879,-2.04237317866578,1.20135050229148,0.474525194140756,0.383461670635302,-0.238746327071452,0.473718914588765
"CGcc",447,-0.647518797574851,0.32669697798918,-0.639240203730919,-0.11038892918776,0.24199107886272,0.460085333014589,-1.54143517672377,0.626709629715272,0.0430065863528999,0.699477176100045,0.0182800995991012,0.392699586873061
"CGcc",448,0.0481064608448365,0.126962213255113,0.1287175377833,-0.52748939169546,-0.0308538230386273,0.441490148519141,-1.77368391969051,1.2518018720507,0.112863847564256,0.0876106969337519,0.733813552137759,0.276189152687799
"CGcc",449,-0.0773515156106043,0.0781016488651987,-0.338751167259159,0.21618156600228,0.0312662134715559,0.324972468639541,-1.16537277038401,0.662030622105503,-0.304003020594907,-0.296780600196446,1.41281177555504,0.320261409261606
"CGcc",450,-0.397975529980671,0.215003481455242,-0.0341009929394925,0.568772256347621,0.12126228349167,0.304582015546927,-1.11514820342471,0.354110587612918,0.196448971687487,0.163455616748169,0.45069943920088,0.40910453298767
"CGcc",451,-0.608197406581202,0.395742807849535,-0.820932483524036,0.590542285802948,0.558311624047587,0.400596647967219,-0.955560534157634,1.42063485216869,0.221650511684747,-0.273160025268906,1.10621608153015,0.117047152567503
"CGcc",452,-0.139797572032664,0.190431017700377,-0.220201883843053,0.309208801626826,0.0317612379058904,0.314884235540568,-0.785009339748336,0.392540087652838,0.7213352235808,0.251553074231512,0.204531946463334,0.145012791622595
"CGcc",453,-0.65874140948298,0.35854625703863,0.175291869687408,0.89054856222347,0.0869194655036367,0.0763457036347727,-0.501900082684291,0.917634012046815,0.336552438347597,0.240218915270906,0.238441590335434,0.0258524320520125
"CGcc",454,-0.787005738166604,0.396054612044502,-0.360780107977162,0.0819155130389903,0.506973138611113,0.32126649640344,-2.20660970626938,1.43742936992589,0.349017946033211,0.50948241259015,0.376761264270105,0.266407135930129
"CGcc",455,-0.784007115449023,0.305209647341284,0.773120169207333,0.687510550733861,0.319272384179829,0.0363565127130441,-1.74193042634564,0.140379696564682,0.483182582236994,0.776277149904771,0.0539708297216292,0.480802140122561
"CGcc",456,-0.233668984687933,0.170733778030506,-1.08883944719975,0.606591709250911,0.379838214154016,0.497652468532426,-1.77017915049161,-0.026778045000308,0.347414128410596,0.480484735113082,0.738635065191137,0.518717523686124
"CGcc",457,-0.211505672514881,0.10867059666889,-0.493575262100954,0.287973347445916,0.695586157636335,0.311291554984233,-1.06200494301418,0.481700991925731,0.246249483380006,0.945745815907357,-0.209833924958919,0.28007801548227
"CGcc",458,-0.484855101244328,0.355417678834829,0.189748594166152,0.102352765411163,0.235457835759574,0.174834148427997,-1.957623122726,1.04348284600918,0.121616737622361,0.660000964759192,0.725778650562774,0.376583043291803
"CGcc",459,-0.437444323359568,0.322108246560528,-0.625380148691122,-0.280376068084105,0.217833719632864,0.534524080765083,-1.65844471488569,1.08888001850017,0.624535379577692,0.752124697047628,-0.0325730648045401,0.210094450734817
"CGcc",460,-1.14134824622108,0.467732445804701,-0.575335732166451,1.12193678350404,0.0430882232678333,0.40743405491805,-1.32893627521347,0.747318028639801,0.090675883093046,1.11183543966242,-0.191295966091435,0.328956187637803
"CGcc",461,-0.241969491773468,0.213625852424294,-0.337656649004179,0.680621836007093,0.598367755202299,0.305562366174178,-1.29534139950632,0.652044047373579,0.259254103566408,0.562565392143742,0.175541574133512,0.238397464567005
"CGcc",462,-0.395199104608878,0.191103253165138,-0.636402770750612,0.74207166983105,-0.120817716987659,0.440448321619991,-1.38940871800223,0.442102868294466,0.363066194209019,0.604999152796825,0.0730312264776675,0.311316471146908
"CGcc",463,-0.820672995710305,0.407591559797385,0.211574819799199,-0.0717539057097821,-0.0145840023546878,0.266622709914032,-1.29944934795298,0.707221523197218,0.129647256176888,0.404646146176321,0.221726361327418,0.318758711446676
"CGcc",464,-0.787516711620156,0.362716984302111,-0.0243117383995595,0.679334182758387,0.307866459419433,0.297320346152679,-1.11505480324045,0.895718206310537,0.448073713473622,0.184674456079079,0.304227326101966,0.236978040435149
"CGcc",465,-0.838316665427334,0.403362269585627,-0.739475016397685,0.495205012538789,0.106630384038426,0.391829856755734,-1.02885306008958,0.623642509445614,0.435684965895762,0.975143901456943,0.216712550485417,0.16600489139307
"CGcc",466,-0.995900956111968,0.399501673065773,0.332856416229552,0.609413223013388,-0.00433791740377496,0.241193479604843,-1.6123437845125,0.632301171723323,0.334664644591014,0.129285229858817,0.900401161420825,0.370941425783258
"CGcc",467,-1.46532339843924,0.680160973228234,0.522728587228068,0.509445503308308,-0.0210402728247355,0.13158750326596,-1.59877934752934,0.829665401955708,-0.396247991951275,0.196650023044813,0.164003086415431,0.565736420240612
"CGcc",468,-0.0384939844333222,0.164377576970185,-0.733803601095302,0.641289063597246,0.0546936741695266,0.439517571469594,-1.13709065498883,0.430306917089927,0.23740449621331,0.496341350884765,0.55372993015154,0.30034552931197
"CGcc",469,-0.381079645672116,0.281938466337198,-0.218594478884636,0.592719781073628,0.0909547316248565,0.300833512814332,-1.59087366131456,0.920541372139067,0.374380054756295,0.787537869555952,0.491786326265009,0.267167608122592
"CGcc",470,-0.860161728895775,0.413574149150759,-0.855224940339386,-0.0419866743183928,0.261279021932456,0.527839032194308,-0.610570649250789,0.189993292812132,0.0255955115602317,0.967805488540175,0.461720553574883,0.1245332165308
"CGcc",471,-0.298455128610292,0.25622330294844,-0.809024963754223,0.717163512938009,0.324499735176035,0.462673963619128,-1.01159611149788,-0.0077595862889013,0.437110106881705,0.569309527082167,0.799079477950131,0.285033044217112
"CGcc",472,-0.559966385129908,0.356566454907956,-0.133973156239251,-0.314406780852032,0.368167608773901,0.295863983633363,-2.29154766122483,1.03433674231964,-0.321924325305767,1.06611944359151,-0.165953551897779,0.636714848944834
"CGcc",473,-0.356169987339307,0.192948801440486,-0.358548668374169,0.635660622174579,0.533972379145323,0.282546355496012,-1.2674886093002,1.19350802197458,0.465892983998105,1.12560106472439,-0.44710586078659,0.102127499776349
"CGcc",474,-0.961842533993408,0.371223235197707,-0.0602214436618317,0.675714457927405,-0.0549919486350067,0.2937155664006,-1.30227753685209,1.57218083236815,0.491185640133586,0.781530054722908,-0.277115992314508,0.0188592559320213
"CGcc",475,-0.593302022446726,0.332279610878961,0.0329965594478768,0.216670191659089,0.185570579633281,0.273242425921211,-1.82914190685734,0.995132116270733,0.327943004076547,0.975402281113727,-0.334113929531151,0.296956263621891
"CGcc",476,-0.98337477739834,0.49625311316455,-0.100802787576902,0.399443445512667,0.27569785643164,0.333440119790602,-1.22062527299986,1.2224426382522,0.631847242135605,1.16468313073248,0.116053276641635,0.0782788327522175
"CGcc",477,-0.696703111291487,0.328471691395285,-0.476468207861403,0.266361452071399,-0.0281533282692378,0.452655418075248,-1.31131991372704,0.266917055811267,0.177469151211336,0.112868193561187,0.431493731028478,0.442120563689608
"CGcc",478,-0.85916984856697,0.368176915102455,-0.336979334354779,0.739673240132113,0.05291891868081,0.349642783947217,-0.757147637062028,0.893183306288702,-0.109985163987345,0.065066807537376,0.593357291443248,0.178165773409362
"CGcc",479,-0.550342162586427,0.190730215409847,-0.162824252732516,-0.152281892802317,-0.113585486313054,0.428382288685011,-1.78435182336486,0.931650142344517,0.115113793134583,0.5041529137709,0.623991131393682,0.340813972852328
"CGcc",480,-0.709192699242278,0.292372325791308,-1.01945006183647,0.744266126511334,0.166500105926335,0.4260833277223,-0.736491499103987,0.881039154953589,0.188939443002055,0.260243811384924,0.465156001631137,0.180144536130406
"CGcc",481,-0.589092940667372,0.242414366988471,0.488999006704385,0.667861246217211,-0.050042660045345,0.178024936409128,-2.26560503501955,1.10180952280216,-0.125263786897859,-0.0953775887226522,1.3046763157127,0.540290372387517
"CGcc",482,-0.541016907281551,0.262929988582127,-0.628690589564107,0.575458542875707,-0.239809245192534,0.436748605000355,-2.29441617180797,1.64379670862241,0.161086750065051,1.11157121473643,0.37415603224327,0.226348282771095
"CGcc",483,-0.129801546088723,0.132016794892777,0.647591171718984,-0.160649106594626,0.135049899505188,0.176234046614096,-1.20031514688287,1.07035481398043,-0.275080063516867,0.500855715563909,0.148519368702483,0.352839733748353
"CGcc",484,-0.303193051391382,0.230633279743384,-0.272661943601558,0.407121702331794,-0.0785088067233343,0.388997655267818,-1.52893889486794,0.45610481557565,0.641664480928954,0.386928106806512,0.271288507999328,0.337612509953299
"CGcc",485,-0.330827398779239,0.203442245336141,-0.273987618787942,0.613939760854857,0.103240834217215,0.282841055526205,-2.43641169077608,1.69734850963101,0.465958774174438,1.18463864998564,-0.104124812883202,0.322369207283092
"CGcc",486,-1.54536752643614,0.636651459847432,-0.463310769171815,0.341844871556205,0.657513743858212,0.317256156727763,-1.84232802756588,1.23330502374354,0.781029560168107,-0.0392832504184895,0.340832702649162,0.332653768156041
"CGcc",487,-1.11784996919887,0.504168970010561,-0.519107707199132,-0.146144412968407,0.0619712682675362,0.43741455871434,-1.28836288748116,0.868676413814993,0.503079849168102,0.453353456592928,-0.35130509486571,0.282509637665418
"CGcc",488,-1.07985974877311,0.487676455003746,-0.767579550716178,0.151162440588788,0.368070311788634,0.491316374099473,-1.4835978356939,1.05568657377758,0.133311817769472,0.523824570173235,-0.0917411707262191,0.349691808235701
"CGcc",489,-0.394613963119827,0.256419430068309,0.0575617723056364,-0.722098111109633,0.00469344207071599,0.511173668040795,-0.832992169763922,-0.0687797451263734,-0.0664272684627173,0.734960289064954,0.205022511546473,0.301749410926432
"CGcc",490,-0.377974465631929,0.268387669212646,-0.250932068825996,0.313830073143984,0.140133827582292,0.332319752979971,-2.11286009131603,0.978671414817491,0.307274342648429,0.748570695040553,0.105159216206504,0.326909830377991
"CGcc",491,-0.501520091830272,0.39960238103435,0.0944250769651596,-0.0931494595665354,-0.317168481508979,0.454487890411021,-1.25672245804918,0.701707055328347,0.208467349232806,0.0183674018942939,0.658919398714829,0.279262176571132
"CGcc",492,-0.710107362075608,0.364403633278641,-0.295734231739497,0.237772199681288,-0.178438756236235,0.38128195750247,-2.29058227981721,1.11961327273964,-0.194663222960706,0.515740642561645,0.517995056543014,0.519884522059219
"CGcc",493,-0.401680852390009,0.224960328720372,-1.31092400785192,0.238157013027091,0.411476464130249,0.611715352067071,-0.807155657599904,0.542608987363444,0.633022246496764,0.417338418154529,0.081412506028014,0.106720183203712
"CGcc",494,-0.270988187583,0.241620999499953,0.213451054293237,-0.300916926094275,-0.152443449806086,0.323734344192075,-1.33403968007428,0.614720253343101,0.708868366914581,0.270871750215062,0.242295269964363,0.293812767631156
"CGcc",495,-0.376746573627924,0.276499776701627,-0.133295175323546,0.331233996261343,0.0420260263593067,0.292432587380664,-1.53571168016921,0.647272875864461,0.249850391168965,0.107715648414233,0.314764936301025,0.423024828704376
"CGcc",496,-0.427432249075708,0.28503227077683,0.662970384706269,0.654628349870846,0.0916964867184774,0.0575697962503505,-1.75393086889605,1.42177403132287,0.102343737185353,0.645890511666575,0.324084020685341,0.240326946193294
"CGcc",497,-0.796070204114914,0.365717483816241,-0.716907328288263,0.353748303940742,0.289456615216116,0.408976825572486,-1.91057090177201,0.770598087336589,0.0487748369913438,0.634236339640531,0.139556883009171,0.448166028868817
"CGcc",498,-0.764497755346255,0.400104324254064,-0.446928281264032,0.397525984673117,-0.0906501326235526,0.461753707398152,-1.30345872674961,1.31527103189749,0.53877964091132,0.415693942479382,-0.0655346717614062,0.130379266925502
"CGcc",499,0.332245180536562,-0.0109876308128011,-0.196024348056625,0.110775744708878,0.272115234929305,0.323416310449185,-2.30080212731499,0.843993136239598,0.650528334249047,0.287364031133067,0.334937999040249,0.471902264712061
"CGcc",500,-0.566277234465046,0.324370108441689,-0.189880054420887,0.812546207328715,0.289156888994459,0.268705215274709,-1.21762159196525,0.721624200458402,-0.225661381981549,0.777155768504086,0.105891347654372,0.285208316868501
"CGca",1,-0.408518973539049,0.274664495948643,-0.37407788835239,0.203077388071864,0.160605600353109,0.257116586388539,-1.24879469441097,0.663782450042544,-0.105067121043365,0.389644415819906,0.0365845457705912,-0.050023126368721
"CGca",2,-1.07872833540741,0.560590833498595,-0.17758786699568,0.504016659470346,-0.175583130794438,0.424368274805673,-1.64932622618357,0.435132184932208,0.471127609736237,-0.0356646508294567,0.188041952050875,0.411887994326877
"CGca",3,-0.337632575317902,0.319030267189762,0.248323213962818,0.226669422532583,-0.0335005590810204,0.296224075294623,-2.04145182098344,1.08724532216476,0.800909746923287,0.138972133996137,-0.34950084558549,0.674714306289802
"CGca",4,-0.390480835314109,0.332405310946903,-0.100797936660958,0.14516943260584,-0.0723015676313072,0.46485195312422,-1.27706987757831,0.670768532285282,0.563758875894127,-0.143421193677952,0.0220944502282283,0.510318269678256
"CGca",5,-1.01861618931509,0.502996007645652,-0.478397677312345,0.66390677006017,0.0955282337315626,0.314601062351739,-0.996933115049827,0.233836472255988,0.603512237708078,-0.0380351083725598,0.0849254544500665,0.349744869960152
"CGca",6,-0.410421664952351,0.260681727751292,-0.049905720370513,0.145585488298235,0.0751568022417261,0.281700199847369,-0.56922097858531,0.526163793966479,0.112449937461978,0.363082935770302,0.0920184962139501,-0.191897358873555
"CGca",7,-0.658000410269875,0.382816746433002,-0.31056701843279,0.498809196647841,-0.233686339078202,0.543231398900539,-1.83920233185222,1.42657206948468,-0.0951221145776301,-0.351495314462609,0.260911814191306,0.685692691302618
"CGca",8,-0.528211528456453,0.245343244598702,0.0294279213054268,0.686640377452109,-0.174771369495731,0.370587880804431,-1.04644705899381,0.463658362050062,0.182371876816986,0.29471256201826,0.133865399349762,-0.00312031000115827
"CGca",9,-0.55382939736722,0.33373031244831,-0.676422217084068,0.808595059238333,0.204177525065741,0.147594917961147,-3.07797575729668,0.983684204061275,0.752596518843939,0.0264185869506665,0.07894309540357,0.677421513585782
"CGca",10,-0.627332434141964,0.322273487831287,0.128900088816205,0.593973619571991,0.168008723861689,0.0345801162441994,-1.73659091096079,0.987368815015406,1.19456211171607,-0.00461759796596305,0.081260150752518,0.344838902010944
"CGca",11,-0.456084131613741,0.28488213251773,-0.199277280050074,-0.073851014914141,0.216154066295033,0.108948416916957,-2.04517787630365,1.11336579988374,-0.255852459321242,-0.0972320147568721,0.124177618424672,0.669024245246729
"CGca",12,-0.392307542202936,0.201787189655971,0.293508050409301,0.0939353482685464,-0.23069268128519,0.405842017255927,-1.40124083602462,1.45122038331642,0.303411981230345,0.0729666157701815,0.0282027665840334,0.208808259228925
"CGca",13,-0.987638781798866,0.418133111068974,-0.284112589419486,0.187663721363918,0.126792828392713,0.229980465129995,-1.58075065479536,1.00326915260183,0.691233685070169,-0.237993584707758,0.0229881318803453,0.633025303442384
"CGca",14,-0.0293887882236044,0.110523534452671,-0.870109873038224,0.299012877048162,0.233698071646959,0.314575026940015,-1.78763511539283,0.469990975146032,0.401198025016144,0.182166028467212,-0.0429003367264393,0.358243985863833
"CGca",15,-0.302194993903783,0.277527997139143,-0.37859598271878,0.293141808512849,0.062376927372036,0.354776735933048,-1.2878105988988,0.686509715344899,0.667438275868481,-0.0337726233436223,-0.122043439067016,0.523844752825361
"CGca",16,-0.535947025508377,0.302790016726413,-0.854948962753696,0.727639743702695,0.200128819771699,0.328791499172569,-1.92532411469513,0.368730985234932,0.437570098617687,0.603514341174039,0.449444770810738,-0.323271772586605
"CGca",17,-0.377527526725753,0.240984959617196,-0.153255425243478,0.371034765261225,-0.440242195389377,0.687833666236132,-1.01488167439602,0.173911854147688,0.393649764546947,0.00315094262620252,-0.232394181504918,0.623531415423446
"CGca",18,-0.739428568413923,0.364744471618569,-0.70958930161339,0.362538327870857,0.188061847094471,0.409104357423981,-0.868965821957515,0.671492502684046,0.274586347007786,0.0083552477494634,-0.0887031254823191,0.389732939460198
"CGca",19,-0.427595999609825,0.248176834396137,-0.357985985972699,0.481522387418581,-0.0351790537482519,0.303968908673271,-0.790888432497478,0.885924210304671,-0.19287651080216,0.0570642545028633,0.019229610531983,0.227637592783445
"CGca",20,-0.727695431723654,0.37132809430073,-0.779407922119545,0.793886747397593,0.0450993343818008,0.355721766834961,-1.55005703231641,0.190809021405946,0.0491953376742937,0.138846818269404,0.301612883197154,0.166314888712842
"CGca",21,-0.219032531629328,0.191618209016996,0.227673492438584,-0.126086042079409,-0.0237678631613961,0.318563295908727,-0.827222976118657,0.604430511617101,-0.186485435172158,0.000223959205591009,0.0579042090953721,0.31137992529951
"CGca",22,-0.157540209859754,0.171767399672747,-0.0337314620454537,-0.00703077071569194,-0.0346112716076565,0.398025383532638,-1.52245272048705,0.486765212349501,0.553254649049715,0.288872443940599,0.0383618404337461,0.202289505165226
"CGca",23,-0.219067697580104,0.176751616090452,-0.650975781641238,-0.421122627158641,0.00384550919642773,0.645299927452689,-2.52898861809006,1.20898901507928,0.0772186469656814,-0.226656196652967,0.150586659842325,0.846987721985793
"CGca",24,-0.60673957631278,0.295500408301897,-0.687220123625402,0.609555081276367,0.0560079805898893,0.399609077985153,-1.51765251345962,0.834471105381223,0.0956503077578883,0.344007155184224,-0.202141086069211,0.28382841852007
"CGca",25,-0.690544821650899,0.337308756257736,-0.370980529722145,-0.553261442592875,0.339785616910219,0.305970340983311,-0.870165806222757,1.05885754278619,0.677016619069487,-0.0204366396399664,-0.225830709239059,0.394248057659523
"CGca",26,-0.0733227604704606,0.171787619726059,0.0170867308077556,0.430903664633275,-0.0761466996381314,0.321067270451651,-1.90477781843144,1.19624436885361,0.411350062740317,-0.017742612118021,0.265266535313639,0.147498691959528
"CGca",27,-0.35858326524097,0.255434595276419,-0.49410870603752,0.551119322290709,0.422997842609702,0.0483350138904309,-1.65742922695505,0.705885084014249,0.156935054533372,0.0583281052296174,-0.11632951852613,0.593605822770785
"CGca",28,-0.643971612996179,0.267737650139551,1.08504323160272,-0.0537239730949432,-0.0458119229031363,0.113724225306313,-1.76976488988925,0.357182673358323,0.428324005398988,0.106152317487335,0.0449114157936813,0.432084388466381
"CGca",29,-0.278499523584009,0.26514171832108,-0.3720703963445,0.231542106641663,0.3101839244394,0.168461863212502,-1.94088939146137,0.965609057575612,0.437329769153182,-0.255669492932248,0.00944666953143639,0.813435433288643
"CGca",30,-0.141171750425966,0.229618132059243,-0.613249154690339,0.583034798825572,-0.0951892215681691,0.516318143947457,-1.79619719645705,0.472097270400254,0.322054042845046,0.0605679693305483,0.281489107302013,0.277347374315642
"CGca",31,-0.635983221158869,0.294646377881312,-0.754275752826952,0.507044427190402,0.078021187026741,0.411889275332271,-2.00653826587713,1.85527584933784,-0.64716219595615,-0.03515694603072,0.0901360575363845,0.440412625100545
"CGca",32,-0.182056681856166,0.204178111725574,0.509364042430097,0.439081960963253,0.00716806160497498,0.181927217852593,-1.49537536691269,0.958814466796559,0.225753654478849,0.477808233168251,-0.142800637190766,0.0909095788789595
"CGca",33,-0.522250499612057,0.321620613470985,-0.697364016271663,0.775081980814011,-0.475813921785015,0.858168956123733,-1.69497849591873,0.826079406308371,0.462738555794547,0.692972209640155,0.279165976846817,-0.503694829036936
"CGca",34,-0.345376631414067,0.241859293961936,0.0352724874656981,0.289036595789187,-0.147210493155033,0.403209366796794,-2.3313976983997,0.642683717241836,0.602478878555651,0.25153117474936,0.153436859616309,0.244452383634295
"CGca",35,-0.773980194332102,0.308766060184078,-0.0909447022578803,-0.16924933059132,0.236482702217722,0.266081234967243,-1.13394045413746,1.00548220817721,0.475768779168531,-0.144123480448693,0.0439306571529438,0.391120375513255
"CGca",36,-0.127569676730213,0.157374849994883,0.258279823584668,0.591990817204655,0.0565832555362002,0.176328702976815,-1.73817239355066,0.727897425991341,0.707635128500466,-0.459709873422137,-0.107625101693659,1.12609187694843
"CGca",37,-0.995984334679624,0.505707889082428,-0.702223964788341,0.596872444963269,0.0271677857602552,0.35007262322873,-1.81025120065861,1.19416682478026,-0.0604140158705399,-0.122675048091737,0.0346751801941466,0.625016138658881
"CGca",38,-0.496130122860565,0.277120616550199,-0.230413983715428,0.193573925492704,0.0659771103289681,0.389519711607487,-2.50701984646907,1.36646363761149,0.177129731765821,0.0758829960552208,0.413045591270464,0.172035563955725
"CGca",39,-0.853590127690476,0.399750870193874,0.0558132750758508,-0.276836953581523,0.0256131338332807,0.37635098959862,-1.60760340513445,0.994840837963547,0.358678359001901,-0.0859838357014394,0.0416900129932558,0.533766565737319
"CGca",40,-0.417631842395245,0.281085939207217,-0.351259575908916,0.543152546974685,-0.250789377418385,0.568161880589521,-1.28874864075473,0.276881259591358,0.626453144982738,0.200787694548173,-0.405720102393347,0.621062937925973
"CGca",41,-0.293795829723998,0.268038213556998,0.172013515909954,-0.0302130439626816,0.18203324446329,0.13248855119845,-2.14397994065525,1.20567974527788,0.650057489777295,0.0275352148463006,-0.228218604796954,0.676830310256623
"CGca",42,-0.553647933241699,0.312566296543689,0.429665564189496,0.1124631607732,-0.121985845197723,0.294387705751465,-1.14385729743825,0.713104513159394,0.132531944362258,0.193633996924032,0.00352631707500501,0.0843652593240185
"CGca",43,-1.14214489916038,0.512670715558617,-0.328803247621767,0.268217292330906,-0.241916883938056,0.628937562174686,-0.968229541093139,1.1718722090355,0.431237488226142,-0.244834885423652,-0.105486146126241,0.557251512614501
"CGca",44,-0.672898530775207,0.337800236956704,0.361331653948196,0.801104418301708,0.131464143160817,0.0084616250425122,-0.835025513297748,0.174843260192446,0.362858354124517,0.0185507650282849,-0.138536775423915,0.536550604537024
"CGca",45,-0.351274802260844,0.310501861308753,-0.353478976139501,1.01490189901593,-0.203980893438427,0.430306030990692,-1.42150556267791,0.886701398353128,0.0392788537593545,0.152449781204389,0.0220830951661488,0.224552792413314
"CGca",46,-0.811311212345191,0.3471183992103,-0.366935504965932,0.317859295313999,0.108787711460412,0.334431686132943,-2.05764861713906,1.32503879555865,0.57431065400635,0.0102583282951953,-0.0224511332367501,0.403214445741866
"CGca",47,-0.642157367853007,0.359691828789563,-0.198244063871149,-0.146311127142956,0.190319549700293,0.219767320139598,-1.70817853445739,1.51405536114084,0.102247103040921,-0.319208424756056,0.180332064428449,0.558137227815895
"CGca",48,-0.354072446084486,0.255816061062005,-0.109117055868044,0.0176819110394294,0.0581023199240778,0.290297888614246,-0.881917368068271,0.290560925077364,0.13739090051297,0.0552676886608961,0.0424061100347415,0.323674622707905
"CGca",49,-0.518141679756417,0.31858217721896,-0.490618142382967,0.00699443553650524,0.223814068790294,0.252259112565955,-1.10229944166936,1.00274222014611,0.789914733851496,-0.200875777351165,-0.166173603023999,0.608256383330267
"CGca",50,-0.544361729421309,0.241672272432208,0.295356819821754,0.264453109312271,-0.152248646097971,0.287301877627455,-1.22433342040084,0.806098829255203,0.196512217701769,0.282436465078215,0.0944646151241628,-0.0596514813648359
"CGca",51,-0.64349346554028,0.318076295247458,-0.462853035690393,0.437150071395314,-0.256632955862167,0.581012965539962,-1.15927656429065,0.558972805104335,-0.0370735749473793,-0.0607886812675206,-0.134013645230771,0.613207060516819
"CGca",52,-0.819706273219776,0.465584693540532,0.121063663606178,0.139804346956906,0.0937748225202779,0.24599872339757,-1.37353936338409,0.455691286783412,0.360726754618924,-0.0615118547443202,0.102325998570376,0.48758388037875
"CGca",53,-0.62747157037178,0.334565883050039,-0.293929557405163,1.13071667924827,-0.489745338525023,0.650548689587584,-1.46917350661813,0.849315567132409,-0.17104776584488,0.0522115505528991,0.207169647111102,0.222266272323801
"CGca",54,-0.454603861437298,0.320847485363182,0.000117156984225447,-0.179160665831457,0.0483169100633627,0.294832826337399,-1.42969294131053,1.22413930175445,-0.211239887490082,0.0294393961003612,0.30710614912868,0.153744336409133
"CGca",55,-0.598919529396537,0.446431527568368,-0.21155673395475,0.554640340337188,-0.0863840165040515,0.454061086562451,-1.73150671548236,1.06254815134383,0.917857766257924,0.0532748184102072,0.00969426459406684,0.231647628377217
"CGca",56,-0.35126353414621,0.244765855846746,-0.22233920575654,0.862265224901117,-0.235028260188779,0.449916457767547,-1.90472232494348,1.44987318356137,0.461745405104993,-0.0383365324320504,0.0299999230937446,0.417674150956494
"CGca",57,-0.294424166694344,0.180392029452768,-0.794051841477815,0.894869872086343,-0.0993740606252226,0.43793064785165,-0.538241768074305,0.47769777763038,0.215524167924712,0.0135117529057882,-0.0153558516676019,0.288238306286971
"CGca",58,-0.353687848781643,0.152949467230464,-0.623407215907727,0.329826200862811,-0.106822727504467,0.461684538075061,-1.24602861384374,0.573672089521031,0.324530944012697,0.139280369667556,0.0508135679230809,0.197716593785811
"CGca",59,-0.629964209689872,0.318361931694768,-0.0397968132396652,0.374271758000058,-0.0353301237695687,0.266041683854246,-1.37794398160339,1.26228722502223,0.0411345118193546,-0.111863570331791,0.205657252111011,0.338497707315361
"CGca",60,-0.970123261612377,0.421578013419049,0.139064172816903,-0.292186734689207,0.0956778205465567,0.266160893747591,-1.41933778773696,1.09544883518094,0.263472704799198,-0.0852230755849395,0.200709332124195,0.34061525012612
"CGca",61,-0.474118477719222,0.308155275374334,-0.0404342115432013,-0.00821250947247185,0.0175959523055824,0.283530974957729,-1.94496715338935,1.24431770775931,0.548427013256861,0.303692115577921,0.214763681933844,-0.130216047222277
"CGca",62,-0.956787980798227,0.425143395909082,-0.281903986285545,0.86980953575526,0.42435469528018,-0.0295242410528021,-1.18612416353167,0.376709843785633,-0.259062608095623,-0.276733914503435,0.18539989951228,0.75951268197615
"CGca",63,-0.737307988970038,0.329876253036262,-0.400390288886933,1.08968894056216,0.00475437039323087,0.315557778747072,-1.69745066236909,0.294004973500973,0.647747003412541,0.0789369880501448,0.232936128897652,0.251152529369091
"CGca",64,0.320141308409771,0.0708739465554998,-0.750759973110391,0.273084662044836,0.0251167027048198,0.415056298428987,-2.26598105520903,1.21525147562842,0.469952341820168,0.0896971143194068,-0.283539463235269,0.705140500710436
"CGca",65,-1.17597461519847,0.589130450876618,-0.864447889002564,-0.0661174156237802,0.138705453221829,0.380673578111663,-2.23229087218214,1.00258152798598,0.201409354924418,-0.0194351726892582,0.178506823884599,0.499038827456654
"CGca",66,-0.131618199249691,0.245339883671422,-0.135294108752451,0.0421019557472312,-0.241710986618783,0.647263651374034,-0.731228224587362,0.468802338881203,0.558703194043786,-0.294599001158892,0.185235270575208,0.460431958670401
"CGca",67,-0.672339890484553,0.329121913782878,0.154466979739323,-0.14151328234769,0.0436400557216585,0.270538682173669,-0.784595769259435,0.437483180224101,0.234203294492632,-0.156901672703623,-0.041553623637507,0.523110179688855
"CGca",68,-0.231364545550929,0.168125621084274,-0.815960145582223,0.506049776619824,-0.300701117678644,0.706633308488345,-1.0508177208042,0.951547005355953,0.215318175709846,-0.0551200143421053,-0.107170850616728,0.437339705972786
"CGca",69,-0.532134895811595,0.291246492383542,-0.628787410725663,0.411793313680321,-0.0675974382248927,0.544071089684922,-1.8247032318367,1.17298183515085,0.0774450080268638,-0.122123580373147,0.168048683743556,0.544124745534377
"CGca",70,-0.96007826412002,0.382549047361375,0.200375691125532,0.132466202048193,0.11418057626162,0.165899951010939,-1.17436995027955,0.723790432104957,0.39479079757515,0.1351669320769,-0.333609325768684,0.424372146349316
"CGca",71,-1.01518984986443,0.456224467334888,0.227200054980864,0.657468187354933,0.16762387571703,0.158836648342695,-1.05304417485875,1.04922231488458,0.702126751423576,-0.112891709334577,-0.0182216282053721,0.363130889813558
"CGca",72,-0.49015441468858,0.259784301189975,-0.342394188200467,0.226393241859339,-0.195092007945738,0.568270897650062,-1.80665065473787,1.09932509983018,0.305885235171544,0.0776054185607022,-0.0462338972525011,0.381933822292512
"CGca",73,-0.502728844604649,0.272009947853373,-0.436867033428881,0.080600928078374,0.287757822647198,0.167912224517465,-2.15081043166733,0.649327729821142,0.234272532959336,-0.0879349647234848,-0.0659059647357569,0.90064051441847
"CGca",74,-0.484658554155518,0.270732958418935,0.134802468408882,-0.0950132261429665,-0.00802945079839924,0.313398521908902,-2.05476609249474,0.801716081037665,0.192961205954093,0.0403733239925809,0.0644713161636375,0.465092431623763
"CGca",75,-0.708295967588798,0.324833887325634,0.136081318801243,1.19340982621257,0.0772082889767369,0.112489704868464,-1.69866422061849,1.26116627179172,0.109162441214315,-0.0689592454898131,0.233499167354809,0.369661285448625
"CGca",76,-0.425430189633072,0.261703811874549,-0.415885130500109,0.819840024214282,0.175058265238575,0.100855699613128,-1.00398606656835,0.21245986530605,0.313962833969816,-0.205025425045655,0.0834564946037821,0.607249001422304
"CGca",77,-0.289718968812228,0.177312335030628,-0.315415525948686,1.01100653287293,-0.580088382004482,0.769059037328933,-0.68252927257681,0.692182549508517,0.243735753876626,-0.138853612147099,-0.0348358563101992,0.496692288514099
"CGca",78,-0.113518405680394,0.209901939620757,0.0497807508370786,0.0741937646207247,0.224377125293606,0.0365840461395685,-1.58337538519418,0.891345969896925,0.215209470831994,0.107960804610604,-0.214949101816052,0.608686602146676
"CGca",79,-0.624754586255162,0.364057051244546,-0.883097487293622,0.707091245288375,-0.042622224831578,0.438984287829566,-1.64558352254657,0.911342307271862,0.181395280117587,0.0716708214756799,0.143810218122841,0.271706188461509
"CGca",80,-0.7389986008443,0.282552831001766,0.451670726547611,0.490673797815419,-0.0420042737672215,0.284668906880965,-1.64400259469547,0.748728971823987,0.269464486311213,0.142372080796023,0.00963849792705569,0.320415342748709
"CGca",81,-1.0739375814009,0.495821720099127,-0.396601129132849,-0.0932778882022608,0.0675144277434827,0.341285132392087,-1.88051531757208,1.09098873342503,0.386148353646119,0.0547844734516198,-0.077512460910668,0.530539248900001
"CGca",82,-0.613441698659702,0.381132835031777,-0.87668558509185,0.229141813178197,-0.201694232193541,0.648641589075245,-1.01080721200359,0.32342955073415,0.500996236662843,0.229420132484468,0.283781181730082,-0.139781535643117
"CGca",83,-0.776097155807375,0.402799483308867,-0.226829102043372,0.378132750280629,-0.0686604007847465,0.358959521814977,-1.50105195590855,0.543281131967856,-0.0028059785999502,0.410887142117592,0.00397615354336759,0.079619095853643
"CGca",84,-0.262695200550523,0.202724224050971,-0.411700055340543,0.176641079704158,-0.0256945811382127,0.440135085550616,-1.20977903411001,0.668637418214783,1.32973200876343,0.0015046640137031,-0.299454894082435,0.501201493738287
"CGca",85,-0.377431321615541,0.279442224555427,0.404528298089098,0.539009826844917,-0.290424972901306,0.450744518549448,-1.51257635114346,1.58442810100623,0.438479675729747,0.502620966314342,0.556395162763976,-0.568971774083416
"CGca",86,-0.600603085307138,0.344767064010252,0.0923688903407744,0.300878288314935,-0.124689443018832,0.382478399430861,-1.57991017954742,0.579919269994947,0.330608382204192,-0.0724502872541344,0.24755188850014,0.360177302622433
"CGca",87,-0.371418456222184,0.268191110673689,0.27959175742224,-0.187454836778324,0.111048776749044,0.211565016309988,-0.703062184965903,0.680073088145218,0.633366646095448,-0.0803055217171226,0.0835301458697347,0.218514645031686
"CGca",88,0.295187170056957,0.127097740338384,-0.568087190564633,0.279039924793333,-0.0295027044624916,0.499124461726301,-0.930913486973792,0.74910005924405,-0.437238699256505,-0.0522230995648198,0.0854662372907419,0.357920487722063
"CGca",89,0.437573553826428,-0.00389818013151843,-0.620743637632442,0.438298244213961,0.0432337569080689,0.433318427457941,-1.2739976497113,0.798324102504348,0.217416196952795,0.20381135187528,0.202920184216627,-0.111881322486816
"CGca",90,-0.356806336425956,0.164400259302795,0.0109796129239055,0.221997891146965,-0.0975249589036263,0.300998263340664,-2.06563217421719,1.50182469373862,0.82886455261549,-0.0582926554254328,0.089706179836143,0.409811707084848
"CGca",91,0.456437407725594,0.031664390730869,-0.949305237602438,0.297826211588219,0.0873715270183607,0.486877214451037,-1.20656444575488,0.819524565490522,0.425049216442155,0.148550420651519,0.036031460804406,0.171823948859368
"CGca",92,-0.0596596917118349,0.191289332846962,0.0708684444849151,-0.270224439738258,0.0482792585132855,0.431286217599049,-2.50490851862467,1.22995755165648,-0.169969070430097,0.58378672865846,0.113874524275904,-0.030034755330145
"CGca",93,-0.954305876834296,0.340213736218704,-0.541059979730453,0.354996901132699,-0.0560841264782574,0.449249182760903,-1.17502122875902,0.759463450967662,-0.165315303003891,-0.160228638077406,-0.0787645410089345,0.683892378115336
"CGca",94,-0.700486383407773,0.414033164285647,-0.365602268421353,0.744315295968308,-0.416936948031026,0.678635043356232,-2.38896767653404,1.63206263685391,0.153583750311319,0.278913022649878,-0.118937121688933,0.358005117814549
"CGca",95,-0.602312667819504,0.328678736426309,0.0781326810858114,0.0280855862711163,0.138237141002055,0.226047316390095,-1.8274310042266,1.19456924979931,0.188124084850383,-0.154578535306967,0.520331395034692,0.264198689861545
"CGca",96,-0.363531665420206,0.266180964770638,-1.17791208002367,0.436676363490032,0.273316176317287,0.348043109717906,-0.99990865562288,1.26028227375722,0.225189995993717,0.0151225912873796,0.0426043518073534,0.164430555137134
"CGca",97,-0.794129532145656,0.390062232068453,-0.293416246418821,1.06056579412951,0.34076022308316,0.0310332592443796,-1.77587103591789,1.70478727091597,0.0106622006096655,0.0719382607511785,-0.163138535534224,0.420672574350355
"CGca",98,-0.457345378631617,0.264224234830892,-0.357122451046187,0.226335952011404,0.0933954225748331,0.256852584692871,-0.792144357089593,0.731834224588274,-0.595964101977906,-0.213451238389271,0.361216478412419,0.355467829586367
"CGca",99,-0.213246625612494,0.251356390799096,-0.355521547344379,0.067376037333437,-0.00436473874747803,0.375855321857377,-2.64387165029628,0.552478147646058,0.403907186223483,0.311284664775943,0.107520959864186,0.329385325296109
"CGca",100,-0.273054778869638,0.184294648126285,-0.542390700860099,0.667726979923974,0.183870645097614,0.306008502634429,-2.09257863087897,0.987923831712672,0.294316471183348,0.49468381947824,-0.0766098204819114,0.0951550729442449
"CGca",101,-1.04492070452834,0.475428791813734,-0.630204832575887,0.127302937868853,0.00358900699160803,0.506395068335223,-1.20219673453036,0.758929049087991,0.204887568933912,0.0322526855678155,-0.149217042531872,0.469840980987516
"CGca",102,-0.190717488781852,0.258898183521412,-0.117515556765365,0.290824995316083,0.00751328253482685,0.338021221556401,-1.6678098865289,1.17929342813482,-0.275971985221116,-0.199047664135981,0.219609485905611,0.508941643758651
"CGca",103,-0.385248032009367,0.29583086807372,0.819202872180955,0.129876624350764,0.272052849857222,-0.1001351108508,-1.68157798531691,1.32928907742458,0.277955798762811,-0.0973774821801328,-0.174474842865526,0.661305226127154
"CGca",104,-0.73322176539761,0.293112568267052,-0.0146298844188259,0.0814559026516406,0.0994916048165642,0.241199742201135,-1.78069219701027,0.588529015308711,0.334125449386714,0.0530101785361805,-0.26562066861005,0.714113958604421
"CGca",105,-0.762979226422202,0.424827156665872,0.864192636676882,1.14588253784192,-0.152885060098309,0.0139255865606851,-2.33951495804354,1.50128275729228,0.36072995323319,0.355339548412214,0.124640864978936,-0.0282713771396873
"CGca",106,-0.109074844575994,0.156523211804296,0.00966625207479302,0.446220274326111,-0.210178193995814,0.438051341455074,-1.49358161062097,1.3592376214745,0.531929432829352,0.0040187938419467,0.0899069198073034,0.182591053186297
"CGca",107,-0.186484869832451,0.208477228685664,-1.08500484461802,1.1050269514296,-0.150176314268234,0.630804401939688,-0.903920711361491,0.302543411888679,0.156143688382853,0.189444983660345,0.397019817430588,-0.146523822821073
"CGca",108,-0.607165674101451,0.357534266999664,-0.392128785109312,0.162272682349569,-0.281145470547022,0.670071724168776,-1.79412418573883,0.530050388961566,-0.414017715761851,0.0854691242399874,0.142326217541376,0.439258696314012
"CGca",109,-0.385904374836722,0.244687405098558,-0.219797262853552,-0.20628690105818,0.137307995631344,0.410862624805642,-1.12210671560195,1.22739955019412,0.613185332985434,0.163521179010816,-0.262463816998299,0.162512349310478
"CGca",110,-0.175085680334504,0.23080778820161,-0.491757478331517,0.37335310636307,-0.197869909035436,0.541547371469798,-1.41117341603038,-0.273678631384789,-0.114057982411053,0.21346422265623,0.102716374547922,0.404161193604177
"CGca",111,-0.492470511542946,0.290688802983669,-0.126887325407231,0.186472740421195,0.0489827330951405,0.299075575896329,-0.745581055362019,0.634276812764749,-0.183824215441457,0.11350534386055,0.0192217234012122,0.246166099668431
"CGca",112,-1.316984847443,0.504694103021879,-0.42570952354729,0.466225479791865,-0.0105616655401396,0.288915652083233,-1.54213908761717,1.198991217379,-0.186702927310075,-0.00678796258643108,0.251527268019727,0.29574942585949
"CGca",113,-0.356637469551638,0.250071118388613,-0.549830908564797,0.464197515987729,0.00553696216351404,0.399280768397942,-1.52145810773747,1.09149568063612,0.0566971825685605,0.0481239007208961,0.0716920390909822,0.301429120692344
"CGca",114,-1.02433518007508,0.447492511545754,-0.749349397519202,0.479956123832384,-0.0435473193218294,0.478066303460453,-1.507739122691,1.16135965658726,0.471009079633532,-0.341044125278237,-0.0556192923865649,0.809976502566106
"CGca",115,-0.55976941574766,0.25825239851124,-0.174854182175848,0.292083587806269,0.198979762527566,0.230132349010888,-1.64737700317181,1.00278074847754,0.231023663367797,0.0331233729890588,-0.163097485666778,0.554348538680645
"CGca",116,-0.18154578345963,0.194229958937693,-0.275367469150691,0.768940932711304,0.0474600067007994,0.193164271798729,-2.52573379843935,0.866988392106997,0.615262951919983,0.405795700817144,0.0398981834624712,0.26376568580013
"CGca",117,0.149678735446533,0.0345346862750294,0.357318142575808,-0.0689083360134404,0.18945418430817,0.0659827720092096,-1.45137885070007,0.717827521686699,0.777512141999986,-0.0145494566329971,0.032879116588627,0.371542171578593
"CGca",118,-0.365997066836443,0.238701561778978,-0.123503978615757,0.337902266142855,0.111277213421857,0.237545778804909,-2.15822163380564,0.537097503849992,0.272747097880502,0.0615472507452768,0.159668136274417,0.513291962470514
"CGca",119,-0.589780904533012,0.286972918441392,-0.274562836948658,0.273189512544444,-0.037139630330674,0.38391837215903,-1.39101852949112,0.441506608753115,0.630178422546953,0.12209508986806,0.0433647372072817,0.213753629138125
"CGca",120,-0.352665916906334,0.339327868624148,0.473483334745615,0.0428904290241901,0.0414013656140204,0.17632050990181,-0.724826052775297,0.266458210585921,-0.042578557403881,0.00786183776134887,0.109853117895304,0.289438775096846
"CGca",121,-0.472647809538759,0.278460222761356,0.3214820573238,0.203862122420581,-0.108304184279361,0.286336387920163,-1.7444213278092,0.559440717919363,0.137979022651044,0.133556438137101,0.142125593291511,0.344217796832382
"CGca",122,-0.615116666910036,0.397505140455499,-0.129817729206005,0.604299526625674,-0.104142717323087,0.410224753423087,-1.35593378789852,1.05962721083615,-0.472754790155162,-0.539109726896282,0.302613578173988,0.835053791525429
"CGca",123,-0.556391567377731,0.361164951451336,-0.501168571819318,0.415161640414344,0.133945374938515,0.36713671279498,-0.78693900989873,0.249659235173366,0.105501506218917,0.0779824928479831,-0.0227464010020406,0.37826285572529
"CGca",124,-0.423152184470853,0.22324301150637,-0.104940705722832,1.11054414834803,0.125643177177209,0.128926067408286,-1.17376617552402,1.13259328768786,-0.12092369384158,0.389622799624162,-0.205490747986075,0.173844838334319
"CGca",125,-0.591867470436644,0.359386871209518,0.882811221739093,-0.114175008828359,0.212008472928138,-0.0128645664980116,-2.19131184811792,1.11508422924164,0.621699904966772,-0.115485990774766,-0.0616226758890569,0.741670176837308
"CGca",126,-0.291246777283389,0.200702840862533,-0.547867783690886,0.552707504792248,-0.0618623611568476,0.447015428546414,-2.04915105374433,1.09025641859358,0.235475572811259,0.0461110238014861,-0.119761029478073,0.685394723422801
"CGca",127,-0.687510443075453,0.376433193541563,-0.179236450282428,-0.107813942678527,0.12346725321945,0.324767262088103,-1.12093689192638,0.885406777412107,0.21388945923666,0.0783021814246223,0.216916712814557,0.0437489316432793
"CGca",128,-0.218437564858774,0.319302868508496,0.285387419084372,-0.0631664368616659,0.117591140097209,0.101491038064353,-0.938516416701367,0.577124337625501,-0.171568363094427,-0.239321492610816,0.0560279312158265,0.618888141796394
"CGca",129,-0.446841359601247,0.259484392181949,0.488172186139524,0.337519248833007,0.236404984894203,0.00628407110760718,-0.955774451300764,0.549445313436352,0.377542833130577,-0.0639654831766647,0.300160167972339,0.194148531999919
"CGca",130,-1.33482092241142,0.541778837989015,-0.0878011069597622,0.33948469957284,-0.0182329326198514,0.330181866263731,-0.748083711466884,0.844396763167981,0.328970324834224,-0.191811885881804,-0.0767071822763768,0.478412900419564
"CGca",131,0.0709193988762168,0.16904487861363,-0.751349229576227,0.649311263466639,0.123117943064489,0.273696623215642,-1.27969410776898,1.01125831498305,0.367543722283762,-0.0874366829722712,0.15176899641914,0.275101738561105
"CGca",132,-0.719649423906552,0.321158684413973,-0.0665727103392088,0.494298092076996,0.387591760694607,-0.00834564244621957,-1.15350787940986,0.65725349498875,0.430073668835958,-0.240291418992179,0.408128963714943,0.325412427024542
"CGca",133,-0.496978568621067,0.235532691934326,-0.719690385779965,-1.02846313957711,0.225706950112311,0.527709272135045,-1.11773765724335,0.732847340562083,0.29543896213846,0.0715568162701245,0.243277111807649,0.0893305458869031
"CGca",134,-0.185790098593396,0.160620162719793,-0.786080836540586,0.259854380723008,-0.0828906888862604,0.580237605829121,-1.77242195377014,0.787532690784808,0.423656225686398,0.519077714114893,-0.190793602611679,0.115032531614709
"CGca",135,-0.739379830838093,0.39532640583761,-0.01007847749041,0.503556377583756,0.0601888249588927,0.173609935457664,-0.669351963579077,0.445238366957581,0.0263383478182888,0.102539951150517,-0.130733609261398,0.353443083850816
"CGca",136,-0.129649073866292,0.256087616178375,0.242077167324283,0.802168350921751,0.0805557504362593,0.106812401381284,-0.999007857557852,-0.527841012815007,0.817804110071965,0.158581905539209,0.0775493635042034,0.266392950257864
"CGca",137,-1.21618942851631,0.50936467448357,-0.652806508284074,0.306590948306154,0.103527064781425,0.427433396119221,-1.7185055625921,1.27050261931565,0.015581776049773,-0.0344108193484192,0.0441769765965133,0.519158872717394
"CGca",138,-0.0437389449454346,0.138893438582262,-0.195169789589386,0.110498328761534,-0.0780775460798038,0.463744998890044,-1.42905481455377,1.16550746123813,0.24154504213665,-0.250583722389032,-0.0477019538966477,0.704634989316962
"CGca",139,-0.220810820926743,0.169484507762008,-0.884566086945244,0.518340153228744,-0.0270749476606297,0.491148949613173,-1.854580093021,1.39330288956607,0.175902625775798,-0.179262844207525,0.280452457470442,0.467404062828733
"CGca",140,-0.800971998717921,0.414092863017176,-0.11254581932777,0.068445701682341,0.0864966680099132,0.304797886834644,-1.99045166191423,0.817758440957847,0.454305945772076,0.467681464256329,0.0336330608666909,-0.121079693257389
"CGca",141,-0.840923336243398,0.381775315535234,0.095938580679303,-0.0516830840550834,-0.0666216300511254,0.32132179848051,-1.88699151146367,1.23245932677808,0.55042470530163,-0.0395168717789579,0.0735374644546838,0.405780770416235
"CGca",142,-0.67586348188713,0.384283455909153,-0.624426952771274,0.153171512851681,0.0691218819446437,0.378250922124844,-1.85342553917603,0.90533549173713,0.190553415181019,0.186707781061607,0.0840951222194807,0.255770454813059
"CGca",143,-0.504061788834508,0.303531096183164,0.326463617742637,0.151862916302338,0.0993401150298868,0.2149817358322,-1.5947777705429,0.996646636362365,0.409773019141229,0.0386469068081803,0.0493653250953471,0.348300491629124
"CGca",144,-0.523197690633661,0.31740104731253,-0.985990107791497,0.282107969824249,-0.180588736235061,0.764208246081275,-1.86547715206231,0.56585052142339,0.151865522255294,0.376773336314683,-0.191917946435031,0.307482915499838
"CGca",145,-0.399358196002083,0.311392546359317,-0.585024653915143,0.869077777003122,0.14093505711844,0.195843089857233,-2.25891725852249,0.811692245231355,0.00112840550793493,0.0949391890171011,0.209964455337049,0.479377161828621
"CGca",146,-0.439433870986686,0.312808220194177,-0.0332672200914397,0.561890528390865,-0.0978876952347934,0.405882906589818,-1.99887878924017,1.24865599205689,0.443414469318697,0.18150768481778,-0.0330307873201926,0.241590759517876
"CGca",147,-1.10689289962577,0.490929477710128,-0.407841897160987,0.439890793883772,-0.225147928708845,0.534110082307865,-1.62184839657406,1.03041705929505,0.180272185446289,-0.0291906159100318,0.295703699636982,0.211726170899632
"CGca",148,-0.683702433791651,0.368157051898183,0.214914669711264,-0.0491722879763036,0.151577612903626,0.113677519497764,-1.29142407784998,0.627906860283109,0.642902679631039,0.337777729291584,-0.0530400505652009,0.0400540446567983
"CGca",149,-0.326324014138843,0.295434278994541,-0.215841983051828,0.458257965257989,-0.085079941798673,0.325420059598129,-1.86518246726099,0.882122264448725,0.198128000256309,0.57296605236,-0.165253628896927,0.157504056386717
"CGca",150,-0.790417276622453,0.436071038771964,0.122106876298647,-0.525351891507409,0.366733345927838,0.0795851558416455,-1.20435799049326,0.0984108698577457,0.0555335190145976,0.132959382403302,0.16172199526937,0.20590763910131
"CGca",151,-0.357848326516779,0.201454143529693,0.233355425766221,0.18231041446085,-0.0102963765863855,0.221489489590943,-2.53500751749241,1.45195858457906,1.13513075929459,0.0227405822382037,-0.287376668933469,0.671050724485792
"CGca",152,0.300103711500294,-0.0219257230878157,-0.471200407431079,0.237869832137849,-0.0467017532460793,0.527388584804332,-1.86925980583381,0.594553972472726,0.191115272052468,0.0428613381567049,-0.0367668877981063,0.592191199696461
"CGca",153,-0.645527526676006,0.365974968001537,0.259329539690371,0.00732942877538747,-0.113418312970391,0.355011162754391,-1.45369797670354,0.948524624006884,0.155261902064684,-0.0894917112341507,-0.274705860869223,0.831355869658702
"CGca",154,-0.718390877593317,0.329511702975296,-0.53630824449985,0.302789090674154,-0.0567499344349832,0.443416438400876,-1.36723774290772,0.811789774222913,-0.0317871061495778,0.36990311949193,-0.133919930318778,0.174162369281701
"CGca",155,-0.544845673411436,0.308283779023377,-0.622923494674056,0.729781889296664,0.0506082960717146,0.350973842416698,-1.47020427798147,0.900370892487264,0.464178157201763,0.189081776553758,0.0086783741264218,0.19178700791339
"CGca",156,-1.18243051556412,0.44275307709828,0.678793534973901,-0.0316295098381027,0.182919706034837,0.0394214977809283,-1.625129698001,0.39897366064044,0.228002732208068,-0.19834323915444,0.013301077281263,0.783167439325649
"CGca",157,-0.205181934451902,0.23397995346337,-0.0146578933755942,0.437231138828934,0.28395225895252,0.0693816833552601,-1.1663912830231,0.955710788590924,-0.504652839723605,-0.118093332916107,0.307460443308229,0.290814743102701
"CGca",158,-0.681739714577746,0.376406081801259,0.0525336351217093,0.51383539790456,0.0904473182334518,0.115753002543518,-0.992608219200386,1.06953049695582,0.0891022658644235,0.203356739492387,-0.329953325062858,0.396617129308548
"CGca",159,-0.584320160798805,0.35387922914437,0.7353202476756,0.314140912039101,-0.360036468212773,0.445463571274462,-1.45624047906387,0.948132779207862,0.607041084547922,0.0624671542343564,-0.0843061523198251,0.369415063944174
"CGca",160,-0.634405521536849,0.394677873795869,0.337594239176407,0.360204220339185,-0.0308597129717087,0.240456830620357,-2.15477871392388,1.01517258967873,0.981184646430479,0.153369832165907,-0.305623251175603,0.60100139775746
"CGca",161,-0.693660346580157,0.380036423879189,-0.152651342213709,0.0623682437500118,0.0282895730727936,0.355409067507343,-1.72980408768765,0.940416227415792,0.460011668585542,0.400443008465987,-0.247397113204171,0.231964052044155
"CGca",162,0.00762595777015283,0.14205381276674,-0.411002940777129,0.351362435558478,0.0313970963794103,0.41600510106146,-2.01814625794534,1.48685512981295,0.256762344778048,-0.0913082038284175,-0.0814448796049211,0.651158009196594
"CGca",163,-0.332267949891592,0.233156586732687,-0.730468018675878,0.529147578880011,0.0659576097276932,0.341370251167772,-1.18252455561315,0.587832084119367,0.556430846913851,0.238620506426455,-0.147785432646327,0.145989661096651
"CGca",164,-1.1084809461647,0.474778991535554,0.0137967154677187,0.012636072287918,0.013604422002359,0.328066899224465,-0.974701978761704,0.762195146108931,-0.0795433481319416,-0.107938144572979,0.136499236377842,0.370668327186688
"CGca",165,-0.872011985957599,0.41435505919894,-0.151040960509948,0.11232729770005,-0.148126895420014,0.429909777755428,-1.72654661082292,1.4058699803886,0.101106889627148,0.259879787625424,0.123473089325336,0.088625266607527
"CGca",166,-0.762228636562758,0.411551659331159,0.0250592326227806,0.460876824063442,-0.288892445946206,0.478859569926171,-1.09893859888727,1.32740553812532,0.0589165305949529,-0.0793204689056164,-0.00779610600740125,0.347156909300356
"CGca",167,-0.457760183280946,0.349851621940409,-0.686969262260787,-0.220624403160761,0.00932089338721514,0.505943759500712,-1.66549986619328,0.663347745857245,0.322499109909425,0.0951257020153221,-0.111421095309294,0.516118203226929
"CGca",168,-0.318464656860917,0.198561442852987,-0.795033192631454,1.10246773107926,2.41437702334449e-05,0.369020142515883,-2.28947660746089,0.954030930620972,0.260672793187171,0.136983742596139,0.202516024539299,0.36245259196122
"CGca",169,-0.520137725008666,0.310413989779926,-0.0333625684939855,-0.429766622335272,-0.00539826552263437,0.384812554684816,-1.76392528340127,1.01635967835219,0.00591346144102678,0.00321888730351886,0.201142579807402,0.389134181568746
"CGca",170,-0.0261051468152561,0.205073702193775,-0.179926802089216,-0.173036292070026,0.0327066048447976,0.347666274363489,-1.43413791082591,0.770470344363069,0.052802285935425,-0.118892191779691,0.292839798248862,0.348477572532649
"CGca",171,-0.374594589692272,0.277144640127264,0.243348675603637,0.471391025497855,0.00521917211084816,0.207023179283194,-1.80533425438648,0.703412461122612,0.198990354780566,0.346554989640668,-0.0322887490937315,0.22533558605806
"CGca",172,-0.373717868849669,0.266490658844553,-0.38128875295802,0.202948624337357,0.145807589239889,0.302698614164487,-1.40983140061956,0.512576981495292,0.868996857393138,0.00111373116537107,0.00732999759952676,0.36450781659462
"CGca",173,-1.07812472364066,0.472588605511504,-1.21137226874363,0.993543415856418,0.135304925117889,0.476301052303846,-1.31770590218261,0.554894976935354,0.781999227382778,0.0241672459189903,0.149449342224324,0.230913141871222
"CGca",174,-0.275406916974453,0.21921268304132,0.490620879531085,0.443719115103684,0.00614795315109309,0.134103486063057,-1.23031799429105,0.0306738604944352,0.361390691263861,0.0722234521052465,-0.131836850994413,0.596993492601971
"CGca",175,-0.290099330884679,0.215733149010147,0.405032910064134,0.778701951207083,0.317468229220945,-0.00837026103974789,-1.09216673543282,0.995454181466371,0.0293449376622917,0.234789024914412,0.0580947320032762,0.0396130819080953
"CGca",176,-0.987173919972157,0.459453118985597,0.452439939810998,0.194703788443121,-0.0573215482771049,0.236276285179717,-2.87767600391369,1.60163435418842,0.0806427486964497,0.360523122819048,0.117313909375434,0.20497286869048
"CGca",177,-0.507526325518304,0.333544566787963,-0.827240735188176,0.813283843334677,-0.0159147133875404,0.417125187821783,-1.79483080830394,0.997372690033017,0.554941177960516,-0.0901665685865139,-0.124498625018521,0.664527670134699
"CGca",178,-0.344394236913365,0.214961398878282,-0.558138488047646,0.685239889518462,0.425932774122803,0.0726494942473112,-1.22826325925239,0.729483097299402,-0.183359528305919,0.0211828222104154,-0.225860018194618,0.621146162629287
"CGca",179,-0.828673025773924,0.389972252655612,0.839434751587723,-0.416537410863505,0.115926929386122,0.119489861660775,-1.88499105404914,1.11445047845449,0.528905281187777,-0.137968896453794,0.281417697167961,0.412107057229811
"CGca",180,-0.561129384351514,0.331809630100223,0.322206177941754,0.673725172565439,-0.173112131002473,0.399316095093891,-1.58617046785321,1.07323828683636,-0.291883711880601,-0.412403870233019,0.459746136977667,0.588785641020699
"CGca",181,-0.306662439012801,0.233453620389755,-0.0767015351357186,0.443028405985051,-0.0120943278813811,0.322274706252256,-1.06488846302991,1.06889338467632,-0.0476114771212428,0.0328955334107202,-0.200090153829309,0.394733214392345
"CGca",182,-0.943580936627005,0.38706286027233,-0.256701184375221,0.0146238444735998,0.0173856063086226,0.401742731857571,-1.43295126428122,0.456544111361548,0.0352156427823535,-0.116238228267627,0.115180429760073,0.716747460245244
"CGca",183,0.324883336489974,0.0556980420164441,-0.938166593046284,0.0370387331551079,0.209247002417756,0.4218129593865,-1.39827046601261,0.973953471339762,0.282803731410151,0.451113216205469,-0.152154979029474,0.0519524988398253
"CGca",184,-1.20293315443951,0.554594324498973,-1.405749033027,1.13164630196667,-0.134110895599988,0.75118132752381,-1.77994440426191,1.00890352267731,0.00150707905569762,0.215067997895359,-0.0128652325016193,0.247825634911764
"CGca",185,-0.642681932928166,0.338694912021998,-0.270777717518215,0.0911652413296865,0.419691521035085,0.0655188769062726,-1.04397094262118,0.559451147510287,0.0919040067130582,0.349466025772704,-0.159077892322527,0.228212701687432
"CGca",186,-0.185739606865141,0.207528626689966,-0.530378740318422,1.09677715359058,0.0323691721304746,0.285800264712509,-0.244444953550815,0.96187633557616,-0.52089512187434,-0.217229841123067,0.239855325512959,0.24172947237592
"CGca",187,-0.946469275243134,0.484943269541792,-0.395932573300312,0.131846182630916,0.276453319431846,0.211409058291921,-1.97849242534154,1.0135313433007,0.753699404748458,0.143046067007885,-0.21542316480367,0.506516523962598
"CGca",188,-1.02270362796015,0.455539613803396,-0.434882232304087,0.588290927053771,0.125069183078283,0.220019245709075,-2.10460334566045,0.670891293735448,0.826286981891429,0.548579804736191,-0.0399686180883768,0.051704085382997
"CGca",189,-0.735682340408131,0.31473578338987,0.204325644867351,0.320348585093699,-0.208393705632324,0.328608060551585,-2.43437815796268,1.07086642164565,0.207945263507484,0.143800871713289,0.224159705891864,0.351532433344171
"CGca",190,0.126841894437959,0.167974204057139,-1.13206413862549,0.523227631020601,0.216707652328466,0.308579993988798,-1.29745243550162,0.710819915572516,0.0724618157303833,0.0234461122637586,0.28040914050944,0.187256027566701
"CGca",191,-0.0804023699662407,0.200629254452222,-0.319440332173256,-0.202745919098875,-0.0138934872240374,0.49226108301963,-1.11633781791074,0.439868364567709,0.647836378428517,0.236167131292418,0.0667252510889256,0.0971630794312473
"CGca",192,-0.340022878492878,0.313442017555424,-0.257666443129725,0.241333103498544,-0.0826856871238483,0.414818845819605,-1.50640635668012,0.896302266001017,-0.385444761991903,0.483752834340645,-0.0762649188484233,0.0688466301162392
"CGca",193,-0.411969162453238,0.267503127893543,-0.114502512560809,0.786555432556503,0.220340014988243,0.0978659294138087,-1.08568284742302,1.01292985225206,0.605425090988158,0.0464242336409255,0.243014752540002,-0.0298403081548196
"CGca",194,-0.259784677747653,0.0184108893443141,0.907873961420079,0.49610228118891,0.262719028522619,-0.0635677833364685,-0.917916798485354,0.361446467439086,0.284436404384906,-0.021404984016306,0.478824982694746,0.208942782219094
"CGca",195,-0.970777288087518,0.479554643396175,-0.2393737907764,0.0309607122693538,0.129516738887049,0.294439009231904,-0.986226455908824,0.745813593758093,0.105661666924317,-0.0180596582549068,0.0861104879948836,0.215291425216044
"CGca",196,-0.320552929422318,0.252863963437246,-0.56818364884982,0.881257910531133,-0.306790475564515,0.588312299957986,-1.73689823015956,1.38244213181178,0.106990985517489,0.149955093780436,-0.181061805052511,0.411953404319793
"CGca",197,-0.173288196335209,0.178415912477979,0.563815207357422,0.0311062878520011,0.201869951981314,-0.00762130862721954,-0.904064271590709,0.753103474805114,0.454694682435528,0.199666698328474,0.226815536409045,-0.110100385475973
"CGca",198,-0.56316158318542,0.275709460635906,0.234341801232432,-0.0187657487914786,0.276893352380205,0.0939157601406025,-1.91389202665662,1.33232526802317,0.705748564198802,0.0256187727230179,0.0579437291497223,0.294659856615635
"CGca",199,-0.16745096896484,0.200103453718221,0.133718115093671,-0.121028775533075,-0.136616577846378,0.404973143739695,-1.7935701977603,0.596416560878479,0.338872923008043,0.145405260514127,0.118263727838425,0.252008028606654
"CGca",200,-0.460049890169319,0.294465588809203,0.378945814086163,-0.0447777999780672,0.17016732422562,0.084490876403181,-1.41025883115311,1.33123312399966,-0.247367270435112,0.338596410541835,0.117034374040335,-0.164948438705312
"CGca",201,-0.792410991220139,0.369508691940371,-0.0890568088182619,0.254504693682168,-0.166239799713368,0.419897353500535,-1.12896625913529,0.553402976697119,-0.116090917435127,0.145333512678785,0.00225644214486901,0.278358275980917
"CGca",202,-0.397044616643724,0.230287149577605,0.0334112425263846,0.307873551491139,-0.0209940005538795,0.325243987975257,-1.02443014873328,0.729601411461918,-0.160321797048176,0.065204231242104,0.208687819824659,0.183833270190493
"CGca",203,-0.627322706296123,0.335035273410226,0.0871675469771732,0.373122405963158,-0.123847084766391,0.389527777648452,-1.00870536204463,0.8862981594012,-0.136114907719307,0.133530614711033,-0.0884199934226433,0.246052877265409
"CGca",204,-0.860355386045585,0.394010310579666,0.0330595262710214,0.0275015982436575,-0.0376691889604634,0.392539237169382,-1.70803341774962,1.51690812265213,-0.0508981918441109,-0.216153741498251,0.116470941914336,0.539862650964192
"CGca",205,0.430428894761535,0.0940381137192792,-0.476211277470556,0.549704966735806,0.123410025814103,0.192180581637821,-1.94939425571913,1.07815696665148,0.784068902295444,0.0741984628744567,0.151605484916399,0.189364173129077
"CGca",206,-0.989606072744129,0.427478280669665,0.138208570336352,-0.141053700221164,0.102410821021536,0.208693507613791,-1.34597340100621,0.560049193312152,0.0552201912040061,0.0717351227240945,-0.0857359391469621,0.440745593072517
"CGca",207,-0.444659931604023,0.335081517781099,0.535267973736797,-0.122560461218645,0.0886710077773762,0.058817817471758,-1.64077666088397,0.963034138561292,0.851257903348678,0.038595375245964,-0.248068221365353,0.54719916918088
"CGca",208,-0.920091189152094,0.51813844424062,-0.233877931387598,0.931749007758857,-0.0101768202475643,0.201812454806382,-1.15123503723886,1.07231675768583,0.374302820215692,-0.109296959730758,-0.436631363869932,0.896382477510955
"CGca",209,-0.425208632051066,0.195598337819524,-0.533094270008317,0.709409298023869,-0.0718898412092453,0.438620695031435,-2.15619584150334,1.06245242540787,0.593470431034887,-0.0133976632764239,0.10077230562913,0.519068613721547
"CGca",210,-0.121253278947106,0.0886015826159059,-0.586907169796852,0.0696840356765248,0.344614098914826,0.193002445969163,-1.03017827945564,0.327156482241032,0.348083708670358,0.0427521616792798,-0.100152876110611,0.44006498502302
"CGca",211,-0.385710644896077,0.379804374594863,-0.0615580100024277,0.872793915865496,0.283867082093747,-0.0499037524072864,-1.16680306770172,0.523866061466856,-0.0571841844198573,0.265994351935719,0.112960402236206,0.0568903415499927
"CGca",212,-0.452915762406508,0.27503942353998,0.0715139615717327,0.176938371363701,-0.0414511352652404,0.304189709061069,-1.37272054880359,0.816093520625092,0.543750105653229,0.0511725392036936,0.0959703756083938,0.208054839493081
"CGca",213,-0.860475349847146,0.462609110233508,0.426101094287861,-0.00810836975051298,0.16215606781315,0.107978124355961,-1.66290843263658,0.643110298375148,0.413339725896206,-0.0624263394538281,0.103595036430861,0.537490205772058
"CGca",214,-1.00670124917569,0.482865311276835,-0.483650856110236,0.770839934149709,-0.0477436407118416,0.321122699238307,-1.63099065560289,0.98180836832439,0.294160465561254,-0.201235996625584,0.156712538239679,0.565904348534569
"CGca",215,-0.92176261857523,0.423775857943892,0.00741637165320781,1.39436065640067,0.368321672400824,-0.12124775056739,-1.95676779602032,1.01495131642631,-0.078037783457828,0.543272699761305,-0.189032080906738,0.267157369162978
"CGca",216,-0.0267488076974825,0.0631860350268725,-0.582568441304204,-0.188568254142479,-0.192005111999676,0.65282366831503,-1.08112225340375,0.679427219693947,0.381593556725429,-0.0486507252031403,-0.259221163720818,0.609389915835593
"CGca",217,-0.790508676815235,0.438072947495747,-0.229373591972578,0.288385921360947,-0.0667418046121765,0.311990906711479,-1.56828755604197,0.723773541290734,0.504080681104582,-0.184924459233387,-0.0952922136162004,0.730779081277899
"CGca",218,-0.665754665075731,0.418281651015798,-0.875891549939112,0.91974013968505,0.224016609272491,0.250173949704882,-2.43996519417467,1.40571286181336,0.340145380063219,0.205592113226699,0.142842582065867,0.282641647716407
"CGca",219,-0.941430516566265,0.414279741663336,-0.147571043653411,0.44567109022363,-0.132080688787133,0.363846848275043,-0.857825830237362,0.929263540127636,0.435977606249044,0.292504003877994,0.0345384910258928,-0.0870152808349599
"CGca",220,-1.07460112641788,0.495649762503274,-0.538405650996284,0.0126792585072893,0.114347649512179,0.36518501715594,-1.18318104904156,1.19161005023167,0.0846017220584446,0.384643815713861,0.190485802905893,-0.220201378923793
"CGca",221,-0.467132885173003,0.325324486253164,-0.994893084803045,0.532265964911072,-0.332775263169567,0.845628158128832,-1.22060455810093,0.677057568957029,-0.322887010800918,-0.112029889332715,0.238540445254427,0.381370145074504
"CGca",222,-0.780834217697525,0.420750591771732,0.0291750246419947,-0.0758745844534204,0.0241120008928232,0.306648611040578,-1.56979523138904,0.505258705878867,0.49521597822356,0.143626255359031,-0.283756488611861,0.620357310493402
"CGca",223,-0.812386815549521,0.381521702901801,-0.60417369442687,0.109401522052086,0.116458718182148,0.3654582177111,-0.970894183868122,0.670422883032799,0.636959909561735,-0.139790203764589,0.239444733192882,0.302141315677285
"CGca",224,-0.453362965419204,0.259486089015883,-0.73146711520291,0.278573606380832,-0.117407207207375,0.527774029360968,-1.95670969268234,0.835068527660755,0.043101866358427,-0.0234326389840366,0.486712889515653,0.28860757352379
"CGca",225,-0.442831449249761,0.282298100602183,0.127497889040486,0.150248787858719,0.033173790829605,0.322341224573339,-1.1587728658307,0.885114690010379,0.00952640414077767,0.174027117697857,0.118293024203813,0.0521333437640902
"CGca",226,-0.235878602097103,0.208183074409272,0.441510884364357,0.484121063280342,0.291983887195733,-0.0488256715742983,-1.38618651261087,0.491524481140605,0.718609334133165,0.387324145434834,0.116837014514892,-0.143866469204984
"CGca",227,-0.726868585644072,0.43171380489636,-0.269815642402666,0.379394322892662,0.085090858663031,0.298865304451178,-1.08733913672875,1.29300074169756,0.536664932873481,-0.218479910794097,0.243504984948063,0.160034185508281
"CGca",228,-0.540476590842925,0.358118815119316,-0.254875660795289,-0.00490540820171504,0.25577598497638,0.0884125437385748,-1.0558079432612,0.971129509250072,-0.324013216945549,0.258512301512034,-0.141797347650917,0.223793094166368
"CGca",229,-0.170577286257242,0.203555487354887,0.111854800045969,0.111581908034857,0.245231260333983,0.00653500279449754,-1.18113531847814,1.11093837372912,0.574358140541482,0.0127960953906664,0.164159713659477,0.132436234856123
"CGca",230,-0.540741086576201,0.349421728371896,0.0114903717373938,-0.00158990301636109,-0.146922614988667,0.461294616610983,-0.911705772475485,0.844126345073387,-0.0150750796639381,0.0184648873357155,0.113092391611409,0.0970988138790028
"CGca",231,-0.208054605174188,0.180181775203036,-0.268759300996877,-0.119807594875795,0.120710998173704,0.256860789551913,-1.63702174371035,0.989255529549468,0.217698560422699,0.188021708225745,-0.050692907222612,0.285218672924802
"CGca",232,-1.24940985924206,0.48693779563087,-0.375491211730691,0.424661556664163,-0.0152512610625176,0.333302055419362,-1.15825493222614,0.800635349005592,-0.0887518850443506,-0.0919513222067706,-0.0538696646408313,0.564685588468205
"CGca",233,-0.834922740002383,0.399984623179793,0.2214521512587,0.128171391427128,0.103829759104271,0.182223966592548,-0.28395058225997,-0.101175654148161,0.163049166965491,0.0337129391733916,-0.0795134310712573,0.258930482958408
"CGca",234,-1.32181191292684,0.613007358763525,-0.316053951694342,0.151897704858756,0.366854527101264,0.101698988983583,-1.09220521786753,0.220340834839254,0.472434932690059,-0.267025436914755,0.4162459795971,0.261197267216369
"CGca",235,-0.29511462877554,0.281901409573121,-1.20229666029123,0.0543507664150814,0.0420183082938384,0.634775204586028,-1.61733288956693,0.793814783011603,0.259088035633835,-0.093472643091456,0.0266310833168686,0.536316960479259
"CGca",236,-0.114666187428323,0.233760000130423,-0.518296462144899,0.26940498770421,-0.135472323414889,0.536895301816873,-1.2534519267573,0.867355205944826,0.224274474005359,0.0952887674039254,-0.262493269056302,0.521975203030936
"CGca",237,-0.224460193034132,0.240089295805819,-0.0688711422818769,0.077551019893023,-0.176190747735751,0.460986154025834,-2.23945475697709,0.75986952320338,0.502866356306016,0.390458205152015,0.0385535002715617,0.129368670192699
"CGca",238,0.371150986445868,0.116915573538457,0.165665197659641,-0.379810996242007,0.176028661701579,0.145041076571734,-1.54168287208941,1.17636776637067,0.239707147059903,-0.111123085102145,0.161172603009776,0.307615933417867
"CGca",239,-0.66383123295764,0.328946878282658,-0.657346296307904,0.723073648551776,0.056443176863487,0.337674112190796,-1.82879163033707,0.0586162166912433,0.146150861905954,0.137710427458568,-0.153415267511386,0.699513546686937
"CGca",240,-0.661719046426213,0.272243535540976,-0.160941565942515,0.49476133692294,0.313403492040445,0.0762587236645486,-1.28278777924499,1.0352062150548,0.37422953510074,-0.192560379212427,0.0312677319155396,0.550985297973495
"CGca",241,-0.730085287135023,0.300647608003543,-0.084255887874801,-0.578531427275697,-0.167682850162641,0.51973157362726,-0.681283332782145,0.182640458914903,0.317896865160692,-0.162893506899495,-0.257987179433903,0.732001943692919
"CGca",242,-0.705614983048541,0.31385061348023,-0.186144355915873,0.204328924858918,0.0428949207327463,0.226401485701979,-1.93318557818402,1.07390105686923,0.103502374999983,0.17023804905399,-0.218912758902927,0.519306258199588
"CGca",243,-0.339755787323198,0.265433959337636,0.0949109711813816,0.404269956534255,-0.119108939539535,0.395179368228651,-1.91053553351632,0.968758971131856,0.404293601624085,0.157216493758707,0.31016635645641,0.0199460616689421
"CGca",244,-0.655945762596593,0.330724784866448,0.0130145074651589,-0.184960277195253,-0.0741267182174546,0.332222332202052,-0.928230599838577,0.58328856827924,0.129439125170092,0.00768628593039323,0.0297188146004162,0.236675115372606
"CGca",245,-0.59276072430918,0.323210631402434,0.510089770246181,0.280356316690209,0.232168671358392,0.0346529705194309,-0.843070351682236,0.803527652324675,-0.176825085370258,-0.201484171427968,0.127996630861607,0.432932354717891
"CGca",246,-0.122581752314989,0.140962887691517,0.0272564509993387,-0.362312739954997,0.0661293010190345,0.307176659403988,-0.785972546578145,0.257728792566342,0.208135948533869,-0.0456618386356202,-0.148929199554185,0.554082619227049
"CGca",247,-0.509701583024163,0.328212563036416,0.0909356581044172,0.379173750518539,-0.0722893410278939,0.273230363386177,-2.34177958875219,0.601708517181098,0.790243363204796,0.650932464553041,-0.0593020694516205,0.103564140361328
"CGca",248,-0.467400062775732,0.276056284951889,-0.37794303658835,0.413759012161393,0.244131250468723,0.1245120382035,-0.815317018215146,0.686624601668544,0.344181526927508,-0.105346518753213,0.161859049073326,0.24729572863844
"CGca",249,-0.690999406375885,0.346121254381096,-0.0611579036173982,0.181408553481094,0.319133416718095,0.0878399484877417,-0.773631231326358,0.128327733230074,-0.069464068927514,0.0890423861628549,-0.0855052115078509,0.410895791708069
"CGca",250,-0.981844789595785,0.473456568761286,-1.15508992678637,0.337632065662883,0.0401659680408294,0.578854865013757,-1.49405928638684,1.14754130107501,0.179015116578604,-0.388319586565385,0.133070879965131,0.697309636868515
"CGca",251,-0.698861341634207,0.336490416211499,0.261638568602751,0.323009146921064,-0.231290912231624,0.356261232396423,-1.38144218643957,0.129583407597612,0.347897656344014,0.207102583972127,-0.062539006292984,0.362432718437211
"CGca",252,-0.380717191190662,0.230023965537792,-0.291191705473236,0.074679854631534,-0.0527423776831581,0.405092412231473,-1.2157327695415,0.745929062964337,0.187596327201373,0.0531571302436554,-0.155762186591376,0.450289800054379
"CGca",253,-0.471675291573592,0.327033493715317,0.0864276158864013,0.560069658615177,-0.0252117679881246,0.299079750026528,-0.578414961553605,0.182254611694331,0.984767452018469,0.0132484872289473,-0.106101932607219,0.330542515530465
"CGca",254,-0.79079096825137,0.44544449744291,-0.0019336817998072,0.203733368287026,0.0814001288483933,0.187040238352886,-1.39347605584182,1.11163112675901,0.086907624992712,0.0497021080713135,-0.185068754042661,0.490923152654352
"CGca",255,-0.250465567682348,0.264786822010915,-0.0450523989578586,0.613449166265125,-0.0541449988284812,0.326262011789701,-1.73873552707057,0.629654107596889,0.216010527247798,0.203237305788121,-0.192758048256945,0.558867629382744
"CGca",256,-0.0777562762575316,0.077773657533949,-0.177123850343831,0.0605658930642172,0.0605295261777989,0.337970880827363,-1.30420291039673,1.01773869888835,0.422957865442999,0.208738178780992,-0.0590196917105947,0.157836810750294
"CGca",257,-0.105148310608744,0.154032328190134,-0.0918097028984986,0.177598149721187,-0.144765113672158,0.460493029281859,-1.85322932699058,1.26129436462489,0.285132662876391,0.14577120965036,0.098208540761684,0.213254873835631
"CGca",258,-1.04024332578741,0.464256972641582,-0.190184635006856,0.306151025857562,0.0934813056997679,0.279402867218861,-0.901332732470086,0.366419925448932,0.0124414379443807,-0.245683220545682,0.101521670034957,0.611168449404181
"CGca",259,-0.389497211720945,0.253010752999859,-0.490935723193239,0.519977059477943,-0.0889558285933365,0.451558854304419,-1.63384012224779,0.655361449754668,0.826817574093909,0.0938963939255523,-0.161250613151666,0.493347479123726
"CGca",260,-1.26932782433533,0.568264108339077,-0.621250922236155,0.230051698368713,0.143497018819436,0.345435085146882,-0.662785190317881,0.582806602739256,0.0879891196821394,0.00663331923949093,-0.219500433049733,0.448798385317068
"CGca",261,-0.065386422478468,0.226227070219572,0.0674717490113909,0.276467328005797,-0.055463640978632,0.345514567689288,-1.28677550153477,0.149267867331029,0.408386866601414,0.111669935378903,0.160234456143123,0.195340323468869
"CGca",262,0.375181752167279,0.0783085965917841,-0.161547320582556,0.815732123183976,-0.227555757762861,0.471067380475976,-1.58912409881795,0.671754582885691,0.0167324153002245,-0.0953067801361086,-0.109161913491028,0.783853099297878
"CGca",263,-0.756040752042927,0.335747105318117,-0.0215124599189303,0.686976360749675,0.026188938358749,0.224387295541102,-1.00658188875514,1.20804834616294,0.15736930163537,0.210653461563163,-0.0572729023780853,0.0937213678970464
"CGca",264,-0.706042138996351,0.392728780118567,-0.734850868482298,0.531472465487035,-0.274862878539446,0.698203110568068,-1.3485662983396,1.15531899450625,-0.310826466143389,-0.318597805233288,-0.00567448580440759,0.799346728375716
"CGca",265,-0.684879540804899,0.360385519622183,0.016103461295982,0.575891324663312,-0.1593488543512,0.391936955876483,-1.92221093818719,0.859153998082235,0.342330898575559,0.274403449945915,-0.113996342856654,0.301850535858438
"CGca",266,-1.00141837580278,0.429543128229872,0.25832333632547,0.779655793495795,0.356047203099837,-0.0215321938855671,-1.1403296486136,0.95913140955505,0.101421105435725,-0.136753408392156,0.199309172259024,0.355825253690736
"CGca",267,-0.516225662983273,0.307491604540081,0.108695067248379,-0.0596500412541489,0.173994210859109,0.18173299066536,-2.10423506576634,0.721635708080723,0.787565072127239,-0.0191995031002945,-0.0529037582284841,0.610366382407249
"CGca",268,-1.16894145632139,0.495378330874604,-0.326191034245596,0.0574395284351869,0.0925308933249879,0.419173913879153,-1.52879112373927,1.27930322386709,0.521715092915172,0.0711139208475597,-0.0101792792001811,0.334177458403563
"CGca",269,-0.343394821344528,0.247946158229483,-1.73232701058871,0.364797426907557,0.154951717416581,0.667985198771247,-0.485261270836565,0.0837098273744298,0.586065321296367,-0.0500913383666617,-0.162226155224481,0.453684980620396
"CGca",270,-0.545956472474712,0.298662961903224,-0.476574856042646,0.0544277352507876,0.198545589558677,0.305787046176322,-1.45933652717083,0.790904889284614,0.312500668591603,-0.461498337638048,0.0764561940903865,0.937499958023993
"CGca",271,-0.595177297874332,0.348313891606013,-0.2532204967504,0.530692098541988,0.173264891127448,0.169257464378885,-1.73174930404215,1.05663702800802,-0.338140065354153,-0.0862766373426282,0.216987978572284,0.487827507052947
"CGca",272,-0.0483476386863137,0.200751719444924,0.598536084318197,-0.0666675286805014,0.275210323961939,-0.0833523432073842,-1.60648156842407,0.838377084527408,0.104106057628032,0.397822786797466,0.276885893455327,-0.254286926509181
"CGca",273,-0.348952854622096,0.247472412573682,-1.237480161929,1.33142237863142,-0.0447527046692544,0.509205123713717,-1.27490185455637,0.462277843043402,0.618017981536575,-0.386699565442008,0.410369024259675,0.577277324535111
"CGca",274,-0.4774888904894,0.274493499187899,-0.167691198215577,0.19856691489366,0.19529607851209,0.149851140662943,-1.52604589063697,0.302474083005587,0.358672393582498,0.604211969261589,-0.0470869348544767,-0.0569473298595136
"CGca",275,-0.570599693752282,0.260803087385806,-0.463703975846692,0.364696481964897,0.0289657990014993,0.348550346165569,-1.70815546642053,0.922632854236887,0.199543395764531,0.0929394069515773,0.291525619587357,0.224674845194624
"CGca",276,-1.01177015433764,0.430342169954534,0.0446427664310616,-0.0600432405609551,0.0884923372676876,0.228608568952128,-1.14562383241257,0.742075805892468,0.745787731111845,0.0270936099854064,-0.236384755277865,0.493806173824831
"CGca",277,-0.292549742160999,0.212798784913824,-0.436523826690089,0.466982178612581,0.0328790377197558,0.325261972599692,-1.25022942887164,1.17867077166347,0.0976419260410269,-0.206408183084885,-0.0229469778727729,0.624705376936475
"CGca",278,-0.456913079392132,0.274163597217563,0.00832579275752088,-0.076361593955705,-0.145315044080872,0.449120782086365,-1.80853041171063,0.0843720622499143,-0.0271240171471436,0.348256911787282,-0.0600528103899227,0.380750625820454
"CGca",279,-0.242736701591404,0.199479681634322,0.227099655095527,-0.0650484369483606,-0.082367094961803,0.414986579555258,-1.68898125585549,0.343457645182923,0.408483841740144,0.370025860742713,-0.00958919554211903,0.1102620168005
"CGca",280,-0.560767311022789,0.258678458656762,0.274964598538608,0.239113431960617,-0.0283862387574072,0.179818135332654,-1.56671918613779,0.714868537210561,0.452318236504539,0.0774173038189371,-0.180883461000391,0.552444591161651
"CGca",281,-0.56571502867457,0.331353464363523,-0.0601399916007421,0.17608605523937,-0.286940416273001,0.598252827941738,-1.12066947468766,0.00407360119767907,0.169482237517419,-0.392421683527609,0.264303234924475,0.748170869710915
"CGca",282,0.0602520158156988,0.21256155088036,-0.292534002827348,0.614575848326895,0.357560274578245,0.00221171767706443,-1.51431317609736,0.706294263487271,-0.133790960060749,-0.165398902614661,-0.0213146724503447,0.83814090823018
"CGca",283,-0.227438484021819,0.235196296729254,-1.0569506252326,0.476721765526299,0.176330036699538,0.373160720060956,-1.56055494674041,1.28772554290343,0.14752943632679,0.248095210584767,-0.00427329504870262,0.0409497136346942
"CGca",284,-0.852102509514855,0.405567767354837,-0.467434842564682,0.04076308954214,-0.0896909572190378,0.519383688364813,-1.53945592538735,0.609935284489571,0.138766423016592,-0.176277627497983,0.336249183800576,0.36898848989155
"CGca",285,-0.301715406586971,0.240742570037842,0.140691377095877,0.719063163417766,-0.0507597688790369,0.22523401737114,-1.52562015095804,0.375639533867925,0.559626674395431,0.0548873751072211,-0.0778621775449442,0.489728427560409
"CGca",286,-0.341951700286735,0.294121327602616,-0.142469105081223,0.302765578028046,-0.139575866187923,0.400480771329087,-1.61507544264536,0.610438302190203,0.266306211649057,-0.0990062759941788,0.25392846408352,0.366673032864358
"CGca",287,-0.298192550138571,0.241903681060876,-0.547784773918417,0.153120158132778,0.0456286558831682,0.373382927788088,-1.85432304590703,0.986065758775819,0.16162214853906,-0.0703022212539211,0.0191962327387293,0.623243835102387
"CGca",288,-0.204415022263778,0.186657163849271,-0.433194577560446,0.191579688524488,-0.0493820370457485,0.449753223518667,-1.62987621208688,0.942467606936811,0.139547339451123,-0.120145659734021,0.123188633137008,0.546194319729359
"CGca",289,-0.207155287823586,0.128524827528953,-0.433781579048745,0.467225166889368,0.295693130752519,0.120928520397259,-1.73145387779031,0.894339200582143,0.115244261286715,-0.025225268994356,-0.258650471763345,0.775721537936283
"CGca",290,-0.533101210292104,0.321616311726991,-0.134153469305751,0.27415996543662,-0.399927534955901,0.668398693595675,-1.52232969890081,0.907207073381844,0.368972822074562,-0.149926144837428,0.144433949026432,0.478583789839501
"CGca",291,-0.678642563854167,0.334401015794227,-0.24750372320046,0.38344668684865,-0.309472009679727,0.630536731212525,-1.48436613454338,1.02642999917462,0.730020796661682,0.150083040114244,0.193713794392303,0.0827255398618846
"CGca",292,0.084106858546259,0.176520576809417,-0.511977485934833,0.799841506642605,-0.0975323761170211,0.546216945589822,-1.18660472904402,0.307526875603023,0.0989020960320755,-0.173687086511271,0.176298086319411,0.51130515082822
"CGca",293,-1.14768251560291,0.506456486785485,0.630842995867796,-0.511448859372192,0.385541082640559,-0.0605855603354793,-0.981225371476861,0.67456702436842,0.179478063106379,-0.0913431887805154,0.208529979965936,0.276817734864116
"CGca",294,-0.43831481690967,0.32845014129331,0.435971415698106,1.15023211969046,0.179597947348593,-0.101954895884899,-1.916664510573,1.31121699260359,0.783428052490559,0.0457794713570452,-0.225759225576467,0.544150552953448
"CGca",295,-1.1626591794764,0.524319553555594,-0.541187168005543,0.90977384588394,-0.162235142315017,0.480075733280236,-1.22921715691342,1.09791156499365,0.547319248359533,0.0713803109601133,-0.549670708043813,0.646884480060027
"CGca",296,-0.201889638000063,0.242154260025544,-0.181477042909072,0.0504673705103678,0.0243447474682832,0.377906767312459,-0.578904416834573,1.19959042598043,-0.357217330021192,0.227849725694005,0.379536083421415,-0.325257898217931
"CGca",297,-0.273432992372521,0.219545240377781,0.596847712781636,0.0872913662090244,0.202049296131189,0.0323966489483028,-1.28035705281768,0.317344550238658,0.492624238312678,0.0271791276624504,-0.137692933878515,0.57740348874961
"CGca",298,-0.0409924324237136,0.0984093997995251,0.257512781896756,-0.117287587544784,0.0205064395963674,0.286553223885193,-1.11583719305987,1.0977996734965,0.212978733535979,-0.0776733310957476,0.0121745499009363,0.327111829806886
"CGca",299,-0.37502309562205,0.298919902231732,-0.377769869657529,0.328546116919841,-0.0790075116763159,0.418614180558367,-1.46279808858904,0.825501702136676,0.809808812852101,-0.101917653591473,-0.0836366580088934,0.481398598922064
"CGca",300,-0.137289206127859,0.223109553892936,-0.415496042903448,-0.0191541798392502,0.137151293800013,0.342787180431682,-0.893550158482075,0.772260609023044,-0.55516263095627,0.0523674638007888,0.217677520603046,0.14933465941504
"CGca",301,-0.745099473991015,0.320306113632042,-0.285469474520575,0.221361686611161,0.0394305559225068,0.431190155582279,-1.20825980717922,0.985460565275032,-0.191998247870641,-0.0142941842319255,0.133435749744695,0.273122175880309
"CGca",302,-0.522883663220987,0.326799589272633,-0.259616667599157,0.321389881979257,0.103438164265324,0.305844926100964,-1.38792270408294,0.44240982649433,-0.0843000214949122,0.0816593768921435,0.169392881693069,0.365374040754546
"CGca",303,-0.187105799185866,0.231136685937734,-0.483282555411679,0.519417732417784,-0.103347018486736,0.412639245136062,-2.06304457445504,1.36611067645121,0.703048542927487,0.0835506784071645,0.0759355083607558,0.245524646009564
"CGca",304,-0.702980667173433,0.394972032805417,-0.959647178548861,0.325277764035915,0.0288800821752513,0.455895075987105,-1.56151963738829,0.86627416261867,-0.0952751405715815,0.265770483378768,0.24039370524084,-0.0431486436963128
"CGca",305,-0.322226567840231,0.200274255569052,-0.367015073253212,-0.0254038546378291,0.157435340355492,0.33667423141865,-1.5995054087571,1.03929930289186,-0.114812992081799,0.123871279604146,-0.0735445130461781,0.39066101328504
"CGca",306,-0.281600405599211,0.214528094763167,-0.0630707389660371,0.244585891638206,-0.0102118517488931,0.252319214713812,-1.82648462416869,1.56315639357277,-0.577270657943924,0.00771679580678225,0.0806957224977847,0.46557380261445
"CGca",307,-0.198404968394506,0.27783282441039,-0.132432350699663,0.258270236918663,0.225089996800428,0.165513926283928,-0.956800993042638,0.969381918036338,-0.885080978845122,-0.140768214244917,0.00150806957803187,0.681010251295564
"CGca",308,-0.484757656540868,0.283544812247249,-0.024711312002833,-0.170200597368004,0.29435979128255,0.104915716385437,-1.89695987732651,1.01908117310583,0.437748834312761,0.0401213445902697,0.219305643080526,0.244996191841185
"CGca",309,-0.156666304361604,0.0697568165759308,-0.00339230508716494,0.306561293429572,-0.126908349338225,0.374425839163308,-1.65978212654161,0.257080530868278,-0.0558504812290452,0.25703636411408,0.0381976531059768,0.397319653987897
"CGca",310,-0.403668336959007,0.256950231402586,-0.113002212500384,0.191543443162118,0.171523899738834,0.165985932064638,-1.46092617592746,0.908699139918841,-0.184095049700867,-0.0192356597102367,-0.148055586126972,0.66170487048073
"CGca",311,-0.494535931387414,0.337329867806125,0.871933887048849,0.0911297341127064,0.266585337302199,0.0256983611384716,-1.65206061065567,0.328507318516711,0.697285529421708,0.208052542929065,-0.0737027009317931,0.432625004907653
"CGca",312,-0.86323597998143,0.464754682322344,0.0717642465868974,0.118977090266141,0.335791705964086,0.000806481690554756,-1.41089107186261,0.627695279876506,0.675679108015286,0.0353650666373793,0.288429418274805,0.109856410994108
"CGca",313,-0.427871686799722,0.319357342375811,0.15511347052485,0.52708701237749,-0.277618346031795,0.47823071945041,-1.69993426688413,0.598455330323495,0.0325366207629091,0.130683597808079,-0.101348539942288,0.496265826363766
"CGca",314,-0.667646378479145,0.385184040815019,0.332928977813249,0.568030390874099,0.176848464966753,0.057915113672788,-1.93271406096341,1.24811720341529,0.539454810752798,-0.35406823993526,0.335583978737271,0.501202475172217
"CGca",315,-0.663435347372333,0.326429240471661,-0.148996554437369,0.294381756046919,0.225337239556007,0.12216396099346,-2.24558768864696,1.20001751684466,1.07701738493711,0.0733804410043654,0.23544299411979,0.0966411347973809
"CGca",316,-0.436652562557481,0.302546001854467,-0.39594511713353,0.380117557876474,0.268714198981775,0.202722952986521,-0.872180643067185,-0.178445343891783,0.629512156024618,0.150541576264967,0.00095482765399649,0.180268725419533
"CGca",317,-0.573458305175378,0.297003363496655,-0.653451754357801,0.116156688002329,0.0456415891937106,0.437913244956565,-2.1823837061735,0.948584148939357,0.923529821292273,0.222464486676348,0.122927328742696,0.221908038774911
"CGca",318,-0.480201457620848,0.24074291495913,0.277390499325645,-0.18368313920363,0.00797080300845865,0.266811682007366,-0.997250357054189,0.631760170752971,0.157109875294015,0.202193647217424,0.108387569267338,0.0314963390745847
"CGca",319,-0.169326380680701,0.189602605563279,-1.00357362933396,0.966395212524991,-0.3485083054481,0.726068955410898,-1.46561632677007,1.4173330451508,-0.116269284198891,0.10174330322705,-0.0145326970039604,0.288631445743983
"CGca",320,-0.205145503002793,0.17173521647999,-1.24981773927613,0.393037974032784,0.10669878112863,0.507688440257681,-0.916898956909606,1.27775196876145,0.00488490463331603,0.192270181832768,-0.147593205655226,0.197560153330492
"CGca",321,-0.468976613944766,0.219450380417839,0.501639591372856,0.497530360624449,-0.280607856507744,0.36050909646673,-1.89950732477278,0.52712939644105,0.122125317722018,-0.0473009026236138,-0.086271840093592,0.766504723553235
"CGca",322,0.238207270742655,0.00840560085376924,-0.365843124125706,0.826408217469676,0.25319338431344,0.119803984680785,-1.80950525859131,1.10845107607202,0.270753652010495,0.297959515758409,-0.0925452389413517,0.178910787829731
"CGca",323,-0.764507474835088,0.418447601394903,-0.130075839368499,0.561753124162771,-0.162792468109927,0.367662838478683,-1.64417073219236,1.18629421243386,-0.10236057814755,0.171548384579855,0.0600272191988109,0.265837111025933
"CGca",324,-0.757164943216918,0.380122832683628,-0.236336447838769,0.307853238876458,0.365752341274913,0.0650941238267097,-1.22852286826717,0.81302732534723,0.141659045561665,0.0964786197160396,-0.124265654938941,0.42772152467911
"CGca",325,-0.866265854363998,0.361791146314198,0.387978507799489,0.0133264903660218,0.053314909743265,0.0695592661906488,-0.688175029625549,0.223076270037764,-0.00909251199954014,-0.0502814409332153,0.237444927302831,0.178906305756334
"CGca",326,-0.457435177043248,0.31927035438806,-0.162061927582254,0.426641555668767,0.0859587159687776,0.225682541336338,-1.60569674513235,0.563903161223909,0.196306697792475,0.228143587712718,-0.0713168547191636,0.349838814730367
"CGca",327,-0.400127707349534,0.325661232378882,-0.570946307803412,0.519508451841168,0.107307880397867,0.278210315802182,-1.83754511039768,0.682222239742126,1.00674497861329,-0.25473749308976,0.0387277069100239,0.694877447953649
"CGca",328,-0.635901782329232,0.294620445379884,0.576351797521126,-0.152353701636193,0.0500263429682678,0.187685716391832,-1.40375900128074,0.238399676740779,0.687822798969036,-0.109081954980798,-0.0579551787979431,0.689635980024938
"CGca",329,-0.28463705124781,0.243983233027485,-0.427096301975272,0.860265308097086,-0.155963306172159,0.489742367783203,-1.33391530711287,1.02351561627111,0.615109878773353,-0.0880957520555484,0.00764958767654725,0.420337103217373
"CGca",330,-0.33767592501072,0.310817015703881,-1.14315834271007,-0.35238675735831,-0.210666433558288,0.887238438148016,-1.41079242032108,0.845196392982796,0.709551379110165,-0.0919193286380804,-0.381880798388124,0.851550112830321
"CGca",331,0.31927551093673,0.0852127886151761,-0.587268018445033,0.375358155678604,0.20967781922937,0.275640504471433,-0.879282404558254,0.440292221153004,-0.332509847191638,-0.120410724428455,-0.00236964903055166,0.626248667686875
"CGca",332,-0.76656836860696,0.417157386679415,-0.367563765347086,0.554476888079654,-0.0886273790945404,0.352294735315168,-1.62524827529365,1.21595869137723,0.480500916906908,-0.0878842537035865,0.123816211835762,0.313292969177346
"CGca",333,-0.377330678738532,0.278904695803197,0.452014554707377,-0.0906298231729739,-0.203060261380836,0.389229612508427,-0.521579229766051,0.30640340284539,0.562183038427983,0.00316585757851137,-0.049712144036054,0.269553111007278
"CGca",334,-0.514961301419237,0.272683716066183,-0.44403526994607,1.11341269397934,0.00708762682438163,0.358554549554246,-1.4051662631105,1.6256854624074,-0.111237349968079,-0.0290135433537813,0.0550841457088843,0.28540396925405
"CGca",335,-0.247195997753889,0.255243143603106,-1.00096243587223,1.00757900220878,-0.159853241571915,0.524161351951972,-1.41284045806481,1.28310794082684,0.0589151023903481,0.0301411210646266,0.179126252614259,0.182479624993332
"CGca",336,-0.33032196795444,0.225106581701232,-0.0984454888046531,-0.145440104893785,0.51313721697593,-0.0460669321435734,-1.51149755717217,0.731499714455339,0.218031576229648,-0.35395063347463,0.263697949364238,0.642775318772724
"CGca",337,-0.0103449490070841,0.167856636649732,-0.400731123122075,-0.024411713965214,-0.219804287555533,0.641062320829452,-1.86466083156671,1.39977513569484,0.646013845346144,0.27470792088316,-0.0324398192357982,0.0852909578342799
"CGca",338,-0.407377586800163,0.317830735920309,-0.93048193315678,0.467171362453688,0.223992734050045,0.296116861891312,-1.37135438561897,0.672579707516504,0.18881763743979,-0.139212171218016,0.166462326913419,0.428130080003104
"CGca",339,-0.155699616293332,0.142933391173696,-0.591924525223634,0.770445274081492,0.0544974038133844,0.397851841435974,-1.65491699428794,0.949709573354523,1.06595648156618,0.0121143913108445,-0.0575813409658531,0.336118846759046
"CGca",340,-0.439211130071617,0.243704255710255,-0.545108992837354,1.02227781290625,0.177654474864822,0.140212218100828,-1.23090724245667,0.449648140405228,0.543245180850644,0.0947037524356531,0.28921790795634,0.140378417419838
"CGca",341,-1.23220926158721,0.47661414641189,0.267173821078508,0.892900623868728,-0.243611055435057,0.322772862149372,-2.42597644916506,1.81748936890665,0.342374547918435,0.154066833552664,0.107102864531843,0.300371035638248
"CGca",342,-0.236668608650946,0.259501856197639,-0.868980928315586,0.238853067930121,0.00724477467360005,0.537782598729528,-0.804977113396659,1.29032059882839,-0.25959159296207,-0.0876906233483641,-0.0236731673639084,0.322703312837624
"CGca",343,-0.688847051682999,0.305038145706233,-0.049237531824353,0.0445846062307038,0.217082382553574,0.240727896782542,-1.95578356821792,0.82819571719685,0.423199193889743,0.0920046973258266,0.202637737212287,0.26720393418596
"CGca",344,-0.571918427364007,0.280203694714537,0.148376134564284,0.446438723333062,0.0284300981927713,0.185257141533062,-0.716892407874681,0.717673049590178,0.14877036201025,0.209463088750888,0.0509530207262335,-0.0152395887487065
"CGca",345,-0.72762424984317,0.437458455944983,-0.31259992874773,0.620712405314171,0.441675069062724,-0.138853253474233,-1.75781667506285,0.872233272678604,0.505627783217715,0.0414744535948775,0.0160599993566809,0.382201954971714
"CGca",346,-0.794983355522118,0.319751958470391,-0.819885765866019,0.142783594323731,-0.222439861250784,0.669738098551576,-1.64355273669643,0.288581670002985,0.240544836811464,0.0311249377911449,0.0126833352970698,0.582705178127513
"CGca",347,-0.594459084996328,0.371654637023238,0.134116467424938,0.114559082505879,0.0110168317263729,0.237107474593403,-1.16402768303809,1.04267577537715,0.552214133072408,0.0609005474459737,-0.0974967890577864,0.341745268647823
"CGca",348,-0.702804561876231,0.327669850288771,-0.304179482775665,1.20248918319997,0.111951411978038,0.143807175413311,-2.2442144320895,0.764894716427487,0.644169748881772,-0.0610210257402258,0.497411922595498,0.267788202930891
"CGca",349,-0.217640550335922,0.183882376258826,-0.746828950137535,0.583647887911827,-0.419149722995951,0.816558077821514,-2.56643276958929,1.09766042402771,0.00190223260788016,0.236419384431735,0.0839168709708547,0.460636635756331
"CGca",350,-0.633794992657802,0.336720546206605,0.293610882456901,-0.179272350198807,0.247789792501301,0.126855138371372,-1.02628949456061,0.981335962553783,0.44292205367405,0.105530482611515,0.0257043474967184,0.153123736645018
"CGca",351,0.303341655889898,0.0811944762196623,-0.0587270711508469,0.0226027002991387,-0.0758886546144916,0.416145575701527,-1.8390949627318,1.11202992733406,0.383464799130252,0.0653912497304189,0.172113473013205,0.2528067760905
"CGca",352,-0.241268239341329,0.274450773829828,-0.147327450892061,0.416735224445259,0.00820191851225748,0.244663807874474,-1.66577023063488,1.11671291264733,0.227676177664555,-0.00594080562752306,-0.00760391117263784,0.401307848062239
"CGca",353,-0.202122507149185,0.17021764661218,-0.251467750253197,0.650128337157033,0.111108124255587,0.276747750145346,-1.8247603809021,0.913648899442276,0.231256457061241,0.166201391369837,0.146812872113317,0.176725277609176
"CGca",354,-0.189369507486495,0.252698478902947,0.0778226935794113,-0.0480089247028823,0.215299255393047,0.0781423649425434,-2.13145223659653,1.21972521446263,0.442598688141752,-0.0131000500093492,-0.177122841885937,0.761347771188614
"CGca",355,-0.41647349938088,0.287560731877563,0.145887222215009,-0.00445728158946953,-0.0195600196293718,0.282813795761787,-0.404726151837416,-0.211592971919134,0.436445830049875,0.125133279985705,-0.154480145337259,0.339866311871546
"CGca",356,-0.455171372399707,0.24750318116761,-0.0518941529527532,0.509361580497119,-0.059350208001347,0.244823170337468,-1.59618407180785,1.34791026116094,0.432651594623742,-0.328101671805876,0.291340689083974,0.462217286156181
"CGca",357,-0.343453568189727,0.188669555110374,-1.52596993564053,0.569329293499928,-0.0516777696268555,0.72196926968876,-2.20134537283313,1.05058192492691,0.328939669399168,-0.00144353411382103,0.269677851363754,0.307730353025573
"CGca",358,-0.883503925457762,0.40126627001478,-1.04042307624856,-0.177823773762106,0.442680478063105,0.284919567979991,-1.27390011845012,0.301197530479845,0.297624612380019,0.0112518141812516,0.183844573763275,0.303220902181187
"CGca",359,-0.215890830080434,0.229001269308848,-0.272447931894885,0.327219245813159,0.111856558190423,0.184643974507151,-1.25196787292815,0.642840449669685,0.269852183662983,-0.219687210781847,0.0857088716869503,0.578750106345165
"CGca",360,-0.439167373321038,0.309292019403699,-0.327476583035384,0.207431062775375,-0.0743098256671591,0.477829163161151,-0.905333759404668,0.837716645909929,-0.173404519950424,0.0338638453081791,0.151399031090731,0.130910486009848
"CGca",361,-0.0649787759221434,0.190520567187421,-0.202222730190944,-0.390599877848016,0.015281201061321,0.457884335395167,-2.04249682245419,1.40972961128854,0.667912198814568,-0.270641312426754,0.0215627452815537,0.681311115225883
"CGca",362,-0.823242091201699,0.386108166235022,-0.742301898366459,0.372048439147733,-0.0830667651544764,0.52835042949027,-1.98246982780944,0.693980893025972,0.706233230778979,0.240751805022128,-0.119186173075902,0.322437481490219
"CGca",363,-0.67138134946517,0.34740945263982,0.944180045851966,-0.0178184858334722,-0.0539519493986401,0.213365786985132,-1.93846320135803,0.853447211489314,0.817334166757271,0.133796721675288,-0.0406629939797002,0.358966297197984
"CGca",364,-0.471418404509769,0.345487512529107,-0.760151924767291,0.693397084960562,-0.22737479086646,0.673199239075343,-1.80544210389283,-0.0407480696912329,0.0326116866531568,0.316680689717736,0.014234090438702,0.442214630898077
"CGca",365,-0.300098101136455,0.265144038025588,-0.166004714177786,0.125813352579663,0.309454182880634,0.102400772945671,-1.04411363555451,0.777628816205044,0.0321284485220903,0.205180156946963,-0.0462139666491351,0.124644725582514
"CGca",366,-0.695900870132444,0.393892175200897,-0.30777710086841,0.857861342045261,-0.349338852825466,0.576736558430965,-2.00861951780164,0.608817870563774,0.0109700053347354,0.357389101027634,-0.111655941171617,0.37555911803653
"CGca",367,-0.477004078870342,0.2757829760068,-0.504400685806435,0.492384818364371,0.150480949127455,0.307081771448202,-1.34660664542451,1.05067950439806,0.166925759539333,-0.102543127697935,-0.130074043237958,0.64400949431474
"CGca",368,-0.916667822337783,0.397109025288489,-0.204912023348022,0.11859630309986,-0.158844664095313,0.508859241390246,-1.16269506126075,0.708388500016335,0.0119162558636652,0.176229783717875,-0.262977547207847,0.487406683064892
"CGca",369,-0.368299364021252,0.276399434935254,-0.389957732289219,0.310845923642917,-0.0719335399114263,0.459467523796755,-1.47971941152692,1.38611418831099,0.192680741328535,0.287255198810212,0.226684193178405,-0.0789865277017322
"CGca",370,-0.517455974990039,0.336863538174843,-1.16738222898543,-0.151980855222003,0.425147253309387,0.29700321795731,-1.41995245612385,0.945819259506298,0.241489679388268,-0.12170392735022,0.219887678898906,0.316114259114556
"CGca",371,-1.03666408841416,0.519989238892524,-0.388693961569069,-0.140529821359013,-0.110496132507106,0.554532591104264,-1.79028437700555,1.14549438463287,0.324935806948127,0.232410993491187,-0.115116644818701,0.32375249078346
"CGca",372,-0.308950213416052,0.267053087336886,0.306358414274558,0.39340136336996,-0.200006826041472,0.414362527179065,-1.80260507627526,0.707666829958165,0.294277486753663,0.206982945810133,-0.112023680789727,0.454145612122704
"CGca",373,-0.57539175905505,0.283600741702227,0.144047565839231,0.31418927068403,-0.198837472498907,0.462444204656278,-1.68957035794672,1.32287436147621,0.270436494159129,-0.0571969067300555,0.0093253021096598,0.420268617666447
"CGca",374,0.012833570854331,0.243880741466778,0.980438789919867,-0.224110561242841,-0.0894573175818105,0.185049079605951,-2.36566090132648,0.914341121981945,1.05162696044911,-0.127665626750211,-0.0673539234468934,0.77861039527515
"CGca",375,-0.155627109084275,0.244419729160337,0.120920213672073,-0.21416557513376,-0.0860612597796043,0.426867963959479,-2.55418441995219,1.56432224135341,0.14393815190276,-0.147046226495145,0.468758455192402,0.271011988602897
"CGca",376,-1.26245557840286,0.556649369457623,-0.485406550342855,-0.0921808746637036,0.101708487662539,0.385953210141674,-0.943065873581243,0.359847507384594,0.43717595617303,-0.0624779666394819,-0.202633224535638,0.62944314453153
"CGca",377,-0.606219972049076,0.317541625704369,-0.226362113796969,0.197049531465662,-0.124209116941335,0.473987187508153,-1.50581208507749,1.48183334125138,0.442672641729691,0.148395266147668,0.0492355423989893,0.0554884041630803
"CGca",378,-0.00697567659203335,0.097073541727987,-0.507538372141128,0.106116017756628,-0.0574645419273453,0.49255901376147,-1.04453080910995,1.28588304901632,0.349882428105798,-0.131902967842173,0.000449852820800163,0.358935526291631
"CGca",379,-0.819099301279206,0.390392781734629,-0.181730447668886,-0.212565268305479,0.387492566759336,0.0768603910531585,-1.45717810603149,1.17335185840751,0.162638848993733,0.303851862502998,0.169835782661257,-0.105164911721383
"CGca",380,-0.346010055830441,0.233686544436775,0.00741691227405033,-0.281096787956413,0.0173555366116596,0.398986616452813,-1.71688474798427,1.13067651001373,0.0538430496036177,0.537752263835623,0.042168973609934,-0.0581198959503234
"CGca",381,-0.366016220420393,0.267385677836305,-0.815255051630292,0.346043762645135,0.369847497043067,0.21706968323117,-1.3992548142246,0.51301953055229,0.0237979639573083,0.16277235643185,-0.0296259098633802,0.375156321203886
"CGca",382,-0.231962234071469,0.288524880688702,0.0852713653732271,0.0149700460891799,0.179883564864062,0.196819280896449,-1.61765202140104,1.25135475193047,0.421712554080823,-0.196461169098371,-0.216921332053909,0.784692442698672
"CGca",383,-0.171653722094952,0.188005499197674,-0.126106989626078,0.295280674726537,0.359589637131134,0.149586151343434,-1.1979913864349,0.200098528414997,0.500657990384862,0.203881247401393,0.0333084658860518,0.147093117775451
"CGca",384,-0.500851747654475,0.283368687692553,-0.300631185343026,0.536686084264919,-0.181116956253599,0.470464659745182,-1.30181420111575,1.02797569852089,0.637561329250159,-0.277125883188248,0.421386845087255,0.165905563031837
"CGca",385,-0.367198808258377,0.270785717463768,0.373415970687282,0.166149676168338,0.21862141375477,0.045060588677878,-1.23519359207113,0.12768903853459,-0.0454161223684357,0.128885340393941,0.2055371838071,0.251304442356712
"CGca",386,-0.488545491506186,0.324616669550334,-0.282349257379886,0.0561738119151173,-0.0998069504855386,0.537435728797221,-2.18404090789732,1.25746160803514,1.04399425580096,0.216530492415164,0.0156583614374002,0.201591009632185
"CGca",387,-0.903833190992525,0.392927457362624,0.122852879266775,0.149494301918933,0.00670972264363257,0.277660960299862,-1.53683750961099,0.75342602939872,0.0766396394465761,-0.215901818857457,0.00958727772036237,0.737590613994904
"CGca",388,-0.0677318331540409,0.14403744812757,-0.610337626884466,0.521772864131416,0.0290615536270402,0.375491569355939,-0.53339410651203,0.915945956093861,-0.0813143189470414,0.0696938155294948,0.270898443285695,-0.00270265193479361
"CGca",389,-0.122032919239672,0.202170536817067,-1.1538330664664,0.448658545807262,0.0874918193756413,0.528293843836635,-1.1938921930468,0.153076050718865,0.220836575534775,0.0630127418065279,0.136223451718079,0.317063382571196
"CGca",390,-0.623482806714616,0.310447208654911,-0.247684331900693,0.831949184212305,0.195539581589823,0.224382790766483,-1.50480268568765,0.453726883880156,0.238183911486186,0.0938171086319776,0.302693288172379,0.190613427939861
"CGca",391,-0.460401820240984,0.310598472728207,0.206960754440265,0.170478591303275,0.0345042445655181,0.184592611729095,-1.39979535227636,0.958501170577792,0.131693840776351,0.201232254038561,-0.00418710866530948,0.0909346942365185
"CGca",392,-0.776087313116902,0.417750670446899,-0.177890548273556,0.644467455285639,0.12110893331371,0.226113313581309,-1.10553144236531,0.615501619851333,-0.0164475945907349,-0.146579171438723,-0.0724555305093286,0.632725908154632
"CGca",393,-0.473682206148993,0.305051422405539,-0.186330104092002,-0.143797659199798,-0.0716241165393502,0.439112022528399,-1.76523655339051,0.792442450214569,0.248610499544547,-0.0026137622482045,0.0521235967743948,0.461490117814708
"CGca",394,-0.143921988552216,0.190682612624682,-0.0256852328821617,0.241481909805972,0.0472391134858211,0.221366919613067,-1.30242225025368,0.903012173622788,0.0953811165864459,0.386089878598931,0.0262309413781696,-0.107087107925702
"CGca",395,-0.161008452242999,0.150732084802357,-0.0974714568091953,0.142684883673748,0.238042183801316,0.121676810133429,-2.08301039802255,1.47240558952572,-0.206139611860157,-0.410197391836366,0.207967509305595,0.864797513548476
"CGca",396,-0.500375127741994,0.323854416559561,-0.668290720454369,0.170851233955187,0.0671083852637395,0.523114756803458,-1.57160305233178,0.0944235853789669,0.348762525326513,0.234349055900583,0.168499778511823,0.143025405671577
"CGca",397,-0.140648498553262,0.215694756774259,0.347538574920735,-0.0987376695890336,0.16813559541288,0.0809177205334062,-1.29313170751191,0.652581378431887,0.24018453442018,0.197326655971592,-0.094155594789171,0.293981644644178
"CGca",398,-0.132550280714723,0.128068982838159,0.0339534597626858,0.523938751566218,0.265881731002863,0.0667575188710352,-1.13518264456306,0.711301710665898,-0.0610694474109276,0.253830084597955,-0.0402427709232696,0.206639250672179
"CGca",399,-1.2522231210533,0.514798982766921,-0.0932074608338638,0.682953303487113,0.0694194075946012,0.155140790447234,-0.971224914220536,0.708890217616011,-0.134024535917757,-0.0521560982640048,0.176585088224676,0.260578600857769
"CGca",400,-0.688206818512341,0.313861852934125,-0.202878601876407,0.710170241775399,-0.0700096219306492,0.309572603365824,-0.536208899972705,0.780463845754393,0.0609762207940883,-0.0547695460673213,0.0205739721182151,0.221508772514507
"CGca",401,-0.541350098964413,0.412579396848588,0.0573082359873251,0.590509587776722,0.00486996006659428,0.194348881103294,-1.90266489557524,1.20888830364244,0.65668913945224,-0.0826921038590794,0.173241837925201,0.380671986561697
"CGca",402,-0.317406451158406,0.250901605544147,-0.464805967390739,0.328253826860558,0.103838579046566,0.361925227020156,-1.54088548996725,1.06201681571726,0.74319951107546,0.0377189214758958,0.158750009176916,0.1581199073654
"CGca",403,-0.909294762837375,0.421850427670945,-0.214097538258324,-0.0334629783204645,0.0766358562270277,0.337254408665509,-1.6976791685712,0.997910897120692,0.653247153446702,-0.0126396808390122,-0.341333849057368,0.677776446922269
"CGca",404,-0.089809689005497,0.115334032724828,0.401319277571775,-0.0661665194002263,0.302993734910419,0.0447719750525477,-1.03779169720219,1.00965336396026,0.384790256354329,0.216113114011259,0.0620895021709685,-0.058611846557045
"CGca",405,-0.561083484566004,0.309448656860382,-0.559894662817063,0.596944610774824,-0.196372923521555,0.517318496643956,-1.40524563412324,1.31885200255436,0.242142987448976,-0.2289226715329,0.0547543938491648,0.536516151449769
"CGca",406,-0.328152334630985,0.272214888069948,-0.18554172903646,0.726653357648795,-0.00841896227249553,0.281191797885087,-1.84357834309121,0.629765095616479,0.562202106331404,-0.0132509959811479,0.0289831588399781,0.478204204623587
"CGca",407,-0.628411915949418,0.309738588599139,-0.70591318343101,0.521662456868286,-0.448057214686184,0.799483434011174,-1.73301889375036,0.352966879669587,0.076454634160936,0.201338319055389,0.198415124136231,0.232300659575257
"CGca",408,-1.08661942996164,0.446411006666769,0.0622267831603815,0.501442400780752,0.418633996120605,0.054344693891187,-1.04910841741869,0.461501900043296,0.115171842906407,-0.216954713100634,0.305594991296031,0.451421420551112
"CGca",409,-0.834195816684359,0.418661979466985,-0.0164667012762379,0.381993562286776,-0.268699829597526,0.470383965147469,-2.06020969650592,1.26479933905409,-0.0627439740014623,0.266360048646873,-0.0269572790250735,0.281607211743909
"CGca",410,-0.562168191483484,0.314412624069658,-0.0517750457536946,0.154689863835628,-0.14520235020373,0.449402193980509,-2.29393151226387,1.253059180333,0.71265469228867,0.125238512264871,-0.163193046509449,0.497267906395538
"CGca",411,-0.486726593009847,0.299974847787926,-0.546698116121211,0.659847147304362,0.16404331946422,0.287039406837865,-1.42798478300094,0.87949477960321,0.283328877997558,-0.120239866869078,0.0712570725583812,0.446263873773953
"CGca",412,-0.349908865812247,0.30122289078223,-0.795944285310865,-0.302823170103621,0.106156395221564,0.518711535096039,-2.12117786351598,0.904907958507818,0.636208136058753,-0.10720591272007,-0.135435370780051,0.820686797302438
"CGca",413,-0.560030437974308,0.322589860978212,0.0912362446692095,-0.221078204923953,-0.0771017006041206,0.462411644303702,-2.19854113845779,1.70357338109479,0.788206732221265,-0.0274931714758593,0.0226687833608367,0.45100449263786
"CGca",414,-0.383104941381498,0.310122677571631,0.348169532079003,0.0833068893782098,0.0702181392230171,0.0844555763870209,-0.631244825757373,0.63637275542058,-0.0560793339196144,0.00572156412826108,0.0292395296271562,0.235131860430584
"CGca",415,-0.23669240396594,0.175337877158281,-1.19760735655392,0.733991147781318,0.0505888622145186,0.584700347069387,-1.18467889970283,1.05494125876903,-0.0721834943640131,0.0214755295778343,0.0497689177235939,0.265666269177629
"CGca",416,-0.692325056355129,0.309087656447956,-0.212577302349933,0.386366637206322,0.118066658628854,0.271183644573657,-1.27462813317718,0.818886168333158,0.823641401521861,-0.170773711937238,0.0533604812095898,0.454972276752262
"CGca",417,-0.286109423135596,0.241579445228546,-0.937737199800149,0.373707468984912,-0.0563137215517385,0.600795219762405,-1.83127223352688,1.60670436762177,-0.623775179531049,-0.00755699647930181,0.226700991109007,0.366394992510316
"CGca",418,-0.168186197890149,0.181372096104129,0.0442811559650787,0.00964429249435566,0.0404880215676296,0.291645600025571,-1.05728044804087,0.394666559735647,0.212632014968804,0.113435310109585,0.0145462871724392,0.276031742496136
"CGca",419,-0.686997039050822,0.357096636548135,-0.791194446198832,0.399960477046045,-0.023630297670443,0.493934375688942,-1.01580306409419,0.78385732604142,0.216743424150147,0.0525848545914107,0.0370859578414384,0.247420381241651
"CGca",420,-0.178167113843602,0.190454117931709,0.0111775128431345,0.745946206284663,-0.234022143146919,0.472933044469698,-0.95037388608869,0.193104123630936,0.544901911083983,0.177865283913506,0.117841228182407,0.0708752635924565
"CGca",421,-0.766417832099233,0.403269661200084,0.189797588471593,0.0971652606505198,-0.101806775283018,0.3985235549281,-1.05920240491342,0.204903403462832,-0.0629835663598045,0.109083496507868,0.255102207846679,0.216608548495222
"CGca",422,-0.470898494663989,0.26398172679646,-0.731523835915997,0.60048866934633,-0.321333441719818,0.714438878819645,-0.986567150147604,0.359156128258839,-0.0602043790714831,0.31499535314644,0.178711598208949,-0.0367972431361208
"CGca",423,-0.761909626346453,0.399412149197985,0.137128361545877,-0.381166163457574,-0.235398521932309,0.528752553801871,-1.51408826626998,0.898626624455929,0.127161959797523,0.137916363594115,-0.165299064987212,0.373993347642579
"CGca",424,-0.6805406137112,0.381009221472187,0.0397209237606764,-0.120945578208004,-0.0164949718104447,0.392283523883746,-1.18115782872291,0.133622206143142,0.39748399829081,0.0235545878733957,-0.0811804661605211,0.525969239352912
"CGca",425,-0.259760387752265,0.196556039509184,-0.0560159020484637,0.00698106031010066,0.0998783125552374,0.228204042585937,-1.92865146746078,1.4364666354925,0.532330023113009,-0.116777442698831,0.244576981299097,0.357509086492431
"CGca",426,-0.735418458739999,0.370443302934405,-0.0248945766524945,0.731572192075156,-0.246548394585297,0.376529607018627,-1.36600970569993,0.406180124764114,-0.191403423238864,0.28411237813959,-0.314906244793554,0.586848997765221
"CGca",427,-0.824648550903226,0.40621191504821,-0.545136713937899,0.861353337006471,0.10947595280635,0.251852248680241,-1.14409830180114,0.52405382387374,-0.285325262702325,0.256301789290901,-0.0986400724857505,0.295850502620007
"CGca",428,-0.869480525178811,0.467537951262539,-0.590924224289417,0.54907089413361,0.473639763361484,-0.0366418829138454,-1.19090914893369,0.761493402683192,0.661048920312075,-0.117719438990225,0.0136997767547383,0.415102370916723
"CGca",429,-0.941176597369589,0.49167848179534,0.321578464789998,-0.064698088627774,0.0254653752971579,0.261824790502846,-0.43667652756781,-0.034201998679071,-0.112273575868354,0.296071826178511,0.221688369060891,-0.0320854166844879
"CGca",430,-0.427841745303817,0.339898413589527,-0.00955554792991167,0.54805694509776,-0.0497112421827418,0.212226374025495,-0.447340423280243,1.05441751378709,-0.182835606075767,0.10521857482567,0.0531650477305893,0.0721034612960084
"CGca",431,-0.200248097350204,0.23542196439526,-0.316388159383166,-0.216456198130182,0.337168590412038,0.128566810051776,-1.44347151111028,0.845859994262901,0.433448730527891,0.0499030554541127,-0.141441371305875,0.44698465956781
"CGca",432,-0.0338576794882831,0.145621432092733,-0.765053385404456,-0.24099543334221,0.153280695644324,0.443538590429294,-1.58505758735465,0.714974471691384,0.0923095000567956,-0.0708598271338188,0.0539709945584378,0.568048900571296
"CGca",433,-0.421340026757459,0.247759650372649,-0.210558744378831,0.166050308545468,0.287501492643667,0.136009193831293,-1.48572320958002,1.27277282904059,0.269897666082798,0.133653239335201,0.176712603396343,0.13658249185646
"CGca",434,-0.65945249630704,0.349976828684423,-0.524410526645414,0.67220576111619,0.114774192527862,0.249436102105878,-1.30898923777774,0.146400699728278,0.925649000051416,0.130236932721322,0.18274136337302,0.113981088898088
"CGca",435,-0.397807646487895,0.256131225745065,-0.18420214207473,0.709271621562231,-0.443640213062228,0.693729310868176,-1.38395131505058,0.315882273656419,0.304255456251691,0.0796741406437608,-0.0474933806209005,0.444157707541098
"CGca",436,-1.15768293647558,0.494352251273955,0.0810477003965595,0.810377685922687,-0.0458008359740857,0.242184835400212,-1.33156491075101,0.572561683878122,0.191591633051482,0.358756404811282,-0.0491005198084218,0.0663883820389124
"CGca",437,-0.938611244699859,0.488878589791353,0.0729591432779686,0.751617633410942,0.0576208675679925,0.0691297660573032,-1.51735312410846,1.26401318954284,0.253360645919143,-0.0831826290181489,0.0421456030744668,0.437262598328871
"CGca",438,0.258930726363186,0.0507506375181728,0.0450327601153458,-0.167921207205163,0.040445267634097,0.369252584282399,-2.0056115857161,0.788284628264096,0.480635080013751,0.329062488818501,-0.0268056119550532,0.0929617109570448
"CGca",439,-0.649125993214047,0.398995009980244,-0.652364823536084,0.0382258394638707,-0.0608953360624634,0.564086672401213,-1.629760625738,0.99319132665044,0.40369500364692,-0.142969359058978,-0.0311327799183791,0.598898426420634
"CGca",440,0.160354014580115,0.0990332466916789,-0.217407416749925,0.369281062409683,0.155545395791243,0.267251507017693,-1.80586489419662,0.684790697804757,0.220811824920274,0.392571377275353,0.0986097084968486,0.0917514249885225
"CGca",441,-0.803025901654049,0.397553392272554,-0.263407456044263,0.674157987918324,-0.103585616573948,0.409348237328716,-1.40060900918297,1.24615382251599,0.00134927375252582,0.301254930321759,0.277077809779371,-0.00922494755170378
"CGca",442,-0.490533561450777,0.30053169269534,-0.327544431780674,0.819983699226519,-0.166305731829573,0.531276987996258,-1.25411805360444,1.00916942172717,-0.315291233488605,-0.142726061587226,0.235125418004645,0.412527505622546
"CGca",443,-0.879970354542536,0.397714282448416,0.0730254259358345,-0.0504698992992137,0.11288142617217,0.237018876491278,-0.904673600295512,0.623045489803375,0.125737550634639,-0.00193958147140676,-0.109901187468767,0.363159931697574
"CGca",444,-0.376038596930263,0.208453714747159,-0.320303703845587,-0.194988946044793,0.0614842522668775,0.405174890840177,-1.53646611618108,0.69988490472174,0.872446389279359,-0.0951434058864181,0.182635027954875,0.377282428978613
"CGca",445,-0.463382732957031,0.329231325153277,0.190301349104604,0.748986438377798,0.344728505664963,-0.149176198795931,-2.11322651246451,1.21816637478538,-0.301238110938135,-0.143733372186899,0.00355642641523405,0.823201952421869
"CGca",446,-0.284296876293315,0.177716284414378,-0.354661049902482,0.490341552087301,0.00783773345382577,0.415096720899751,-1.99082676149599,1.23495967462649,0.488662676476301,-0.0364799807788597,-0.100871340954465,0.613823476268755
"CGca",447,-0.647518797574851,0.32669697798918,-0.529211677518901,-0.034654869591461,-0.122542972174444,0.551141769905758,-1.58324501239735,0.677368498962803,0.0480287969829332,0.430038448524675,-0.260647832435096,0.309912422671491
"CGca",448,0.0481064608448365,0.126962213255113,0.206840012715359,-0.394173011217003,-0.282403861167355,0.610019452809381,-1.83583888431796,1.30131784562198,0.110060131500462,-0.0175274861550446,0.345735091300982,0.140694367685839
"CGca",449,-0.0773515156106043,0.0781016488651987,-0.420018263792107,0.219386346025795,0.237883614845067,0.186033748850113,-1.04025236084,0.539829882458048,-0.254405493452077,-0.218305829475755,0.280083338328161,0.451391397726504
"CGca",450,-0.397975529980671,0.215003481455242,-0.0434378012051079,0.553816043542015,0.177040857188938,0.211398720572639,-1.17380739650487,0.446614583776741,0.313043265546574,0.122760244952431,-0.114882163100912,0.436452889151378
"CGca",451,-0.608197406581202,0.395742807849535,-0.787806826154372,0.676163584229011,-0.0203363806439687,0.474017906785403,-0.858058436652211,1.79152724456465,0.283058997987973,-0.401689181713155,0.115058969057583,0.444733150226664
"CGca",452,-0.139797572032664,0.190431017700377,-0.289849693626036,0.278196996586351,0.137581480824993,0.238471827268308,-0.952723173467215,0.376697386162031,0.792667535841001,0.38555196191776,-0.3182436013031,0.1320062303615
"CGca",453,-0.65874140948298,0.35854625703863,0.140421016493111,0.869445996861601,0.099381405870245,0.0227298528685831,-0.720330843998282,0.975000138616067,0.356042801592421,0.197579852232229,0.132853056245375,-0.157824587189067
"CGca",454,-0.787005738166604,0.396054612044502,-0.269665937507956,0.0954763447096471,-0.0957347752358374,0.440936338265751,-1.83834689660281,1.45631767573613,0.24892354487488,-0.0513506203013757,-0.0286181807360508,0.430836251899785
"CGca",455,-0.784007115449023,0.305209647341284,0.811032753825964,0.59110310621166,0.0926841176463995,0.0155930514742046,-1.81897271334596,0.259759525324477,0.403127859673114,0.268345409774269,-0.178788270695645,0.487851382016918
"CGca",456,-0.233668984687933,0.170733778030506,-1.06932671368574,0.629923251187031,0.0388333408554121,0.509964403978592,-1.61131242818208,0.243924571959838,0.316398362763152,-0.0503707345780146,0.0196475061084028,0.642810064616136
"CGca",457,-0.211505672514881,0.10867059666889,-0.431969794357255,0.29215157654738,0.0650116379048833,0.322508400330389,-0.933856533535846,0.761347086291456,0.207454429211112,-0.110998571078565,-0.201895511077196,0.611943142268248
"CGca",458,-0.484855101244328,0.355417678834829,0.1813752232669,0.0813438599752597,0.0620553976996973,0.165319038540967,-1.82166816421672,1.01122423739499,0.181564562845646,0.0630139340512015,0.146253746748445,0.343086846703781
"CGca",459,-0.437444323359568,0.322108246560528,-0.623542167432518,-0.302075477635269,0.104123560546268,0.486243909427664,-1.52288062324132,1.20828778912707,0.689665147155849,-0.0322988921450755,-0.0987563877803226,0.408966362830086
"CGca",460,-1.14134824622108,0.467732445804701,-0.657636754011668,1.04340446444912,0.298210622890134,0.250239040994939,-1.1432917629534,0.67870330725126,0.379212550129265,-0.2080524668563,-0.00167226807035523,0.649074362409927
"CGca",461,-0.241969491773468,0.213625852424294,-0.218979509972203,0.624466868998234,-0.0319185671629363,0.377613435960313,-1.3651561514129,0.741293096358062,0.204939107287254,0.157689155985938,-0.0299780744138537,0.23598315333621
"CGca",462,-0.395199104608878,0.191103253165138,-0.608414228009179,0.790297964495258,-0.184063017154644,0.540015865209831,-1.12227116169309,0.51157357158865,0.395063570961032,-0.0163644595012497,-0.197465003970826,0.535354399244751
"CGca",463,-0.820672995710305,0.407591559797385,0.237786207959835,-0.0411135617008787,-0.0679096844062057,0.309097434007957,-1.14151876507858,0.736929216974868,0.148973156931119,-0.0411298766294869,-0.06175676097561,0.476123521709202
"CGca",464,-0.787516711620156,0.362716984302111,0.0380105733253902,0.734259767379954,-0.091130957052638,0.383843455554003,-1.20587636929915,0.89844949677626,0.472160457599931,0.281699959316594,-0.0664021906878609,0.0875160623401188
"CGca",465,-0.838316665427334,0.403362269585627,-0.636226738982606,0.578982482838276,-0.148504504109535,0.49013263700031,-0.925570989256662,0.596939290562661,0.367407678276046,0.14724425981319,0.0369887870785061,0.150578704206426
"CGca",466,-0.995900956111968,0.399501673065773,0.246957084190467,0.513846393020076,0.279263296119841,0.096927531233093,-1.60220587151344,0.448876311827615,0.297277134654659,0.0840291106039109,0.290524050418512,0.258545826084162
"CGca",467,-1.46532339843924,0.680160973228234,0.517728690289284,0.308629360934999,0.243819723791292,-0.0399941215387523,-1.54590606392817,0.771225481595065,-0.633135799989608,-0.0542613738900816,0.246813596714934,0.508092891402294
"CGca",468,-0.0384939844333222,0.164377576970185,-0.726799649898721,0.648408040007709,-0.00599158170496486,0.449477651261655,-1.06752049832518,0.523412201094594,0.471107275651783,-0.0416204046919202,-0.285047354268576,0.666956969453695
"CGca",469,-0.381079645672116,0.281938466337198,-0.154240397348922,0.681555040362845,-0.149883790403379,0.403239516533304,-1.29440241563021,0.852873309311431,0.499509653425069,-0.0855510889832154,-0.111079298354491,0.564647578424687
"CGca",470,-0.860161728895775,0.413574149150759,-0.865997990605748,-0.0938715341235569,0.172083265286611,0.447935400758104,-0.562347958072283,0.329763716185271,0.020572774184268,0.0958326567649201,0.0391244424064219,0.16826305513171
"CGca",471,-0.298455128610292,0.25622330294844,-0.803504263240604,0.699111995650027,0.0350638236931516,0.482283809024392,-0.966209385838124,-0.0403386866787535,0.37248383559924,0.211566519018521,0.100581083554994,0.177422039266602
"CGca",472,-0.559966385129908,0.356566454907956,-0.106140026304819,-0.331962948298085,0.0460015381499378,0.31083025185431,-2.00098935558249,1.23068320205737,-0.17817548076587,-0.288395945925724,-0.0660031605729295,0.999772325234301
"CGca",473,-0.356169987339307,0.192948801440486,-0.380285693713476,0.612730733252891,0.3291628947212,0.139405328897525,-1.36235078120318,1.29539873911734,0.395899374146426,0.326126255958041,-0.0549687315038266,-0.039628318774403
"CGca",474,-0.961842533993408,0.371223235197707,-0.115925998268798,0.646862141500076,0.0827247258210024,0.251087598467466,-1.06882887252899,1.3410222774698,0.530591656081474,0.0449073665331135,-0.133919488357277,0.173614512224145
"CGca",475,-0.593302022446726,0.332279610878961,-0.05914802336579,0.083929727151196,0.46861859911479,0.00422536837737392,-1.56151170432216,1.04098677751095,0.337627393462349,-0.0368946245011246,-0.0657796220386806,0.457855930242222
"CGca",476,-0.98337477739834,0.49625311316455,-0.149155274298011,0.440287735999457,0.181299198871482,0.237089766180802,-1.22337991611107,1.28098984079005,0.787300867292595,-0.245355216054883,0.331427805163614,0.218247674267065
"CGca",477,-0.696703111291487,0.328471691395285,-0.452111640106542,0.298056568149377,-0.133302211935484,0.539506958321912,-1.47111568649695,0.158179090354555,0.178286591889059,0.321922435517841,-0.0171509257768042,0.270146371955951
"CGca",478,-0.85916984856697,0.368176915102455,-0.310244496095319,0.769277191227346,-0.0611247180832745,0.387819949987681,-0.761041744528346,0.869253483101711,-0.152607686570474,0.0396309394020473,0.167234896861106,0.10850737078044
"CGca",479,-0.550342162586427,0.190730215409847,-0.169015860827191,-0.141188920872286,-0.0230642780202116,0.429024122464671,-1.63355455523952,0.896219927023022,-0.0399301295180451,0.0640447519314877,0.00589325529952825,0.42336770833347
"CGca",480,-0.709192699242278,0.292372325791308,-1.00297120711343,0.709219304520627,0.0550632611429289,0.410328924322737,-1.10333351855271,0.935928212350828,0.108758825140294,0.643241529273679,0.0489157854212987,-0.260099988715744
"CGca",481,-0.589092940667372,0.242414366988471,0.503187268155927,0.683113550191218,-0.121913436440807,0.24901743920814,-2.03451422640396,1.01357819471143,-0.0546573242859604,-0.197129754968217,0.37156278765139,0.570714079050812
"CGca",482,-0.541016907281551,0.262929988582127,-0.62528700678816,0.516526615670643,-0.0240264733730049,0.421666442916998,-1.95021037493374,1.22237747610613,0.349676648258405,0.154130455199225,0.106801208593146,0.165868362150728
"CGca",483,-0.129801546088723,0.132016794892777,0.746277759754496,-0.168647395039148,-0.0655590348263045,0.216744808235613,-1.09954358046959,1.00198582712265,-0.254766226190459,-0.0100890585599604,-0.0991775641723004,0.534227324789528
"CGca",484,-0.303193051391382,0.230633279743384,-0.428513304637557,0.303351970112711,0.499925166281591,0.106555961187073,-1.5019319042352,0.21776025774155,0.602078930674498,0.161655721109621,0.235514710861232,0.140550152161941
"CGca",485,-0.330827398779239,0.203442245336141,-0.336116307457728,0.610101787942456,0.200714977696469,0.171600655940821,-2.1980732399602,1.4870305048122,0.680188624507329,0.0911981803628047,-0.0558148501999685,0.406448852971871
"CGca",486,-1.54536752643614,0.636651459847432,-0.357971445826169,0.482221032248704,-0.152622052983555,0.466303836970766,-1.82188718677975,1.30262219322581,0.787868730392526,-0.0330625042428591,-0.00598891550159769,0.393928544515603
"CGca",487,-1.11784996919887,0.504168970010561,-0.571860101917295,-0.183009215838794,0.0973832002326571,0.390405992115669,-1.33779235683787,0.859898242124909,0.453562109320297,0.0881020412118919,-0.00164246489754413,0.239822133913995
"CGca",488,-1.07985974877311,0.487676455003746,-0.736338042666146,0.11443907941817,0.0949103083504497,0.470067668935779,-1.39701753664903,1.24109476236961,0.145998104054792,-0.252610461981263,0.0855666397586596,0.581382136274063
"CGca",489,-0.394613963119827,0.256419430068309,0.0132652236885449,-0.754834350971361,0.13752095824406,0.431171769086933,-0.682953590438128,0.112974096371139,0.133056744921134,0.0561298686599163,-0.222765183308022,0.491988114233852
"CGca",490,-0.377974465631929,0.268387669212646,-0.286562977480116,0.253799318392369,0.172524476166553,0.241633550863506,-1.85655125017606,1.04980104077865,0.362846516324748,-0.0174193402994492,-0.1855937040252,0.600903638952062
"CGca",491,-0.501520091830272,0.39960238103435,0.136670082067579,0.0363344417067889,-0.274248568740821,0.605631354343975,-1.0062207144551,0.773780128768871,0.318676645485011,-0.127988479239695,-0.102195888693704,0.539363253540349
"CGca",492,-0.710107362075608,0.364403633278641,-0.29478326228765,0.242266664935596,-0.0629769088743465,0.403792264020611,-2.06417181767917,0.928729968231088,-0.264008946038659,0.0959290458128845,0.0338617038630198,0.535460909235165
"CGca",493,-0.401680852390009,0.224960328720372,-1.35546035048501,0.197565104682638,0.164649652909668,0.564961290777889,-0.84194554475718,0.464778696659401,0.589968671470135,0.121683908570348,0.0691377305202614,0.0447893882789975
"CGca",494,-0.270988187583,0.241620999499953,0.0427217969203944,-0.327198786000366,0.214170264776993,0.178619822858057,-1.15219584837802,0.60125604564872,0.601146093398634,-0.150846661343865,0.0975203064026013,0.4349830437457
"CGca",495,-0.376746573627924,0.276499776701627,-0.204430039847826,0.300015274947992,0.150541479690808,0.199972454341109,-1.49872988363663,0.798053129718164,0.264068097429974,-0.294534881114963,-0.00102717668211272,0.780003559623758
"CGca",496,-0.427432249075708,0.28503227077683,0.516441372705212,0.646986010935816,0.355996687250018,-0.165780255091146,-1.81772110942555,1.33282981006023,0.110345960973544,0.272122316152209,0.152137110162809,0.0248993229862688
"CGca",497,-0.796070204114914,0.365717483816241,-0.673193664056031,0.412908437261355,-0.0229857461279371,0.447457569596597,-1.74282392639051,0.982099748994015,0.240650806235698,-0.0334759151275895,-0.117142576264857,0.606962273785552
"CGca",498,-0.764497755346255,0.400104324254064,-0.4908654181122,0.340379346016361,0.175197050769934,0.337918015030142,-1.22903854911644,1.34155144550923,0.547027728310376,0.0267253319504349,-0.0973775628937158,0.238889757239697
"CGca",499,0.332245180536562,-0.0109876308128011,-0.0498337367761989,0.0787493948608102,-0.149251186653884,0.439455440228675,-2.19901444119232,0.843927717416539,0.556388052624365,0.0774369486510471,-0.0338510804132151,0.511392966434553
"CGca",500,-0.566277234465046,0.324370108441689,-0.328911870479232,0.774657483216613,0.261098966754408,0.162148498206541,-1.27732727754587,0.772969180943664,-0.154728741481245,0.302610646292843,-0.16514471655439,0.255501309930774
"CGcb",1,0.323475580314053,0.13877707036826,0.596941513293539,0.490382769191888,0.741305463261208,-0.269668578863561,-0.743981265211491,0.896019660599804,0.105883148486569,0.74582400587256,0.482128651548255,-0.331733954388457
"CGcb",2,0.307287614501508,0.544597728346795,0.489792213234086,0.484171158945788,0.305776999213955,0.0188577213341378,-0.902114983346944,0.547782899823031,0.764768579795525,-0.366348758004597,0.510360957408014,1.13184935467298
"CGcb",3,0.506254833482987,0.216343606836272,0.746762565955924,0.258282902072207,0.127980455179856,0.573586119816857,-0.693602386685058,0.955863058772644,0.740023524901892,1.22862957735901,-0.665905441536094,0.0234029714763822
"CGcb",4,0.483076230363415,0.275304281674551,0.870857727689405,0.490352257179298,-0.219081206079774,0.447690560512904,-0.697700688074683,0.631027630547003,0.631769365964636,-0.054362131750476,0.495287702017621,0.582129982121966
"CGcb",5,0.0415156728584466,0.722504346971898,0.550429386070437,0.882673871692396,0.49002302781077,-0.106725429061995,-0.176814771803834,0.345612162398505,0.707689118251311,-0.215544409988499,0.520210304607943,0.207620784502896
"CGcb",6,0.234343067839719,0.133115813756214,0.730405801916513,0.333285176536287,0.0367639957881992,0.393711968806212,-0.384508194664885,0.551582894380299,0.277716214011706,0.661199829612506,0.6690542499816,-0.130850475423285
"CGcb",7,0.334067716612987,0.230625866699553,0.0504405590037901,0.838240748675716,-1.0102923493043,1.98901335370455,-0.97957223741736,1.23724586463705,0.430650049147613,-0.598505596073231,0.372911719872371,1.54579958433989
"CGcb",8,0.0252716073695312,0.150386970053025,0.59773930212665,0.701860867525201,0.133510864126024,0.31370806804386,-0.350081654073908,0.570555006944401,0.301439867598926,-0.0264404420296798,0.385025260917109,0.569786731788619
"CGcb",9,0.134110802562366,0.510061442081858,0.0830613155807107,0.926422117832756,0.211264691235882,0.196316742159862,-1.17535045901788,1.14263005651121,0.808158682539438,-0.331880773661157,1.20774154012211,-0.200318455533954
"CGcb",10,0.203268112018729,0.142108913028667,0.432787296310789,0.731427769365182,0.246239933506551,0.10710155195828,-1.0205622405886,1.05484917084427,1.43905711343664,-0.160969995625119,0.0753024023556103,0.828645751117671
"CGcb",11,0.168986587803113,0.324713398077011,0.414767821349012,0.108408971839127,0.0592745296578413,0.305760530825951,-1.0644436116057,1.3166027073527,0.0551638349109839,-0.329597268294491,0.819755592092695,0.823578241183286
"CGcb",12,0.279811021506527,-0.331840263150571,0.896091039647599,0.0404433216314744,-0.498583383326078,0.730780537597634,-0.790239486715041,1.37851201927763,0.40834469935069,0.871263136440861,0.2873378572694,-0.375939956595553
"CGcb",13,-0.2348264259317,0.611493931173002,0.425413878090235,0.457379042845437,-0.309252377557648,0.619490853181531,-1.11394496197187,0.887398675249582,0.782535133422742,0.579071190024211,0.162603108735117,0.795649052261207
"CGcb",14,0.327189583238299,-0.123067130629658,0.543972292957154,0.38808475279799,0.219711280249707,0.0444918328376897,-0.947518828041862,0.965005890955847,0.39178097764276,0.97200892650153,0.263798113607373,-0.688163295701915
"CGcb",15,0.32297725405311,0.325404187182766,0.437423754335903,0.335206252919863,1.51369425015616,-0.0613568126653309,-0.758044723782562,0.687508514973261,0.585387773995455,1.20368400897063,-0.0247950826493376,-0.0121825796612362
"CGcb",16,0.103753111907647,0.439473651309527,0.247516322968795,0.907251111365129,0.600693996990274,0.299394046267791,-0.58433393473176,0.650115691059364,0.515533344387611,1.00545360109939,0.599314546469481,-0.433274023281091
"CGcb",17,0.332156993177724,-0.0522109951367939,1.12610430881445,0.286903329205825,0.0107791992218875,-0.111905558176696,-0.450750783552099,0.563620792398556,0.362821963613736,-0.1214457785569,0.0267277982059787,0.802088821684755
"CGcb",18,0.0747766702695616,0.376369906507564,0.547528782165183,0.650367327856719,-0.257059276840787,1.00257502993639,-0.709963623786823,0.707072575073751,0.228515468099302,-0.390459793874966,-0.26982158344268,2.38672033950149
"CGcb",19,0.118455229578621,0.260605168358314,-0.0108109577954946,0.516200442532314,0.662417183953375,0.317260332298916,-0.389834362393798,0.740277638625987,-0.0958455628135969,0.442225092861109,-0.251353234718042,0.708662022971832
"CGcb",20,0.364478905338174,-0.0357348055795515,0.19701873977768,1.06769369392827,0.368375697198017,0.0114709204761278,-0.763016440253357,0.49375711602406,0.4124007165611,0.374373101434758,-0.353957965231371,0.95706387306269
"CGcb",21,0.348158313270613,-0.0464143225074082,0.986330972766127,0.077837259482177,-0.52630584092878,0.645464526205278,-0.822891700427809,0.983731121708898,-0.0276466623119337,0.236316646844133,1.31466378424358,0.127233901182523
"CGcb",22,0.199226913709565,0.21831984994857,0.798183582503053,0.0503289462384815,0.0612090253466053,0.594509241767412,-0.545156339211543,0.693740046502338,0.641610120490393,0.578366753093985,-0.0866240546007723,0.426874097475678
"CGcb",23,0.269890731097018,-0.0157043009759281,0.86065970662645,-0.184717649386147,0.204175009614976,0.765165188907394,-1.46237973686264,1.4545111563657,0.430393054421927,-0.318425087155683,-0.0199873589949149,1.4313354214093
"CGcb",24,-0.101149365641036,0.565062450089086,0.211293055386556,0.755849185526141,0.482329936485346,0.494554846971081,-0.873764635303043,1.151294992606,0.286869287323029,1.57682150886702,-0.361211351853438,-0.386623817239146
"CGcb",25,0.0703032503845587,0.310835884217838,0.766164800872201,1.1457938591364e-05,0.294939445938066,0.454067997389409,-0.642040278963684,0.751232386696952,0.675896353803754,1.09010259974263,0.46333709999683,-0.259953627660296
"CGcb",26,0.433348348844042,-0.0123820368069675,0.615113346740349,0.520187033004905,0.119874824593328,0.294987287009965,-1.42884261268346,1.21718200940143,0.644323221596972,0.629442268378459,0.064865328725469,0.0209074558260297
"CGcb",27,-0.0680960698781144,0.751717164529728,0.456097609404672,0.621246652328773,0.377839314926693,0.160599913975744,-0.968256871232852,0.968613424210631,0.0881936906631601,0.0756319591358403,0.586866015337829,0.785093705071302
"CGcb",28,0.097416394693712,-0.115937302820005,1.31267119175306,-0.0456967683764393,-0.464479245420617,0.434785631353755,-1.13331093815046,0.641354531422454,0.770165112161549,0.060707236493922,0.426991507754179,0.867291133807976
"CGcb",29,0.13041571007151,0.627965743261102,0.611400781921796,0.241353242955519,0.391591689051,0.387246112521706,-1.00258500580421,1.05312789166127,0.372892186314127,0.119415392873658,0.0469332167698092,0.813083357713895
"CGcb",30,0.285697744638349,0.481989848927072,0.504661204125678,0.966519517128972,-0.87973521582304,0.996618501550092,-0.741042979044849,1.03829180979155,0.367696060599119,-0.45085239926918,0.973044078198838,0.261009083372267
"CGcb",31,0.212051444087311,-0.102060756572842,0.264065768841178,0.864190776620214,-0.434970376842621,0.916750653895381,-1.57669277129968,2.05225257943887,-0.334333964349553,1.48012242506035,0.192762797261281,-0.44496364003354
"CGcb",32,0.405465108108161,-1.06924116157507e-15,0.933000806196605,0.551137058049261,-0.434387445731482,0.62340289925262,-0.586101238534471,1.03199289017196,0.379435897664254,0.564777370269744,-0.125526182247557,0.429328582150162
"CGcb",33,0.489306977816828,-0.0689542900400263,0.30653357873847,0.86635828144349,-0.207691327636594,0.836118291967161,-0.707998117882843,1.06940685391204,0.71157296405662,0.489990125096696,0.615120564768056,-0.587151476303591
"CGcb",34,0.207541252174086,0.227925799977262,0.561762461455502,0.354233053067482,0.885361404536188,0.00493106110129845,-0.966069354663015,0.670580691684981,0.694772219118892,0.600219784328563,0.310497638638831,0.0791796539608784
"CGcb",35,-0.140174960208859,0.223713171889031,1.04214248616764,0.0516751077265014,0.149307803200421,0.190199892025956,-1.00748799891292,1.03482614312589,0.520930959711371,0.516823627963584,0.284490992265542,0.261111406801432
"CGcb",36,0.318112121553292,0.00905862591953499,0.949961434949374,0.719255066094585,0.760662758858637,-0.424737766872489,-0.855021567650637,0.565963483136417,0.838201348781031,0.347185195523296,-0.659373105412931,0.954071681372194
"CGcb",37,0.28193001030803,0.299402238905551,0.181861070191281,0.825899624293643,-0.152420034604661,0.457003473305425,-1.01024404292266,1.43050750516033,0.20531824935794,1.02790595182496,0.142899481564442,-0.34711037866008
"CGcb",38,0.0920234908804408,0.320181499316655,1.10089141999894,0.41522978268199,-0.159111505275706,0.239428604395486,-1.85461478490939,1.82800230344666,0.537491216525082,1.28343702877922,0.0161803679836537,-0.28489790763858
"CGcb",39,0.0538773854576986,0.40194046509645,1.15550479275886,0.00934860961682168,0.192028791465185,0.0384177289068511,-0.792488213238769,1.23179933729739,0.555097382800207,0.218444884353873,0.303180626824607,0.23214429341086
"CGcb",40,0.249373546928319,0.259872954455719,0.56917977743236,0.523534491110295,-0.191645089596365,0.627046428743739,-0.345017675946191,0.708284984803519,0.538420113916356,0.671944314482411,0.00667068107104869,-0.271938491880937
"CGcb",41,0.340317417288639,0.246262663125859,0.830882860882791,0.0969093957140139,0.440988052243975,-0.0107926140863384,-1.15825859383656,1.38702911121609,0.495661035040049,0.727534744896671,-0.584140055516124,0.621878835922007
"CGcb",42,0.388765874780821,-0.137627191271957,0.852759371054293,0.210961397658445,-0.0703508214895003,0.342146821863892,-0.765526346345949,0.819422727204415,0.35951601489684,0.723705827417088,0.231694527774997,-0.402521890607204
"CGcb",43,0.00870637391444231,0.645561501364949,0.532490467132354,0.39423605628238,0.0652925908084972,0.661466142145843,-0.825952962548081,1.0387217729832,0.309091978347671,-0.541403123539817,0.284400528263456,1.17491301309887
"CGcb",44,0.0660790839328167,0.345317645832806,0.401107870147665,0.841737930598387,0.391606603085124,0.193324028806085,0.0349311483952511,-0.0348140505557386,0.393178100345064,0.270549673988107,0.630527997517849,0.538954978775737
"CGcb",45,0.398968866480559,0.336686606442406,0.223644751775565,0.977073493124279,0.586903409433855,-0.00701102987940279,-0.838213251726437,0.904809426874993,0.144831325422319,-0.297932915088848,0.613741648902869,0.855875923667545
"CGcb",46,-0.0123969418270434,0.142472663662535,0.80092712012725,0.519608255228094,0.322896385724067,-0.0768396677063514,-1.56354824918561,1.5641904348323,0.62250197496553,-0.0407704281896398,0.443015771939299,0.507501003562519
"CGcb",47,0.306688516426448,0.130865293075232,0.594766075298706,0.150098157678766,0.637756561385343,-0.0639239061300028,-1.41426697714619,1.48812529830468,0.235600935644571,0.408941403282343,0.472794418237766,0.476672901387323
"CGcb",48,0.331538031843759,0.0893863056382074,0.513918359133049,0.13962589479991,0.56349463851763,0.260270716622042,-0.146675758940946,0.251959825872958,0.200567979396582,0.700449699050024,0.216186194331485,0.103409589212465
"CGcb",49,0.173437023661597,0.414222481184471,0.615226878779904,0.315211378932034,0.258126940432054,0.0602954253556995,-1.06779232954538,1.14482988688156,0.707170786836149,-1.11122631947348,0.451964276879244,1.91465901105249
"CGcb",50,0.112650294425934,-0.110757400063219,0.523160762526988,0.243144929897532,0.276037506871775,0.393304460182209,-0.802694735615781,0.8600196984983,0.3155118654252,1.64342298588627,0.0649509571001336,-0.986030064424016
"CGcb",51,-0.0814129017367752,0.486619635983225,0.687382811064946,0.251158010206195,0.0561045766387542,0.322919019639378,-0.581345637199945,0.609888444667586,-0.243950272186626,0.56614487858848,-0.160078593883182,0.835434883164645
"CGcb",52,0.235675950393911,0.543543484031442,0.848883702707744,0.269767458690444,0.968864086245079,-0.276111884953316,-0.47022890570436,0.504260964762465,0.499104545481515,-0.500426500237107,0.720627512711655,0.91629655370712
"CGcb",53,0.00765916535158744,0.477951193528558,0.992633724445698,0.910152946985585,-0.48863362267421,0.169281122014905,-1.00018943564076,1.17432757460557,-0.00228856348095884,0.065513199083528,-0.235652696015497,1.08562431826086
"CGcb",54,0.522823923538473,0.0153089107453882,0.629247667330111,0.0630608929366495,0.406903900225065,0.243432667007146,-0.827638815528364,1.28297275378468,0.263047349358281,0.199576432866686,1.35736791019427,-0.216332679429393
"CGcb",55,0.525109321313463,0.467142738325689,0.883816493587185,0.795796523727644,1.0286915209593,-0.728157392712843,-1.62592179557685,1.32864490471757,1.05661645032426,-0.00335232532300383,0.272476102842583,0.612660836409745
"CGcb",56,0.206620460171224,0.24745567763493,0.488159975956404,0.927185617887703,-0.497376664159285,0.627562299651471,-1.73373495953715,1.69182841690232,0.651761973893134,0.802479665378364,0.640625977455965,0.0539571388705927
"CGcb",57,-0.0168768749918971,0.399867922115638,-0.143379673277404,1.0002538069457,-0.115256415500114,0.765324019228925,-0.127348789750133,0.414315458938424,0.360407012701624,0.773305356246428,-0.0728966824371085,0.0655296857479039
"CGcb",58,0.029690139593373,0.0204306565515389,0.203396403548474,0.565739259613335,-0.390893714005596,0.641714521490659,-0.705373422951866,0.718638825157939,0.471857227068737,0.399567085918078,0.117421365867335,0.25194579558368
"CGcb",59,0.104444146225216,0.255745826710728,0.583966773483793,0.45676652255349,0.692956371303873,-0.275085504807243,-1.32421375732441,1.51127970447869,0.384920033289711,0.28641348337581,-0.158350100080276,1.16607520464299
"CGcb",60,-0.243316609931186,0.652382986108761,0.917699681650663,-0.269145370477918,0.544247954587834,0.162475761125499,-0.799655319458632,0.975432632783948,0.222768437659448,0.0583061735421267,0.578495357229964,0.859858487246322
"CGcb",61,0.258037172811151,0.242711447728515,0.562377218073397,-0.0141584232547431,0.399356227836782,0.308402664250738,-1.2286766710221,1.20884082059691,0.61866273113038,0.596026236025768,0.867811500987633,-0.525603902551693
"CGcb",62,-0.0469839030952148,0.427330233569942,0.344290576654771,1.07376657206017,-0.00151078600312265,0.360445978808581,-0.371226305331654,0.81876493936792,0.106118839113949,-0.165039930518943,-0.293943661405629,1.43231168264109
"CGcb",63,-0.257784873409411,0.754312164564099,0.440949321876574,1.12782856158324,0.370423605870492,0.10975048141828,-0.779021227763478,0.398015728332131,0.705726449349184,0.108047650566509,0.451764424788555,0.544693189724089
"CGcb",64,0.512609224402418,0.0339594227262959,0.47259702622786,0.377591670205065,-0.155252060841952,0.310105631719211,-1.99966671327261,1.76579578331896,0.53651341938201,0.0610953930275127,0.204275121615593,1.0303498442233
"CGcb",65,0.267311671234979,0.542614587295331,0.372496587404168,0.322173108230576,0.364125877916558,-0.0726213194627751,-1.28804429076765,1.34419410057079,0.47904131236373,-0.524659546684472,0.687423001311921,1.06695109994935
"CGcb",66,0.264992216307113,0.554247797544854,0.985339445434413,0.0124421591771681,-0.721669576465584,1.49254515207955,-0.29352131769607,0.387782089341975,0.659398903861832,-0.0164956602257569,-0.215852122773684,1.01831028051849
"CGcb",67,-0.0670807345232369,0.535490883761045,0.986590722410749,0.0226983143339078,-0.163729670375577,0.325402804197121,-0.745279949470178,0.540555517738087,0.111657028402844,-0.118408400253576,-0.17906980984135,1.82371333943747
"CGcb",68,0.232856747800615,0.0151141960962922,0.479790444693652,0.525820770182923,0.159095614298297,0.156384095525438,-1.05083540579506,1.12704372469702,0.247938320914329,0.482965254557197,-0.154265653549352,0.866321924740553
"CGcb",69,0.0422730651157519,0.461657629322908,0.420497540424679,0.71961545698194,-0.217203901335981,0.879391443716543,-0.716466510916753,1.23164563547595,0.311973547705008,-0.156659279048647,0.0444070414005722,0.924341624544094
"CGcb",70,-0.0481381916905802,0.0182733211371315,0.644610897099765,0.251915030465416,0.705294277967478,0.120941109232568,-0.840396644113988,0.805843519166785,0.308073396494825,0.29748507659783,-0.423023681404256,0.935833512934352
"CGcb",71,0.135947319743135,0.297601896066982,0.709451858349469,0.905519857486927,0.426804915696289,0.349288211111249,-0.768650814524655,0.941950892070399,0.868465839970576,1.04328592366205,0.242067470810556,-0.643038796738147
"CGcb",72,0.296207363722531,-0.0596790085837347,0.464754054872978,0.496273923690804,0.197918916300917,0.516670890459555,-1.17467438235526,1.21273403520976,0.525750062666726,0.907145561677312,-0.418853691527376,0.106201669657296
"CGcb",73,0.218401954168667,0.11228708681686,0.530421432593786,0.372786600286843,0.35898126740391,0.0333229758345306,-1.02966161569955,0.913112047545846,0.65238584734684,0.211388972069285,0.416309666964203,0.640745606336909
"CGcb",74,0.25757338454321,-0.0312043058059387,0.750513735313816,0.0172098794524197,0.0764650881528295,0.520358160990939,-0.960315744023893,0.834329870458224,0.380335282392408,0.0961218118115839,0.660974627805208,0.15676153041759
"CGcb",75,-0.101632405282942,0.451046078885176,0.532083844439149,1.22735502603143,0.196398682282416,0.12828424150389,-0.993723446140461,1.3820068917089,0.179751050463092,0.988323421584456,0.410988740646871,-0.12051495633956
"CGcb",76,0.188701154932574,0.230953061478754,0.0228800218850012,0.914386334630882,0.624215971775095,0.0324404998972599,-0.11127765802526,0.258638019284046,0.51343298930217,-0.16371932886698,0.22201256210715,0.70505017395264
"CGcb",77,-0.0335553500842627,0.399475685577094,0.660746117470413,1.03844522385149,-1.11297424757995,1.24264801242225,-0.101477263200625,0.814030853520072,0.320267163325785,0.515343338365594,0.089254979803149,-0.0443137851802645
"CGcb",78,0.271329825969039,0.403664925718272,0.669875182785247,0.092241229316606,1.13034388281765,-0.691643790575994,-0.604747640985225,1.00798725365045,0.189987096608447,-0.247988264069162,0.184688030291496,1.14514854443321
"CGcb",79,0.245907061475647,0.393522042813603,-6.20635779554338e-05,0.926775973516397,0.0567668235591918,0.356469459780759,-0.869566351515387,1.04607842645494,0.320836725900809,1.01122831715417,-0.116040483189343,0.101619907094933
"CGcb",80,-0.162338553616257,0.288834991875812,0.975767676797765,0.542348460430839,0.493756319339453,0.318351243876865,-0.895466511466222,0.726955497081254,0.336868576363942,0.848051337858704,0.564536498252347,0.0825335061235341
"CGcb",81,0.0894861693613629,0.543670342582937,0.353320346022864,0.371482170811806,-0.527869394186341,0.922694414982469,-1.25766283415304,1.39689116432517,0.53180630563357,-0.192498508166769,0.293237448884104,1.06774737360381
"CGcb",82,0.353054831207424,0.208622826922602,0.312961356133406,0.0816090873374859,0.233163203526966,0.436366029664392,-0.628576110272677,0.497896858509024,0.652955556570963,-0.0771978994451145,0.573933487121061,0.446077931512018
"CGcb",83,0.355948153621166,0.0840415361444958,0.506924043428692,0.595744881624088,0.675041453629737,-0.294482739726879,-0.808262919791152,1.02264751951374,0.181666595520941,1.25949366774349,0.00630716805816489,-0.459029327963498
"CGcb",84,0.273116682297743,0.0152077149966863,0.783886888919505,0.193277547209454,0.247925318642587,0.152225432109104,-0.925328633981877,0.808633440746681,1.16485506405337,-0.366678208425047,0.244546645167311,0.981345092771348
"CGcb",85,0.311296853990104,0.201333689645598,1.04192590633766,0.446113777678702,-0.0899498195568633,0.418428587237628,-0.669141337731343,1.4981192423132,0.494686112163172,0.553888742776162,0.515417272230667,-0.30700852450707
"CGcb",86,0.300183758254356,0.18237375142121,0.985147109692942,0.413569403420018,-0.0808774886716836,0.120247758559633,-1.49253977784441,1.08865854929218,0.812224108911581,0.746415173408812,1.27448204331309,-0.372293393858234
"CGcb",87,0.313717325664597,0.189829805801636,1.00597803731598,-0.00850314874931682,0.596202426724144,-0.113166840932797,-0.515433221433932,0.69631315109564,0.736800600819852,0.0615317670822985,0.583539853754688,0.0758368623000567
"CGcb",88,0.783504430112225,-0.113879143604295,0.321247586284842,0.610653805314913,0.356379440340763,0.483297675411806,-0.678073437962814,0.923205078583839,-0.161009340716123,-0.181474152383469,0.418541317316821,0.728577663957212
"CGcb",89,0.385680151832563,0.0706206450160666,0.647757737016813,0.485483498981215,0.259854848869153,0.258802384708723,-1.02866361182547,1.02275636443706,0.220591630833821,0.130164784188935,0.27251927996595,0.508930109982027
"CGcb",90,-0.0366675810802209,0.186836871138419,0.545493147160161,0.26717177693209,-0.156628116268456,0.388076538159404,-1.58482661655012,1.62199621413456,0.94011716109102,0.75082073099977,0.802087874139685,-0.111558010169059
"CGcb",91,0.512791325916853,0.0656146765134854,0.387200273134338,0.381908516567945,0.320240195116921,0.46802119031276,-0.658137569254546,1.10748183764668,0.493826156732399,-0.352309789347392,0.0392744586824263,1.00189636494845
"CGcb",92,0.668048745553112,-0.290296867481803,0.811734921670648,0.191146890717184,0.276260247702624,0.832484784407926,-1.24780538035144,1.31900351591629,0.340605082660579,0.958915764259037,-0.50031878967247,0.447310677618838
"CGcb",93,-0.360701648144215,0.492336410101244,0.227876887130083,0.688960692298835,-0.27872426491924,0.848484537627203,-0.634560074845494,0.715247720135475,0.0604279670412819,0.595272041337872,0.361585387462608,0.467532118813695
"CGcb",94,0.447466059998193,0.172030448818674,0.30483522003899,0.65705946531814,-0.224603901492954,0.785715057102856,-1.7209384845279,2.01116064650704,0.29864075102463,1.04578122754068,1.00056195985029,-0.776160456897904
"CGcb",95,-0.0569148817528186,0.67193630554246,0.695506710034945,0.134114580590625,-0.0935793076011087,0.842860278316738,-1.08750439664634,1.19148365103081,0.460420038703615,1.72364919874554,0.574050134404874,-0.809563684021316
"CGcb",96,0.430776107557334,0.0276470931077223,0.0746933666782872,0.863029439702322,0.747813978738867,0.101253038762573,-1.08529637746544,1.31179504383894,0.349885489631968,0.625054546801722,-0.5445601009327,0.975371760223926
"CGcb",97,0.00281676968681824,0.559287479922118,0.254702434570128,1.26269707978592,-0.0532649556140009,0.581457867040958,-0.983096257555994,1.69545056180817,0.112776473698501,0.344817213659703,-0.495664358635015,0.556551373639289
"CGcb",98,0.228389911938748,0.0241352644449484,0.421521409607831,0.359634619409075,-0.28911994059242,0.594349856635849,-0.0306932066726738,0.78769934995812,-0.302758065462332,0.121341621733232,0.622550109535296,-0.00841175876361138
"CGcb",99,0.36349202559488,0.308956501280961,0.355633021136309,0.101257485509634,0.0297241866246197,0.75584666654469,-1.18497156977273,0.73811908368696,0.51422476452411,0.462542121702338,0.598194117470572,0.0624499180077539
"CGcb",100,0.143949326128181,0.143973507675373,0.435308926627188,0.809517316781251,0.383669390441038,0.452538977253233,-1.2588715324005,1.14882047667164,0.45809513943137,1.24144192549626,0.165244043866311,0.0805472308803502
"CGcb",101,0.0667027785219334,0.362667406853416,0.612949905584769,0.446486665008601,0.399538430168164,0.120153305678173,-0.724608049994781,0.84902627655633,0.277538388995292,0.00267561737144569,0.25945437631419,0.702848114808167
"CGcb",102,0.430353471173075,0.268900390908695,0.758083513043789,0.384635252737018,0.0553706094185194,0.332056200714701,-0.951296487670671,1.1890581182136,-0.082944418710268,-0.103835513059106,0.143288596277614,1.0498768634085
"CGcb",103,0.406473963270465,0.142429506276397,0.729631514008857,0.214298305182281,0.670278970322004,0.266544314535456,-0.896445403736167,1.0791462798292,0.353014205108962,1.1632260143265,0.382677210324331,-0.552853424022389
"CGcb",104,0.101623255963714,-0.325630405223003,0.77448647264701,0.27003888517344,0.463612339599221,-0.0190993299081934,-1.23602123894595,0.955740934928014,0.294918214135569,0.926907312144179,-0.124169716209162,0.540988605506629
"CGcb",105,0.374970302246302,0.232065566817961,0.440052663374527,0.980206192383274,-0.0465735094272575,0.138376197911418,-1.42406931593092,1.20617949674454,0.772559435232789,0.636546600955063,-0.0981137630700909,0.248929265651616
"CGcb",106,0.127217805936377,0.357676211442746,0.744640850509492,0.372387937102066,-0.0849787741234355,0.467040823487609,-1.21644802228266,1.35542959380818,0.563625107058416,0.419659348372319,0.292582396007966,0.167356284073606
"CGcb",107,0.323624631478775,0.1474324025084,0.325348084380267,1.08502124616451,0.504999360751767,0.106367853344255,-0.450015744588237,0.524350709639898,0.178389356373121,0.344295116985811,0.916850330232461,0.0453476800701557
"CGcb",108,0.255273309881628,0.391534639220433,0.667626950924793,0.551291220797043,-0.81606572835509,0.794706110944598,-0.845455375892323,0.920705548727466,-0.000838695153016939,0.380929792023536,0.205330280530055,0.326507097993683
"CGcb",109,-0.122329435934554,0.768662034184311,1.06566580222057,0.107797843810826,-0.366192816858062,0.761745141434275,-1.14890381069278,1.13928207795902,0.558332837694049,0.784958501084962,-0.283597272326958,0.266192930798757
"CGcb",110,0.239880589233294,0.48825261377579,0.347451200313178,0.485511829378118,-0.301112700174331,0.654083882293852,-0.0608769225182817,-0.0280579163156415,-0.0281206360390041,0.672077317721029,0.363592213568577,0.144126469301064
"CGcb",111,0.176630917165156,0.267881970520128,0.865025812104439,0.267342846420835,0.5338205902297,-0.178894141769625,-0.497571303429114,0.977584839678371,-0.0495431871307228,0.696522125774042,0.66926371372762,0.0171103305314525
"CGcb",112,-0.374724141464959,0.631527593173369,0.144780676105688,0.497427653245732,0.0783442042260552,0.433825745812473,-0.381248310766932,1.26560731435286,0.17202950653983,-0.334317932782584,0.446480056440786,0.232997192721082
"CGcb",113,0.244099908814988,0.182296698689393,0.118156421757017,0.684656868779723,-0.627240150785647,1.47258935341899,-0.856708633699952,1.27976158999505,0.170448515753366,-0.443329012469156,0.415339643937103,0.923752698441516
"CGcb",114,-0.120763056254739,0.473811879191692,0.50005672616436,0.500248049826769,-0.0791040589214075,0.390465112905294,-1.09213356853463,1.39538073419381,0.466646355719274,-0.252343106271815,0.201769739413026,0.949644173646697
"CGcb",115,-0.180429355935846,0.473993978692697,0.646307774886155,0.227707496054478,0.72916691168504,0.228466632185016,-0.767260478353166,1.01874676068309,-0.111122765198158,0.594075432335272,-0.178043648336047,0.68122012718494
"CGcb",116,0.368247397094992,0.02915368221562,0.0844031776184561,0.892836303639722,-0.0784098171079096,0.614313200658612,-1.34194937580632,0.975424917242421,0.968893093544706,1.16878515528851,0.481403069473632,-0.176613348529495
"CGcb",117,0.21077320096026,0.0564851131211603,0.665087694144398,-0.0678527447788203,0.601246556239054,0.187119370094826,-0.720936954466673,0.725676782881108,0.820114596268395,-0.0546472271444304,-0.156180066080287,0.859570805505693
"CGcb",118,0.301442806498345,0.0359499598652417,0.660493349922763,0.50539368668282,-0.0154967616203981,0.393181528756901,-1.17233551598208,0.882197142419117,0.540020458342663,-0.039956361079757,0.61347555511044,0.971797154095874
"CGcb",119,-0.133365353362792,0.536305092971066,0.604448906255483,0.42139886542377,-0.569528028823068,0.847122974847399,-1.01877942672073,0.668427525739296,0.578271404465686,0.350909296066751,0.615448726871863,0.257867903503112
"CGcb",120,0.481623747427023,0.383100269619462,0.919164408281462,0.129406759697976,0.442788717288021,-0.0149060884731266,-0.11266000953257,0.317103885446388,0.123770150883759,0.347064955118644,0.585543652074622,-0.0325432904586047
"CGcb",121,0.517801274825013,-0.354431426491359,0.589609845759326,0.340799934050102,-0.00563924659062235,0.48547914438991,-0.835118428875886,0.501828653595376,0.690631849310314,0.952901251320518,0.599237285911931,-0.191939148564837
"CGcb",122,0.283797247137457,0.478617291844973,0.818123236673941,0.764777348538843,-0.296973139191511,0.407235634802339,-0.578387879194883,0.894984856285805,-0.00962260525940271,-0.235774569596884,0.058927342988724,0.946507385554091
"CGcb",123,0.36940518380768,0.270846274113259,0.6164443009861,0.685433610397914,0.0488541258466578,0.562967576436014,-0.141063956315742,0.611958766323116,0.246051263610807,0.0675513836074607,0.686997877581421,0.124303914140418
"CGcb",124,0.151268355593132,0.0527942523097971,0.449066205726043,1.23554049092273,0.4605794185821,-0.102483119563459,-0.403499147522533,1.25926186587882,-0.132187277102656,0.100269519590989,0.650939786673866,0.305014616144459
"CGcb",125,0.25072564700272,0.359124175515951,1.25223987183464,0.0443882442104671,0.179742598003739,-0.0015617390923291,-1.32186917636796,1.24210154276788,0.864925647548129,-0.664163223363654,-0.0743962506694853,1.85306494835217
"CGcb",126,0.323174472099019,-0.109484830805209,0.166897764072977,0.605936174709507,-0.10166456640617,1.03335767400241,-0.767026620635859,1.21984190878172,0.348217416636814,0.204138271652886,0.610361609549933,0.357976203530086
"CGcb",127,-0.0486909439306439,0.766007899034369,0.675070935250583,0.10894878704271,0.000238955512783163,0.700551723833333,-0.78719650034859,0.861473456688416,0.364869868503375,0.146215986157324,-0.625494474216651,1.5620928340342
"CGcb",128,0.657521074262458,0.22471030254688,0.810484558361491,0.12093953909405,-0.077154840556417,0.183075225069663,-0.461636430252149,0.623285551077556,0.05468199230996,0.389105286431079,0.47900235599699,0.142914385090449
"CGcb",129,0.295454528128755,-0.0246897725820389,1.08360533824087,0.477386082120093,-0.0697520360235036,0.0331439825952808,-0.576914481995049,0.741308247898428,0.696116664523096,0.0163367296188168,1.43609081241803,-0.120772216009251
"CGcb",130,-0.0571971982281709,0.395088010748487,0.392937292390807,0.744501156005148,-0.541273301388255,0.966188996497538,-0.518470701507185,0.804908290093236,0.342797836253272,-0.22568159984212,0.162946466732275,0.649820812811654
"CGcb",131,0.527341910284599,0.0776170147912056,-0.047746419823483,0.762779151652176,0.650243879617751,0.222232657790949,-1.07115134375231,0.959090687870403,0.563359587746796,-0.217633764909079,0.0954862965739635,1.39469835496358
"CGcb",132,-0.147128296704487,0.481789435747737,0.655991625443659,0.663876532395372,0.407037817635761,-0.150118347533556,-0.493421147830498,0.841742738810881,0.517109287236703,0.038073990372322,0.401385916221785,0.195692477070169
"CGcb",133,-0.0242203407462769,0.273948318593521,0.771506879636701,-0.581157804822892,0.0835432652833409,0.810194468191769,-0.759359365696278,0.829564168444602,0.428552409903939,0.465531854742565,0.737189236549724,0.0873610544536527
"CGcb",134,0.0970892088216871,0.291186204086067,0.654578250947162,0.590098784544562,-0.358715909197203,0.422799509338427,-1.1850450544052,1.39705413647212,0.568895889064626,1.31989381871923,0.63700753517082,-0.904038460173913
"CGcb",135,0.326697492880273,0.176614663690151,0.445114634890834,0.660458824973611,0.513447731878088,-0.0505529112278692,-0.437576372315207,0.381400795613414,0.249472044789236,0.774863605375103,-0.322782347971677,0.795759636013395
"CGcb",136,0.382438022478661,0.454568135429543,0.423243193923227,0.798671470941051,0.38046421980958,0.398324685119314,0.0593226927247595,-0.553351226553222,0.911641484139621,1.26404505557639,0.182021097734036,-0.56994949969084
"CGcb",137,-0.18501592443942,0.514931066142333,0.601092141671335,0.53180442052141,-0.136951270784599,0.621282650738107,-1.18779212903422,1.72584801347357,0.158058234033868,-0.176977049550847,0.509340966341363,1.13035239304551
"CGcb",138,0.267295238286929,0.133038429216473,0.914373799269802,0.0707565778756089,0.00782876434603004,0.498641820510597,-0.656735718560412,1.23100931789479,0.32748074730422,0.628079692568639,0.384181930475008,-0.452414657977317
"CGcb",139,0.0660367216017703,0.302593962900725,0.448951808260111,0.445448599287713,0.148424166649205,0.339309470883288,-0.961993721996659,1.57443714388299,0.142385156874932,-0.137690263662101,0.517745347172696,0.688901042400764
"CGcb",140,0.003810800841308,0.628170631828472,0.896707333651315,0.293957416990849,-0.19616236999038,0.405866334947178,-1.25075470519575,1.0751219285659,0.443928815712942,0.322570569420735,0.377082694447506,0.158529051594893
"CGcb",141,0.0583677094361467,0.30101779486303,0.480887160717608,0.00221193267511511,0.452562781321721,0.390337441319273,-1.49637146474063,1.14297540726527,0.802182705401959,1.18960236413724,0.282788026045092,0.115351273620048
"CGcb",142,0.255773846310642,0.321522036670372,0.2815051185084,0.386159881186478,0.319541802009634,0.383537470109298,-1.15286768116635,1.14796143961736,0.41463019333913,0.396245914881703,0.362776367166051,0.412843377092554
"CGcb",143,0.2403302161338,0.158203839891165,1.12971801119251,0.235937105980855,0.50526466249178,-0.0515080841951753,-1.32664348247847,1.22605158282808,0.697776349414008,0.122769777368906,0.0844927607507347,1.13546471094574
"CGcb",144,0.393504041962099,-0.0153339290020954,0.696328677235614,0.446462501089281,-0.201532583122471,0.681007426196463,-1.25526858301166,0.938079809691734,0.452568123989419,0.617109770646364,-0.815079038660198,1.32575418674881
"CGcb",145,0.497483191129177,0.0890582834429235,-0.168982253392329,1.07788984939968,-0.606987062511579,1.45506304659828,-0.716895267520282,0.829874684451287,0.436429061003595,-0.0767726477985163,0.0340669129663181,1.07012940316682
"CGcb",146,0.461333705274695,0.0485502895919371,0.856435698103458,0.756158264076094,-0.0886939451137837,0.291070378458915,-1.59167834076594,1.52989276651829,0.711930128020261,0.987786076002199,-0.101575721465564,-0.128248735127525
"CGcb",147,0.154499894607094,0.159440347269798,0.668235547164097,0.50186052167593,0.419034266610613,-0.2805730788274,-1.22640736884733,1.21183376632113,0.584726077287985,0.476042948511503,0.362380873212826,0.274421380602065
"CGcb",148,0.245621139592804,0.208338114964354,0.813816399013524,0.18392655857681,0.0322923909242602,0.0815679218222577,-1.0670498819922,0.796274097340055,0.827677911952983,0.864305548967472,0.52114967571396,-0.135010641466881
"CGcb",149,0.322760416257384,0.39818355959629,0.153000999415698,0.3328234601726,0.671000443429823,0.35803963284274,-0.523192478475748,0.874253422485436,0.00742407430466202,-0.513656751289522,0.6040660111086,1.24468971440933
"CGcb",150,0.331058366456562,0.276191940240216,0.873811126987203,-0.0710797584910731,0.909240251233441,-0.318218318300916,-0.503699208120321,0.273569907936602,0.260925188199204,0.563130803967758,0.427723365874335,0.0388136726543314
"CGcb",151,-0.0215459953253526,0.376372525879001,0.917840412350308,0.334061701281019,0.1732105604337,-0.177190159454935,-1.80790886903651,1.62832819054528,1.02975141050471,0.205003243142315,-0.0377684951176351,0.600714166440828
"CGcb",152,0.21330577909105,0.0517787663012317,0.877195030057443,0.390028922492417,1.12773873067734,-0.266739640073172,-1.17431872065394,0.929440535333519,0.202843493477637,0.848302840384633,-0.106819345047366,0.793370975580868
"CGcb",153,0.327215455784944,0.137423263044444,0.994513395326951,0.183252259520194,-0.504979184848813,0.496067673463637,-0.526164240019501,1.08519561278039,0.255124702705293,0.199618425402208,-0.0998661051348773,0.51941314712764
"CGcb",154,-0.0726951843666993,0.388165838057339,0.27237598371716,0.437230870235828,-0.169014603673267,0.795434173226854,-0.655819500634878,0.956023818774878,0.0999642178933252,0.684916277627071,-0.377114054657474,0.48133613877829
"CGcb",155,0.102375877532584,0.375692358606079,0.265071699946893,0.809577718048964,0.47006210500335,0.243599734531898,-0.874895968152886,0.943777396920586,0.539520100493766,0.258317591030982,0.247319900736512,0.514687687985296
"CGcb",156,-0.102120186460809,0.0495681140276811,1.13385426692708,0.220741979974179,0.88402881093294,-0.446661993556562,-0.633548756393799,0.29172308951856,0.531369298030487,0.0155812172938664,0.323821725665532,0.696682387229188
"CGcb",157,0.40429395625845,0.14269849639055,0.686471008798701,0.618047903421016,0.514813652258321,-0.0668894328925298,-0.617575801579045,1.1668404277962,-0.325881434088045,0.45362946882569,0.114266917131227,0.287047346972288
"CGcb",158,0.253116971553048,0.355482483347233,0.439099298321828,0.672267030156012,-0.206517789557665,0.474444976503265,-0.693831082712901,1.08496124095141,0.239604717546272,0.351495825804132,-0.586411004620031,1.01059583056431
"CGcb",159,0.153218566379176,0.520759133988799,0.943860609925345,0.240005133793636,-0.739645477465503,1.15568242244975,-0.795088139697155,0.84382677707701,0.692951096739384,0.926619281201321,0.164423601924341,-0.249394939677611
"CGcb",160,0.584653907947067,0.020864592250126,0.711468366669115,0.528045860058283,0.0373628700743315,0.395950603513393,-1.36882743716686,1.04543297400757,1.18511926822775,0.198697344917433,-0.329421111969757,1.00863014861387
"CGcb",161,0.307080178954064,0.276804092041821,0.650958299414917,0.310408740517524,0.343455254817748,0.282823888719146,-1.27067231328755,1.41708716910173,0.699862950062363,1.67971491856498,0.228340389625411,-1.22317752538391
"CGcb",162,0.228332231733063,0.332567853555531,0.502798536267217,0.563116987930255,-0.603474584758247,1.25543109108003,-1.09188203846107,1.57929800583299,0.413208112412488,-0.0732867425250407,-0.675517253586045,1.28782716246411
"CGcb",163,0.282044583268915,0.035920877334694,0.262890275348519,0.633744308999507,-0.211124330451104,0.535180928684436,-1.18047238737662,0.829239130464229,0.58399509576233,1.51914091472355,0.301879889704373,-0.658302945270926
"CGcb",164,-0.0255148596890004,0.371587688185537,0.611718566764456,0.162532699248506,0.472141333033217,0.407290413555366,-0.500146072332559,0.71523973226312,0.153928279959452,0.467107970297852,0.684892636903769,-0.0830962296067692
"CGcb",165,0.0715601753166471,0.373447335158623,0.533165427053492,0.0693318477765336,0.578635206026314,0.104738251115283,-0.98227002013271,1.43231555387082,0.347001743389439,0.567682089366569,0.0399612480205187,0.277556842742873
"CGcb",166,0.315893166447475,0.153401846966885,0.31896408747025,0.394138875355272,-0.0746689290506978,0.869918980204746,-0.956771097506377,1.04068238457541,0.256278227246412,0.148853764332575,-0.40060246905877,1.43194259168481
"CGcb",167,0.544968724860307,0.116165952942687,0.57792511328272,0.071175989381823,-0.115493213976077,0.403356038584723,-1.14745661549354,0.982408785980818,0.438470960848185,0.25341240333345,0.139054622992326,0.816662617898336
"CGcb",168,0.246231167213288,-0.00974288764107962,0.214046152485907,1.29768839988041,0.311250835176506,-0.0059245979871833,-1.26026554621639,1.40863438410812,0.722718055740095,1.05553525436161,0.542818323627527,-0.56782438241218
"CGcb",169,0.280122053854705,0.193687522760562,0.939278768265797,-0.166933596430085,-0.0971676423156379,0.310087911953859,-0.931714611456365,1.39108061752534,0.385123819207686,0.196042464580178,1.10971430278415,-0.13256819085015
"CGcb",170,0.702795575185855,-0.176053038184936,0.645870500638055,-0.0415965199457681,-0.0537133341859824,0.576733880849,-0.692528419250062,0.893324228240171,0.287163235930617,-0.316480999165487,0.699338074862294,0.759307127575749
"CGcb",171,0.106664847156997,0.542971576626145,0.90569493083356,0.535433296247151,0.0280421786866236,0.0521508217089965,-0.788681403909455,0.967896779863999,0.147653714009893,-0.192969545640171,0.249369005058598,1.06881595512517
"CGcb",172,0.337210807513302,0.114286892773432,0.879359609717359,0.485364891929275,0.334332723615291,-0.224947313841524,-0.987122776388098,0.692926410535415,0.977637227583947,0.124595111362846,0.4261114404107,0.419451599711178
"CGcb",173,-0.305479241384911,0.846081305425276,0.284698904749575,1.24686576948643,-0.241564066461749,0.592306805467921,-1.00923884920872,0.815047967669505,0.967543572255191,1.32462639446602,-0.309430220530681,-0.0630624242441322
"CGcb",174,0.258253542597425,0.16937300870629,1.01064380076105,0.560308931831622,0.044474588772839,-0.151238435359281,-0.282551779656237,0.400786592533985,0.47629171487088,0.718503754750388,-0.410768604694903,0.382651784182936
"CGcb",175,0.0901495690581507,0.416661286505294,0.952476383383775,0.881230978469505,0.83862100838057,-0.278530391068933,-0.735530739385279,0.99501969131233,-0.0818788033777351,0.226491498872413,0.520205789085798,0.877319925852618
"CGcb",176,-0.132266931707144,0.704607233369649,0.914077836217511,0.136451196152424,0.229268984543221,0.196245617390602,-1.47332153003799,1.58038643234852,0.247267730846579,0.249393358033711,0.246570763907108,0.696181879055911
"CGcb",177,0.315379506393226,0.224211264232198,0.122436556073312,0.857871226064551,-0.154410620399698,0.705639347162841,-1.07804162721034,1.14300377458645,0.512881007563805,-0.00636345464055669,0.585206957381366,0.485112683166777
"CGcb",178,0.177371277374263,0.145278543622923,0.414952024904424,0.78551104975191,-0.0258320497721057,0.484037236040049,-0.773925691768891,0.830344325593895,-0.118232228979013,0.614027058249341,-0.315552215899183,0.807457107625627
"CGcb",179,0.155355899561482,0.19437231132039,1.28657237225889,-0.272341319485492,0.406097658742037,0.0408689984457794,-1.11139066522887,1.14784256410147,0.905009643559606,-0.349595847963114,0.879596086420075,0.717523419980033
"CGcb",180,0.366793205255629,0.101997034542551,1.07582560883445,0.818759193880105,-0.200954924369522,0.335003450362129,-1.00368520224143,1.19151132491321,0.226772119077117,0.155494404713884,0.253853643498809,0.50426858979141
"CGcb",181,0.0461706954679534,0.549450268208229,0.614430943538357,0.727287562156128,-0.681181149994842,0.923302561822873,-0.986364266805822,1.13881683108533,-0.174346174597496,0.313711214125759,0.665578958378552,0.0365789626371772
"CGcb",182,-0.233941254058938,0.524080828418626,0.956927019873986,0.181508766934345,0.314774210917656,-0.0526699999308081,-0.333553612325517,0.84560069670028,0.40008810636125,1.22452985727595,-0.159267387527356,0.175664246688624
"CGcb",183,0.421886947489532,0.108088833169292,0.670364624618749,0.191760466226534,0.158809692508279,0.241420595749715,-0.915699092460798,1.40043977596475,0.297356261750695,1.50490392841767,-0.890159108299969,0.179114322194144
"CGcb",184,0.205198404206355,0.481082684536352,-0.172351153057668,1.6636703120998,0.329283493805805,0.807450700286395,-1.33314154345192,1.10763789441946,0.414167030539957,1.27206501614271,0.235486311794497,-0.360317108588933
"CGcb",185,-0.0996307914750754,0.687745482071108,0.695109105725986,0.308243900103454,1.03778318027989,-0.474746041514728,-0.117419335353548,0.69210301632096,-0.0540448969368597,-0.112021965316424,0.658705023564301,0.61313543168997
"CGcb",186,0.363335611061803,0.0404053283029318,0.103697457079915,1.18918106680819,0.315984012846415,0.380716711425968,-0.206146089258676,0.824778172698479,-0.263569371792975,0.81690990369958,-0.33927171710375,0.30521690383599
"CGcb",187,0.0475521506014354,0.77169671937286,0.530987217721957,0.381387901099161,0.524362536940135,0.260453491365024,-1.36400833840129,1.1280735836866,0.789875104672955,0.416984439792268,0.414367814501199,0.49986234963718
"CGcb",188,0.172323598791683,0.227197959713458,0.158112454171071,0.834764812331037,0.13154145485425,0.475676924447091,-1.21621687110457,0.767182995425122,1.20180661892335,0.355636879895566,1.04697965084602,0.127282215625775
"CGcb",189,0.0109033276995569,0.137490870691203,0.464314725895551,0.290525699642247,0.0922722025927797,0.367385909895134,-1.3568579787821,1.10427361264737,0.546708369039363,0.826994435482128,0.622066593684546,0.0695999812762861
"CGcb",190,0.579454471717578,0.129271652320491,0.000809718421893765,0.723456097816925,0.82794818597403,-0.0494800874612811,-0.731724380905379,0.900435979192674,0.0690979651053439,-0.148679432924183,0.462191525372393,1.17725257097473
"CGcb",191,0.338068413646279,0.287888070978476,0.725678888488554,-0.182157647514257,0.608346282344294,0.485285868968269,-0.277201901815137,0.602132192920601,0.696701572936402,0.35583900655591,0.00147461834935199,0.167010087288854
"CGcb",192,0.449258948067552,0.323814869807417,0.672276861939028,0.418289986591467,-0.148674082812793,0.324149904733673,-0.673136865668171,1.16755570414988,-0.25872755508238,0.601228077536238,0.155796138786716,0.127520214076507
"CGcb",193,0.109511045342795,0.434592132575133,0.498219021107128,0.926179712740061,0.168983483151022,0.235869676563035,-0.990414494702789,1.2249077517767,0.597752411901118,-0.831281229630067,0.405794271566228,1.46042278052409
"CGcb",194,-0.19872314746112,-0.0505496637094413,1.13981796800538,0.509996790795363,0.295941098393137,-0.109958051352697,-0.0740067793736604,0.532824932196916,0.560416505597641,0.644399253223162,1.07580079858602,-0.552999808347856
"CGcb",195,0.0453961305402464,0.639501380657165,0.63993788988924,0.425041287769753,-0.669220948853818,1.04667069783037,-0.795493605135056,0.935495031049274,0.0925054882747775,0.00514240241456239,0.939083651462298,-0.0293176355780691
"CGcb",196,0.362324458004627,0.0724338740717621,0.00275553042177348,0.858656967430766,0.0196004207042608,0.79062148833374,-0.927945500873511,1.41783768136391,0.0439722920590694,0.691522974790634,-0.645024357258152,0.559130558526781
"CGcb",197,0.239715784134139,0.14930522506835,0.908627247901919,0.109220168545,-0.0152856166630009,0.187947043753142,-0.462860775262027,0.912017768632158,0.608202574991738,0.681274939784454,0.492665032474298,-0.63371924104284
"CGcb",198,0.0482584665862855,0.275652648261804,0.908853638037281,0.202634718895647,0.68155128680228,-0.0987066075438592,-1.34183785320085,1.49719894368082,0.888385099234219,0.309671731241558,-0.246673851131262,0.463752753295991
"CGcb",199,0.466939452100702,-0.0790499283350612,0.606226432693677,0.0795389293719597,0.333409333989919,0.310720449901824,-1.30423016465054,0.810578510148279,0.824145259218659,0.940188099550345,0.35254794578695,-0.299503861735382
"CGcb",200,0.341712981379434,0.0698199038235864,0.906861207825074,0.146311389658635,0.396769413907619,-0.129568848550103,-1.02114195696973,1.32762881667256,-0.199702039153265,0.227288167456735,-0.0101001575135864,0.804006315176432
"CGcb",201,0.303758976524054,-0.114200453213906,0.56326525212215,0.428371943901429,-0.813646911352782,0.969485778633526,-0.722341203749001,0.676460612177796,0.198225410241608,0.670818222291532,0.258456280196387,0.232539384125079
"CGcb",202,0.0856971627053381,0.276400427657559,0.805281752525945,0.453067879196132,-0.255420953688333,0.572513914268588,-0.566392866919484,0.959202516801958,-0.03611499331863,0.1925950897615,0.773477383205518,0.391155945160233
"CGcb",203,0.216788659025351,0.156174965942473,0.818902602424987,0.422435835261933,0.291768056094603,0.243335225084249,-0.734145430764713,1.00286388124832,-0.122128842355409,0.534917231542383,0.163067187100346,0.345935668791508
"CGcb",204,0.187056261214438,0.173355602407631,0.914480427751928,0.320225480933512,0.351485456691439,0.0910806260159688,-1.08457933421462,1.4456607356762,0.183280444940556,-0.0601803745303197,0.72181319370075,0.401564326059106
"CGcb",205,0.657119353035242,0.112660028858967,-0.0122071991478849,0.645204614122851,0.379489461086245,0.429140722240305,-1.4323900779636,1.06755357409886,0.998823366590541,-0.00814449694468478,-0.129900607058557,1.23811473722586
"CGcb",206,-0.209113816204045,0.751182207027495,0.877945931870636,0.0260752528686914,0.492374810238762,-0.152995460635054,-0.876689256708829,0.556337570114051,-0.0310852394327843,0.845491146423223,0.597366229223249,0.21571591958466
"CGcb",207,0.438244807510016,0.168655701642473,0.73765524505106,-0.067224979116959,0.819481385845227,-0.265258974982583,-1.24427808826386,0.895692839153547,0.868869122858667,0.358341702529617,0.0235209460739153,0.820408281635441
"CGcb",208,0.551639297535619,0.240839839479332,-0.120320121825856,1.28182750859885,-1.02967430386652,1.46202521159553,-0.539615936763998,0.943941170528901,0.481744074462383,1.00667442165203,-0.88685119777809,0.467523508404257
"CGcb",209,0.0618728068278562,0.0356585962766203,0.641261133125258,0.857512452998745,-0.176986222326889,0.221255388713388,-1.00514130981518,1.30958463035107,0.744345958356547,-0.0204355503112703,0.270511575486255,0.53691914622846
"CGcb",210,0.135746854611549,-0.0719451708309151,0.37518235068318,0.176314444985821,0.533829209620092,0.283390785832008,-0.375010691434842,0.433087112285982,0.359019452111943,-0.263421432450752,0.0564756340948597,1.09691644154159
"CGcb",211,0.755918314148207,0.134399645084153,0.507928691719781,1.16166607843082,0.582034056442072,-0.549829173022775,-0.622520641989088,0.756973335281643,0.155269022180483,0.319105273808508,-0.132460340511405,0.803575373813498
"CGcb",212,0.0996658861461778,0.439641872522533,0.504918524627811,0.230871566495626,0.286595428264983,0.467446853444232,-0.793107915749476,0.735629643485391,0.630618677478852,0.740203325448218,0.714898910293503,-0.49700061442826
"CGcb",213,0.269283364839309,0.417150982574275,0.854939336396529,0.106043300337782,0.424526820362038,0.196916891949134,-0.590676067011023,0.6497776970089,0.630528084560099,0.790681780273371,0.577605015977795,-0.261333190472375
"CGcb",214,0.0276145124368781,0.494393583022739,0.233445706891203,0.701017234994652,0.23482009290545,0.203981842744076,-0.954214242951201,0.989216872956724,0.471744998383404,0.277401134061013,0.142159366231002,0.79004650947088
"CGcb",215,0.00850512730137538,0.473483743243256,0.241946822311134,1.48995505909016,0.406534876450308,0.0957752671368173,-0.40777727518008,0.801627174430852,0.36057192152741,0.281249788031266,-0.132779323860721,0.777176790602894
"CGcb",216,0.0378950358859674,0.187778909361852,0.703160099826001,-0.0886405149318973,0.28909680484242,0.295435146251599,-0.85052858752745,0.850985018702231,0.380815113308337,0.446206727632632,0.33862229632467,0.245934198586538
"CGcb",217,0.266087522150963,0.351607157788724,0.0155472539532648,0.289720533532299,0.252985365669081,0.662765182519955,-0.885064704231085,0.607592737238319,0.667562807414468,0.43254483724929,-0.00632165478544015,0.347168908872809
"CGcb",218,0.387659247667868,0.351610588342528,-0.00315609861474795,1.23100499621426,0.155944253665312,0.552985627855873,-1.57571724663035,1.52162154674828,0.893136942821315,0.805392824920476,-0.576720992000266,0.915405299948324
"CGcb",219,0.0429273065815472,0.154201094943982,0.397612244700789,0.558180570802685,-0.414876718736122,0.71256308993776,-0.631975143810889,1.04288535632105,0.583923194477049,0.765325582975373,0.588824858022427,-0.494065227430619
"CGcb",220,0.242770648431175,0.258761587575944,0.295427434398346,0.472039499312787,0.299316998012589,0.479074972732932,-1.02012288476382,1.28390789339478,0.430663036619724,0.293447101540634,1.32593989649837,0.0419470527951417
"CGcb",221,0.517801761300811,-0.0449406991472406,0.287983380014177,0.379312013624597,0.303300776374993,0.939429247417838,-0.460000215482537,0.617646858621364,0.00068756447362162,-0.471482057921499,0.505084597330496,0.986505341382424
"CGcb",222,0.244582179402597,0.284554724919287,0.868859982712052,0.0429643037565067,0.583058344239809,-0.134290121708246,-0.687712540305962,0.631789312000876,0.324148596110655,0.314962191941378,0.403547600217359,0.655746970568382
"CGcb",223,-0.030052187444323,0.436370606395172,0.608281578388119,0.288752644882354,0.0534052932789796,0.272975821313569,-0.346262318024178,0.819712434924603,0.783171755953371,0.018156350065083,0.392987714899348,0.208510659923669
"CGcb",224,0.323200461697765,-0.113577805277905,0.355370315389293,0.377741166838127,0.0815415075326921,0.305779550247069,-0.804874544618138,1.03791671757328,0.39500825995972,0.498166594904614,0.0610519574137648,0.460697373322772
"CGcb",225,0.401992036133106,-0.111841142160992,0.711738375832908,0.464542268833952,-0.783531264453539,1.37896748199827,-0.902157239894403,0.961848179425185,0.390632572120916,0.0753292908565768,-0.18657412774725,1.03733033860284
"CGcb",226,0.139187666331592,0.378695237425472,0.796958368771942,0.496821475829453,0.259128927762808,0.17122616794044,-0.891923497043948,0.43514271954747,0.836678595139259,0.572994237936114,-0.0549731618189131,0.684180008437918
"CGcb",227,0.456634255295747,0.226533881778101,0.396996343500586,0.599168405504888,0.275500159807373,0.521739366225155,-0.951238188013583,1.23192431736478,0.639055648302196,-0.419507320500323,0.581210870482003,0.44491671906345
"CGcb",228,0.550564311188799,0.0415920464115017,0.252973851368542,0.280571798574006,0.624404096942986,0.116784309207418,-0.512919736681059,1.07144813264661,-0.127657002769868,0.168317443991808,-0.579233762490004,1.0028429433794
"CGcb",229,0.301474026490229,0.180193666002009,0.596479514895762,0.247628886893315,0.852791124744053,-0.464291612893902,-0.873969260311082,1.23722103784504,0.640978502343878,0.288719899458747,0.285784471062976,0.271683214865513
"CGcb",230,0.517681653400197,-0.0486557719779024,0.828939528361219,0.113156058803918,-0.697497778393355,0.986139980738208,-0.805356748163705,0.823372341014674,0.188558990818409,0.620762814733666,0.10655220143835,-0.00212303055140042
"CGcb",231,0.241389797768468,0.108784862564574,0.507621496333219,0.0636836397423561,0.0837634068613862,0.36966704956758,-0.957846979562467,1.25214664837515,0.38080879837295,-0.226457325622473,0.312285344424657,0.60139849396937
"CGcb",232,-0.370359061485034,0.6632361556132,0.45200186545093,0.617211160797851,-0.429982944356278,0.602372132794342,-0.968577732340824,1.31352460657518,-0.270171517453841,0.276125904878597,0.950520899064006,0.350715680785298
"CGcb",233,0.0781579698600319,0.393738947330209,0.749668402128796,0.413178013989827,-0.235503261922516,0.506931207201011,-0.238114889739339,-0.179631343093193,0.310032579384075,0.426876235762174,-0.217065862141349,0.602866059032058
"CGcb",234,0.215503221005306,0.5398204139542,0.697503442000105,0.672259746546222,0.328728730626527,-0.129829921380442,-0.671527694353521,0.461484670527576,0.84737629531305,0.31687111718046,-0.106291115517079,0.182457105416025
"CGcb",235,0.414736628664359,0.265902048793315,0.244830960834451,0.376718845318769,0.588630246998742,0.555056977573919,-0.980821248764796,0.939960502693628,0.499225047260025,0.360114448268316,-0.424615511974641,0.692721109498004
"CGcb",236,0.549128247317872,0.140501107481006,0.449973965911091,0.675176787110832,0.143804203495066,0.0493955983829391,-1.20964535407667,1.21260231568976,0.349397382032993,0.262119100950904,0.231471901549982,0.705568492843776
"CGcb",237,0.338657452741922,0.222720287909586,1.01824269623874,0.0169593749129147,-0.138410513153343,0.142155841461885,-1.48248328401966,1.21073282556807,0.507229266925371,0.459921350931309,0.397357950011656,0.442421281960286
"CGcb",238,0.762701018086257,-0.0133910293296532,0.695134258586798,-0.246014165625626,0.565239890780775,0.160219494862068,-1.06365767229765,1.09555240316698,0.351146584036204,0.706458821130935,0.450527549146274,-0.213645860823709
"CGcb",239,-0.186668078659257,0.744999231973194,0.352312372611003,0.85348776864224,0.176204479744602,0.165222227294769,-0.726775056521429,0.52650197976244,0.204749174081262,0.554890819228833,-0.218443206272163,0.66243750756756
"CGcb",240,0.121691841799198,-0.119669904062226,0.421044976054975,0.807576693610646,0.780169156875374,-0.0526248779564138,-0.744207446301966,0.854449511145846,0.571106700602686,-0.665543616702234,0.178784250387222,1.83493102484292
"CGcb",241,-0.127757908613984,0.316701382969293,0.778400130078006,-0.415825489209413,-0.288695182550565,0.694418061772041,-0.13948776818356,0.051410593127305,0.291723856209926,0.204055025357514,-0.339289668297236,1.11914229618629
"CGcb",242,-0.0123332166484351,0.182355352155276,0.493597374815479,0.290899157764539,0.0331894040797117,0.148841628796813,-1.10841317028631,1.2989088126634,-0.0462466676660287,0.949890250367035,0.184946846630302,0.0224860034377084
"CGcb",243,0.470931014470544,-0.00401741460235574,0.631003737551178,0.55887568236004,0.41714581522248,0.324412897511534,-1.13275101678037,0.877221441038784,0.637849806885375,-0.712768642046551,1.01422908445336,1.15259928546396
"CGcb",244,-0.027298298233151,0.607849679643605,0.454518619866961,-0.0857069765199275,0.0864297862744711,0.474911842275869,-0.765296606350786,0.541732542316075,0.127354600860308,0.318071929354296,0.640204713708126,0.163567290341513
"CGcb",245,0.162786565341748,0.268606733551093,0.916072907520488,0.401012318998978,0.343041261081731,0.143267761405492,-0.615554088350789,0.850089474812565,-0.114789795442833,0.68191280072028,-0.131051675545554,0.305519494580403
"CGcb",246,0.0255328408842558,0.437203822837949,0.890334688081469,-0.239018051818027,-0.16894285663824,0.553248861239472,-0.302861097117041,0.42811179017969,0.20640132277225,-0.177566676880245,0.206082128414799,0.934825239803199
"CGcb",247,0.250035880774083,0.375094237730709,0.605365397593796,0.468616316817974,-0.0103388006923383,0.214002745303321,-1.09128302487512,0.952211213675351,1.00175595750557,1.3836491096255,0.397422833369422,-0.586950818126808
"CGcb",248,0.243896696707401,0.0748421262066817,0.328107768805907,0.59471589001542,0.759315742926455,-0.128466142487368,-0.800088681711132,0.764386960040831,0.615801660742822,0.323628600967732,-0.099690577869131,0.763850377637398
"CGcb",249,0.073847418775529,0.327481600444149,0.530372782841168,0.349877785148373,0.250557280605334,0.496710268553162,0.0263362462259406,0.0330679276416168,-0.0898345578547244,0.723080258789187,-0.144231766629097,0.489654442478907
"CGcb",250,0.143809797362416,0.485074836955222,0.183007388945452,0.743315594045934,0.353851120650772,0.467495462413856,-0.941070383846982,0.716724309942989,0.401052654255099,0.487019181063123,0.364200949585859,0.483853753628038
"CGcb",251,0.0220674977152317,0.386022488096086,0.80763224452924,0.313036436072499,-0.0389933675536622,0.0547796250817119,-0.884234971840031,0.289182870376401,0.783426733237374,0.636636026160264,-0.583594265116581,1.15366675180672
"CGcb",252,0.242625682026561,0.0374319586509861,0.691985550635667,0.269111420109268,0.053015998964633,0.118418341798993,-0.842782455800542,0.844890862247113,0.326859165216034,-0.0133392734420137,0.218412890218242,0.877276404843025
"CGcb",253,0.229871649632905,0.447115112118406,0.973652645855869,0.767907375612974,-0.692988264220319,0.669042921568041,-0.408063885289949,0.414413527798539,0.892235307114155,0.322026833596223,0.294121535560396,0.281322796250792
"CGcb",254,0.315903387971466,0.335455992237064,0.453392734893502,0.31080241927884,-0.250737034758084,0.758932001698668,-0.849477787415056,1.12640250230723,0.0274580283074034,0.566718637025303,-0.275858155268127,0.491570283703014
"CGcb",255,0.456831018308289,0.184891816471797,0.565171540583316,0.752744046570818,0.0720863449882676,0.354371283596292,-0.658864831330748,0.843751328748615,0.378210897350966,0.0759618749676886,-0.0571527505372772,0.983030673278898
"CGcb",256,0.196341850172384,-0.155065457720996,0.529193489818213,0.206057410146667,0.906357718747318,0.318015654537068,-0.726188762769539,1.02185772804675,0.43157628695889,0.632469683994189,0.188135347005989,0.0545288658461859
"CGcb",257,0.645134481958001,-0.558063391731949,0.493998631271533,0.377040324540011,-0.387182076312526,1.05806290474514,-1.19782986965501,1.24874566834818,0.603886451843828,0.141840589031506,0.2046117234859,0.778101259046708
"CGcb",258,0.216216242112202,0.116125282643552,0.705298411872374,0.578268610299523,-0.0549349018618371,0.318262305583068,-0.525857068656125,0.567853314049995,0.357130709564805,-0.094445165612262,0.0879580581874957,0.898808395351696
"CGcb",259,0.124517671165666,0.340666712889308,0.425201340225771,0.619221641967717,-0.554872518241239,0.985175965526342,-0.985654313158523,0.827341258494207,0.842645653069198,0.651424178773869,0.0136639594682576,0.434820623194731
"CGcb",260,0.153254647645131,0.329723666703206,0.297398141039119,0.572552561530288,0.74312327181134,0.138665315147598,-0.508964350476651,0.661951936338724,0.0264378245503643,0.199669228296683,-0.276656481244608,0.853412330578181
"CGcb",261,0.7192926779589,-0.122746933332165,0.848053850722831,0.395316330473049,-0.131050027295262,0.387806444910386,-0.769760031324867,0.316273007133125,0.85079996107251,1.0212429340387,0.984701099060878,-0.886359445130523
"CGcb",262,0.432589895846057,0.30766926627837,0.3914215206372,0.796574192175659,0.234058085372941,0.484034216770919,-0.510886543718737,0.647510497932962,-0.000769856536870408,1.04887975238742,0.37292239236961,-0.193102920970143
"CGcb",263,-0.00726615235929898,0.24569088252091,0.466900441702913,0.824972547124122,0.0867668482597301,0.36404842758964,-0.948724952810093,1.25606051576998,0.328182010012555,0.728927944544257,-0.0416429657659475,0.53426895300953
"CGcb",264,0.198063162286002,0.357455724394653,0.601245271012388,0.355867501780163,0.279105375347654,0.292343414825425,-0.818103111582548,1.08952441839055,-0.332902928421642,0.0269586028065425,0.201163763814784,0.940869731071519
"CGcb",265,0.361861986466862,-0.0332899187298169,0.578837788694807,0.684522729463408,-0.166239329424987,0.597605046615278,-1.36584231610644,0.906625034395819,0.721196750342679,0.80054846558032,-0.734066115746712,1.08936870542095
"CGcb",266,-0.225430716853639,0.735126591650219,0.915040843557335,0.994544412623757,0.323693630257157,-0.177970973551335,-0.543994857871413,1.17704782211105,0.181187327174366,-0.04782782436416,1.09900414411019,-0.17812182088808
"CGcb",267,0.41997177414518,-0.103685277488257,0.702535587370637,0.220466531327734,0.164291780539452,0.411215267380145,-1.12261641575399,0.82605326379626,1.04363206647609,-0.247256091703876,0.246194335067053,0.810574528289012
"CGcb",268,0.0229677126946526,0.21987325322904,0.501888926807147,0.402249502752337,1.27020471580041,0.427320625916338,-1.20113515935473,1.19787671036931,0.808787358202409,2.25601360052617,-0.522450027824672,-0.0314861091329838
"CGcb",269,0.131105575252041,0.432213948253819,0.1358653092157,0.651333423756176,0.531250149237137,0.498509598041386,-0.398146058418107,-0.058739006928322,0.482869641815421,0.0725245735580757,0.60071314306505,0.754806433016288
"CGcb",270,0.146567674920839,0.309998287145295,0.700170505412913,0.276007018857037,0.582003602153769,0.0314100290605304,-0.828297517111024,0.825113628726096,0.628705378035155,-0.190519764678334,0.658090350727038,0.872831294320231
"CGcb",271,0.244536860416505,0.274140611369855,0.504064063682549,0.724641423190766,0.439685837560122,-0.0654709153740344,-0.72411328146977,1.1795429992909,-0.0511524020866821,0.387252654146273,0.880033728685777,-0.16708969257068
"CGcb",272,0.325972550452462,0.378619916542019,0.818627926066197,-0.027331888185418,0.187999209108535,0.240940654674195,-0.634848022773158,0.726017695142621,0.165899879726946,0.74608821356615,0.611886564272915,-0.566968155759637
"CGcb",273,0.0388996133369427,0.529353665328971,0.276580945769286,1.19381828863045,-0.00644095886926283,0.228338526848266,-1.03785331248017,0.732075435813355,0.97367548718349,1.2921344471476,0.419770501763364,-0.0384848027498479
"CGcb",274,0.248591111338422,0.024592863040312,0.429327746894234,0.371928244088162,-0.0821697757083985,0.544054579079092,-0.548658757846382,0.371223086666792,0.519654317741368,1.0922151355542,0.0904083266185001,-0.188986685819725
"CGcb",275,0.0239102438606398,0.144675724143005,0.424134070254982,0.49766876761962,0.74524021237379,-0.0729003746219461,-0.679751400217594,1.15217261057439,0.369479503036508,0.608030240201978,0.28648710741202,-0.0673828059863357
"CGcb",276,0.0063526907431403,0.187175608814128,0.67045896804406,0.118176358046411,-0.0663831082445342,0.447311027848589,-0.996527689782583,1.00214909533847,1.0319701626084,0.145537694357,-1.59363032163874,2.25827316835484
"CGcb",277,-0.020530250598353,0.525718555773719,0.354486162763041,0.451034285549132,0.131278137489944,0.488730793096799,-0.450992562234305,1.16308693461706,-0.034127057132498,0.459335229431686,0.342531105049564,0.0738813616055195
"CGcb",278,0.114293671832455,0.312186616393065,1.03077138309217,-0.0652464360197236,-0.0452370285525998,0.191970021823597,-0.911799872986408,0.720458374512513,-0.191599956205551,0.65305931386049,0.0774468279728336,0.854329926457985
"CGcb",279,0.308436324237538,-0.0125486809587596,1.05047955530872,0.0120782814306419,0.563863753754834,0.26661367777744,-0.90103721383454,0.58336362385131,0.614991157161505,0.918258181643782,-0.532189816453789,0.28578897239052
"CGcb",280,0.0376289541325682,0.162857824259558,0.392301076745134,0.265558579950652,0.474136024337222,0.297434738645989,-0.501914917290252,0.584340412221709,0.511770721758921,0.946428143818906,-0.499394793664594,0.326506869316289
"CGcb",281,0.186353305250103,0.403252659259159,0.844545546642083,0.573838579515539,-0.831529768879971,0.858452906640362,-0.39777497392041,0.0919817466051957,0.691536502434686,0.381888775938138,0.500077806725087,-0.169446500322406
"CGcb",282,0.623303832678947,0.20385049534392,0.378704444913712,0.773027358328406,1.32773904526871,-0.507939805645747,-0.283882345524039,0.843464092817968,0.0430570971358578,0.279579153127917,0.903085845178829,0.243053354392415
"CGcb",283,0.467500388433016,0.00150206743881039,-0.161824054646605,0.769204395677429,0.127246320756926,1.0015893568118,-1.20395722657574,1.24777300263732,0.266673951864032,0.1369490019,0.00261118780585715,0.811726395910988
"CGcb",284,0.195879861770844,0.146218027173557,0.79642750829964,0.200620432654493,0.0499884038040002,0.125153538462661,-1.04548661275047,0.901624273081419,0.510760225466831,-0.420371359424663,0.244312641422198,0.993311321774924
"CGcb",285,0.347363378102027,0.0600167116939425,0.436915620357758,0.675806055525727,0.074668030316432,0.527360184199223,-0.774122417542588,0.469172236794199,0.668653575999313,-0.27881723913678,0.901321386854815,0.537841490884874
"CGcb",286,0.470530196791105,0.0682342592995211,0.51275729753546,0.244438414574284,0.186559436038459,0.30556399870924,-0.874348662291401,0.631343930590665,0.522400516521988,-0.149632117956099,0.568632375616321,0.544916844215532
"CGcb",287,0.323404577082878,0.138908232971333,0.41381867894534,0.276256613625482,0.207154784826903,0.350717110171505,-0.820053776625793,1.3076236208223,0.301929004917524,-0.366136902338697,0.348712115072931,0.742793686874021
"CGcb",288,0.0729855039471806,0.425340920407352,0.754503489698854,0.173779563368323,0.0471523560515255,0.246455950778356,-0.885892053824036,1.15542406049041,0.250283517925703,0.358655791274064,0.553357384606209,0.262187684953638
"CGcb",289,0.141813199957445,-0.0416234008743641,0.0837675432191717,0.557999044775597,0.432512993508295,0.567787135097428,-0.867827785555537,0.757541353092196,0.0910827173572209,0.606023193395499,0.164414385378549,0.660582637557064
"CGcb",290,0.190113947687517,0.340256145436149,0.597957560892119,0.192233559858032,-0.903996328039913,1.50649068449759,-0.755478764016654,0.627632203488946,0.593097761893795,0.638604123346341,-0.000435002969677147,0.605114382305378
"CGcb",291,0.128581077194265,0.198851840405665,0.77250071617482,0.366242158036059,-0.561367599524395,0.9194308086832,-0.71999802087349,1.21004090273948,0.936074851741272,0.0579315380605172,-0.580419165794363,0.870588601699303
"CGcb",292,0.484647100496931,0.210959306013491,0.695922331986976,0.731354208302869,-0.678489401480339,1.39871120061179,-0.62381659125748,0.419461579107317,0.120149354284039,-0.306390679445842,0.565381000468977,0.975084903251133
"CGcb",293,0.121770793451936,0.353172900603126,1.22051369989086,-0.188031584236245,0.175195727210015,-0.000306153196542747,-0.657130191551783,0.851100104186681,0.481617124853305,0.405577985878716,0.0215872155738145,0.41132498633021
"CGcb",294,0.256610055632862,0.404251633858204,0.48868962282621,1.25872688934163,-0.0954998521325968,0.130078367682747,-1.28344520440423,1.40887025238003,0.577487690370288,0.661876036543107,-0.703043778621776,1.02653349587278
"CGcb",295,0.0494710450533625,0.484408379187693,0.311800672781739,0.927653774696557,0.617803260644898,0.0534893401939215,-0.96110685526062,1.1862810724659,0.179483878243,0.398257474499352,-0.612635333537915,0.653475467307869
"CGcb",296,0.296993917895597,0.390080844880128,0.558239313339302,0.446466155501046,-1.08209741658854,1.67496668205801,-0.289007163365839,1.11589208769446,-0.344559399567217,0.895022082701148,1.07255471335629,-0.608768420842184
"CGcb",297,0.341746345053663,0.0371754917431923,1.03477677705313,0.174749130595207,-0.0277371850735447,0.288703997051912,-0.483791008717504,0.419170260969017,0.589648555665063,0.287922019682667,-0.25722837884393,0.866127411395987
"CGcb",298,0.083094682222784,0.24345740244243,0.940282629333145,-0.0916996599329917,0.326137784366006,0.272525324743696,-1.08729242339361,1.1022190221795,0.106271745335576,1.56599336408802,0.62433638477856,-0.733632513148626
"CGcb",299,0.223924200277325,0.462662582729127,0.546814798879889,0.367097871669176,-0.23102278373027,0.552596171213634,-1.00018065268844,0.885237954997975,0.789866227588927,0.170732044538671,0.111149286467626,0.237271972414909
"CGcb",300,0.497049502313197,0.0248976495261427,0.654292392587385,0.0585392491831713,0.8446585711606,0.101873729230683,-0.281203041942185,0.815076461027907,-0.465961256295369,0.010849263718075,1.24922074961105,0.0601433956605082
"CGcb",301,-0.0864529397654622,0.30282610680932,0.762137428939143,0.317578626079607,0.230059811083563,0.637406418285573,-0.701170031016651,0.975090607405538,-0.127231412662162,1.03650097412206,0.140981734756498,-0.291907566087127
"CGcb",302,0.202818737590844,0.38895704444793,0.547068426862742,0.548695248360543,0.0586384710128858,0.557744935219697,-0.605545350188439,0.608574316475756,0.253485101637726,0.632895497624713,0.312812452176321,0.480785074319019
"CGcb",303,0.233957349210152,0.466882743974833,0.176042405890308,0.542321696936285,-0.00142253720295014,0.628998368253277,-1.74514373123185,1.56189842348688,0.764752176857833,-0.100709865209516,1.26308340397097,0.421224459019634
"CGcb",304,0.297314960548907,0.29686743613906,0.144625906666475,0.593783152668591,0.240596625331182,0.235013201372385,-1.17540224532347,1.14828691349126,0.108855306269514,0.523443733265095,0.415534950218784,0.458722490018928
"CGcb",305,0.249735305425587,-0.0148976495390834,0.588359919859841,0.22318814422152,0.85838363834016,0.139423368189504,-0.810817112757656,1.19166688835336,-0.118532924768191,0.737669383499782,-0.525786445481653,0.640190855146943
"CGcb",306,0.409520477782221,-0.154643580108248,0.189371086632696,0.345458200235166,0.280862585429448,0.525504825864994,-0.867167589351262,1.42353155570061,-0.335384906435256,-0.102106048304766,0.456896568685845,0.839145061936207
"CGcb",307,0.617582276981964,0.0696093502482062,0.502634421619106,0.415011302913032,0.227205216249851,0.571283743325069,0.162920075706888,0.856098460802233,-0.760108770357403,0.429787071434936,0.213169938671549,0.276167395518385
"CGcb",308,0.252183752759254,0.155486455180911,0.616650763007894,0.112646274663991,0.633501926973233,0.073583330642299,-1.4080548401688,1.13658352039924,0.76821038314262,-0.182028192350031,0.600153285242943,1.00179708452071
"CGcb",309,-0.0179266627391483,0.0775311013144365,0.755969294259742,0.378598811673961,0.352210570562575,0.0566286192175298,-0.241160169713357,0.486836545793735,0.0740267543479071,0.158544634289625,0.364473739207834,0.562717461699607
"CGcb",310,0.189960706842355,0.260402557256461,0.327629210541959,0.361907741672611,0.52020852415085,0.434295077749116,-0.654312038534138,1.01601296819464,0.0175063439856532,0.592861912357381,0.199494488487412,-0.032477606114079
"CGcb",311,0.569814329951155,-0.0258576099760999,1.3541897026202,0.467405857951664,1.2975025528673,-0.572333352149129,-0.733691493601192,0.363842724649911,1.13371734915181,0.166657980558437,1.27192532838025,0.200011015154811
"CGcb",312,0.276977699770933,0.485966608934887,0.708450429590102,0.435375668651572,0.52605599491083,-0.184004089893804,-0.801694466056853,0.743876628228903,0.909342232842948,-0.135019759898613,0.553795039145087,0.488456043090316
"CGcb",313,0.376905952195754,0.208710558515598,0.892914458614478,0.477590073708792,-0.0836971709484711,0.310692648832123,-0.736537521722187,0.882329406428725,0.173583330325917,0.538749736064117,-0.219928740440562,0.109282014973862
"CGcb",314,0.122826027480384,0.506326936486176,0.956555019082596,0.783717061651532,0.22672474390292,-0.247462725162845,-1.26559285810969,1.21002180806309,0.723483661302517,0.138558758542204,0.316222598453934,0.223598399563442
"CGcb",315,0.114763931756747,0.199960514514865,0.388810626181992,0.436538367403055,-0.153195058217571,0.720135782084716,-1.66081032645386,1.23287290672735,1.23909399061816,0.469675706837796,-0.0462070060882541,0.279171885674604
"CGcb",316,0.221737680796598,0.413029460193362,0.545461564346508,0.593742979056613,0.539341571760395,0.158990224486973,-0.526192497320208,-0.173752465942125,0.725758342186474,0.957542495126254,-0.0249991949433115,0.0532428879458592
"CGcb",317,0.140836938427563,0.142142956737356,0.417687317726401,0.154791398698489,0.329473164357152,0.554905394740136,-1.07488764475466,1.11149815400567,0.92793589296879,0.167873337336257,-0.0898400321245101,0.84228405393786
"CGcb",318,0.281951192004468,-0.24431856055915,1.00543726360813,-0.0127786217276895,0.410996039941375,-0.0846875057079143,-0.833843612143507,0.803743852862078,0.411854064331923,0.614232657374494,0.323276708816942,0.264422839780921
"CGcb",319,0.308235798729384,0.101336354365571,0.368913449994676,0.862869672665945,0.285657471633681,0.0556429852578633,-1.11527493570661,1.75634492756387,-0.0729848161964789,0.0760401570574605,0.445599383968319,0.60686910721644
"CGcb",320,0.139918593965319,0.245439433884353,0.117743452364888,0.617003179785439,0.233546729678976,0.438506490477048,-0.652415406576326,1.43532997388686,0.0764720365817096,-0.0885793770979147,0.366648410504798,0.518897880465108
"CGcb",321,0.0193640030511954,0.185075863689491,1.19777194210803,0.546514593294671,-0.170894368730146,-0.134954597029603,-1.2545520029797,0.956665898225835,0.365511334878947,0.398264265810668,-0.184913137764588,0.925731137057634
"CGcb",322,0.162947292968054,0.17831842751568,0.113520788122922,0.866397829432248,-0.223989021452682,1.07044867863203,-1.26197850730982,1.06643914839343,0.437580424767775,1.57881641431198,0.204896861937006,-0.595510913546163
"CGcb",323,0.386193483526306,0.139623113478351,0.0685117495556465,0.681830066462097,-0.103403889028266,0.732918064677852,-0.868518398171378,1.17850744409724,0.267402419353004,0.218594748016753,0.442520069005414,0.258697497912498
"CGcb",324,-0.00268989668961672,0.56291586072702,0.482352392652887,0.405524836453399,1.3404871720637,-0.258438826063191,-0.448895233762311,0.74646848826382,0.229078464899565,-0.136649181450097,0.044021235323236,1.07224948110627
"CGcb",325,-0.208127720009197,0.48726224667089,0.631559642926229,0.0240035463736757,0.424556126958619,-0.172364941184198,-0.502530463499337,0.284951269963534,0.0604648618587319,0.856827678886889,0.192767875625835,0.157885137144268
"CGcb",326,0.319817798078249,0.29074183853088,0.310547444865634,0.575590078102926,0.87390011442458,0.076365096312955,-0.924702909481559,0.489297868245212,0.482379363183312,0.276954806582644,-0.354002782998758,1.5105121023702
"CGcb",327,0.388803961721356,0.332763644769414,0.361394766191171,0.728707559831682,0.75152343059046,-0.368459285593073,-1.14498960054043,0.792244866539668,1.11459291184801,-0.0527726397536023,0.1085913892267,0.796946671706559
"CGcb",328,-0.0529666824140661,0.348967257740931,1.24624731500209,-0.0171561215692062,0.0216368529023781,0.0634971984905144,-0.680814672748302,0.466932539242264,0.787272772905797,-0.248409293890725,-0.443283911530299,1.70274642691436
"CGcb",329,0.290315403240505,0.234514408677656,0.661905744855571,0.945257617937843,0.403390274012472,-0.127860266026202,-0.809526960985884,1.15083849906489,0.712539498903007,0.216693718718169,0.255301581730313,0.186490587343071
"CGcb",330,0.406497613633693,0.335209477416864,0.386540815521023,-0.261455333631701,0.0667305035854765,0.861569114833321,-0.551115036456876,0.925803080290587,0.481781577258692,0.0778994444659246,0.0459139502792824,0.592560532983415
"CGcb",331,0.603729646699937,-0.0454557388744924,0.762255313336464,0.413261784702507,0.0472933321363465,0.1610419930772,-0.339146836025082,0.796342245397919,-0.480623988172347,0.499140970136961,0.0132208132200447,0.917246432932784
"CGcb",332,0.513923853845791,-0.241778064252098,0.0422658079144287,0.647373149763461,-0.137970891252483,0.788691989134533,-1.5477520516251,1.11308321221111,0.920256355562662,0.570045217617053,0.431020009098447,0.345464047816378
"CGcb",333,0.37991729922701,0.0475388796219996,1.12970557037096,-0.113000081529796,-0.10068663681723,0.203736497963585,-0.203459449031465,0.369602197255908,0.619047466642455,0.399375093113248,0.343061741370478,-0.136038576908313
"CGcb",334,-0.00256304564322323,0.399880565474042,0.238786735156118,1.15152866957255,-0.514784974558331,1.37850602861776,-0.888755466373297,1.4651613780628,-0.0948030088832533,0.911362377423593,0.0145545074155427,-0.10886973470573
"CGcb",335,0.305452960178217,0.325940309170582,-0.144467421247997,1.02328060287742,-0.177180493214515,0.694721375306157,-0.860196447518763,1.40792914017195,0.172098570211934,-0.0212738660007555,0.279437042375862,0.54586964477118
"CGcb",336,0.208660130332066,0.145372542430348,0.866006577567924,0.0586009720819147,0.624512856922932,-0.347022554416472,-0.872641595776404,0.839971732035499,0.345356497487385,-0.0280421259401251,0.415377021778331,0.729760745637884
"CGcb",337,0.445065294022229,0.0407728114137212,0.858072297314375,-0.0536524858386911,0.196784280387986,0.34302737978741,-1.45569110359382,1.72650169244505,0.661279892741488,1.82384661456137,-0.0930511965189663,-0.863427226388775
"CGcb",338,0.350970807621497,0.35132128213747,0.400907421407472,0.762728333153653,0.263060921887848,-0.0417456117848756,-0.910488766942914,1.00275961827216,0.278791925722618,0.151746343384259,0.815475874552322,0.0523311243476364
"CGcb",339,0.0295009160308239,0.338918688486424,0.486310406359214,0.771350468351317,-0.153833728645299,0.771596250329043,-1.15704393108339,1.07449945037185,0.98639037999714,-0.168315305286052,-0.196455842283189,0.990253408843714
"CGcb",340,0.145085826556872,0.141896133015623,0.0477198507600977,1.15052450903449,0.156586008883746,0.263859236169979,-0.586169774602463,0.582588860042107,0.758512055670827,0.941754409435287,0.313912310952308,-0.0288388092621517
"CGcb",341,-0.0401206644203581,0.0390657071814268,0.444483971175092,0.834882159384448,-0.879058598482478,1.27757950234253,-1.29186524876731,1.63372394399296,0.721080193423445,1.16437539283584,0.0445239107142322,-0.19902105530919
"CGcb",342,0.378358339232517,0.287480429169049,0.677225614822605,0.380870958616764,0.300447106607751,0.0180204405871304,-0.812706275025311,1.45458794501927,-0.280262898608882,0.44872227316086,0.468554711862348,-0.119753641931016
"CGcb",343,-0.186248179408059,0.508849137202808,1.02998549543219,0.220512607656601,0.11947624496235,0.138171881652145,-1.2291829532147,1.21519486691387,0.63768973122398,1.03250682296884,0.540544921656725,-0.658097439636497
"CGcb",344,-0.156515422387784,0.625789263280722,0.415973791171798,0.356443628358385,0.549223218600508,0.373664478135328,-0.375568860483872,0.534944463172736,0.111006138898373,1.21651820363571,-0.275105429910337,-0.0216604439886478
"CGcb",345,0.595173974537575,0.00308564501981654,0.0982420758356765,0.950668259562882,0.599970057365917,-0.136729437364622,-0.999270656900659,0.872803365214116,0.718524465020023,0.338811761487643,0.300077351282003,0.0882072891940442
"CGcb",346,0.0304768967959254,0.0196513104439503,0.435715166060575,0.423516653501607,-0.485647036640225,0.644003147878739,-0.975966687478756,0.62766014436306,0.601110907766628,0.625670944688093,0.259810566310383,0.746824234193027
"CGcb",347,0.492776096613606,0.0317791740468967,0.718159639635505,0.278491562439831,0.166328310468561,0.0976472072320431,-0.817648198733867,1.18198317209169,0.921592581514931,0.875444448162201,-1.16526115192407,0.817816082530588
"CGcb",348,0.114808693776206,0.179064628630349,0.284647630646992,1.41032250727394,0.41536199616358,-0.194020919664308,-1.17096224133204,0.907102550329092,0.941461170642233,-0.32742327478697,0.946008110558539,0.509698512510586
"CGcb",349,0.478845073003478,-0.366045747403497,0.521746173481323,0.487850709061329,-0.172390511572253,0.837916128355325,-1.18035272111043,1.52313225027665,0.175651999688555,-0.252028558073613,0.775535020689061,0.866871585071613
"CGcb",350,0.0953905988130106,0.39366624003502,1.17361075427067,0.0248201975932682,0.358743216709505,-0.0980201400771647,-0.733622220117121,1.20482752516581,0.59967514772891,0.827549787825965,0.0842624845103486,-0.25342486869932
"CGcb",351,0.431698720209709,0.188544402581303,0.838673408953185,0.0774326247709685,0.0312524402006891,0.368757731078452,-0.946687386619747,1.30172961140491,0.342832292268046,-0.0732170743003931,0.268131187867625,0.657721670389722
"CGcb",352,0.398459129973225,0.351197675537247,0.519505122588191,0.491509234657652,0.268087686081275,-0.0448355812068238,-1.15071277130792,1.23540615535846,0.296217123296652,0.494950067712703,0.356674451798496,-0.0440223633877008
"CGcb",353,0.0490313409299953,0.369901698894805,0.656308667517014,0.723240150521999,0.350861457186363,0.183222367084759,-1.27930804663433,1.18392963229465,0.143365018538757,0.759251735330414,0.418052799439829,0.258729601840676
"CGcb",354,0.338436187721794,0.400289553319221,0.708707068067929,0.0676440264994042,0.0427500507666068,0.284117746365462,-1.02507847335785,1.37446497921896,0.662584542988129,0.382999552381662,-0.273447105389172,0.625518225656337
"CGcb",355,0.0900701899472119,0.565977472935334,0.789498411619867,0.0731381548235985,-0.0437653625194141,0.365799759122411,0.0193473501965937,-0.0889318344546397,0.374158723898836,0.823211526819198,0.0490873729273489,0.140441861147253
"CGcb",356,0.202364198813802,0.0360477659780809,0.292317426336239,0.609390200824196,-0.27975297711567,0.607701312122262,-1.0538304354073,1.17702417505441,0.754185905473343,0.0396053525695644,0.0307512537949418,0.761295270149273
"CGcb",357,0.162871232645667,-0.0470900837734632,0.348057368631371,0.763959070429648,-0.095059326913212,0.456804852782473,-1.98201240101738,1.72617392645225,0.751265086600143,1.37897939352532,0.88129358916263,-1.01671743931879
"CGcb",358,-0.14820838383058,0.637328809417295,0.37462982561727,0.151287554277587,0.982037132398563,-0.0478629710556998,-0.741769013088653,0.600173319217561,0.421883185676829,0.319623065767931,0.0371121307230711,0.688012281614618
"CGcb",359,0.222398580114342,0.372870526378364,0.569635911770205,0.561671299738775,-0.453901684621787,0.371968094503364,-0.904202512087322,0.839393398920042,0.207349268257019,0.352669045229861,0.510812940365012,0.599858258333777
"CGcb",360,0.385419864474473,0.152176129712218,0.701720800692193,0.41308026963722,-0.0686864425265391,0.444266118539795,-0.694400579848103,0.939686927612452,0.077909079936409,0.285263369222349,-0.134667734966913,0.684294248286663
"CGcb",361,0.253199462524454,0.424734892123542,0.744699013536751,-0.261312879289635,0.644225660835782,0.343827161189716,-1.15118279973708,1.14770649046516,0.620185885219967,0.539643841742073,0.276638760877038,0.0879903637643846
"CGcb",362,-0.0798384237691353,0.550618758877724,0.370764919721437,0.322185862979848,0.424770626854031,0.38031208038555,-1.24066416067586,0.9490535373323,0.633394077652182,-0.105549282094963,0.200704155579443,0.965511281104399
"CGcb",363,0.0671867671602826,0.432353147516656,1.35874122954428,0.260430302490086,-0.749786510122133,0.68761813238514,-1.12161673828538,0.955968619154465,0.972470380453041,0.697436496120569,0.215730315405398,0.0326102613677998
"CGcb",364,0.319535737607723,0.415027605910594,0.264852109600592,0.813577255735787,-0.149060184583351,0.911789653501637,-0.520469607601459,0.32444371613169,0.126409438526575,0.22154327174525,0.728058261751854,0.74246585466748
"CGcb",365,0.277502623671476,0.3718129874875,0.378644291583996,0.4948373277352,-0.485452081240708,1.15413849154107,-0.753762255545823,0.638566265844015,0.282866297335645,0.571584373534065,-0.167889838211874,0.610483881890075
"CGcb",366,0.290494615810242,0.345935340809169,0.191826243444163,0.730317189523938,-0.360393553007256,1.06933432514678,-1.01468355038259,0.848592248848709,0.266449426192343,0.203799382084588,0.0663159986224244,0.860448686581388
"CGcb",367,0.157583458747636,0.220698034634389,0.388947410839056,0.619931472090434,0.752918600331655,0.28899131436183,-0.308376709056464,1.11797810086379,0.10636593723105,0.626639226590582,-0.459765523366124,0.256751887115819
"CGcb",368,-0.0885780694412109,0.527737434777279,0.987436775501764,0.264435704771098,0.434401728319268,-0.176523530484381,-0.823144669915856,1.20327376206115,-0.133446306972696,0.252018457523702,1.14353138213542,0.542729794117742
"CGcb",369,0.297222402731715,0.243989228855905,0.517389596654291,0.451796802488939,0.0302384354257255,0.583416313037185,-0.736984561909923,1.53535285558951,0.367210584404843,0.68430495555006,0.612458160913984,-0.492453319788304
"CGcb",370,0.569011515359745,-0.0957998764344073,0.5384709642701,0.408373262135715,0.315956608097132,-0.0678848334125101,-1.25616289723242,1.35622413468662,0.568099813263188,0.0702429018888131,0.549966640458683,0.427682101893514
"CGcb",371,0.324266877718567,0.380545077677949,0.696510740993966,0.108185205101539,0.361485502025028,0.068698132159433,-1.08225336878154,1.57700195469072,0.625555947243697,0.919868678313367,-0.51163425094382,-0.0867743360697235
"CGcb",372,0.545837066671839,-0.0574755048235054,0.857612471891411,0.488611080973753,0.204508879854007,0.280116011878754,-0.88391386756497,1.0074010251929,0.607094820351461,0.21019205843081,-0.675725441064838,1.26231748087355
"CGcb",373,0.154748465125595,0.0855270804727574,0.751454752458321,0.470924900435077,-0.684461822215583,1.17644182671885,-1.10038755743089,1.1751325341263,0.393643616536307,0.389076008012502,0.34758260595946,0.285004409200701
"CGcb",374,0.46782456546761,0.515407683402059,1.25331678968831,-0.272204873706496,0.33758223611623,-0.157069310612433,-1.23631932224655,0.900728278614175,0.949943274370553,0.722469654104953,-0.0146365473819272,0.705351311291605
"CGcb",375,0.604785252380297,0.0223657526025139,0.947475395294849,0.0550729166221839,0.308947052446232,0.0295389656587742,-1.52021271223414,1.58430613924421,0.517136664449517,0.219970380205786,0.337999916188629,0.165570222880929
"CGcb",376,0.227963772327578,0.201187023742544,0.452541088802582,0.239816511784717,0.788587278020478,0.194457473201727,-0.601861966284788,0.283566197233441,0.549773150618659,0.170654246154072,0.288656101028422,0.923178559837425
"CGcb",377,0.0670959112798616,0.339319221472662,0.778068469290918,0.197547205922933,0.246034835511455,0.242789571973111,-1.35492509806577,1.54147380552082,0.405898348021493,0.429818759256644,0.142147094100534,0.522784386374184
"CGcb",378,0.299671174747823,-0.0673269953782265,0.436490227314427,0.21441811156249,-0.065421465098442,0.821728346653955,-0.703944489058759,1.26611190535369,0.4388931417416,0.229610809047929,-0.101383682816683,0.271363443915442
"CGcb",379,0.0977301547163255,0.240126601079568,0.596076651903625,0.153136006977598,0.329199466683521,0.125156880600423,-1.04405848388469,1.35138180430171,0.309864039756296,0.939484428404367,0.044156340667755,-0.0995871143830234
"CGcb",380,0.123668915225718,0.298541651870672,1.04898625460259,-0.24505204133525,0.238511587209173,0.400578435408992,-0.703991753048444,1.44201191420627,0.0521794942129257,1.66650229401585,-0.07800796247048,-0.71947849307989
"CGcb",381,0.372999496323722,0.0212695766613462,0.301129877042184,0.648098010080808,0.0906474358872619,0.523092227274499,-0.912917731433963,0.810579728771905,0.265272422340437,0.894314746864785,-0.32837032765816,0.651949197867233
"CGcb",382,0.422296761232991,0.379982731379369,1.02361728481633,0.350489089428624,0.483133277526489,-0.312909525304022,-1.06798919897616,1.31304419889469,0.242527566773635,0.145599010486625,-0.127328419860517,0.852321000959768
"CGcb",383,0.24291589285839,0.202784887803496,0.999805795792802,0.462539248207368,0.0797194963861115,0.259307518830161,-0.811756020096442,0.559218781131946,0.621751153619229,-0.213049997317435,1.16385631354213,0.292284407529694
"CGcb",384,0.0637118636581731,0.3986426028282,0.56667560911915,0.542342481868971,-0.0864536210192378,0.443609355541742,-1.04828369746877,0.810522572434533,0.808577394548911,0.152423718871911,0.108175634209768,0.457990097393367
"CGcb",385,0.0258346239402895,0.733902785448625,0.829095976558255,0.241454915732149,-0.00461664612736662,0.431017181301518,0.00550917911099538,0.283897320524454,0.110000447712617,0.0104938844005402,0.643999450938298,0.051129686565073
"CGcb",386,0.223700282847592,0.419271381675337,0.701747654756779,0.176208536322731,0.725866609736078,0.286510200263238,-1.47836398488425,1.358569200461,1.24879744299945,0.341698347986784,0.0259569385636652,0.525760926791723
"CGcb",387,-0.0499328458764777,0.398591654272203,0.811384347852474,0.327155544606602,0.409404967559641,-0.0243073831007491,-0.744420479723716,0.821679298550343,0.303325332889562,-0.693400089154026,0.322135568696023,1.30838925221345
"CGcb",388,0.263740908208769,0.13923722812609,0.561107299264674,0.691664154142816,-0.24852467267598,0.289745063410923,-0.226422887736328,1.17917242730974,-0.0304563377924038,0.484713260434983,0.565061230502607,-0.176427335839488
"CGcb",389,0.435535800269827,0.0227043630989318,0.279201834682012,0.660988548740235,-0.0205358646948951,0.644108127248494,-0.430229022302249,0.473249219925308,0.463328999467008,0.416773666841082,-0.0867027810331272,0.324062778359323
"CGcb",390,0.0797428752861525,0.181753015352638,0.607535787796252,0.95750330450998,0.467969440285241,0.168506105220622,-0.743323777025135,0.572549871312321,0.377574486255072,0.0834878002917458,0.42547895436679,0.897287802073273
"CGcb",391,0.350472323545596,0.210353438226581,0.404886617105902,0.335245578824446,-0.0498990585898636,0.747504392362569,-0.990105124580299,0.886774170991517,0.30821715038828,0.697450202378752,0.423529353709746,-0.297190246618494
"CGcb",392,0.290603300495854,0.179268861061236,0.909972010486586,0.785836984877281,0.0375212285353462,-0.0788339596844162,-0.939784607693877,0.950199743498274,0.0254067885376578,0.0945526523702188,0.146225673606594,0.782006113235456
"CGcb",393,0.33912774485547,0.184100395033072,0.837703865282416,0.157667752512301,-0.166895448629029,0.209780265361383,-1.19969200718102,1.05549966370084,0.506291867584934,0.0762369573170995,0.0872117620887746,0.945484142440305
"CGcb",394,0.47749631030689,-0.129261332594502,0.357358244705433,0.402914799080352,0.430124122523162,0.30519754674102,-0.773894372480204,0.894811272434161,0.299149705819515,0.533306808737514,0.525121043610573,-0.315224742743784
"CGcb",395,0.161987838095482,0.177480154610393,0.595032106636384,0.258245449207815,0.471113125798884,0.0789769340182739,-0.752286094425978,1.41584647484514,0.0159221116119134,-0.211434535245008,0.233198492680035,0.715064320858436
"CGcb",396,0.183977037580363,0.45819047742039,0.661785352461332,0.564752035312969,-0.490555345960675,1.01277096499189,-0.871054974732274,0.438966016408264,0.521701928914433,0.703122557126118,0.302352532675553,0.162860030556826
"CGcb",397,0.404589995106509,0.149455602744137,0.915640102293065,0.0520608220552706,-0.13689626787498,0.254713791115576,-0.780042996264319,0.878180427158787,0.373168303686976,-0.00899184230291238,0.203114548233354,0.736225546770343
"CGcb",398,0.10542835053691,0.201866683887388,0.629681106273098,0.567342318834588,0.319778933418913,0.18169024795024,-0.423001670138602,0.810649131663928,-0.060035094054013,0.627068165480709,0.109671038602582,0.404158442518102
"CGcb",399,-0.33751755106786,0.874756022557669,0.249865784166032,0.671006522578717,0.576404526016732,0.186332372113176,-0.553590596332874,0.690714232169119,0.0218793278764211,0.102875622767247,0.350404396994818,0.579081007571939
"CGcb",400,-0.0333708242797953,0.367593939083959,0.136459785908634,0.885702031042947,-0.275772414142429,0.883359707143061,-0.286486889647553,0.589214031224103,0.16653014010464,0.519223275925643,-0.0491486767418406,0.0721356297574121
"CGcb",401,0.546507427455529,0.384382489976526,0.301931748331637,0.775972335141121,1.00456834589301,-0.402701799273177,-1.18555113095999,1.17689143220265,0.943618277567394,0.337198446682344,0.52753602107838,0.248739583398691
"CGcb",402,0.237292631182392,0.306215207856294,0.602473376918949,0.499440196349912,-0.0959628384432255,0.611321632836019,-1.13283168461118,1.2310465206093,0.841507387724066,0.611938692022351,0.0338386548578278,0.140195424003992
"CGcb",403,0.13252430890643,0.225341924983223,0.655486182728374,0.228328689682638,0.535547157490399,0.186839207731654,-1.28057770117798,1.02668109848545,0.449176024568278,-0.189101386108923,0.574155142804886,0.909424908974101
"CGcb",404,0.212309963166507,0.015478913185981,1.02226627252548,0.0716315690758734,0.72441247374332,-0.195491871938701,-0.840499445555599,1.07386514383581,0.447226371413539,-0.0327250899720466,0.358727008872727,0.506481998165842
"CGcb",405,0.216951583041652,0.189653878263851,0.135018704695319,0.733749645078411,0.0683102802426532,0.484868138430976,-1.07385093964789,1.13133937671312,0.402595396239175,1.34064151002091,-0.0779115251253244,0.0877562343961581
"CGcb",406,0.123062053047924,0.48130722890892,0.826014639478931,0.712546928121457,0.25215333272807,-0.273541461537614,-1.31712984724717,1.05337392831108,0.297200805160341,0.801090843074573,0.363001835482788,0.0752020941082035
"CGcb",407,0.0158592316199174,0.317579901214451,0.497121762236582,0.322606825272538,-0.322160970989563,0.800778934075317,-0.706040209848824,0.592831167906544,0.250501238813075,1.04646838367878,0.40318174710892,-0.367613504606568
"CGcb",408,-0.169118334493111,0.552437840600174,0.864599175357754,0.753289447240825,0.918475410497809,-0.155207703956568,-0.609231041999199,0.674533386824157,0.312866132890656,0.407674429594862,0.393545397839698,0.420716072753378
"CGcb",409,0.215788952054847,0.246330844150541,0.406380697991518,0.410482598027999,-0.193783995233144,0.713738615111978,-1.11815177083331,1.34176524497673,0.204132114128387,0.720243892150685,0.148009736301887,-0.0243823383241703
"CGcb",410,0.109314487485981,0.360916164532406,0.831627057363391,0.251400511096438,-0.761520206032941,0.970852689999878,-1.54101581444668,1.52627403912368,0.66907808278267,0.10247220351675,-0.255244547493429,1.062176462132
"CGcb",411,0.210859580404892,0.304094840467922,0.466172714737835,0.892726197307994,0.534238553142443,0.00569939904838452,-1.08134131290783,0.986614649293294,0.379146156698539,-0.30882348716434,0.280905982096761,1.1500616823625
"CGcb",412,0.40913066516208,0.338666164369974,0.665506688385312,0.161424996773318,0.297185238614366,0.189369629527555,-1.32567357180632,1.07187105245764,1.02651345727695,0.349646930473007,-1.08738647318008,1.57016500827511
"CGcb",413,0.178334495058532,0.317703004503471,1.31085782449302,-0.0389752076047134,-0.341268946813404,0.42110324776387,-1.52428594485841,2.00133419813375,0.916851417861793,0.243245653571805,0.332721726173529,0.314947198968492
"CGcb",414,0.354315020252012,0.295955893492408,0.702552521550707,0.0943118761694347,0.463715649000968,-0.196153044477312,-0.32242974907819,0.675157828585711,-0.131252343545745,0.15596248900444,0.55792774167144,0.224920633884776
"CGcb",415,0.065562116382727,0.287253785956049,0.24496056917203,0.841305694735794,-0.233055087164158,0.992301134493372,-0.886702618255737,1.12107937629092,-0.01997441236223,0.858859531136295,-0.08105970060344,0.179330855605032
"CGcb",416,0.0714187634530008,0.122480329731058,0.506236344576487,0.60908458970457,0.854454323314361,0.0539996570259733,-0.820960722184331,0.764660830329504,0.886360636890848,0.762866603418973,-0.956027864276908,0.774854824303719
"CGcb",417,0.187323923818466,0.386972680672338,0.286375533734174,0.458010496512686,0.313775190593499,0.670230726729609,-0.806895446202351,1.6978923104685,-0.405397345772646,0.281730098186876,-0.120477223611507,0.689027264795818
"CGcb",418,0.249909845900268,0.191125170892482,0.915727965411629,0.159863125564728,0.144996650837893,0.125283743732481,-0.605838844770573,0.63946831794847,0.356456906966693,0.460900773435278,0.568636005470861,0.0186310576962311
"CGcb",419,0.258012793726833,0.145544966506599,0.19756386179579,0.573699764057698,0.345363911009152,0.532661729390056,-0.498662107213571,0.827432564936966,0.374347653062448,0.473901300352592,0.464477376272198,-0.128873815830048
"CGcb",420,0.189951036177704,0.313097420513929,0.665409921163533,0.83264422416872,-0.485177705288811,0.92639121624396,-0.360115915234826,0.21849442590322,0.671969783413111,0.751916749271531,-0.110667544568006,0.106564467349012
"CGcb",421,0.073412925272914,0.501964349627854,1.22766615652821,0.12413815132478,0.515138043005148,-0.265871348155029,-0.202540693963433,0.442268504858386,0.0985551218753351,0.252041236937299,1.02512029541475,0.0523588159821322
"CGcb",422,0.203943694936422,0.0673565124145091,0.521674239476782,0.569369858600098,0.0488549701363934,0.504816538321833,-0.628307573679966,0.579653924774063,0.0866273380410525,1.06116762329971,0.845108324598341,-0.154353703852084
"CGcb",423,0.145010226019528,0.471551487264427,0.806726332182464,-0.360936342640085,-0.164617538669584,0.674267296642749,-1.18370422430386,1.08385816290016,0.0482636943969759,0.0201179823832568,0.253362465073562,0.690927350693517
"CGcb",424,0.282373972915878,0.290864700344147,0.790674558002166,0.0940442230172779,0.330283788692091,0.431048700323246,-0.355441757968223,0.319078797707453,0.61279861550195,0.419151823724181,0.435855140178665,-0.224207787014896
"CGcb",425,0.189574411571397,0.210588207544598,0.367102077655508,0.256274463299714,-0.0273702783031608,0.767205075985045,-1.36401931398516,1.2974463503391,0.882357977486001,0.331624837505067,0.0977591786829541,0.802241577703172
"CGcb",426,0.0683747957482181,0.50047103848595,0.375251986915917,0.644582324189519,0.0827767772162425,0.179257940508176,-0.537000558136781,0.686889661525515,-0.317567040557396,1.41645612547477,0.318334467706423,0.00927864575987593
"CGcb",427,0.0623845873149266,0.468335579053398,0.345626779715893,0.992839744027323,0.589927167851284,-0.163969524936221,-0.589592121450979,0.813121929327648,-0.3777347192368,0.991254642341884,0.440944094218716,0.0708053266968764
"CGcb",428,0.3243260151143,0.293619868561744,0.280831023593696,0.916921654596141,0.342644869651425,-0.109792725675182,-0.765216672376985,0.871331126668237,0.821189984765845,-0.421687531454097,-0.00347600005091628,1.02483501293919
"CGcb",429,0.3139194694202,0.389573272540334,0.878815816529142,0.12868102572009,0.311010817282439,0.188710657291334,0.180094281201598,0.150510547664023,0.182622354468469,1.17156222942673,0.370900087641199,-0.425939777106105
"CGcb",430,0.514186737919306,0.136796671032596,0.267802893931619,0.652002561688015,-0.471591826022658,0.755794352922931,-0.273749457259369,1.03341577337515,-0.0318187942309672,0.843366122405536,-0.0413818449855361,0.0371386305601385
"CGcb",431,0.321052456014007,0.316895536994594,0.687004416146305,0.0288993504952365,0.329202568185335,0.0775150160280527,-1.00956472055591,0.980940035117472,0.577102461631897,0.239369192491959,-0.505364799739861,1.11062208452146
"CGcb",432,0.364095061636018,0.0356044563870661,0.688904566073882,0.0559809755938054,0.262507340147409,0.1589987463646,-0.643296109210451,1.00884088522827,0.276984558597747,0.0596641956508097,0.242761382630704,0.470019370217436
"CGcb",433,0.0478262271361798,0.386304718114226,0.382580382535321,0.349350021716887,-0.0895683118298788,0.85030615455125,-0.818686747530353,1.23294141235679,0.516844286376173,-0.0475773120645855,-0.124229978726766,1.10940517163576
"CGcb",434,0.0281492824550966,0.529372111787774,0.190020836884464,0.794211183228743,0.0262155524590022,0.539654154835229,-0.661192573172017,0.280452960652156,1.02021328988596,0.710573675831291,0.212129397543384,-0.0781771632038947
"CGcb",435,0.283614888034409,0.108762658047582,0.863598324042659,0.738786127960812,0.327064987649541,0.00189257986777115,-0.80350146232375,0.584850097468517,0.518218281917526,0.333117598889807,0.813630684191629,0.0368063183573739
"CGcb",436,-0.0682732141149489,0.468842903447602,0.503983434988558,0.833511706671983,0.417626483841649,0.159658473379898,-0.889752096440645,0.767903888793915,0.271058145947599,1.90930604739509,0.0908079135366773,-0.875763696964258
"CGcb",437,0.0379533096156108,0.783762876171107,0.18922925438377,0.659557678945209,0.434251649160474,0.135623963506039,-0.800969921959516,1.04798910009496,0.281804723859978,0.205491699432933,-0.345892740755028,1.2217936722679
"CGcb",438,0.572301135988229,-0.307590729762853,0.915983140159039,0.0624357704239046,0.509283568576481,0.264754054362613,-1.42183707551628,1.01370274684138,0.684906356655294,1.15764541620497,0.199828849977177,-0.577545610486225
"CGcb",439,0.490969423892798,0.102909445593463,0.575347721067534,0.320474522001029,0.291460130518625,0.215123881507174,-0.953807993515554,0.898491297243475,0.542126394105677,0.507145000026789,0.477684955406437,0.00986649863288183
"CGcb",440,0.391820564148146,0.0959208042738094,0.715035027843993,0.483544539072267,0.446004969172306,0.215035015499775,-0.586537452833708,0.987486350824021,0.334097652444926,0.753300598864916,-0.239933692674075,0.0898312013078269
"CGcb",441,0.0664344269792424,0.526648661326844,0.382548770302206,0.835837389879937,-0.151932079945777,0.72984721983297,-0.415822950468972,1.29685035499616,0.258945760687701,0.108423491344432,0.324859772504128,0.560963655792475
"CGcb",442,0.0989450725968532,0.474914164187441,0.694401565542186,0.913411180740255,-0.0367820910434558,0.545275601621296,-0.329011774863995,0.940408061844019,-0.155974700730829,-0.022486504905246,0.0638975090580382,0.788459110884699
"CGcb",443,-0.0219493981060167,0.487659988499671,0.80378581227061,0.260728468046175,-0.194893755810198,0.489476735307684,-0.888132551967514,0.642645042851923,0.118783070927542,0.810718380323818,0.135582084097447,0.15302071863782
"CGcb",444,-0.0981790370394621,0.468193076026791,0.821146207199537,-0.0598361197327612,-0.247730947669956,0.671133093468049,-0.849379296125856,0.752016426894335,0.868471751090881,1.05343614760515,0.597041420780556,-0.507068279371102
"CGcb",445,0.362832712608188,0.209159797062928,0.342959101654955,0.927137996180188,0.65653740929088,-0.222531578008227,-0.744887888796124,1.22690583597466,-0.234833975067852,0.230334935258303,0.283444045340366,0.53657601685895
"CGcb",446,0.050988575251508,0.251140828493387,0.705872328770136,0.574795866773729,0.0641984484486916,0.434427541413549,-0.989733800251568,1.39159651910696,0.513042625361374,0.269540655332224,-0.145514094380967,0.504179447196681
"CGcb",447,0.175256898646148,0.154401380589231,0.286170947142248,0.177009114968952,-0.514524709236865,1.30056608174636,-0.642132409938437,0.821002286398653,0.112151651032912,0.812665820688618,-0.125246022118294,0.26127690661401
"CGcb",448,0.322404584986919,0.145856007551996,1.48507660569355,-0.557272471117132,0.0855314130425649,0.16221458087979,-1.21779528564844,1.42217163729787,0.247788676996529,0.583956975783813,0.806553699912079,-0.430820366033156
"CGcb",449,0.0365163124616391,0.160438731701435,0.471122544558081,0.308491213885706,-0.0632530667659741,0.414245128242185,-0.49826507660038,0.894196926067754,-0.453711308545838,-1.01977577427533,1.4506156705735,1.13741091119522
"CGcb",450,-0.100086773385906,0.460673345746682,0.815445825481629,0.635190574105386,-0.0376097674019063,0.406502630870308,-0.305947906247467,0.703286796876068,0.227045108241299,-0.361560816791402,0.241438004717102,1.10336747097979
"CGcb",451,0.344176438841049,0.389282098168987,0.325422887899478,0.737274329050329,0.82305982656182,-0.0219258405423295,-0.717909479188296,1.5087570353319,0.261884936796103,-0.338861833443207,1.0717237345928,0.180654704175004
"CGcb",452,0.270173385874161,0.243212344306503,0.626264197358961,0.424316512697676,-0.0962278605885885,0.357186860605698,-0.473675380931524,0.54021520661752,0.69216948487847,0.40385418964554,0.426645802692203,-0.236176113143692
"CGcb",453,-0.122165950826944,0.877559420761468,0.204481719668945,1.01210119172964,-0.318498804432328,0.585438807059761,-0.46188864839478,0.922974392737103,0.352274994117873,0.0567904869266129,0.162739014599763,0.307256752677978
"CGcb",454,0.286509561182644,0.14417091820457,0.502916544006166,0.272471964922053,0.690664299832709,0.0314738700616055,-1.78532431389224,1.61780851235479,0.521051332516517,0.622741966079794,0.37888999344004,0.0279259520263056
"CGcb",455,0.145933209666056,-0.348843288999869,0.842118515532449,0.69534833482788,0.218195496529604,0.14572652502158,-0.644481251413045,0.211553438718311,0.695185554583531,0.28945974880667,0.0473633074055043,0.886694716681761
"CGcb",456,0.0336906141199573,0.369386659537542,0.0547709455222343,0.821630962386151,-0.0198113290148579,0.911984626990651,-0.529342028644526,0.297728122506969,0.387605416100864,0.813986352528482,0.877782824439724,-0.252221121236743
"CGcb",457,-0.00528701047768592,0.144038928813434,0.235149955115487,0.38563255582406,0.406342196891455,0.578239262830401,-0.343539027877376,0.563176996490213,0.238567157399788,1.12337992338691,-0.155092259527973,-0.0183205185112966
"CGcb",458,0.516955727025101,0.160118831930182,0.63691539225081,0.181790716706534,0.174440806552895,0.198699851218046,-1.13009552809168,1.13625169776783,0.335564361306161,0.307189815577119,0.382224178170947,0.867480792181167
"CGcb",459,0.469312105941174,0.102244645506911,0.695149019445999,0.00456077765030491,-0.0842243503641124,0.744460395993796,-1.30629050429226,1.2681127003523,0.739366568395457,0.600659249615894,-0.0668050915805611,0.338147648838603
"CGcb",460,-0.226555218912828,0.547678074622179,0.62499241382525,1.42205739740206,0.678094336493409,-0.376125294012611,-0.611310925106766,0.936528655233261,0.245920782559899,1.18294873237848,-0.247573665251375,0.184198680569717
"CGcb",461,0.382317152898842,-0.0332689701203327,0.493775315273154,0.784416813472707,0.469422485505944,0.363437770016176,-0.825761197149266,0.744316234819959,0.342133397467892,0.304296439280197,0.0245782463094815,0.669558469604937
"CGcb",462,0.148863806581862,-0.0910353535742088,0.506935738356649,0.81941150290317,-0.511668020159458,0.733040331903576,-0.750383185109745,0.593755590420447,0.385115613512133,0.642545152279455,0.0965812573405166,0.176297859061822
"CGcb",463,0.220325614283703,0.246355235648034,0.858283306555166,0.0976763916438596,-0.0816864818666295,0.295725341590428,-0.635730891443164,0.80217695164745,0.268563876500707,0.100456068615177,0.0673376685001837,0.746691685107163
"CGcb",464,-0.129370880729817,0.586638630815328,0.735899364694832,0.834196105140456,-0.0903653410211423,0.64830803491441,-0.575808320471232,1.0337067847264,0.537633894296111,0.340764706529673,0.355382927075552,-0.0759828293532908
"CGcb",465,0.120543479199686,0.324104342056892,0.260857916698781,0.642406941650348,-0.128298291231164,0.518259749447725,-0.733355107314436,0.710367499159695,0.554749906664853,0.766613329583885,0.00677456429407117,0.538127707993022
"CGcb",466,-0.191583673166847,0.401267102534738,1.09072981573105,0.842343058338831,0.468485878827349,-0.315850158768417,-0.757782062037998,0.791028582179019,0.46601268217046,0.192213791027478,0.946328729633261,0.12661404969203
"CGcb",467,0.351474101351893,0.348159967115635,0.886673441722954,0.637981630900922,0.108752519179225,-0.0443819166583559,-0.456034191171956,0.893922237159966,0.141872019017979,0.295477715413,0.161407280598427,0.351301786133646
"CGcb",468,0.345339008418461,0.141938587925181,0.51857915866649,0.657792156152016,-0.00961129883232397,0.395991042801508,-0.457538824768749,0.651218877455617,0.177719430835076,0.459462523943116,0.388569065911672,0.423139341629283
"CGcb",469,0.241777716142535,0.325821104394451,0.637950605251488,0.645655125855746,0.0860162062967075,0.226993230010627,-0.989886133366269,1.02004612399731,0.469348268852263,0.65999943915882,0.45591493503066,0.348826093206834
"CGcb",470,0.136009690212178,0.203442455613911,0.45348768549818,0.283196859937492,0.146150929322731,0.510869314866745,-0.343563999509677,0.263720726259619,0.0687863726018757,0.963339884432061,0.464275296629647,0.0852602338429906
"CGcb",471,0.359829666902495,0.15092266725923,0.444815171863634,0.798671789310752,0.291349980403642,0.443802980672811,-0.375603808073591,0.22083891889122,0.537757271070161,0.923669664658766,1.00825393625063,-0.409239405135972
"CGcb",472,0.469890378048087,0.132628021028023,0.55315133864261,-0.0573446043623319,0.403170580165378,0.152052338872374,-0.989456818848818,1.13082876153231,0.250541516709626,0.700972856648234,-0.275711638151325,0.868812056591974
"CGcb",473,0.0214099481413764,0.228973537723288,0.366557380823387,0.719314333763893,0.267841581437285,0.49741700083782,-1.00289075530485,1.35159934452926,0.426428588310474,1.66735380706571,-0.210457890212635,-0.752795035989544
"CGcb",474,-0.0928211293421134,0.155100190362585,0.926620873069161,0.885693461846038,0.502256434500046,-0.421915034083278,-1.39233064610951,1.61490305938941,0.555369778786973,0.388465349561483,-0.358946005977002,0.588332414525076
"CGcb",475,0.396911295289277,-0.096750363476662,0.697052039572561,0.460489911113605,0.233680632609482,0.200097562797137,-1.23305779549869,1.02100198687887,0.516388520226525,0.506724319449262,-0.400411181487848,0.873634616630867
"CGcb",476,0.010901670721192,0.900915720788751,0.759884826608388,0.69360131785912,0.0480178358456494,0.445140272354481,-1.05119675105684,1.25950186894905,0.69998084104372,1.38117838094877,0.232382855400951,-0.255065987945982
"CGcb",477,0.0767653267725603,0.253554877162108,0.630049260736238,0.474132543702685,-0.223964040905602,0.648948544385834,-0.646442341183669,0.781729537786475,0.457109636253922,-0.606118880271945,0.225233955946663,1.30794952083763
"CGcb",478,-0.0294492131325094,0.267662404838048,0.549640147664649,0.925600279074886,-0.115140123014641,0.435706339120816,-0.374618517927801,0.948843142472814,-0.0303231644037133,-0.0376128316413129,0.533858715466418,0.329020372328552
"CGcb",479,-0.135328605389936,0.0790862668308491,0.824086525532434,0.0892359133622925,-0.586817713353562,0.859638500780119,-1.08612491708886,1.18042531219701,0.217998455393359,0.821672294459298,0.87886430902103,-0.278030543890534
"CGcb",480,0.099800739080404,-0.114966733287342,0.14499140249995,0.868575804782007,0.156011213488606,0.292453798793425,-0.34182647380248,1.20224972686713,0.35769001385456,1.32259580719203,0.622874842552149,-1.161434223734
"CGcb",481,-0.160271644578943,0.377482261794511,0.96873896017747,0.763103205959255,-0.196296578054231,0.277892861892526,-0.991886345592401,1.08158083275647,0.187710688017821,-0.0681211602422281,1.14187321283164,0.465332506796049
"CGcb",482,-0.15624873249136,0.570945469634729,0.58941493897689,0.662361151669012,-0.0580510014393098,0.122905849954468,-1.91492903192063,1.79451448481175,0.218282562131171,0.731932065696571,0.136063773962481,0.806617978426215
"CGcb",483,0.302467203134828,-0.160519980054538,1.21637519170807,-0.101262719838988,0.272460360240099,-0.0711168051230736,-0.477493905284369,1.27361915177089,-0.188757143266696,0.775701369803256,0.19330623777436,0.0487982049478499
"CGcb",484,0.325397173111312,-0.00460154013128644,1.03098140429601,0.500096302841512,0.364420952117324,-0.266880712862799,-0.833994941584325,0.758497031747478,0.679045772994668,0.467706927686887,0.396242108206108,0.00133573401369187
"CGcb",485,-0.0866735731832482,0.527183162582537,0.565978324117988,0.712564976807172,0.278616429755945,-0.0164473104279495,-1.67078792612961,1.81868070874886,0.502810655128431,0.737035547492702,-0.36857138422391,0.91572020742037
"CGcb",486,-0.0148153031997833,0.371005418476422,0.41250406239971,0.514387249563597,0.74969808961721,0.117773783349131,-1.16325444670793,1.39388825829795,0.971876157647901,0.067837034997045,0.301129983782721,0.156540861708694
"CGcb",487,-0.239877909723162,0.894203103159652,0.564942077106979,0.0708115646337314,-0.0949466940796507,0.491368845514909,-0.726517327074418,1.04659121174239,0.606143036669398,0.543502249975356,-0.236556914395472,-0.0133226343305454
"CGcb",488,0.10989154845879,0.32725292982009,0.514432743677707,0.41926236996438,0.214092068570478,0.456536711712472,-0.771092578025371,1.22454448819594,0.339254681169999,0.235754933072188,-0.436563310147368,0.881675745261039
"CGcb",489,0.240675434332513,0.144275215246469,1.42314156158611,-0.518567845530444,0.104075630548888,0.362022852513811,-0.344371809937169,0.177310452226114,0.0387238038825613,0.0945722298470622,-0.0751930298377897,1.24322081166732
"CGcb",490,0.336684885043212,0.0532176903958055,0.628903712864205,0.439843693949939,0.288521777947217,0.16978792956655,-1.49899955319931,1.066254112826,0.326477339265861,0.481305707544527,0.0938746413022733,0.671229618266953
"CGcb",491,0.63126523398984,0.193520366189002,1.1378996417265,0.173147971869995,-0.81221022094318,0.995283112905124,-0.736448461172067,0.861577133504405,0.312253508369398,-0.0415625254931947,0.619089452430707,0.325331766457125
"CGcb",492,0.159239281483083,0.315864591212367,0.640327834646897,0.4857861540206,-0.364066849566179,0.440267588922756,-1.22574771565396,1.31118724399443,0.0569309548369607,0.299258579493252,0.335478714761074,0.772168528183161
"CGcb",493,0.166403290582244,0.066727581538712,0.354102444592078,0.417300192452843,0.64352380328471,0.175327805504949,-0.580791234341873,0.639606611627286,0.645908064440761,0.631686328557448,0.21178432596331,-0.271209346891718
"CGcb",494,0.526772158348893,-0.137614983947828,0.985446063180433,-0.0635649356464592,-0.314591951433043,0.424937557995934,-0.848778540921277,0.782224508214412,0.90013147720526,-0.941951174228351,0.00582456318397402,1.9291275267485
"CGcb",495,0.450311762663861,-0.00521346683791863,0.465772155032508,0.584798126393694,-0.14715137348652,0.500614172383966,-0.653330069052885,0.77275790346818,0.458403475089877,-0.130363692475219,0.234927519607302,0.693481555925
"CGcb",496,0.159326321131654,0.43642177433898,0.919112911925379,0.768845580928711,0.607722569400486,-0.55081425540887,-1.25306585271316,1.55966342942824,0.265141555477105,0.970932229725984,0.637140065425217,-0.453428394232802
"CGcb",497,-0.100871535794807,0.537690420250427,0.260981921607337,0.502235576072443,-0.140644867692528,0.845286274398878,-0.840069504925464,0.914241744204328,0.120788969385354,0.522625682425776,0.0162158800673954,0.437357027797074
"CGcb",498,0.211992251811911,0.309965113137606,0.69378174693667,0.730506682174433,-0.0377897146178119,0.357886489342361,-1.04198593620109,1.39894029181288,0.576428952939182,0.505636838766788,0.0867107230515317,-0.113679300194932
"CGcb",499,0.406177491085519,-0.193808189541915,0.768099305109517,0.125237110651175,0.307224202077311,0.161315430506578,-1.05407615144147,0.941284641626194,0.586139051135069,0.302692426603671,0.362742623253138,0.269401219310755
"CGcb",500,0.0994189550958462,0.444784212654546,0.487330249486602,0.987545869914039,0.301719139302671,0.252710019563857,-0.663143989632117,0.878634460038821,-0.0704142093968287,0.447659130298511,-0.144787725637258,0.787674829496949
